{"type":"FeatureCollection","crs":{"type":"name","properties":{"name":"EPSG:4326"}},"features":[{"type":"Feature","id":1501,"geometry":{"type":"Polygon","coordinates":[[[73.5456873361363,4.24842623249707],[73.5456681490201,4.24839785923317],[73.5456266378709,4.24837435937573],[73.5455739579676,4.24835725586519],[73.5454893393628,4.24833717276706],[73.5453950962081,4.24831555508243],[73.5452897292151,4.24830827990859],[73.5452290048986,4.2482975485567],[73.5451613015705,4.24827423144905],[73.5451104937564,4.24825073606712],[73.545056462787,4.24823042900443],[73.5449992149506,4.24822446714169],[73.5449483029318,4.24822801917565],[73.5449037662567,4.24825543568107],[73.5448814574949,4.24829223080852],[73.5448638451254,4.24832735517954],[73.5448608043282,4.24837786661662],[73.5448692781363,4.24840336779602],[73.5448746437735,4.24843524650865],[73.5448830511062,4.24845751994982],[73.5448943644889,4.24846223658362],[73.5448989620665,4.24844946091129],[73.5449018492519,4.2484303121839],[73.5449241032164,4.24841743259278],[73.5449753619848,4.24841236837013],[73.5450411644777,4.24841679564566],[73.5451102467197,4.24843075473226],[73.5452098779695,4.24846361708362],[73.5454655205331,4.24853669489259],[73.5455580586854,4.24856309191346],[73.5455757357336,4.2485835987412],[73.545580628857,4.24859783464143],[73.545601328736,4.24860087604104],[73.5456266055315,4.2485801076265],[73.5456470727469,4.24855301363744],[73.5456827178974,4.24850530889991],[73.5456922283613,4.24848313221157],[73.5456937770569,4.24846099135645],[73.5456873361363,4.24842623249707]]]},"properties":{"OBJECTID":1501,"FCODE":"LD1742","atoll":"Kaafu","islandName":" ","capital":"N","islandNa_1":" ","longitude":"73° 32' 43.012\" E","latitude":"4° 14' 54.254\" N","Area_ha":0.190855846549,"category":"Uninhabited Island","Sector":" ","Usage":" ","PrimAgency":" ","Shape__Area":1908.560546875,"Shape__Length":228.0628774083697}},{"type":"Feature","id":1502,"geometry":{"type":"Polygon","coordinates":[[[73.5461452559456,4.24864498484415],[73.546142017519,4.24861016059625],[73.5461340000551,4.24857375248973],[73.5461228025551,4.24854209147361],[73.5460909123625,4.24851530296696],[73.5460350829659,4.24847751973103],[73.5459920159346,4.24845871142618],[73.5459696730368,4.24844771759324],[73.545925086056,4.24845277016966],[73.5458789117521,4.24845783260037],[73.5458358680769,4.2484517408416],[73.5458008212044,4.2484519603241],[73.545773817847,4.24846485245647],[73.5457580218711,4.24848561908239],[73.5457374800955,4.24850958119338],[73.5457289146592,4.24852239090689],[73.5457103904997,4.24857429626873],[73.5457443477158,4.24858571025194],[73.5457555820467,4.24860149238356],[73.5457555928265,4.24860307803224],[73.5457700036003,4.2486188314964],[73.5458065677273,4.24861860305549],[73.5458368274777,4.24862791717343],[73.5458687086871,4.24864513624223],[73.5458814917136,4.2486593022653],[73.5458830889182,4.24866087447618],[73.5459006635584,4.24868133292557],[73.5459229669303,4.24869542548856],[73.5459579230729,4.24869836924047],[73.5459801833257,4.24870455416535],[73.5459961203371,4.24872026014756],[73.5459977633558,4.24873604944323],[73.5459914580808,4.24874872388014],[73.5459915146747,4.24876451317517],[73.5460042213443,4.2487675895121],[73.5460200505579,4.24875486222056],[73.5460422110977,4.24873419145747],[73.5460596402109,4.24872144176919],[73.5460897643156,4.24870228677762],[73.5461230765413,4.24868151926169],[73.5461452559456,4.24864498484415]]]},"properties":{"OBJECTID":1502,"FCODE":"LD1741","atoll":"Kaafu","islandName":" ","capital":"N","islandNa_1":" ","longitude":"73° 32' 45.374\" E","latitude":"4° 14' 54.936\" N","Area_ha":0.102476259178,"category":"Uninhabited Island","Sector":" ","Usage":" ","PrimAgency":" ","Shape__Area":1024.76220703125,"Shape__Length":133.87810446444152}},{"type":"Feature","id":1503,"geometry":{"type":"Polygon","coordinates":[[[73.4039122490645,4.00995258122942],[73.4040233329359,4.00994189056386],[73.4040315624023,4.00993840019146],[73.4041622825474,4.00991237249747],[73.4041655676864,4.00991064388936],[73.4042479045704,4.00987571955269],[73.404291641745,4.00982506389349],[73.4043334565248,4.00976284564208],[73.404344101561,4.00971953364971],[73.404347931079,4.00959683828046],[73.404343865304,4.00949254554433],[73.4043221449388,4.00934391562503],[73.4042678741192,4.0090817261446],[73.4041779868952,4.00878893506716],[73.4040655510593,4.00852657066576],[73.4039324018696,4.00830122122884],[73.4037253734343,4.00804800066134],[73.403603915818,4.00789346685153],[73.4035371108052,4.00780394641151],[73.4034961602047,4.00775389550396],[73.4033869735752,4.00769511729428],[73.4033135425889,4.00767526020177],[73.4032322190046,4.00767212557877],[73.4031512583396,4.00768387100565],[73.403033096642,4.00773448467995],[73.4028920243115,4.00779551572871],[73.4028544810209,4.00781949944388],[73.4028271389985,4.00785482622553],[73.4028011282795,4.00794798221206],[73.4027331554569,4.00808833673379],[73.4026714340104,4.00821200103304],[73.4026265829249,4.00828420932557],[73.40260649929,4.00834746091349],[73.4026001562858,4.00843188865655],[73.4026286247955,4.00851720085906],[73.4026663261896,4.00864363768121],[73.4028140747994,4.0090869083897],[73.4028981328554,4.00928173318167],[73.4030110753412,4.00950572652386],[73.4030701054351,4.00962017584278],[73.4031173442426,4.00973496746216],[73.4031501147842,4.00979048097348],[73.4031858228168,4.00982939661566],[73.4032610818746,4.00985752480877],[73.4033409115607,4.00986736147667],[73.4033442649717,4.00986894312182],[73.4034391153875,4.00988176385657],[73.4034457853785,4.00988327291627],[73.4035410822571,4.00991429377055],[73.4035494518606,4.00991742211209],[73.4036363288301,4.009942015124],[73.4036462839601,4.0099417982639],[73.4037444608374,4.00995125408142],[73.4039089279929,4.00995265291872],[73.4039122490645,4.00995258122942]]]},"properties":{"OBJECTID":1503,"FCODE":"LD1752","atoll":"Kaafu","islandName":" ","capital":"N","islandNa_1":" ","longitude":"73° 24' 12.510\" E","latitude":"4° 0' 31.839\" N","Area_ha":3.42285558721,"category":"Uninhabited Island","Sector":" ","Usage":" ","PrimAgency":" ","Shape__Area":34228.556884765625,"Shape__Length":708.93130267180561}},{"type":"Feature","id":1504,"geometry":{"type":"Polygon","coordinates":[[[73.3923956450012,4.01086748571909],[73.3923554867147,4.01086360733276],[73.3922947246689,4.01086979321555],[73.3922423744474,4.01089337269259],[73.3921920319606,4.01093449451752],[73.3921557391248,4.01095930704699],[73.3921328850856,4.011010992272],[73.3921277260609,4.01106546978778],[73.3921288642264,4.01111500701876],[73.392151266413,4.01118324526639],[73.3921915127343,4.01126066689182],[73.3922234173,4.01132388957371],[73.3922464680701,4.01135054360688],[73.3922884113091,4.01136237500786],[73.3923331914277,4.01135815430814],[73.3923819331167,4.01131706924525],[73.3924260889062,4.01128568193331],[73.3924686789321,4.01125592913341],[73.3924966686397,4.01121851544746],[73.3925194130844,4.01116203691749],[73.3925199125477,4.01111406072148],[73.3925090168816,4.01105835105089],[73.3924895602709,4.01097885490005],[73.3924642825771,4.01092507276376],[73.3924280867593,4.01088433089116],[73.3923956450012,4.01086748571909]]]},"properties":{"OBJECTID":1504,"FCODE":"LD1751","atoll":"Kaafu","islandName":" ","capital":"N","islandNa_1":" ","longitude":"73° 23' 32.366\" E","latitude":"4° 0' 39.988\" N","Area_ha":0.181839829695,"category":"Uninhabited Island","Sector":" ","Usage":" ","PrimAgency":" ","Shape__Area":1818.398681640625,"Shape__Length":155.72059233748502}},{"type":"Feature","id":1505,"geometry":{"type":"Polygon","coordinates":[[[73.3820946582483,4.01367014998641],[73.3822024713538,4.01366348560101],[73.3824262327079,4.01366767671712],[73.3825260094848,4.01365561684093],[73.3825907232195,4.0136179353274],[73.382632508355,4.0135829349797],[73.3826405752262,4.01355598351014],[73.382658105849,4.01356272316985],[73.3827320812143,4.01340919494483],[73.382718592112,4.01339438758433],[73.3827306753509,4.01335670964319],[73.3827736812968,4.01327600396415],[73.3828062146832,4.01322439774035],[73.3829000122736,4.01314050905618],[73.3829575969782,4.01309666943251],[73.3830045303585,4.01308004474979],[73.3830938489489,4.01304529081003],[73.3831574317047,4.01300903139931],[73.3832240247151,4.0129712701019],[73.3832573126862,4.01295616880846],[73.383304227202,4.01291389020354],[73.3833496262598,4.01285350921889],[73.3833904771473,4.01277806456979],[73.383420718033,4.01271322182793],[73.3834252545252,4.01268758940823],[73.3834207216263,4.01266497151239],[73.3833965371822,4.01266195519547],[73.3833799093663,4.01268155498236],[73.3833693263139,4.01271020282287],[73.3833557168374,4.01276297761058],[73.3833375600889,4.01279616515678],[73.3833254588837,4.01280974395721],[73.3832785946736,4.01280823221456],[73.383252912738,4.01278559908815],[73.3832257297175,4.0127509033832],[73.3831970159677,4.01268455785748],[73.383178884372,4.01260011980043],[73.3831683103028,4.01251568173462],[73.3831758741175,4.01242370645013],[73.3831909945604,4.01233022299623],[73.3832151870893,4.0122261860013],[73.3832586278198,4.01207653949008],[73.3833160732856,4.01195441171486],[73.3833961922291,4.01185037825654],[73.3835458407757,4.0117252412961],[73.3836939774576,4.0116091496944],[73.3838179270005,4.01152170595846],[73.3839787020802,4.01141636411786],[73.3841194914414,4.01134189789316],[73.3842368159091,4.01129083817713],[73.3843328080837,4.01126530966208],[73.384407467067,4.01126318676634],[73.3844671933553,4.0112780855692],[73.3844906555539,4.01128872693097],[73.3845077190527,4.01131000696575],[73.3845034511568,4.01134192656881],[73.3844927836628,4.01138235477851],[73.3844799817717,4.01141852823442],[73.3844799790767,4.01144831866522],[73.3844906438758,4.01146746952786],[73.3845130846899,4.01146961034535],[73.3845438717513,4.01141075533699],[73.3845567005919,4.01136213574529],[73.3845720986142,4.01127001247199],[73.384584928353,4.01120603973785],[73.3846054575522,4.01109600490295],[73.3846131606058,4.01097573462757],[73.3845875226876,4.01075822060157],[73.3845464885437,4.01060211999821],[73.3844900599708,4.01050999395088],[73.3844336278047,4.01044601667667],[73.384346416662,4.01036156405041],[73.3842284175595,4.01029758228403],[73.3841104202537,4.01024639525431],[73.3840591165695,4.01023359692814],[73.384015507854,4.01021056227051],[73.3839667697583,4.01018497009749],[73.3839411183653,4.01016961515174],[73.3839180325609,4.01016961425564],[73.3839103339989,4.0101900851269],[73.383920594556,4.0102182339183],[73.3839565056079,4.0102387074767],[73.3839898528678,4.01025406421338],[73.3839847207926,4.0102770934931],[73.3839667616734,4.01030780069192],[73.3838974961752,4.01037177080803],[73.3837794880895,4.01047923926554],[73.3836435217831,4.01058158909748],[73.383530646671,4.01064299630216],[73.3834408600583,4.0106890521507],[73.383379293122,4.0107018433008],[73.3833331197164,4.01069672200176],[73.3832997706598,4.01068392457878],[73.3832843807224,4.01067112894787],[73.3832561655376,4.01062506592938],[73.3832561664359,4.0106071525824],[73.3832715599666,4.01059180033294],[73.3833177369655,4.01055597722157],[73.3833254337309,4.01054062407501],[73.3833177387621,4.01052527003208],[73.3832997823379,4.01052270983006],[73.3832766938385,4.01053806208082],[73.3831099467588,4.01061482064196],[73.3831125096523,4.01064040921708],[73.3831253357979,4.0106532048485],[73.3831458578106,4.01064808892585],[73.3831869036326,4.01063785618436],[73.3832099912337,4.01063529777493],[73.3832253802728,4.01065321201742],[73.3832253793745,4.01068647940362],[73.383192024928,4.01076068760685],[73.3831124961776,4.01085024625598],[73.3830201412815,4.01092700837229],[73.3828918699438,4.01102935904428],[73.3827764274467,4.01110356183971],[73.3827045963599,4.01113682383084],[73.382637899145,4.01114193795821],[73.3826071156768,4.01114449546992],[73.3825865945625,4.01113937596591],[73.3825609404746,4.01113425646185],[73.3825609440679,4.01110098909388],[73.3825609503561,4.01101398439987],[73.3825686498164,4.01094745054893],[73.3825737854849,4.01088859460684],[73.3825763519716,4.01085788742985],[73.3825660932111,4.01083485637424],[73.382555829959,4.01085788653373],[73.3825429993218,4.01092441859974],[73.3825352980648,4.01099606926919],[73.3825327261881,4.01109075187748],[73.3825404148687,4.01119311059402],[73.3825506709343,4.01126220552077],[73.3825609269999,4.01132106233205],[73.3825686192736,4.01137736073199],[73.3825711803705,4.01143365823196],[73.3825711749807,4.01149763274049],[73.3825660411088,4.01154881252293],[73.3825506457815,4.01159231439454],[73.382530591791,4.01163727693017],[73.3824660649059,4.01174186242195],[73.382404228475,4.01181024220325],[73.3823276057745,4.01187728049612],[73.3822792117335,4.01192152612485],[73.3822321633688,4.01195906792287],[73.3821824254482,4.01201806358162],[73.3821394069258,4.01207035451257],[73.38211655648,4.01206767154782],[73.3820721949763,4.01211191806234],[73.382058754383,4.0121038709607],[73.3819592749484,4.01223124904337],[73.3819713716621,4.01224331700562],[73.3819377638907,4.01229024557855],[73.3819673346332,4.01231304270749],[73.3818643894982,4.01246683728422],[73.3818361563472,4.01255399237055],[73.3818159864741,4.01265455778127],[73.3818024821004,4.01278868082083],[73.3817954761395,4.01295388551295],[73.3818072557478,4.01314684726084],[73.3818365983183,4.01329866306425],[73.3818834589351,4.01345734574794],[73.3819331115158,4.01357444431699],[73.3819667165923,4.01362697261801],[73.3819936301182,4.01364988172363],[73.382034037238,4.01365933570601],[73.3820946582483,4.01367014998641]]]},"properties":{"OBJECTID":1505,"FCODE":"LD1507","atoll":"Kaafu","islandName":"Ithaafushi","capital":"N","islandNa_1":"އިތާފުށި","longitude":"73° 22' 59.241\" E","latitude":"4° 0' 42.923\" N","Area_ha":5.15036709638,"category":"Tourism Island","Sector":"Tourism","Usage":"Resort","PrimAgency":"MoT","Shape__Area":51503.666259765625,"Shape__Length":1378.70971724008}},{"type":"Feature","id":1506,"geometry":{"type":"Polygon","coordinates":[[[73.3892273624526,4.01493388476392],[73.3893540329925,4.01488877723988],[73.3893606984919,4.0149102507408],[73.3894046961779,4.01489579199456],[73.3894000375148,4.0148731410038],[73.3894295893927,4.01486175412459],[73.3894102001556,4.01480672216942],[73.3894192659534,4.01477064833186],[73.3895182872472,4.01473580754131],[73.3895281588339,4.01475808396156],[73.389512143669,4.0147685514325],[73.3895307801179,4.01481214991258],[73.3895748272112,4.01479874499096],[73.3895806662606,4.0148077410474],[73.389660710644,4.01478127799869],[73.3896702076331,4.01480757974745],[73.3897230240803,4.014789899481],[73.3897146311206,4.01476095778909],[73.3897421869419,4.01475011753596],[73.3897169020616,4.01467359145616],[73.3898126067753,4.01464404130073],[73.3898222690545,4.01467287994407],[73.3898124612483,4.01467995563615],[73.3898280209673,4.01471994458623],[73.3898695707441,4.01470687660082],[73.3898752103675,4.0147141906581],[73.3899686423436,4.01468863626284],[73.3899752386727,4.014709996859],[73.3900280560181,4.01469231659047],[73.3900226490584,4.01466959300905],[73.3900578854755,4.01465823390644],[73.3900387540549,4.01458515246891],[73.3901318024503,4.01455451084701],[73.3901384068643,4.01457585800506],[73.3901195593113,4.01458225892634],[73.3901327690375,4.01462496220148],[73.3901844598956,4.01460992993915],[73.3901895263938,4.01462754120895],[73.3902796121454,4.0146099156014],[73.3902823870414,4.01463152890293],[73.3903253777159,4.01462093239026],[73.3903228633314,4.01460314906701],[73.3903633782491,4.01459400246164],[73.3903490411371,4.01451677291995],[73.3903606904897,4.01449932563614],[73.3903781618237,4.0144917391591],[73.3905871027723,4.01444682965123],[73.39059343859,4.01448357379424],[73.3905733109377,4.01449006522347],[73.3905812691128,4.01453183385954],[73.3906141950629,4.0145244767873],[73.3906160779318,4.01453332409234],[73.3907051440955,4.01451960283888],[73.3907096904692,4.01454878917772],[73.3907580710355,4.01454166688672],[73.390754627793,4.01450984150035],[73.3907885823141,4.01449856573388],[73.39078023966,4.01443246140404],[73.3907871387214,4.01442045620195],[73.3908887507565,4.01440203215477],[73.3908930482968,4.01442738134953],[73.3908842609767,4.0144305410377],[73.3908881461903,4.01446874225822],[73.3909406347523,4.01446518917737],[73.3909438911452,4.01447522741479],[73.3910358166466,4.01446515422904],[73.3910391044805,4.014494431077],[73.3910875048097,4.01448730609721],[73.3910868625143,4.01445913325797],[73.3911327915781,4.01445345818578],[73.3911224519692,4.01439645027776],[73.3911264377941,4.01437951108643],[73.3911399107268,4.01436962339452],[73.3912574624682,4.01435780727099],[73.3912850236794,4.01434696253194],[73.3913128112661,4.01432071543111],[73.3913372436452,4.01428316119608],[73.3913550087283,4.01424221607371],[73.39137392096,4.01418069085289],[73.3913736568553,4.0141768653529],[73.3913805038144,4.01410849562698],[73.3913829625033,4.01406971729369],[73.391365521712,4.01402218394763],[73.3913309509467,4.01398736015127],[73.3912826566187,4.01395860482213],[73.391238742476,4.01393724689463],[73.3911908721528,4.01393280755694],[73.3911531581823,4.01392639946167],[73.3911366166046,4.01392880104121],[73.391117516625,4.01393137557036],[73.3911103687303,4.01393954273296],[73.3910992942995,4.01394669549702],[73.3910105703939,4.01392709753274],[73.3910189651502,4.01389964245972],[73.3909549116772,4.01388350258983],[73.3909179684611,4.01398203007881],[73.3908984642396,4.01399743782349],[73.3908852652932,4.01401114026732],[73.3908819505098,4.01401904934901],[73.3907321240968,4.01398821414573],[73.3907387401889,4.01395319678775],[73.3906863998488,4.01393882315523],[73.3906805410365,4.01396610258902],[73.3906365631135,4.01396140069074],[73.3906287567537,4.01401698112327],[73.3906102029498,4.01406562027139],[73.3905899378553,4.01410798215504],[73.3905604632325,4.01414713237277],[73.3905492576477,4.01416839351474],[73.3903795066017,4.0141299028361],[73.3903642532082,4.01413221570005],[73.3903442306588,4.01413997512991],[73.3903326450866,4.01415869400368],[73.3902960135859,4.01422523476195],[73.3902814420137,4.01423775164653],[73.3902546838963,4.01424084233487],[73.3902021189775,4.01422132861213],[73.3902075277338,4.01416843652809],[73.3902206413403,4.01415345892018],[73.3902261686743,4.01414027532729],[73.390223595001,4.01412123833347],[73.3902023660142,4.01411114811724],[73.3901121958209,4.01408780261821],[73.3901148162066,4.01405050107592],[73.3900509190405,4.01403563010314],[73.390036708591,4.0140724316158],[73.3900201867762,4.01407483319492],[73.3900115054573,4.01411766284833],[73.3900037529964,4.01413611109693],[73.3899888454543,4.01414352104326],[73.3899778563634,4.01415194807613],[73.3899670379525,4.01416292365004],[73.3899484670806,4.01419235374393],[73.3899279342882,4.0142116739073],[73.3898681262532,4.01420034795443],[73.3898574713356,4.01423308828263],[73.3897702440232,4.01421464899732],[73.389778349522,4.0141820869946],[73.3897077590086,4.01416253652988],[73.3897019496037,4.0141910964995],[73.3896750396711,4.01419163416641],[73.3896483911482,4.01429333116412],[73.3896163473436,4.01431343094198],[73.3895571537563,4.01431102398691],[73.3895403363959,4.01434803248883],[73.389459452986,4.01432787088016],[73.3894677525209,4.01429784935766],[73.3894024701526,4.01428048809584],[73.3893662096561,4.01438028801491],[73.3893259157241,4.01441119668451],[73.3893360595003,4.01442845399466],[73.3893254162608,4.01446121402815],[73.3891569695686,4.01441875448672],[73.3891649852359,4.0143849038841],[73.3891101394945,4.01437067453307],[73.3891034901648,4.01438649268938],[73.3890830490005,4.01438787359686],[73.3890689688067,4.01444647389509],[73.3890638484096,4.01446604048301],[73.389051999631,4.01448093653906],[73.3890371729373,4.0144896243368],[73.3890201597441,4.01449615519487],[73.3889910121081,4.01448570922713],[73.3889655242085,4.01447678844048],[73.3889425057777,4.01447834319334],[73.3889189959684,4.01449944033834],[73.3889032655694,4.01453065905788],[73.3888882277715,4.01457248325077],[73.3888825081981,4.01462078632415],[73.3888920051874,4.01468405175928],[73.3889065605899,4.01477008915871],[73.3889258842499,4.01482030631308],[73.3889608170364,4.01486414763641],[73.3890065305046,4.01488238707434],[73.3890352415594,4.0148857779573],[73.3890745895655,4.0148884510556],[73.3891205563585,4.01488356545993],[73.3891606185253,4.01487019190337],[73.3892038777961,4.01484778555011],[73.3892207230043,4.01488108681766],[73.3892110023346,4.01489218335672],[73.3892273624526,4.01493388476392]]]},"properties":{"OBJECTID":1506,"FCODE":"LD1749","atoll":"Kaafu","islandName":" ","capital":"N","islandNa_1":" ","longitude":"73° 23' 24.464\" E","latitude":"4° 0' 51.857\" N","Area_ha":1.41785243903,"category":"Uninhabited Island","Sector":" ","Usage":" ","PrimAgency":" ","Shape__Area":14178.522705078125,"Shape__Length":918.016770264084}},{"type":"Feature","id":1507,"geometry":{"type":"Polygon","coordinates":[[[73.3943595167225,4.01527162790943],[73.3944042591118,4.0152373015076],[73.3944581481474,4.01527167361106],[73.3944759985704,4.01527046655047],[73.3944164384705,4.01521858982744],[73.3944288477978,4.01513725436682],[73.3944554379302,4.01509968135102],[73.3945140215615,4.01507112768593],[73.394638220836,4.01505155752807],[73.3948090049446,4.01506237895887],[73.3950550867386,4.0150882389161],[73.3952427376149,4.01514487937055],[73.3952549520078,4.01515970641374],[73.3951959515583,4.01521512008812],[73.395225562725,4.01522206404727],[73.3952824826764,4.01516902596208],[73.3953597072481,4.01518393275864],[73.3953675755916,4.01516774990084],[73.3953010544465,4.01514541076405],[73.3952856312714,4.01505030476553],[73.3953062817431,4.01502431307885],[73.3953812039328,4.01497229475466],[73.3955409154071,4.01491454759157],[73.3957142013238,4.01489166182031],[73.3958656626706,4.01491049806732],[73.395991710678,4.01495117432301],[73.3960196940974,4.01496717348241],[73.3959676897273,4.01502658651135],[73.3959757431238,4.01504616742315],[73.3959892816334,4.01504748829009],[73.3960496079963,4.01497856752906],[73.3960930613033,4.01499128513088],[73.3961287621493,4.01498887280112],[73.3961482394213,4.01497861323067],[73.396145101606,4.01496540904058],[73.396113711775,4.01496529344232],[73.396078010929,4.01496770577213],[73.3960592532076,4.01495555630408],[73.3960419723164,4.01493212838702],[73.3960332784211,4.01487010587672],[73.396066827802,4.01480299434844],[73.3961276078142,4.01474075138506],[73.3962502592915,4.01466538487197],[73.3963727975811,4.01462132847131],[73.3964810733189,4.01459836204184],[73.3966527458612,4.01459123706295],[73.3967884372832,4.01460890209983],[73.3968421754018,4.01464104829004],[73.3968794213502,4.01469443320448],[73.396857330879,4.01476524209511],[73.3968267324638,4.01480979403726],[73.396806232909,4.01483801077384],[73.3968056642754,4.01486264575478],[73.3968261988645,4.01486796596428],[73.396860086012,4.01483884505297],[73.39692007371,4.01473193544617],[73.396933693068,4.01466840655814],[73.3969655455314,4.01454327182168],[73.3970047776548,4.01436173851125],[73.3970221843101,4.01422192900681],[73.3970260290995,4.01408048407474],[73.3970156382866,4.01396044095508],[73.396993600816,4.01380093484229],[73.396950913772,4.01366742132517],[73.3968961623538,4.01352130576019],[73.396828362906,4.01341408502987],[73.396801853622,4.01338680736985],[73.3967714869722,4.0133687345754],[73.3967647927266,4.01336918711218],[73.396748302353,4.01339042497545],[73.3967591935275,4.01341875825568],[73.3967790076677,4.01344648755525],[73.3967925812117,4.01348134632307],[73.3967875497478,4.01350628333478],[73.3967673520269,4.01353895200181],[73.396709826611,4.01358308731874],[73.3966423200141,4.01361224501545],[73.3965285070609,4.01363462899981],[73.3963530544077,4.01365110760497],[73.3962075569761,4.01364071180868],[73.3960730782798,4.01362506389924],[73.3960298342803,4.01358742270933],[73.3960194641287,4.01356783728199],[73.3960690520307,4.01349905977399],[73.3960552458231,4.0134954950395],[73.3960063882514,4.01354167259846],[73.3959475629733,4.01350736404613],[73.395930176081,4.01351756986832],[73.3959870529132,4.01355652028134],[73.3959884551834,4.01361053792186],[73.3959603055756,4.01366206257505],[73.3958684160069,4.01370664683745],[73.395729487955,4.01375667408146],[73.3955735206587,4.01378756037187],[73.395426202342,4.01381110302411],[73.395316527029,4.01382307149459],[73.3952281238218,4.01381557372638],[73.3951706774578,4.01379921251521],[73.3951308901755,4.01377715203176],[73.3951208703668,4.01376207584437],[73.3951778244541,4.0137041601266],[73.3951636175979,4.01369387276053],[73.3951060661309,4.01374282287876],[73.3950335487313,4.01370274606182],[73.3950256219972,4.01371903917043],[73.3950872203746,4.01376436451428],[73.3950798892236,4.01378962501375],[73.3950611934858,4.01381340692782],[73.3950181219629,4.01384334602586],[73.3949372277733,4.01388035275676],[73.3947575692081,4.01392180061602],[73.3945972711338,4.01394842140826],[73.3944274320529,4.01396443492509],[73.3943295857555,4.01395082567608],[73.3942676585948,4.01393478706785],[73.3942326584347,4.01391692397571],[73.3942127571579,4.01388904593754],[73.394204372283,4.0138648849704],[73.3942636943295,4.0138091441235],[73.394247392602,4.01380126102704],[73.3941910511657,4.01383431769874],[73.3941285490831,4.01380934306034],[73.3941092703388,4.01382413697163],[73.3941671398095,4.01384718407294],[73.3941710555658,4.01390536771802],[73.3941594080098,4.01393313732607],[73.3941169617143,4.01397198556253],[73.3940629999152,4.01400711672588],[73.3939782393766,4.01401959866545],[73.3938501477019,4.0140237718575],[73.393705208124,4.01401110621509],[73.3935577784163,4.01399412310632],[73.3934465310515,4.01397919030078],[73.3933483029701,4.0139566423374],[73.3932395169892,4.01391011173386],[73.3931625430475,4.0138681772853],[73.3931495785613,4.01384211207979],[73.3931449746954,4.01380650238559],[73.3931472321618,4.01377267326428],[73.3931760339464,4.01371908487215],[73.3932241144753,4.01369785597853],[73.3932164877786,4.01368490536741],[73.3931769178886,4.01369882288337],[73.3931558541918,4.01368678899489],[73.3931383666882,4.01366104638397],[73.3931359574066,4.01362530136892],[73.3931736561058,4.01348360721432],[73.3931554382719,4.01348036328793],[73.393131291557,4.0135560534069],[73.393102178057,4.0135580391915],[73.3930443921297,4.01353505660209],[73.3929612377788,4.01350259493678],[73.392893173328,4.01346013982607],[73.3928592942654,4.01342432938604],[73.392833003272,4.01339649524058],[73.392762841255,4.01339003785494],[73.3927046367128,4.01339398702209],[73.3926443507741,4.01340031984813],[73.3926042158439,4.01340528610278],[73.392538262434,4.0133940596072],[73.3924484470753,4.01336203075861],[73.3923592533507,4.01333893794185],[73.392317196924,4.0133148907647],[73.392318675551,4.01326995430873],[73.3922957128157,4.01326254973111],[73.3922903507718,4.01328308952558],[73.3922927456803,4.0133187951266],[73.3922867934432,4.01336403805039],[73.3922693580419,4.01340558002764],[73.3922155417699,4.01344062250019],[73.3921442847066,4.01348357405814],[73.3920380050253,4.01354010619433],[73.39194619361,4.01357771602249],[73.3918733213759,4.01359610334766],[73.391806122901,4.01359841083642],[73.391735365301,4.01358078251829],[73.3917023064003,4.01355612330364],[73.3916874204177,4.01353471697556],[73.3916928031229,4.01348056312095],[73.3916993707059,4.01344426071616],[73.3916907441842,4.01341571505819],[73.3916719855645,4.01340354495649],[73.3916545591463,4.0134114504596],[73.3916452517016,4.01342603916835],[73.3916158525373,4.01362032525841],[73.391607708411,4.01379752155201],[73.3916413673864,4.0142603444077],[73.3917091111386,4.01459788083021],[73.3917739138065,4.01482605217546],[73.3917955075093,4.01484695395932],[73.391826594608,4.01484261678319],[73.3918359379853,4.01481515457209],[73.3918338224528,4.01478399231843],[73.3917893235069,4.0146237667894],[73.3917904616724,4.01457449681233],[73.3918243506164,4.01454537499444],[73.3918924626779,4.01452512198731],[73.3918969264066,4.01452481999787],[73.3920016457142,4.01451550940327],[73.3921196385284,4.01453660654731],[73.3922538540184,4.01456555183165],[73.3923729041497,4.0146022314493],[73.3924519415217,4.01464384774076],[73.3924853301042,4.01470643840258],[73.3924308966896,4.01486216633554],[73.3924081306853,4.0148569957765],[73.392392849444,4.01489604111335],[73.3924592187738,4.0149161534219],[73.3924792646794,4.01488125887094],[73.3924606587732,4.01487133534068],[73.3925234132823,4.01470610146487],[73.3925672843059,4.01469195724998],[73.3926431479299,4.01468683149541],[73.3928202112623,4.01471959062244],[73.3930249921128,4.01479743487693],[73.393120706708,4.01485357801007],[73.3932238692353,4.01492039919436],[73.3933164819478,4.01499687596494],[73.3933427226356,4.01505324131978],[73.3933325653846,4.0151017468857],[73.3932491370476,4.0151275073734],[73.39325896821,4.01514025902512],[73.3933380855321,4.01511702646544],[73.3933928818661,4.01516475241151],[73.3934147405719,4.01515656823504],[73.3933572609701,4.01510231501974],[73.3933826868859,4.01494854692657],[73.3934269747277,4.01490754269426],[73.3935404696774,4.01489540397863],[73.3936542655626,4.01488771714091],[73.3938534912314,4.01491674216664],[73.3940496150175,4.01496610173411],[73.3942026223648,4.01504073520101],[73.3943130863987,4.0151160057956],[73.3943710196497,4.01517693772085],[73.3944028990625,4.01521726806465],[73.394340909918,4.01526170528003],[73.3943595167225,4.01527162790943]]]},"properties":{"OBJECTID":1507,"FCODE":"LD1750","atoll":"Kaafu","islandName":" ","capital":"N","islandNa_1":" ","longitude":"73° 23' 39.531\" E","latitude":"4° 0' 51.375\" N","Area_ha":7.51545428866,"category":"Uninhabited Island","Sector":" ","Usage":" ","PrimAgency":" ","Shape__Area":75154.54833984375,"Shape__Length":2132.5368772491183}},{"type":"Feature","id":1508,"geometry":{"type":"Polygon","coordinates":[[[73.3871827950693,4.01552443940399],[73.3873309173782,4.01550423570717],[73.3873429485148,4.01555059327064],[73.387401118921,4.0155415622741],[73.3873813712561,4.01543581501413],[73.3874711524789,4.01542210184088],[73.3874760438056,4.01536061793005],[73.3875692736607,4.01534158365303],[73.3875866380952,4.0153531488515],[73.3875967872612,4.01539067884232],[73.3875700057877,4.0153912138201],[73.3875793042492,4.01543518594483],[73.3876224521289,4.01543099663003],[73.3876294841409,4.01544071763259],[73.3877053531549,4.01542921785144],[73.3877134047548,4.01545416645308],[73.3877675731664,4.01544285664744],[73.3877646024378,4.01541756752358],[73.3878034204378,4.01540602472879],[73.3877885721845,4.01533696062037],[73.3878055099192,4.01530398017891],[73.387871081545,4.01529191315802],[73.3878828818146,4.01533441118679],[73.3878744115998,4.01534135245659],[73.387886045681,4.01538133062097],[73.3879388333821,4.01536884511776],[73.3879432486017,4.01537746569778],[73.3880326363624,4.01535868681255],[73.3880417282113,4.01537973106431],[73.3880856118113,4.01536784774712],[73.3880761705176,4.01534173419957],[73.3880915083528,4.01534197077266],[73.3881267474648,4.01533449542114],[73.3880979905959,4.01524985511721],[73.3882094939805,4.01521941604119],[73.3882176381069,4.01522650248186],[73.3882219203759,4.01525166974061],[73.3882031240269,4.01525675695888],[73.388213270498,4.01529299297092],[73.3882596738723,4.01528094566429],[73.3882656297027,4.01529327703788],[73.3883457225951,4.0152700426903],[73.3883566335325,4.01529859097178],[73.3884004021481,4.01528544772236],[73.3883940411776,4.01524895631855],[73.3884200150657,4.01523701833671],[73.3884045748226,4.01516171190886],[73.3884488788341,4.01514448597808],[73.3884779339437,4.01512837032777],[73.388503099348,4.0151072095752],[73.388515311046,4.01507807971131],[73.3885175262915,4.01505846922864],[73.3885038260851,4.01501339665979],[73.3884814185086,4.01497068265165],[73.3884535033612,4.01495133920735],[73.3884006330151,4.01493014170965],[73.3883482414711,4.01491599032977],[73.3883094028098,4.01491861414188],[73.3882661049114,4.01493392240057],[73.3881412687314,4.01497596791213],[73.3879968941938,4.0150175653662],[73.3878281627357,4.01506611305145],[73.3876853153342,4.01510406781185],[73.3875807065193,4.01513059447395],[73.3874983319061,4.01514500392991],[73.3873846312423,4.01514206916822],[73.3873137775226,4.01514331834618],[73.3872705712523,4.01513385183542],[73.3872421782011,4.01510746407058],[73.3872196780982,4.01508952393859],[73.3872141148317,4.01505982414777],[73.3871422765584,4.01502044905004],[73.3871413207509,4.01500636039947],[73.3871276483923,4.01498782345559],[73.3871283095524,4.01494532003212],[73.3870009077838,4.01489731359057],[73.3869885784066,4.01492468349952],[73.3869642223843,4.01493163642225],[73.386938339226,4.01494223024255],[73.3869152686929,4.01494201876045],[73.3868909117722,4.01494897168303],[73.3868633559509,4.01493491081065],[73.3868532139713,4.01491613549971],[73.3868518988377,4.01489676427468],[73.3868317622023,4.01488750834712],[73.3867861008364,4.01489413150141],[73.3867531569201,4.01490520294921],[73.3867087190596,4.0149559703072],[73.3866049654409,4.01512573845137],[73.386565161989,4.01521865076294],[73.3865570798463,4.01525634833257],[73.3865635989204,4.01530013676199],[73.3865676359492,4.01533347743994],[73.3865819056875,4.01536081865872],[73.3866011143632,4.0153825215514],[73.3866257380835,4.01540562506368],[73.3866603555613,4.01541920830125],[73.3867032034037,4.01542339134336],[73.3868009688527,4.01542660031374],[73.3868134204009,4.01544105098554],[73.3868136575561,4.01546397348193],[73.386790684041,4.01546425217216],[73.3867947246632,4.01550604405723],[73.3868266912125,4.01550643386512],[73.3868272903889,4.01551531521168],[73.3869140290177,4.01551327924971],[73.386914813247,4.01554381778296],[73.3869694164432,4.01553885422966],[73.3869659148102,4.01550594996568],[73.3870052556298,4.01550201873094],[73.3870038964788,4.0154434749634],[73.3870183889993,4.01541191575692],[73.387148916905,4.01540566807696],[73.3871586169134,4.01546743425908],[73.3871158642924,4.01547797072138],[73.3871311679916,4.01557381596079],[73.3871857747811,4.01556885240767],[73.3871827950693,4.01552443940399]]]},"properties":{"OBJECTID":1508,"FCODE":"LD1748","atoll":"Kaafu","islandName":" ","capital":"N","islandNa_1":" ","longitude":"73° 23' 14.941\" E","latitude":"4° 0' 54.796\" N","Area_ha":0.895578310519,"category":"Uninhabited Island","Sector":" ","Usage":" ","PrimAgency":" ","Shape__Area":8955.7841796875,"Shape__Length":685.44126826287118}},{"type":"Feature","id":1509,"geometry":{"type":"Polygon","coordinates":[[[73.3827961086362,4.01558857758013],[73.3827829581988,4.01558274390431],[73.3827654239827,4.01558418664137],[73.3822311168315,4.01555035042485],[73.3822464295138,4.01538306280197],[73.3823740352,4.01539521315976],[73.3824856715353,4.01532309152228],[73.3823417686133,4.01510024321229],[73.3827767580267,4.0148341978225],[73.3829490126774,4.01512389963268],[73.3827723131627,4.01522412151665],[73.3828044899178,4.01528659026295],[73.382840695617,4.01531217062669],[73.3828665976399,4.01534491270251],[73.382892075658,4.01537122339421],[73.3829354553031,4.01540711619098],[73.3829819979163,4.01542555455321],[73.383058342139,4.0154376878843],[73.383127541162,4.01543951594893],[73.3831961949076,4.0154327306031],[73.3832323188601,4.01542381699567],[73.3832473656411,4.01541468473727],[73.3832579855244,4.01540524869742],[73.3832666371989,4.01538474121633],[73.383292975803,4.01538669832092],[73.3832993206039,4.01540743789452],[73.3833005315329,4.01542603755657],[73.3832768366706,4.01542639331231],[73.3832795010737,4.01546732224532],[73.3833172779264,4.01547224547409],[73.3833179247134,4.01548216989317],[73.3833994567069,4.01548787542593],[73.3834012739987,4.01551516376908],[73.383453900003,4.01551783686532],[73.3834582074248,4.01548888982254],[73.3835224234929,4.01549701306021],[73.3835242300049,4.0154109255552],[73.3836043372704,4.01541423130553],[73.3836043202024,4.01545160357817],[73.383589241082,4.01545013037315],[73.3835873932475,4.01549760718117],[73.383648715842,4.01549969332537],[73.383649217102,4.0155071364154],[73.3837305999751,4.0155103588271],[73.3837290593644,4.01554284908804],[73.3837917977039,4.01554733053416],[73.3837946651262,4.01551599625531],[73.3838287301401,4.01552116860238],[73.3838309148429,4.01542383491788],[73.3839579357258,4.01543393855956],[73.3839767410579,4.01543515995763],[73.3839721892944,4.01549902034671],[73.3839460833539,4.0155007856835],[73.3839368271132,4.01553006159825],[73.3839378107684,4.01559974938281],[73.383986539881,4.01560019564557],[73.3839886500237,4.01555770121508],[73.3841444628097,4.01557209005299],[73.3841398670287,4.01561475115916],[73.3842087363699,4.01561757300931],[73.3842176566407,4.01550984804438],[73.3842972922907,4.01550571339263],[73.3843037484826,4.01545293250945],[73.3844117331663,4.0154693125058],[73.3844098862301,4.01549810631447],[73.384387510993,4.01549961805211],[73.3843856460904,4.01554583492657],[73.3844330483913,4.01554512431135],[73.3844316560026,4.0155614111104],[73.3845203287043,4.01556165037179],[73.3845172923987,4.01559050421652],[73.3845650306695,4.01559475356991],[73.3845727858253,4.01556184303542],[73.3846099913495,4.01555808475016],[73.384614326619,4.01547431369614],[73.3847109898352,4.01547484867388],[73.384719425914,4.01547718214451],[73.3847229562931,4.01551184099309],[73.3847055541294,4.01551301758555],[73.3847070040103,4.01555277888291],[73.3847657610164,4.01555379148722],[73.3847662658696,4.01556123188842],[73.3848583548643,4.01555625668579],[73.3848604362608,4.01558725671407],[73.3849113141435,4.01558257453954],[73.3849117803692,4.01555264894697],[73.3849478261683,4.01555021421613],[73.3849399452483,4.01545105784712],[73.3850653320956,4.0154444060218],[73.3850661208165,4.01548989615413],[73.3850425858544,4.01549273413469],[73.3850466767821,4.01553481815019],[73.3850939928448,4.01553286731868],[73.3850945821396,4.01554154704023],[73.3851778622547,4.01553592215772],[73.3851806200826,4.01555815643894],[73.3852349744455,4.0155495036009],[73.3852324690442,4.01553098727987],[73.385270833395,4.01552590543996],[73.3852600068992,4.01543939318185],[73.385380426063,4.01544035560411],[73.3853833204349,4.01547218991527],[73.3853624435877,4.01547734165211],[73.385367701427,4.01551811645165],[73.3854099626695,4.01551526234119],[73.3854107199493,4.01552642249545],[73.3854964021594,4.01551938892789],[73.385503224864,4.0155463304754],[73.3855454861066,4.01554347726117],[73.3855447099622,4.01551363410927],[73.3855920269231,4.01551168417384],[73.3855825254424,4.01542756094381],[73.3856752603258,4.01542472744358],[73.3856903223781,4.01543398426118],[73.3856929328824,4.01545375065797],[73.3856794338986,4.01545715677245],[73.3856836685569,4.01550050878549],[73.3857422539847,4.01549904095726],[73.3857477355046,4.0155061489021],[73.3858397984482,4.01550117459528],[73.385842726956,4.01552589110219],[73.3858837458285,4.01552312122614],[73.3858843674627,4.01549566710287],[73.3859269664718,4.01549777475374],[73.3859169736125,4.01542613881702],[73.3859353800927,4.01540370828407],[73.3859583365398,4.01541205106957],[73.3860062329141,4.01541744296427],[73.3860427799732,4.01541497149253],[73.3860891743643,4.01539888452308],[73.3861319108156,4.01536147102698],[73.3861375010316,4.01531794605725],[73.3861271443547,4.01526256913037],[73.386113542963,4.01522251747911],[73.3860584178456,4.01514432378208],[73.3860333368829,4.01509429662309],[73.3860073108925,4.01506157873218],[73.3859669055693,4.01500829689445],[73.3859287145933,4.01492473188952],[73.3858943261859,4.01486461988676],[73.3858783146143,4.0148205007691],[73.3858650464976,4.01478481225983],[73.3858536316052,4.01474470233794],[73.3858369678567,4.01472216156462],[73.3858150570486,4.01471718904518],[73.3857938891472,4.01472292146668],[73.3857887858181,4.01474262784125],[73.3857993041918,4.01476988842988],[73.3858231508693,4.01480270669687],[73.3858270827953,4.01482826736133],[73.3858265716539,4.01485197666014],[73.3857959992899,4.01487772192187],[73.3857603855804,4.01489304541523],[73.3856939641483,4.01489968559561],[73.3856189512288,4.01490690645564],[73.3855142489892,4.01489029973199],[73.385318925602,4.01487336055093],[73.3850909691156,4.01485216932398],[73.384847139398,4.01481914226514],[73.384627680974,4.01476296328519],[73.3844224725255,4.0146606811855],[73.3842292871287,4.01451629798107],[73.3841649102622,4.01442598520823],[73.3841437962597,4.01436934201559],[73.3841526195124,4.01434079190941],[73.3842420575788,4.01429390019487],[73.3842345970703,4.01427935720325],[73.3841655839986,4.01430981602878],[73.3841265899288,4.01424366508588],[73.384061166525,4.01407406343503],[73.3840428292151,4.01393146070094],[73.3840117286416,4.01378463815087],[73.3839866782216,4.01367454093546],[73.3839626087619,4.01359959908112],[73.3839374487474,4.01354742653486],[73.3838958810043,4.01347215848398],[73.3838575678574,4.01340478248764],[73.3838231165679,4.01333449232814],[73.3837966647761,4.0132825097408],[73.3837642409842,4.01324169988122],[73.3837370301159,4.01321801204232],[73.3836955962218,4.01318320165335],[73.3836722391261,4.01315657904395],[73.3836650687735,4.01313021182577],[73.3836651460286,4.0131114140705],[73.3836752412957,4.01310133728348],[73.3836940124919,4.01310007107626],[73.3837013346598,4.01308884009594],[73.3836990897699,4.01307557225126],[73.383686029164,4.01306169325749],[73.3836686000509,4.01306286895739],[73.3836525121225,4.0130639541499],[73.3836463487813,4.01307242062286],[73.3835945016163,4.01306249975897],[73.38354139681,4.01305297587288],[73.3834486673165,4.01304864047944],[73.383366072616,4.0130601806192],[73.3833023092988,4.01307172255106],[73.3832182386663,4.01309625453232],[73.3831370408461,4.01312945729894],[73.3830659679375,4.01316555540401],[73.3830021120938,4.01320888513594],[73.3829469393657,4.01325078377387],[73.3828568724787,4.01332594251943],[73.3828248493354,4.01337510683057],[73.3827957016994,4.01343007525828],[73.3827650260291,4.01350967063901],[73.3827300043094,4.01358061673754],[73.3826892145073,4.01363276150221],[73.3826368481161,4.01369215401766],[73.3825787226257,4.01373126572251],[73.3825046403608,4.01376747939944],[73.3824421876856,4.01379354998399],[73.3823371845104,4.01379641485378],[73.3822543921805,4.01379059102243],[73.3821164334108,4.01377895590509],[73.3819407741452,4.01376151935883],[73.3818290246222,4.01375134669583],[73.381746311344,4.01375278495555],[73.3816142509124,4.01376870976115],[73.3815344293113,4.01377739487811],[73.3814270231426,4.01381358973463],[73.3813094776894,4.0138599007963],[73.3812383607633,4.01390043283032],[73.3811483567583,4.01400820639767],[73.3810975354694,4.01408639930742],[73.3810539492119,4.01417620760705],[73.3810350253021,4.0142573657334],[73.3810335107425,4.01434871442953],[73.3810384065608,4.01446768126258],[73.3810484793701,4.01453577585231],[73.3810614582293,4.01460679444667],[73.3810730132588,4.01465898932798],[73.3810816846963,4.01469524328879],[73.3810860163725,4.01471699906969],[73.3808941425161,4.01485039144021],[73.3809405602634,4.01489828766291],[73.3810815625254,4.01479823689613],[73.3811077250597,4.01479244085134],[73.3811251523762,4.01480550435481],[73.381138201304,4.01483598287515],[73.3811556178408,4.01486501507161],[73.3811803107313,4.01488679862743],[73.3812137514161,4.01488680848465],[73.3812282978355,4.01488100437548],[73.3812399400015,4.01486939436481],[73.3812370519179,4.01484616717407],[73.3812268892771,4.01482874678061],[73.3812022116579,4.01478955806278],[73.381174634277,4.01474892570848],[73.3811630442132,4.01471265830845],[73.3811398658823,4.01464594464048],[73.3811210524652,4.01458070506977],[73.3811210542619,4.01457925516208],[73.3811051504881,4.01451548789661],[73.3811022893539,4.01447926529175],[73.3811037473196,4.01447491915258],[73.381122655958,4.0144502913288],[73.3811241076355,4.0144502922249],[73.3811415367487,4.01445029043267],[73.3811574926248,4.01446767319757],[73.3811763383811,4.01450389401074],[73.3812169943343,4.01452418017451],[73.3812242545184,4.01452707819789],[73.381273642096,4.01454012109507],[73.3812750946718,4.01454157100284],[73.3813215824878,4.0145531666804],[73.3813244894361,4.01455316578427],[73.381360808323,4.01457346180407],[73.3813651669488,4.01457491260786],[73.3813884117551,4.01459230970787],[73.3813898652292,4.01459375961555],[73.3814087505114,4.0146155109186],[73.3814116511715,4.01463001268312],[73.3814159900343,4.01468222817348],[73.3814479314308,4.01480702415876],[73.3815017144652,4.01494789007746],[73.3815686425471,4.01508160411395],[73.3816838739402,4.01526506479756],[73.381740689687,4.01535664278519],[73.3818179448014,4.01545554915093],[73.3818966911193,4.01553995465275],[73.3819550241205,4.01557198431199],[73.3820060753781,4.01557929119266],[73.3820454638084,4.01558077335855],[73.3821009105227,4.01557935660868],[73.3822658465987,4.01559693201317],[73.3824893115088,4.01561310500525],[73.3826018371763,4.01561755777544],[73.382733276872,4.01562348016588],[73.3827376588539,4.01563513228298],[73.3827478861734,4.01565261449084],[73.3827639570339,4.01566573174718],[73.3827829519105,4.01566866023422],[73.3827990272626,4.01566284896174],[73.3828121794966,4.01564829703344],[73.3828194881898,4.01563374062432],[73.3828194890881,4.0156148085102],[73.382807798413,4.01559877979187],[73.3827961086362,4.01558857758013]]]},"properties":{"OBJECTID":1509,"FCODE":"LD1747","atoll":"Kaafu","islandName":" ","capital":"N","islandNa_1":" ","longitude":"73° 23' 0.193\" E","latitude":"4° 0' 52.076\" N","Area_ha":8.21641225319,"category":"Uninhabited Island","Sector":" ","Usage":" ","PrimAgency":" ","Shape__Area":82164.123291015625,"Shape__Length":2205.9228150428717}},{"type":"Feature","id":1510,"geometry":{"type":"Polygon","coordinates":[[[73.5385535099362,4.67179073914957],[73.5386248604243,4.67177243590324],[73.5386276407101,4.67177244396121],[73.5386322670338,4.67177060853315],[73.5387164778035,4.6717560665709],[73.5387857028776,4.67173135723179],[73.5388454983361,4.67169837772083],[73.5388473282044,4.67169654318793],[73.5388811713344,4.67166354576872],[73.5389763963478,4.67159472705173],[73.5390914453829,4.67150734005676],[73.5391236059684,4.67148532117891],[73.5391263655929,4.67148440525518],[73.5391419962788,4.67147891598006],[73.5391465947548,4.67147800363763],[73.5391502733559,4.67147709129522],[73.5391714475454,4.67147804213686],[73.5391742134582,4.67147896522327],[73.5391908161212,4.67148725778011],[73.5391917368944,4.67148725867542],[73.539201015593,4.67150289294722],[73.5392102367994,4.67150658171133],[73.5392240492952,4.67150843862799],[73.5392249691701,4.67150843952334],[73.5392359852104,4.67150385990479],[73.5392432786322,4.6714919278272],[73.5392440404035,4.67146346525061],[73.5392439272158,4.67144327821899],[73.5392438921815,4.67143777461824],[73.539257852001,4.67143505102078],[73.5392597007339,4.67143322096384],[73.5392652379493,4.67143139806955],[73.5392892121876,4.67142961188382],[73.5392965855594,4.67142962710446],[73.5393021155883,4.67142963784841],[73.5393315929061,4.67143519337844],[73.5393343534289,4.67143703149335],[73.5393380356233,4.67143978911337],[73.5393647326552,4.67145542159554],[73.5393665742016,4.67145634110066],[73.5393730196137,4.67145818637815],[73.5393748611601,4.67145910588327],[73.5393813074705,4.67146186708451],[73.5394319428082,4.67147662303701],[73.5394365448773,4.67147663019968],[73.5394402270717,4.67147847010515],[73.5394429884929,4.67147939140086],[73.539506489502,4.6714996625926],[73.5396036162488,4.67152350078276],[73.5397251322556,4.67152893544234],[73.53989927786,4.67150553417393],[73.5400152189221,4.67148732851127],[73.540107413918,4.67150588066705],[73.5401574716389,4.67152698182993],[73.540189140846,4.6715611924291],[73.5402076560223,4.67159538780601],[73.5402182660241,4.67162432311194],[73.5402393252293,4.67162697866353],[73.5402603233491,4.67161123068747],[73.5403260647565,4.67160868705221],[73.5404154165846,4.67160617564888],[73.540496803051,4.67160365797818],[73.5405649752996,4.67159324886028],[73.5406278690476,4.67158546395736],[73.5406383541836,4.67158547917798],[73.5406803450332,4.67159603333963],[73.540690840949,4.67159867098467],[73.5406960808221,4.67159867814733],[73.540740676786,4.67160923230876],[73.5407721824997,4.67162239098777],[73.5407957821405,4.67162766717299],[73.5408153447524,4.67163373751671],[73.5408275735184,4.67163619161881],[73.5408446406105,4.67163373841206],[73.5408482203969,4.67162392827101],[73.5408468693307,4.67160798869406],[73.540852844924,4.67159328556887],[73.5408758022694,4.6715700374042],[73.5409084623182,4.67154683221472],[73.5409989819561,4.67148838052532],[73.5410856199736,4.67143988401849],[73.5412632743975,4.67136774360056],[73.5414449990879,4.67130349999775],[73.5416504851159,4.67125910230533],[73.5417545190089,4.67125735819974],[73.5417569076293,4.67125737252505],[73.5418487998929,4.67127466495566],[73.5418559450927,4.67127590319899],[73.5419358646103,4.67130978074714],[73.5419382505357,4.67131098675846],[73.5419729883877,4.67134099110171],[73.5419753868895,4.67134338879898],[73.5419789711675,4.67134579276347],[73.5419947680418,4.67137689746738],[73.5419947994828,4.67137928621118],[73.5419998794558,4.67140558835693],[73.5419999423378,4.6714103685303],[73.5420014380328,4.67143428998927],[73.5420016715947,4.6714522413793],[73.5419971000683,4.67146659890963],[73.5418805894742,4.67159742199796],[73.5418795025127,4.67160827609529],[73.5418820258804,4.67162154848134],[73.5418940165928,4.67162516740903],[73.5419154459039,4.671617927763],[73.5420636221117,4.67144525869151],[73.542093619554,4.67147165036792],[73.5421391021551,4.67148731239529],[73.5421928294939,4.67149341407681],[73.5422237998117,4.67149229043631],[73.5422641817786,4.67148165211197],[73.5423044263034,4.67146269705649],[73.5423291802794,4.67144373483787],[73.5423620074148,4.67140465094515],[73.5423759896922,4.67138098734054],[73.5423985230328,4.67139175548942],[73.5424518218752,4.67141448973986],[73.5426098463135,4.67149787640706],[73.5426193199465,4.67150026604577],[73.5426251419278,4.67149434701184],[73.5426261489392,4.67148130740948],[73.5426224532702,4.67146944964398],[73.5426164785752,4.67146351359851],[73.5424834389799,4.67139566361029],[73.5424785314835,4.67137789755241],[73.5424817546388,4.67134835520166],[73.5425269803217,4.67127426653322],[73.5425864029795,4.67121357022511],[73.5426703667124,4.67116966674999],[73.5427657192866,4.67113307365442],[73.5428642141676,4.67111997853477],[73.5429191713001,4.67111816101167],[73.5429728995372,4.67112680006609],[73.5430172718207,4.67114347651183],[73.543045277698,4.67115534592215],[73.5430791980831,4.6711846913081],[73.5430803676896,4.67118586329703],[73.5430967897913,4.67120692417961],[73.5431003004074,4.67121044014632],[73.5431038029387,4.67121279307741],[73.5431307398208,4.67124207310173],[73.5431299115741,4.6712711140714],[73.5431299708629,4.67127576173663],[73.5431267935218,4.67130016309782],[73.5431268222679,4.67130249095931],[73.543128059248,4.67130831777574],[73.5431365770735,4.67133748587966],[73.5431401128425,4.67134100095036],[73.5431436647811,4.67134568263773],[73.5431614298642,4.67136909734143],[73.5431626246235,4.6713714359467],[73.5432135662866,4.67143120557334],[73.5432182438143,4.67143238920117],[73.5432525603565,4.67146759272718],[73.5432560916339,4.67146994386676],[73.5432596426742,4.67147346609946],[73.5432761905401,4.67148873328578],[73.5432808671694,4.67148991512284],[73.5432866873541,4.6714899276575],[73.5433121842369,4.67148412949318],[73.5433363866473,4.67147248571186],[73.5433463121328,4.67144329791627],[73.5433273289342,4.67141989395904],[73.5433214656304,4.67141637530738],[73.5433168024758,4.67141519167954],[73.5433097974131,4.67141283516778],[73.5432815957031,4.67139290599009],[73.543275731501,4.67138938554764],[73.5432733886947,4.67138821087305],[73.5432474399594,4.67136363223937],[73.5432450441525,4.67135896308673],[73.5432414499931,4.67135195980545],[73.5432059827091,4.67131106912893],[73.5431964165496,4.67129242385351],[73.5431972690508,4.67127153219112],[73.5431912027277,4.67125410187941],[73.5431771629581,4.67124472865477],[73.5431573928353,4.67123761166523],[73.5431434464905,4.67123401959551],[73.5431188155838,4.6712012809053],[73.5431046329821,4.67117214144631],[73.543104621304,4.67117098288732],[73.5431009139568,4.6711466056956],[73.5431041434002,4.67112116932579],[73.5431378041722,4.67104240073461],[73.543162187144,4.67099607448111],[73.5431865234034,4.67095449527371],[73.5431900007818,4.67095104108362],[73.5432374605749,4.67091200998804],[73.5432409280719,4.67090972241516],[73.543315894279,4.6708618015667],[73.5434020274434,4.67081762767932],[73.5434043118592,4.67081535353611],[73.5434877833154,4.67078742813128],[73.5434889178876,4.67078629464096],[73.5434969164868,4.67078522024254],[73.5435505234514,4.67077654626593],[73.5435562052956,4.67077431509854],[73.5436244691723,4.67076693308593],[73.5436290191393,4.67076697158522],[73.5436335691062,4.67076701187515],[73.5436869299324,4.67076520151377],[73.5436948719378,4.6707652713497],[73.5437005430022,4.67076532148827],[73.5437482147977,4.6707714097461],[73.543752760273,4.67077258442172],[73.54375730485,4.67077375730669],[73.5437914857466,4.67078993237492],[73.5438029168086,4.670805932853],[73.5438051616985,4.6708200558196],[73.5438126464614,4.67084016318465],[73.5438246272924,4.67086030457174],[73.5438351070385,4.67087002160899],[73.5438433409964,4.67087749763032],[73.5437666401425,4.67112125348696],[73.5437666257694,4.67113340761311],[73.5437719177448,4.67114402445473],[73.543781762382,4.67114625472563],[73.5437953880282,4.67114086572501],[73.543802949148,4.67112716357073],[73.5438866577594,4.67088880209074],[73.5438955636571,4.67087766595273],[73.5439059805212,4.67087621282905],[73.5439156472919,4.67087550193552],[73.5439586604243,4.67086674379886],[73.5439984926224,4.67084690772014],[73.5440307331579,4.67081900290922],[73.5440546750569,4.67078087251028],[73.5440682998048,4.67074869606747],[73.5440796401369,4.67071296246873],[73.5440824168295,4.6706991242156],[73.5440918006309,4.67068974292556],[73.5443495515405,4.67063003322298],[73.5443612053846,4.67062291354119],[73.5443633873925,4.67061428343387],[73.5443590215802,4.67060488155006],[73.5443502917522,4.67059976204027],[73.5443379129676,4.67060036997086],[73.5440716047067,4.67066359654075],[73.5440567986742,4.67065472290357],[73.5440464779299,4.67064441583944],[73.5440384739407,4.67062755315273],[73.5440304663583,4.67061143090539],[73.5440115199906,4.67057627389366],[73.5439964121242,4.67051868253778],[73.5439968091795,4.67046393117158],[73.5440085851946,4.67039793621562],[73.5440315694894,4.67033842883334],[73.5440332232879,4.67033200929869],[73.5440692627988,4.67023264796669],[73.544164960326,4.67007144508297],[73.5443124286614,4.6698726131004],[73.5444434982512,4.66967952999746],[73.5446199040168,4.66946270527799],[73.5447667659893,4.6692891761553],[73.5448845279365,4.66915246760542],[73.544989352347,4.66907446519922],[73.5451024556312,4.66899109435994],[73.5451969116867,4.6689381711473],[73.5452914153529,4.66890315461921],[73.5452974241839,4.66890170954946],[73.5453424926616,4.66889613251137],[73.5453740334096,4.6688949318679],[73.5453891116316,4.66890106849003],[73.5453997153453,4.66891015792499],[73.5454149193314,4.66914865795882],[73.5454182413013,4.66916348469138],[73.545428859388,4.66916988901605],[73.5454403820782,4.66916254548592],[73.5454455375096,4.66915199934567],[73.5454301296058,4.66889675029211],[73.5454352014939,4.66888096823206],[73.5454434013158,4.66886415832768],[73.5454558142364,4.66885053939501],[73.5454766587443,4.66884327733701],[73.5455119858912,4.66882664739397],[73.5455419258412,4.66880269182335],[73.5455726131897,4.66876416647222],[73.5455958400296,4.66871840144306],[73.5456055921404,4.66867682030997],[73.5456070860387,4.66863837284608],[73.5456143641891,4.66862669499481],[73.5458155984909,4.66854646672768],[73.5458288782857,4.66853713196628],[73.5458287570131,4.66852777750735],[73.5458152813856,4.66852151374439],[73.5458008715101,4.66852356137533],[73.5455942778594,4.6685900229771],[73.5455786193257,4.66858582206614],[73.5455607554279,4.66856591429612],[73.545549090804,4.66853765484183],[73.54553319781,4.66849269201799],[73.5455299908244,4.66845820998265],[73.5455299827395,4.66845507720554],[73.5455277890536,4.66840809897722],[73.545527784562,4.66840601195124],[73.5455287125217,4.66835804974632],[73.5455358873659,4.66831329552406],[73.5455749344364,4.66819516499212],[73.54561124973,4.66811987355516],[73.5456557325063,4.66803438692458],[73.5456557298113,4.66803230706014],[73.545705217102,4.66794401354168],[73.5457556260642,4.66788397859854],[73.5458038790697,4.66784375295435],[73.5458540724362,4.66780879904515],[73.5458867971637,4.66779035333651],[73.5459000374326,4.66778629119783],[73.5460666506633,4.66789164625354],[73.5460788479883,4.6678947468011],[73.5460879479221,4.66788962100418],[73.546087887735,4.6678793479222],[73.5460857739991,4.66786496614435],[73.5460776298727,4.66785981348715],[73.5458935524946,4.6677348532566],[73.5458863866336,4.66773070337466],[73.5458853095535,4.66772247792358],[73.5458872562028,4.66770914010426],[73.5459003500463,4.66768767621547],[73.5459142936962,4.6676457619563],[73.545916130751,4.66761889381718],[73.5459148605331,4.66758494446388],[73.5459065277606,4.66755719441637],[73.545892154716,4.66753664197515],[73.5458685703465,4.66750786139371],[73.545845037181,4.66748831172762],[73.5458245591858,4.66747081238098],[73.545801061953,4.66746253947406],[73.5457887936611,4.66745839854388],[73.5457866916034,4.66744709134217],[73.5457855767941,4.66742962780795],[73.5457916305408,4.66741733215453],[73.5458525174524,4.66722858449081],[73.5458514134229,4.66721431909338],[73.5458412121546,4.66720404600148],[73.5458300568754,4.66720394214244],[73.5458199481335,4.66720995880425],[73.5458128649175,4.66721396991211],[73.545805737684,4.66721084876883],[73.545800577761,4.66719653502285],[73.5458004627767,4.66717616432442],[73.5458336977472,4.66708499398129],[73.545892687417,4.66700414596483],[73.5460370835141,4.66678992495428],[73.5463758714453,4.66624044740073],[73.5466072298518,4.66590451925932],[73.5468251135291,4.66557389583871],[73.5469821067014,4.665285968296],[73.5471456018797,4.66502587046912],[73.5472753159118,4.6648417098825],[73.5473679582687,4.66472198774756],[73.5474061510413,4.66468574707963],[73.5474209768368,4.6646716025014],[73.5474439099277,4.66467568793696],[73.5474762546678,4.66467709093444],[73.5475099064567,4.66467311204432],[73.5475529133009,4.66466377812673],[73.5475971957528,4.66465177520098],[73.5476320351145,4.66463976958898],[73.5476628176843,4.66462240447231],[73.5476895515472,4.6646130920422],[73.5477242588565,4.66460381632091],[73.547748256451,4.6646038924248],[73.547777555004,4.66460398464479],[73.547798838788,4.66460940324185],[73.5478851174795,4.66464973919816],[73.5479036649952,4.6646537870296],[73.5479222035277,4.66464982246478],[73.5479275017912,4.6646364881684],[73.5479155937238,4.66462711306469],[73.5478824845174,4.66460965841373],[73.5478546412352,4.66459487187525],[73.5478480179566,4.66457078991726],[73.5478599781263,4.66453609370301],[73.547887845663,4.66448547475976],[73.5479514023677,4.66440714503579],[73.5480019011614,4.66433407363633],[73.548117202623,4.66411516649415],[73.5481773106953,4.66399930583966],[73.5482160577285,4.66387551960911],[73.5482547832021,4.66377042628556],[73.5483121433279,4.66364413932692],[73.548362788547,4.66354186002632],[73.5484000749195,4.66349144067255],[73.5484014062227,4.66348878598551],[73.5484599691927,4.66344508795568],[73.5485012090508,4.66343058611122],[73.5485557331953,4.66340815780894],[73.5485889690642,4.66339098784625],[73.5486193590702,4.66335745909903],[73.5486278589295,4.6633320940742],[73.548634667261,4.663299964743],[73.5486448613428,4.6632746059835],[73.5486618404,4.6632424963472],[73.5486703384626,4.66321545076192],[73.5486744069325,4.66318689652482],[73.548674414119,4.66318158446248],[73.5486691194488,4.66314837713292],[73.5486677917388,4.66314306327959],[73.5486531689626,4.66310453135047],[73.5486491750528,4.66309921212477],[73.5486345540733,4.66305935061058],[73.5486332245666,4.66305536275789],[73.54862658961,4.66302879259197],[73.548626621051,4.66300356454261],[73.5486292926406,4.66299958564302],[73.5486466561768,4.66297837767805],[73.5486493259698,4.66297572836117],[73.548677337237,4.66296649469932],[73.5486826723314,4.66296517854659],[73.5487186651299,4.66296260443836],[73.5487213313297,4.66296260981043],[73.5487586500415,4.6629560576977],[73.5487613162413,4.66295473706823],[73.5487866514273,4.66293356402028],[73.5487919856234,4.66292694207062],[73.5488186646891,4.66288853279153],[73.5488213335837,4.66288323415703],[73.5488386809502,4.66284746344884],[73.5488413489466,4.6628421657094],[73.5488627063925,4.66278785067143],[73.548864038594,4.66278520135379],[73.5488707346362,4.66274676610205],[73.5488671404767,4.66265825882741],[73.5488592164376,4.66260121298073],[73.5488592191325,4.66259856008106],[73.5488592829129,4.66254020255273],[73.5488606178095,4.66253622544118],[73.5488619545026,4.66253092322267],[73.5488632920941,4.66252562010879],[73.5488646287872,4.66252031699485],[73.5488766392625,4.66249116105927],[73.5488779705658,4.66249116284996],[73.5488979688606,4.66245672081028],[73.5488993046555,4.66245141948652],[73.5489100017939,4.66240238246361],[73.5489100071838,4.66239707845341],[73.548915372821,4.66235599117514],[73.5489167104124,4.6623493647433],[73.5489193748155,4.66234539389808],[73.5489193811037,4.66234009078281],[73.5489233786068,4.66233347151356],[73.5489513692127,4.66227919493599],[73.5489527041092,4.66227389719226],[73.5489553694107,4.66226860302986],[73.5489913226833,4.66221834206038],[73.5489939852898,4.66221569990335],[73.5489953201863,4.66221040305448],[73.549021945353,4.66217073398862],[73.5492200256698,4.66183104793484],[73.5493573340593,4.66156906502532],[73.5494836282051,4.66127180098293],[73.5495824006655,4.66106158847148],[73.5496619419923,4.66089511975095],[73.5497634004155,4.66065231925798],[73.549829219078,4.66048321275368],[73.5498512026497,4.6603740871829],[73.5498348847525,4.66027306357592],[73.549832156569,4.66026486937458],[73.5498076316634,4.66015292074533],[73.5497611896616,4.66007638391567],[73.5497174740466,4.66000530510547],[73.5496819501687,4.65994789016096],[73.5496687081031,4.65989798089642],[73.549668762002,4.65984172183477],[73.5496876131482,4.65978549410576],[73.5497083157223,4.65975740083254],[73.5497402858649,4.6597368293608],[73.5497666217741,4.65970875399251],[73.5497985757471,4.65969568641552],[73.5498305090588,4.65970136828222],[73.5498323856394,4.65970324582307],[73.5498530262297,4.65972952512726],[73.5498548992171,4.65973515148218],[73.5498661353446,4.65977265932019],[73.5498680119253,4.65977453865154],[73.5498942633928,4.65982331441679],[73.5499486617731,4.65989274401826],[73.5499749024609,4.65994713090768],[73.5499823746474,4.65999024538963],[73.5499917323978,4.66002398918051],[73.549995485559,4.66002586761588],[73.5500179784754,4.66006524939684],[73.5500423389893,4.66011399828158],[73.5500816564526,4.66021522605019],[73.5501191036236,4.66029582325608],[73.5501471948408,4.66034080272096],[73.550167789617,4.66037640881325],[73.5501677878204,4.66037828098021],[73.5501715032524,4.66041575297008],[73.5501733439004,4.66045510070606],[73.5501789466929,4.66048133073817],[73.5501883116297,4.66049444485852],[73.5502089279655,4.66050381016859],[73.5502295451995,4.66050942845921],[73.5502482885479,4.66051317279248],[73.5503584543412,4.6606622593774],[73.5503702644922,4.66066816149108],[73.5503820872196,4.66065988939937],[73.5503868240361,4.66064571250768],[73.5503773863358,4.66062799900309],[73.5502817804367,4.66048387262305],[73.5502747268651,4.66044251662937],[73.5502688734427,4.66038461912947],[73.5502571252754,4.66030898841455],[73.550235925933,4.66020970714056],[73.5502087950148,4.6601169054688],[73.550167476105,4.66000343741422],[73.5500977578558,4.65986154837562],[73.5499924735079,4.65970181237388],[73.5498764075799,4.65957507880153],[73.5497317815141,4.65944111080683],[73.5496594096415,4.65938887808207],[73.5496487322661,4.65937938472258],[73.5496356572871,4.65938881988452],[73.5496332614803,4.65940893294903],[73.5496176757101,4.65954382852867],[73.5495844075019,4.65954494681628],[73.5495333032437,4.65954484743281],[73.5494714820841,4.6595447292471],[73.5494691024469,4.65954472477035],[73.5494120001376,4.65955645917948],[73.5492774962884,4.65957517012687],[73.5492060406975,4.65958096928487],[73.5492000848671,4.65958095943607],[73.5490644024283,4.65956886151677],[73.5490608325233,4.65956885614466],[73.5489597217482,4.65955206929641],[73.5489549615755,4.65955206034296],[73.5489478208673,4.65955204691274],[73.5488716509178,4.65953411043935],[73.5488692712806,4.65953292052403],[73.5488633199418,4.65953053442597],[73.5488157110284,4.65950434106762],[73.5488109490591,4.65950195765549],[73.5487657107997,4.65947576071469],[73.5487633302642,4.65947338267452],[73.5487478711565,4.6594484311596],[73.5487454924176,4.65944367866053],[73.5487443048448,4.65944130420168],[73.5487359945301,4.65941636611577],[73.5487359954284,4.65941399255219],[73.5487288798731,4.65938668448302],[73.548738436151,4.65936653739471],[73.5487372629513,4.65935110967776],[73.548730124938,4.65934160109685],[73.5487074846979,4.65934154379467],[73.548670533397,4.65934501236742],[73.5486132909505,4.65936268382306],[73.5485178350701,4.65940165109574],[73.5484437851446,4.65944780083568],[73.5483756542185,4.65949992342847],[73.5483170373495,4.65955565336778],[73.5482727180667,4.65962451086944],[73.5482415680859,4.65967201346283],[73.5482211835155,4.65971121977579],[73.5482055734908,4.65975162943171],[73.5481983582224,4.65977659347074],[73.5481935315744,4.65980275190045],[73.5481825873993,4.65981037039969],[73.548167055528,4.6598103435393],[73.548006894896,4.65979818384509],[73.5479889375735,4.6598076718268],[73.5479901080783,4.65982314161501],[73.5480044514784,4.65982911267742],[73.5480307550483,4.65983272360775],[73.5480570568215,4.65983514551862],[73.5480713894419,4.6598446845346],[73.548079729401,4.65986254131427],[73.5480856412138,4.65990418743415],[73.5480747698023,4.65997318547095],[73.54798944602,4.66021239765379],[73.547881674237,4.66043214942717],[73.547722941028,4.66070881552114],[73.5476110675374,4.66090939781154],[73.5474412607959,4.66117241419432],[73.5472798092848,4.6614219269012],[73.5472072640374,4.66153893939292],[73.547134220225,4.66159980665289],[73.5470988607389,4.66161695875248],[73.547064696012,4.6616232019841],[73.5470256282803,4.66161490662468],[73.5470073107333,4.66160406848902],[73.5469963342188,4.66158711426006],[73.5469915345203,4.66153612174597],[73.5469903478458,4.66151669547106],[73.5469830256779,4.66150700516468],[73.5469671210058,4.66150462802675],[73.5469560861008,4.6615131687117],[73.5469437917579,4.66153630260541],[73.5469437315707,4.66156669057363],[73.5469350969642,4.66159469513553],[73.5469350942693,4.66159591011696],[73.5469276948463,4.66161783887533],[73.5469141662181,4.66163615850266],[73.5468981744094,4.66165814635245],[73.5468969428192,4.66166058705924],[73.5468895415996,4.6616801028645],[73.5468895389046,4.66168132053184],[73.5468858270659,4.66169716632312],[73.5468808953149,4.66170693720783],[73.5468636817975,4.66171435692011],[73.5468329207872,4.6617255299126],[73.5467601356896,4.6617814673951],[73.5467062439591,4.66182424063867],[73.5466767729296,4.66186948592273],[73.546659564802,4.66189519391687],[73.5466435909596,4.66190746638806],[73.5466276180155,4.66191118653962],[73.5464898011796,4.66188338881467],[73.5464626522951,4.66188590204348],[73.5464564575129,4.66189817630555],[73.5464638434611,4.66190919081933],[73.5464909824642,4.66191279636692],[73.546531637519,4.66192615936598],[73.5465402236165,4.66194817943908],[73.5465426293048,4.66198369502022],[73.546464529774,4.66223455761616],[73.5464028792944,4.66235132375329],[73.5462878527172,4.6625166720553],[73.5461661274029,4.6626569023837],[73.5460472335784,4.66282829596409],[73.5460061904514,4.66290399713988],[73.5460037012198,4.66290772623956],[73.5459638321908,4.66297488494902],[73.5459600934026,4.66297986842244],[73.5459376543851,4.66300233702882],[73.545932667837,4.66300485025362],[73.5459289308454,4.66300487174183],[73.5458952377341,4.66302621132124],[73.5458902413045,4.66302997444328],[73.545852738438,4.66305512012025],[73.5458514852882,4.66305637359887],[73.5458176744975,4.66308277275346],[73.5458139159464,4.66308529403608],[73.5457775530419,4.66310801781149],[73.5457524586045,4.66311696048537],[73.545747437022,4.66311825156824],[73.5457097670689,4.6631198318465],[73.5457085094275,4.66311984348595],[73.5456921816489,4.66311499610548],[73.5456871609648,4.66311129565781],[73.5456746267716,4.66309268329219],[73.5456721249636,4.66308646424787],[73.5456608322421,4.66307282640091],[73.5456608349371,4.66307157829439],[73.5456356758209,4.66306303762838],[73.5456318975068,4.66306306627934],[73.5456092231308,4.66305949744666],[73.545592835165,4.6630571247907],[73.5454756014272,4.662955364703],[73.5454604190006,4.66295044569402],[73.5454452033363,4.66295303860447],[73.5454426323579,4.66296307449292],[73.5454489214632,4.6629768126203],[73.5455687800783,4.66308606671607],[73.5455712755982,4.66309729967466],[73.5455674406903,4.66311483942068],[73.5455546801216,4.66318981623411],[73.5455458011734,4.66324105037045],[73.5455507553822,4.66328729297376],[73.5455582042125,4.66334603991358],[73.5455782168804,4.66340475282549],[73.5456057753967,4.66345340567699],[73.5456320798649,4.66348827922232],[73.5456646267259,4.66352808967772],[73.5456946511176,4.66355913384488],[73.5457259044047,4.66358639340349],[73.545739644137,4.66360002855445],[73.5457458847332,4.66360997221349],[73.5457458595804,4.66363745650073],[73.5457407490648,4.66375872328377],[73.5457419842483,4.66377495939683],[73.5457507320425,4.66378110949383],[73.5457644852495,4.66377720580728],[73.54577574114,4.66376458866248],[73.5457795122676,4.66373457414654],[73.5457795940143,4.66362717798448],[73.5457808480624,4.66361967681634],[73.5457870949469,4.66360964004194],[73.5458058140408,4.66359576493974],[73.5458307602562,4.66356690988345],[73.5458522138218,4.66353869678568],[73.5458785712906,4.66351622640579],[73.5458810766919,4.6635162201384],[73.5459036297954,4.66350497196571],[73.5459499038124,4.6634912060931],[73.5459598939767,4.6634911863956],[73.5460272361819,4.66349229930485],[73.5460496266904,4.66351085883475],[73.5460521150237,4.66351209440574],[73.546074479481,4.66353932083853],[73.5460769624245,4.66354303381869],[73.5460955907885,4.66356529647858],[73.5460993170003,4.66356776403896],[73.5461229022681,4.6635899971518],[73.5461278672567,4.66359369759693],[73.5461576491033,4.66360473894435],[73.5461626096003,4.6636071975512],[73.5461861670203,4.66361205925376],[73.546191123924,4.66361327781306],[73.5461936023759,4.66361450622115],[73.546198557483,4.66361572478048],[73.5462257979957,4.66362675448812],[73.5462295107328,4.66362797662878],[73.5462517772737,4.66364149001251],[73.5462542494374,4.6636439539913],[73.5462740231534,4.66366489154315],[73.546312116213,4.66375604263287],[73.5463417174983,4.66387462337291],[73.5463651006451,4.66402034097303],[73.5463921983257,4.66415738717054],[73.5464007368124,4.66433042602017],[73.5463907583263,4.66444929048604],[73.5463359377377,4.6648214196963],[73.5462947409988,4.66504733085795],[73.5461774416839,4.66557129129854],[73.5460881024323,4.665813817013],[73.5459818056831,4.66605131979721],[73.545889302565,4.66624739164078],[73.54577690356,4.66650026274631],[73.5457402927206,4.66658792165224],[73.5457008584763,4.66664406646569],[73.545700854883,4.66664687334814],[73.5456838910972,4.66671146029151],[73.5456697426315,4.66676765971066],[73.5456669102433,4.66677890514505],[73.5456443122241,4.66682393343832],[73.5456386627192,4.66683238362951],[73.5456160575134,4.66686620409066],[73.5455764768437,4.66691700192968],[73.5455368503599,4.66696785617118],[73.5455085085127,4.66701025395271],[73.545460331864,4.66705279588092],[73.5454149417893,4.66708972941727],[73.5453865469415,4.6671124808185],[73.545348001131,4.66713321413017],[73.5453054955467,4.6671436707671],[73.5452680735286,4.66714222300773],[73.5452391783191,4.66712544081714],[73.5452255715375,4.66711536022135],[73.5452222082451,4.66709674258985],[73.5452307880544,4.66707635129576],[73.5452342438733,4.66705769964042],[73.5452257700652,4.6670408100074],[73.5452121210628,4.66704089954107],[73.5452001429268,4.66705114577524],[73.5450647344741,4.66721780195262],[73.5450466639638,4.66721619482349],[73.5450168147436,4.66720842777873],[73.5450140991365,4.66720755751156],[73.5449805120263,4.66720698897284],[73.5449777856394,4.66720701583293],[73.5449367730552,4.66721371205519],[73.5449065734919,4.66722572209981],[73.5448753354762,4.66724499063757],[73.5448440094256,4.66726431468564],[73.5448181074027,4.667286339068],[73.5447912459791,4.66730389840678],[73.5447689462005,4.66732143625708],[73.5447568557751,4.66732977810656],[73.5446510279464,4.66730579383405],[73.5445168654571,4.66728014960689],[73.5445020558313,4.6672830889966],[73.5445010856508,4.66729409805387],[73.544510297874,4.66730405330001],[73.5445435220648,4.66731274701694],[73.5445462888759,4.66731270941281],[73.5446207232803,4.66733267541523],[73.5446362901859,4.66733883443442],[73.5446408347629,4.66735278825225],[73.5446416800776,4.66738094389521],[73.5446250441768,4.66743094037096],[73.5445144193445,4.66766647824082],[73.5443591689039,4.66794536997515],[73.5441876068543,4.66815786890309],[73.5440262110388,4.6683144469251],[73.5438438539344,4.6684570138151],[73.543707451945,4.66856355956548],[73.543635104327,4.66861049570264],[73.5436253108938,4.66861637536618],[73.5435762970152,4.66863799949147],[73.5435704103552,4.66863997191393],[73.5435036008509,4.66866170795535],[73.5434917924965,4.66866566533483],[73.5434090235228,4.66868361052833],[73.5433971909139,4.66868365708573],[73.5433893001124,4.66868368842243],[73.5433241821358,4.66867803438382],[73.5433162841478,4.66867805766253],[73.5433103678434,4.66867611299555],[73.5432728631802,4.66866837103631],[73.5432689186778,4.66866641920664],[73.5432036866152,4.66865481387795],[73.5431938069436,4.66865091111385],[73.5431858829046,4.66865093081122],[73.5431224789135,4.66863342970289],[73.543116528473,4.66863148055911],[73.543056990831,4.66861001401255],[73.5430550127407,4.66860805233401],[73.5430213115445,4.66858452920266],[73.543015346731,4.66858257558206],[73.5429836281166,4.66855706212047],[73.5429757058742,4.66854920645239],[73.5429737107159,4.66854920913838],[73.5429479865594,4.66851973650462],[73.5429381086846,4.668505975207],[73.5429341902333,4.66849418006468],[73.5429638121798,4.66827979924397],[73.542966340039,4.66825726813304],[73.5429603698356,4.66824655902816],[73.5429483566653,4.66823818495749],[73.5429374861521,4.66824049402714],[73.5429314135407,4.66824757971036],[73.5428900128842,4.66850106160895],[73.5428790417597,4.66850823771835],[73.5428571471213,4.66851303939952],[73.5427213227486,4.66856360075087],[73.5426658248304,4.66858948935753],[73.5425937997075,4.66863095052093],[73.5425251073344,4.6686738334734],[73.5424399479438,4.66873859213447],[73.5423903133294,4.66878078567274],[73.5423653823853,4.6688073977017],[73.5423367108564,4.66883162634918],[73.542320437875,4.66884983476678],[73.5423041100964,4.66887171763655],[73.5422891549435,4.66887779695748],[73.5422321909747,4.66885461495758],[73.5420729996249,4.66879089937197],[73.5420578261814,4.66878475200488],[73.5420416547097,4.66878593116048],[73.5420353278752,4.66879936386483],[73.5420489059107,4.66881284402163],[73.5420513924474,4.66881284849831],[73.5420711796382,4.66882633402688],[73.5422661499874,4.66890825892068],[73.5422635242119,4.66893997614138],[73.5422645393081,4.66898270865881],[73.5422544054134,4.66903408383516],[73.5422381108725,4.66907822828886],[73.5421634420077,4.66923171362185],[73.5420274218024,4.66938067569488],[73.5419256390874,4.66948868517551],[73.5417701658645,4.66961393249574],[73.5416324280804,4.66973635949358],[73.5413672831377,4.66996775119742],[73.5411870101248,4.6700885208723],[73.5410388312221,4.67019352192581],[73.5409288495835,4.67025924740589],[73.5407980602681,4.67032740191714],[73.5406834523058,4.67035428517322],[73.5405620926059,4.67036204054384],[73.5404416806285,4.67036211664708],[73.5403667000484,4.67034030455509],[73.5403033337866,4.67032103341638],[73.5402102108309,4.6702850320914],[73.5402076254796,4.67028374460303],[73.5401442196919,4.67025672256773],[73.5400907896954,4.67019919296354],[73.5400392695172,4.670163201481],[73.5400031931754,4.67014006070888],[73.5399684014245,4.67011691456402],[73.5399671105454,4.67011691545936],[73.5399361716687,4.67009890852455],[73.5399323053197,4.67009633623314],[73.5399039697607,4.6700718945401],[73.5399013951891,4.67006932314394],[73.539889835668,4.67005131710321],[73.5398885537721,4.67004874481166],[73.5398821757336,4.67002817453678],[73.5398771011506,4.67000632483041],[73.5398745679014,4.66999476249986],[73.5399874124708,4.66979763789614],[73.5400029245792,4.66976315682027],[73.5399952224239,4.66975418289437],[73.5399823468709,4.669757977317],[73.5398527038058,4.66997162530355],[73.5398372105621,4.66996775656941],[73.5398088148159,4.66995745128586],[73.5397726387611,4.66994970128276],[73.5397169746546,4.66994963234211],[73.5396676337893,4.66996371414066],[73.5396233809817,4.66998425666211],[73.5395881131236,4.67001256082478],[73.5395762266158,4.67003833208932],[73.5395656426652,4.67006283198019],[73.5395616065346,4.67008089532192],[73.5395537112415,4.67009251405701],[73.5395355068823,4.67008993370761],[73.5394028787155,4.67005247208273],[73.5393872435379,4.67004988367518],[73.5393702860403,4.67004858723306],[73.5393584731943,4.67005504616495],[73.539367515636,4.67006538726037],[73.5393974708574,4.67007314532019],[73.5395417789196,4.6701209292366],[73.5395767476387,4.67014545867052],[73.5395780403144,4.67014674974047],[73.5396012545779,4.67017645598774],[73.5396127431321,4.67020876854735],[73.5396098164209,4.67025535629004],[73.5396084967958,4.67025794827818],[73.5395899923992,4.67029554866864],[73.5395332080935,4.67039945559488],[73.5393885380103,4.6706006063386],[73.539294119684,4.67071222023842],[73.5392034742819,4.67080073097415],[73.5391469918101,4.67083854711051],[73.5391101644768,4.6708646540942],[73.5390890756271,4.67088424753747],[73.5390548812559,4.6709012454131],[73.5390232830157,4.67091434680416],[73.5389943680434,4.67091569159258],[73.5389657117858,4.67088173792216],[73.5389513450294,4.67086999116768],[73.5389395034374,4.67087130909624],[73.5389262730499,4.67088177910743],[73.5389274731991,4.67089615903275],[73.5390278527456,4.67101115455351],[73.5390304174357,4.67102031737829],[73.5390303069429,4.67103603582167],[73.5390236387486,4.67104915243085],[73.5390143780163,4.67112520906186],[73.5390180494309,4.67117223993278],[73.5390309887642,4.67121015990756],[73.5390413391529,4.67124155649552],[73.5390424692336,4.67127558356567],[73.5390396494219,4.67130963301747],[73.5390396188792,4.67131487249647],[73.5390315232618,4.671350261362],[73.5390314936174,4.67135550442201],[73.539027349689,4.67138961027579],[73.5390273128581,4.67139616947242],[73.5390245056228,4.6714263618316],[73.5390244993346,4.67142767528244],[73.5390270307871,4.67144605822226],[73.5390296224267,4.6714539371365],[73.5388961857761,4.67155091223826],[73.5388205736803,4.67161000050273],[73.5387529044883,4.67164551111835],[73.5385494450596,4.67171418478677],[73.5384141174552,4.67176142064888],[73.5383318461483,4.67178242421303],[73.53827618294,4.67179819009183],[73.5382443322733,4.67181266669409],[73.5382403437534,4.67181530165231],[73.5382190860205,4.67183110961095],[73.5382124483689,4.67183506070521],[73.5381845799339,4.67184954715532],[73.5381819254122,4.67185086418673],[73.5381448115162,4.67186270224851],[73.5381262559157,4.67186796231597],[73.5381183112154,4.67186927308002],[73.5380944932839,4.67187056593745],[73.5380865566684,4.67187055698412],[73.5380839111299,4.6718705534028],[73.5380693620155,4.67187053728684],[73.5380587807598,4.67187052564755],[73.5380362671822,4.67187446062565],[73.5380322894421,4.67187577676167],[73.5380216884234,4.67187840455701],[73.538015054365,4.67188103861972],[73.5379925066514,4.67188893454032],[73.5378982509202,4.67192609255005],[73.5377975982859,4.67195500814505],[73.5377274093195,4.67197737081509],[73.5376744617183,4.67200109975867],[73.5376678429313,4.67200373382088],[73.5376373909415,4.67202614304653],[73.5376148890419,4.67203800080261],[73.5376082738482,4.67203931604298],[73.5375818094799,4.67204721285715],[73.5375765175045,4.67204852809753],[73.5375421165208,4.6720630136479],[73.5375381495605,4.67206301096193],[73.5375090486368,4.67206958358221],[73.5375011147162,4.67206957821024],[73.537468048629,4.67208010460933],[73.5374667272072,4.67208010371402],[73.5374164781451,4.67209193371395],[73.5373887139146,4.67209718661706],[73.5373546758502,4.67210037757436],[73.5372801363429,4.67211607271495],[73.5372177249902,4.67213549063851],[73.5371646588114,4.67215026896006],[73.5371292993252,4.67216042469124],[73.5371265073613,4.67216134867207],[73.537123717194,4.6721613433001],[73.5370976633559,4.6721789374347],[73.5370939281609,4.67220584389836],[73.5370939281609,4.67220769991786],[73.5371004229804,4.67223647851576],[73.5371004220821,4.67223740697315],[73.537119936185,4.67226899511573],[73.5371227245556,4.67227085650704],[73.537152483046,4.67228390683869],[73.537157132726,4.67228484514464],[73.5372027258199,4.67228493646828],[73.537209239504,4.67228402144095],[73.5372138936755,4.67228310193691],[73.5372865152797,4.67226653564389],[73.5372921028008,4.67226468947317],[73.5373815660199,4.67223047532703],[73.5375727589534,4.67215642972762],[73.5378015751276,4.67206562622194],[73.5379780653349,4.67198580840959],[73.5380107478415,4.67197281805952],[73.5380396978482,4.6719672661151],[73.5380733190943,4.6719607892942],[73.5381060051943,4.67195058968895],[73.5383154977084,4.67188851283961],[73.5384681511196,4.6718257098716],[73.538542386098,4.67179533577751],[73.5385451654855,4.67179349318688],[73.5385488755277,4.67179257726354],[73.5385535099362,4.67179073914957]]]},"properties":{"OBJECTID":1510,"FCODE":"LD1702","atoll":"Kaafu","islandName":" ","capital":"N","islandNa_1":" ","longitude":"73° 32' 40.208\" E","latitude":"4° 39' 57.405\" N","Area_ha":31.0942951859,"category":"Uninhabited Island","Sector":" ","Usage":" ","PrimAgency":" ","Shape__Area":310942.94873046875,"Shape__Length":6174.5550770801965}},{"type":"Feature","id":1511,"geometry":{"type":"Polygon","coordinates":[[[73.5493101761001,4.66305939627302],[73.5495505643718,4.66294330176012],[73.5495671095427,4.66293459276829],[73.5495690678701,4.66292199261982],[73.5495622685217,4.66291228890267],[73.5495496238357,4.66291130671245],[73.5495340515403,4.66292001659991],[73.5492858874515,4.66302931547166],[73.5492742183359,4.66302736541695],[73.5492596341873,4.66302056350444],[73.5492469975862,4.66301085441664],[73.5492343600868,4.66300405519],[73.549223664745,4.6629991970646],[73.549210045387,4.66299918363448],[73.5491954486619,4.66300498455492],[73.549159445982,4.66301658191892],[73.5491545816047,4.66301754620219],[73.5491244188724,4.6630243024523],[73.5491195553935,4.66302429708026],[73.5490971828513,4.66302330414605],[73.5490932922478,4.66302329966935],[73.5490689640733,4.6630329702573],[73.5490660400571,4.66303781405695],[73.5490592092676,4.66305816696863],[73.5490582319006,4.66306301434951],[73.5490572545336,4.66306785993967],[73.5490562565053,4.66309306739384],[73.5490572221942,4.66309791477446],[73.5490572194993,4.66310179339522],[73.5490581797983,4.66311439801717],[73.5490581771033,4.6631163373275],[73.5490533055396,4.66312311864621],[73.5490464882249,4.66313183658916],[73.5490435687002,4.66313377410874],[73.5490377278542,4.6631366759114],[73.5490182577688,4.66315119925013],[73.549014363572,4.66315507249853],[73.5489987804968,4.66317250748811],[73.5489987795985,4.6631734771432],[73.5489958555822,4.6631802611474],[73.5489890229962,4.66320255336506],[73.5489890176063,4.66320739984959],[73.5489880402392,4.66321224722942],[73.5489841298728,4.66323066351204],[73.5489821805286,4.66323356979103],[73.5489802329811,4.66323647696536],[73.548970485362,4.66325585663492],[73.5489704835653,4.66325682718525],[73.548967562244,4.66326070222375],[73.5489500289263,4.66328298369474],[73.5489461176616,4.66330236873509],[73.5489499974853,4.66331303762501],[73.5489519396429,4.66331594838037],[73.5489635979787,4.66333050305231],[73.5489655410346,4.6633334138076],[73.5489752509245,4.6633499042075],[73.5489762184101,4.66335475427235],[73.5489771885906,4.66335766413219],[73.5489800892507,4.66337414826416],[73.5489810585329,4.66337705812391],[73.5489810576345,4.6633789974335],[73.5489859022489,4.66339548425097],[73.5489878453048,4.66339936376542],[73.5489975569914,4.66341391664493],[73.5490101855076,4.66342944186493],[73.5489476483908,4.66370084306861],[73.548951521028,4.66371829774215],[73.5489670789504,4.66372413178427],[73.5489816747771,4.66371929873342],[73.5489894667639,4.66370961203878],[73.5490432264421,4.66346050125728],[73.5490510247171,4.66344499663085],[73.5490704912093,4.66343435191714],[73.5490714649831,4.66343338405307],[73.5491045490367,4.66342275276933],[73.5491502849627,4.66340631877764],[73.5491824042257,4.66338793115054],[73.5491862984224,4.66338502755822],[73.5492291417733,4.66334338254],[73.5492583684611,4.66330172319381],[73.549281765981,4.66325133157839],[73.5492886183299,4.6632106186029],[73.5492935186398,4.6631757217649],[73.5492877254046,4.66313402659513],[73.5492877272012,4.66313208728484],[73.5492848418125,4.66310008955976],[73.5492897304442,4.66307682768362],[73.5492965495556,4.66306616863888],[73.5493101761001,4.66305939627302]]]},"properties":{"OBJECTID":1511,"FCODE":"LD1753","atoll":"Kaafu","islandName":" ","capital":"N","islandNa_1":" ","longitude":"73° 32' 57.120\" E","latitude":"4° 39' 47.796\" N","Area_ha":0.158196154215,"category":"Uninhabited Island","Sector":" ","Usage":" ","PrimAgency":" ","Shape__Area":1581.96044921875,"Shape__Length":271.08812506302388}},{"type":"Feature","id":1512,"geometry":{"type":"Polygon","coordinates":[[[73.5863680216814,4.59492776128557],[73.5862499911379,4.59463431153619],[73.5860813279517,4.59428983475787],[73.585927157286,4.59398525814203],[73.5857183726443,4.5936715175691],[73.5855645684913,4.59348553322412],[73.5854310366192,4.59335642117705],[73.5852748654054,4.59324274542781],[73.5851282864022,4.59314202026929],[73.5849637159404,4.59303682600317],[73.5847548675183,4.59291833368184],[73.5846325061969,4.59286506630436],[73.5844678045811,4.59280767367353],[73.584282598919,4.59275732360136],[73.5840721883266,4.59271035825428],[73.5838259044117,4.59266662451432],[73.5835791857121,4.59265329781588],[73.5832147652525,4.59263657295673],[73.5828270919018,4.59264977966774],[73.5824878350499,4.5926845331324],[73.582091442651,4.59274262958176],[73.5817598672931,4.59279424131691],[73.5815087881712,4.59285578158374],[73.581395915754,4.59288629696517],[73.5813379384856,4.59292382893939],[73.5813046262599,4.5929702247786],[73.581274826447,4.59302369988808],[73.5812520541546,4.59307891929196],[73.5812397903543,4.59312522647347],[73.5812345109554,4.59318047004612],[73.5812344732261,4.59323574137284],[73.5812571547888,4.59331619039921],[73.5812816347785,4.59337710202914],[73.5813254195638,4.59344725269999],[73.581365776378,4.59348709843558],[73.5814132478491,4.59351637720135],[73.5814714083739,4.59354766889212],[73.5815031979552,4.59355710851311],[73.5815385807976,4.59356301834975],[73.5815793517351,4.5935618211601],[73.5816024357429,4.59354777097111],[73.5816290959439,4.59352836432063],[73.5817128009621,4.5934989136328],[73.5818004010753,4.59348204552471],[73.5819045373763,4.59346531531242],[73.5820344921569,4.5934597170846],[73.5821251896613,4.59345903745328],[73.5822326919496,4.59347130126135],[73.5823388701212,4.59349092818916],[73.582412393634,4.59351022291198],[73.5824913438694,4.5935340762675],[73.5825494073761,4.59355677272693],[73.5825766775332,4.59356812140409],[73.5825948809941,4.5935683380981],[73.5826167477847,4.59356491666089],[73.5826441122649,4.59355787410557],[73.5827648844667,4.59357589552543],[73.5828570677845,4.59312024071732],[73.5838229902769,4.59332075172015],[73.5836828566858,4.59398132541672],[73.5837737149886,4.59399954471571],[73.5837737455313,4.59401850095253],[73.5837873406348,4.5940284563345],[73.5838028868791,4.59403469747604],[73.5838164864742,4.5940294833918],[73.5838294500621,4.59402054163569],[73.5838332274779,4.59400351683984],[73.5838370066903,4.5939808015906],[73.5838445642168,4.59394484025497],[73.5838558811927,4.59392596550029],[73.583886075366,4.59392809841297],[73.5839291918047,4.59395399960133],[73.5839948748217,4.59400963172608],[73.58407450598,4.59410454542714],[73.5841433923893,4.59421377792042],[73.5841986441691,4.59434571220387],[73.5842512629869,4.59448926285859],[73.5842928936121,4.59463308300835],[73.5843123331549,4.59473183174594],[73.5843178542006,4.59480791270469],[73.5843094477662,4.59485277723914],[73.5842929394262,4.59485760717868],[73.5842604042433,4.59485740481189],[73.584229643233,4.59487271752878],[73.5842040628069,4.59488631102329],[73.5841904317708,4.59490341190948],[73.5841819058604,4.59492742191832],[73.5841801766035,4.59495664600386],[73.5841835389976,4.59499625436665],[73.5841784051258,4.59503576243932],[73.5841682263153,4.59507857105699],[73.5841546590595,4.59510926901057],[73.5841360244073,4.59514155903342],[73.5841089599644,4.59516850156021],[73.5840853252893,4.59518689275102],[73.5840314560167,4.59520464191966],[73.5839694614823,4.59523236525701],[73.5839194244226,4.5952602121623],[73.5838812244635,4.5952966256225],[73.5838547340441,4.59533405539116],[73.5838299621018,4.59537648432967],[73.5838167883082,4.59541545064765],[73.583806943671,4.59546961863453],[73.5838069939766,4.59551701718669],[73.5838136486962,4.59557122814639],[73.5838269024399,4.59561705521703],[73.5838434673738,4.59565279350693],[73.5838666501963,4.5956862627827],[73.5841091584921,4.59594595450961],[73.5842787137053,4.59610948270504],[73.584527552429,4.59634230790759],[73.584752114182,4.59652709163634],[73.5849762672016,4.59670677318075],[73.5850985566578,4.5967920490556],[73.5851978833788,4.59684578444729],[73.5853172874464,4.59688849983201],[73.585419847204,4.59690104205844],[73.585553065564,4.59690838812999],[73.5856855068813,4.5969035877534],[73.5858232141228,4.59688259718632],[73.5859355466525,4.59685468229209],[73.5860363528987,4.59679966465145],[73.5861669751275,4.59672835294321],[73.586265166378,4.59664348268868],[73.5863597841302,4.5965455794981],[73.5864274335593,4.5964551154946],[73.5864720977953,4.59637452444966],[73.5865126360691,4.59628740305109],[73.5865383000384,4.59619792487939],[73.586566158592,4.59608533125861],[73.5865790332467,4.59599139652268],[73.5865811685421,4.59585367092255],[73.5865532291401,4.59567477803433],[73.5865254011292,4.59550106693938],[73.5864912301141,4.59535923123214],[73.5864358840112,4.59515129501993],[73.5863680216814,4.59492776128557]]]},"properties":{"OBJECTID":1512,"FCODE":"LD1703","atoll":"Kaafu","islandName":"Fariiruhuraa","capital":"N","islandNa_1":"ފަރިިއިރުހުރާ","longitude":"73° 35' 3.423\" E","latitude":"4° 35' 40.865\" N","Area_ha":12.0771873909,"category":"Uninhabited Island","Sector":"Tourism","Usage":"Resort","PrimAgency":"MoT","Shape__Area":120771.8779296875,"Shape__Length":1957.6710510799951}},{"type":"Feature","id":1513,"geometry":{"type":"Polygon","coordinates":[[[73.5791104309913,4.5951156704242],[73.5790721133529,4.59507963751162],[73.5790600211309,4.59507363904018],[73.5789674254863,4.59503570065478],[73.5789513438461,4.59502972009154],[73.5789453143539,4.59502972635954],[73.5788830629013,4.5950138137093],[73.578877044189,4.59501182406837],[73.5788148951443,4.59499194556712],[73.5788088863134,4.59498996040328],[73.5788028774825,4.59498597843494],[73.5787688448079,4.59496010414693],[73.5787568397225,4.59492622562641],[73.5787488375299,4.59489434032728],[73.5787528368296,4.59486242458216],[73.5787608381238,4.59483248594109],[73.5787708417628,4.5947945547063],[73.5787708417628,4.59479056646889],[73.5787728423109,4.5947406938],[73.5787708399662,4.59470679556962],[73.5787668379716,4.5947008329122],[73.5787548328861,4.59465901730196],[73.578752832338,4.59465304479442],[73.5787508326882,4.59464906909223],[73.5787348327946,4.59461726078753],[73.5787288347435,4.59461131693338],[73.5786948640527,4.59458362670273],[73.5786489484636,4.59456998305841],[73.5786010898185,4.59456034824743],[73.5785572691006,4.59456064463426],[73.5785174719369,4.59456687860772],[73.5784816884459,4.59459096742558],[73.5784300559783,4.59463300868779],[73.5784042635499,4.59465897521683],[73.5783903827821,4.59468287599164],[73.5783884002003,4.59471068083325],[73.5783983184993,4.59483174810824],[73.5784340319217,4.59493888787473],[73.5784816983274,4.59501629941735],[73.578489646621,4.59502225311785],[73.5785513078804,4.59506395498745],[73.5785592705471,4.59506594015112],[73.5785712181404,4.59506792173305],[73.5786469640851,4.59509974165817],[73.5786589359329,4.59509973986731],[73.5786669201592,4.59510173040345],[73.5787448427218,4.59513561249733],[73.5787528431178,4.59513960162825],[73.5787588447622,4.59514159843225],[73.5788108931497,4.59518750970073],[73.5788189061221,4.59519150868106],[73.5788229135066,4.59519350817121],[73.578893102473,4.59524950284744],[73.5789011325133,4.59525550758535],[73.578907154819,4.59525951462415],[73.5789533605639,4.59532755637786],[73.5789593918527,4.59533357006942],[73.5789654213449,4.5953395828655],[73.5790036419653,4.59540369099866],[73.5790096804407,4.59540571197849],[73.5790137048931,4.59540972528441],[73.5790640590581,4.59544993624468],[73.5790761530767,4.59545198677349],[73.5790842181514,4.59545402028915],[73.5791245632874,4.59545618722347],[73.5791326373452,4.59545421728318],[73.5791770716124,4.59542232842594],[73.5791811140311,4.59541633174825],[73.5791972846046,4.59535424011906],[73.5791851528567,4.59527803385876],[73.5791811113362,4.59527201300329],[73.5791649434577,4.59519182118534],[73.5791104309913,4.5951156704242]]]},"properties":{"OBJECTID":1513,"FCODE":"LD1754","atoll":"Kaafu","islandName":" ","capital":"N","islandNa_1":" ","longitude":"73° 34' 43.593\" E","latitude":"4° 35' 41.983\" N","Area_ha":0.356432192739,"category":"Uninhabited Island","Sector":" ","Usage":" ","PrimAgency":" ","Shape__Area":3564.320068359375,"Shape__Length":301.142933941035}},{"type":"Feature","id":1514,"geometry":{"type":"Polygon","coordinates":[[[73.5777575079863,4.59527610242133],[73.577731678727,4.59527412352624],[73.5777058494676,4.59527610510763],[73.57768200818,4.59528798743229],[73.5776720737112,4.59531571345267],[73.5776641272142,4.59535136311036],[73.5776641272142,4.59539889419364],[73.5776681031577,4.59544246300741],[73.5776899591686,4.59549791593051],[73.5777197625747,4.59552762173253],[73.5777654598732,4.595539504053],[73.57781115807,4.59554742321208],[73.5778528821201,4.59555930553222],[73.5779542120841,4.59559495249142],[73.5780495808279,4.59563852039779],[73.5781211091824,4.59569199172544],[73.5781985116206,4.59574159390876],[73.5782775400094,4.59582149017402],[73.5783487916828,4.59587964009341],[73.5784102409398,4.59593382863985],[73.5784618500512,4.59597805735041],[73.5785155127113,4.59601441078038],[73.5785493369767,4.59602870447681],[73.5785831881915,4.59603504947031],[73.5786270376555,4.59602757444834],[73.5786629469107,4.59600406949723],[73.5786849071261,4.59597641155603],[73.5786889010358,4.59593460855659],[73.5786829083746,4.59588473954946],[73.5786489745147,4.5958326418212],[73.578613075141,4.59580047808482],[73.5786090884178,4.59579845352441],[73.5785612755868,4.59576821585003],[73.5785155073214,4.5957579121712],[73.5784777385536,4.59574768012644],[73.5784280940577,4.59570757484336],[73.5782498602205,4.59558342117938],[73.5780376565908,4.59543651378754],[73.577791284641,4.59528600495553],[73.5777575079863,4.59527610242133]]]},"properties":{"OBJECTID":1514,"FCODE":"LD1755","atoll":"Kaafu","islandName":" ","capital":"N","islandNa_1":" ","longitude":"73° 34' 41.430\" E","latitude":"4° 35' 44.346\" N","Area_ha":0.279914480956,"category":"Uninhabited Island","Sector":" ","Usage":" ","PrimAgency":" ","Shape__Area":2799.1474609375,"Shape__Length":300.196644048749}},{"type":"Feature","id":1515,"geometry":{"type":"MultiPolygon","coordinates":[[[[73.4807025688826,4.1243526891523],[73.4808979560502,4.12426981106879],[73.4812202455229,4.12416852667224],[73.481515596317,4.12412001961132],[73.4816933432674,4.12410069312439],[73.4818316487868,4.12411791493272],[73.4820409104339,4.124198743905],[73.4820493177667,4.12421474627005],[73.4820513389761,4.12422758400145],[73.4820151871757,4.12437546071038],[73.4820092439218,4.12438862457911],[73.4820159794898,4.12440010936451],[73.482027234482,4.12440335105223],[73.4820394740278,4.12438849197275],[73.4820770164201,4.12424407736791],[73.4820825563305,4.12422436919268],[73.4820961334677,4.12421117216963],[73.482114614508,4.1242044764432],[73.4821664266387,4.12417636836904],[73.4822213792795,4.12412260722809],[73.4822823479379,4.12404701440932],[73.4823130945751,4.12399142185743],[73.4823338618278,4.12392543492866],[73.4823609909494,4.1238431051462],[73.4823740317924,4.12375725859605],[73.4823809551083,4.1236724988721],[73.4824107962437,4.12350763854449],[73.4824155025175,4.12344268554795],[73.4824027859663,4.12342621994052],[73.482382344802,4.12342628982775],[73.4823610493399,4.12343687594911],[73.482323154808,4.1234400226658],[73.4822413721845,4.12341925899447],[73.4821554474293,4.12340451099936],[73.4820723838082,4.12338973970825],[73.4819662460608,4.12335665886054],[73.4818348413993,4.12328816221073],[73.4816982947812,4.12316723579088],[73.4815501338447,4.12295675600373],[73.4815318127045,4.1229086547526],[73.4815280020511,4.12286231322408],[73.4815313698351,4.12281628439358],[73.4815626886991,4.12274785937648],[73.481618635775,4.12266341672566],[73.4816664297414,4.12261194653105],[73.481687703644,4.12256761738086],[73.4816931671975,4.12251114217439],[73.4816917343846,4.12250976414019],[73.4816820631223,4.122460461338],[73.4816805279015,4.12245499937652],[73.4816644067354,4.12242227240641],[73.4816629856006,4.12242090781197],[73.4816305887582,4.12240041559927],[73.4816013450025,4.1223948613503],[73.4815810278057,4.12241918840505],[73.4815567400553,4.12245860215658],[73.481536386926,4.12248178413282],[73.4815350780806,4.12248314962316],[73.4815232903874,4.12249545426787],[73.4815178915125,4.12249818256048],[73.4815152666353,4.122500921605],[73.4814833252387,4.12252697343914],[73.4814806877851,4.12252972323542],[73.4814419946509,4.12259056908427],[73.4813716996832,4.12268974362363],[73.4813166042102,4.12274345647803],[73.4812421410597,4.12282210385287],[73.481151610642,4.12288583028902],[73.481094389755,4.12289317024378],[73.4809406529756,4.12292700105487],[73.4807645409591,4.12294344696082],[73.4805826590635,4.12294818585462],[73.480409780982,4.12291894520397],[73.4803144993748,4.12288522459939],[73.4802239653638,4.12280930552239],[73.480160317031,4.12274128728445],[73.4800798702024,4.12267239724164],[73.4799984585831,4.12261254505295],[73.4798779307231,4.12257255877084],[73.4797915316574,4.12255958034215],[73.4797489946321,4.12257786662107],[73.4797438957945,4.12260199655223],[73.4797536676682,4.12261482714173],[73.4797794331472,4.12262626804921],[73.4798346462995,4.12264191563353],[73.4798870755727,4.12263954484174],[73.4799276264229,4.12264259927454],[73.4799762701956,4.1226650160693],[73.4800157978647,4.12270543152632],[73.4800596221759,4.12275723950338],[73.4801191104106,4.12284618360111],[73.4801403115496,4.12289030128199],[73.4801553834835,4.12295620048963],[73.4801500735419,4.12300815628878],[73.4801385616315,4.12307219182668],[73.4801164612788,4.12313682767294],[73.4800941111946,4.12320358969873],[73.4800778498913,4.12325898697987],[73.4800702178047,4.12333001211621],[73.4800824798083,4.12339561113076],[73.4801166651964,4.12344322224593],[73.4801786076285,4.12349925835116],[73.4802232026941,4.12354050255637],[73.4802277158301,4.12354356594564],[73.4802750516557,4.12360198716854],[73.4803130629687,4.12367174444879],[73.4803284304482,4.12372803499896],[73.4803267820397,4.12378162951257],[73.4803011225619,4.12384846585131],[73.4802610810564,4.12391278893416],[73.4802365839987,4.12394383765478],[73.4802109927928,4.12394697988955],[73.4801784135924,4.12393125258784],[73.4801608398505,4.12393281967328],[73.4801537099221,4.12394697451359],[73.4801659404847,4.12395642809747],[73.4802728795294,4.12401809904324],[73.4802820917526,4.1240260375084],[73.4802863767165,4.12403716927922],[73.4802834760565,4.12406588394304],[73.4802902601335,4.1240930960319],[73.4802997831738,4.12413168001444],[73.4803237196829,4.12417367144176],[73.4803586973851,4.12422563970518],[73.4804039832552,4.12426805672231],[73.480433888171,4.12429261040493],[73.4804900310796,4.12431053735239],[73.4805320228276,4.12431533358134],[73.4805731000906,4.12431353801944],[73.480591011599,4.12431347350825],[73.4806001429739,4.12432333476274],[73.4806307027615,4.1244614057525],[73.4806399446292,4.12447144709891],[73.4806597659559,4.1244696631852],[73.4806656912436,4.12445283382761],[73.4806668833079,4.12443272067062],[73.4806601899608,4.12440769211823],[73.4806580187327,4.12438937810576],[73.4806654469018,4.12437438731566],[73.4807025688826,4.1243526891523]]],[[[73.4837744990322,4.12417177104885],[73.4840936785374,4.12415644963465],[73.4842379102428,4.12418298524866],[73.4843479071527,4.12421515573707],[73.4844243421053,4.1242639683244],[73.4844292657714,4.12428713680819],[73.4843757010276,4.1244465744498],[73.484374719169,4.12446008954497],[73.4843794101714,4.124470799299],[73.484392071027,4.12446829769831],[73.4844000444735,4.12445868015456],[73.4844517910271,4.12430454318618],[73.4844617120211,4.12428834280936],[73.4844796612588,4.12428250812901],[73.4845112891433,4.12428696746624],[73.4845562749761,4.12428676318076],[73.4846287294937,4.12427268898552],[73.4846865181159,4.12423602421835],[73.4846886965305,4.12423488183232],[73.4847370106214,4.12419748862429],[73.4847779010348,4.12415267124846],[73.4848007919049,4.12410613984276],[73.4848164189976,4.12407210838029],[73.4848206895884,4.12405028745811],[73.4848338966197,4.12403509058412],[73.4848811848346,4.12401679896277],[73.484958043792,4.12398372799704],[73.4849721904611,4.12397309977145],[73.4849714053336,4.12396137664672],[73.4849625775893,4.12395601952632],[73.4849530455658,4.12395597831081],[73.4848582319808,4.12398981355661],[73.4848216525824,4.12398646524447],[73.4848005709194,4.12397243136341],[73.4847864089789,4.12394670482079],[73.4847851800836,4.1239434998668],[73.4847802043152,4.12388515751605],[73.4847655932171,4.12373555593584],[73.4847510009836,4.12348131794554],[73.4847590462953,4.12341691598067],[73.484759994018,4.12341485251574],[73.4847869282051,4.1233727822012],[73.4847898513231,4.1233697214993],[73.4847918365998,4.12336870096663],[73.4848503097383,4.12332312912043],[73.4848551318948,4.1233191097089],[73.4848590422612,4.12331710448309],[73.4849877510784,4.12322215730379],[73.4849886152577,4.12322019956518],[73.4851427993982,4.12308037490664],[73.4851695907532,4.12306515382237],[73.4851908763339,4.12306526402917],[73.4852701903869,4.12309919428783],[73.4852865154706,4.12309733958787],[73.4852965855849,4.12308395797207],[73.4852979061084,4.12306867596048],[73.4852886750205,4.12305338946867],[73.4852642713875,4.12304184821644],[73.4852245236311,4.12303021915698],[73.485204988867,4.12301967066177],[73.4851840778838,4.12299308572949],[73.4851620233453,4.12295538334628],[73.4851508123705,4.12292639984519],[73.485134031841,4.12290121534304],[73.4851132690799,4.12286098805398],[73.4850943802044,4.12283166048902],[73.4850603870557,4.12279774634677],[73.4850258935454,4.12277517992533],[73.4850059329798,4.12276762672372],[73.4849926352187,4.12276290306071],[73.4849830789407,4.12275634172067],[73.4849800974323,4.12274796689536],[73.484983641286,4.12273594449169],[73.4850139827831,4.12262214290724],[73.4850155332752,4.12260589052864],[73.4850125194275,4.1225923207465],[73.4849995181104,4.12258856744057],[73.4849857514287,4.12259562516095],[73.4849766811392,4.12260908384018],[73.4849455958371,4.12271076715138],[73.4849306748203,4.12272173318238],[73.4849099803311,4.12272806962898],[73.484882527816,4.12272510927555],[73.4848531106853,4.12271380008015],[73.4848293834838,4.12268871323423],[73.4848095423941,4.12265370060109],[73.4847983017749,4.12261992443384],[73.4847872372256,4.12254654456983],[73.4847864898272,4.12248777562483],[73.4848033071877,4.12243516751017],[73.484825472219,4.12241870546585],[73.4848795921216,4.12239149690359],[73.4848832491631,4.12239060001648],[73.4849206325537,4.12238074948992],[73.4849224561337,4.12238075576186],[73.4849579701302,4.12238087761664],[73.4849597883203,4.12238088299258],[73.4850115672133,4.12238376808408],[73.4850160974173,4.12238378331592],[73.4850188139227,4.12238379137983],[73.485103191779,4.12236611616242],[73.48513657048,4.12234213316668],[73.4851563603657,4.1223182424573],[73.4851575784812,4.12230055111057],[73.4851464169138,4.12228459619453],[73.4851097458873,4.1222772831139],[73.4850347473409,4.12227673387124],[73.4849648368522,4.12228420106237],[73.4848971739483,4.12229173724476],[73.4848499890397,4.12229320487843],[73.4848008125662,4.12228751712601],[73.4847807927117,4.12227312840242],[73.4847563064337,4.12224895634971],[73.4847409416491,4.12223200509024],[73.4847329610161,4.12220632418686],[73.4847313754896,4.12217905468997],[73.484734362388,4.12214673359259],[73.4847393004271,4.12212146484252],[73.4847439510053,4.12210986623329],[73.4847574967015,4.12210631900314],[73.4847727887226,4.12210633961093],[73.4847881562021,4.12209480640886],[73.484787349515,4.12208327499861],[73.4847793634921,4.12207352123532],[73.4847569792719,4.12207081444503],[73.4847264715865,4.12206985483813],[73.484699687418,4.12205828489988],[73.4846667965022,4.12203788317301],[73.4846428779594,4.12202107078776],[73.4846261683968,4.12200519829732],[73.4846130404172,4.12199112495764],[73.4845962068871,4.12195069244044],[73.4845738756675,4.12191619676202],[73.4845481425279,4.12188538450397],[73.4845172314989,4.12185382050769],[73.4844829005837,4.12182933305312],[73.4844318762756,4.12180831577399],[73.484371169027,4.12178814431059],[73.4843145167736,4.12178703776069],[73.4842620443813,4.12178941930696],[73.484199825268,4.12181184150166],[73.4841596885411,4.12183187229377],[73.4841272566644,4.1218564618913],[73.4840875151963,4.12189901253766],[73.4840632597853,4.12193301452545],[73.4840521314555,4.1219564339548],[73.4840403239995,4.12197362892982],[73.4840384016047,4.12197544331281],[73.4840211485614,4.12198999869622],[73.4840182955121,4.12199182293508],[73.4839846724693,4.12200008935339],[73.483896043785,4.12202595125372],[73.4838823741214,4.12203611627772],[73.4838842012946,4.12205179523337],[73.4838912746292,4.12205824010032],[73.483915654906,4.12205629579875],[73.4839725946203,4.12205331035503],[73.4840313803725,4.12206506576359],[73.4840887378033,4.12208697185946],[73.4841272503762,4.12211920873608],[73.4841574328715,4.12215536557375],[73.4841961044461,4.12228621435471],[73.4842105763054,4.12242610814426],[73.4842035981922,4.12255908396319],[73.4841717071013,4.12266135415479],[73.4841080911079,4.12282206353327],[73.4840336010079,4.1229306549042],[73.4839388368302,4.12303526358296],[73.4838494499679,4.12311003935476],[73.4835425216864,4.12330946616756],[73.4833568893246,4.12340354422616],[73.4831219044192,4.12347743741327],[73.4829141788913,4.12349682215468],[73.4828010396745,4.12349658382138],[73.4827401590511,4.12348471195527],[73.4826985751382,4.123479413071],[73.4826656132555,4.12347965230029],[73.4826284616303,4.12346982777095],[73.4826075695118,4.1234688529339],[73.4825864474245,4.12347461146109],[73.4825760027127,4.12349043195476],[73.4825754888763,4.12350623273637],[73.4825827032464,4.12352315260899],[73.4826039699624,4.12355366195897],[73.4826136870388,4.12357792715495],[73.4825954180009,4.12375591461164],[73.4825554375809,4.12383384330273],[73.4825371209322,4.12390414532418],[73.4825350970279,4.12397210074335],[73.4825431558143,4.12406783899156],[73.482559811478,4.12415319988203],[73.4825932862987,4.12423067964364],[73.4826384490996,4.12428894760192],[73.4826841113639,4.1243334146384],[73.4827273877027,4.12436677678595],[73.4827569054446,4.12440312615901],[73.4827781074819,4.12444527974593],[73.4828048440397,4.1244903506701],[73.4828289485338,4.12453273989744],[73.4828424816535,4.12454969648376],[73.4828593053021,4.12453532661686],[73.4828569589026,4.12450978108224],[73.4828492432727,4.12447583654796],[73.4828386467456,4.12445047110514],[73.4828473855567,4.12442219190578],[73.4828862376927,4.12439938988541],[73.4832150579176,4.12427980941016],[73.4832964389941,4.1242515741082],[73.4834152070545,4.12420944649465],[73.4835737552105,4.12418381135062],[73.4837744990322,4.12417177104885]]]]},"properties":{"OBJECTID":1515,"FCODE":"LD1756","atoll":"Kaafu","islandName":" ","capital":"N","islandNa_1":" ","longitude":"73° 28' 57.437\" E","latitude":"4° 7' 23.917\" N","Area_ha":7.26130533718,"category":"Uninhabited Island","Sector":" ","Usage":" ","PrimAgency":" ","Shape__Area":72613.05712890625,"Shape__Length":2342.8288909819225}},{"type":"Feature","id":1516,"geometry":{"type":"Polygon","coordinates":[[[73.3867592726505,4.0842061671331],[73.3867572092203,4.08417532833134],[73.3867736861192,4.08411982260691],[73.386804588165,4.08403964368252],[73.3868540556927,4.08395945220562],[73.3869158993102,4.08386897335043],[73.3869777546057,4.08380727869513],[73.3870437367616,4.08376615250643],[73.387128277213,4.08372708450692],[73.3872313642817,4.08371064854581],[73.3873344396724,4.08369832627895],[73.3873736017272,4.08370655814819],[73.3873715338054,4.08373123404269],[73.3873735900491,4.08375796543952],[73.3873900705413,4.08378675413054],[73.3874127359343,4.08380525903357],[73.3874436451666,4.08381143002256],[73.3874931064061,4.08379087588896],[73.387608508479,4.08374154829578],[73.387756876028,4.08366344902984],[73.3879196714188,4.08355863089817],[73.3880350716951,4.08347025319941],[73.3881443086303,4.08334897936126],[73.3882206169204,4.08321739751735],[73.3882516105943,4.08311045393195],[73.3882598876714,4.08306931426704],[73.3882537449914,4.08303639213959],[73.3882393405059,4.08302609131798],[73.3882249414102,4.08301167679814],[73.3881680367302,4.0829676966961],[73.3881206604804,4.08291630458676],[73.3880547268335,4.08284845051032],[73.3879599213334,4.08274766622451],[73.3878898239951,4.08267153903641],[73.3878032039438,4.08261390960327],[73.3877186230683,4.08257684597973],[73.3876443377842,4.08252125054119],[73.3875720970656,4.08245534351745],[73.3874936337172,4.08236881601157],[73.3874295991088,4.08228432697851],[73.3873490130412,4.08218331234059],[73.3872293053431,4.08204643293851],[73.3871033300993,4.08194357243548],[73.3869256199799,4.08177682271426],[73.3867994731578,4.08159344251393],[73.3866897960481,4.08141819112019],[73.3865676072031,4.08118711208361],[73.3864908650267,4.08092490194563],[73.3864451686266,4.0807059156944],[73.3864263830573,4.08048270097956],[73.3864158359376,4.0802302386135],[73.3864219453798,4.08000713845941],[73.386469519259,4.07977568268049],[73.3865585692531,4.07952969307935],[73.3866393547466,4.07929810275694],[73.3867367518863,4.07907887502753],[73.3868614632006,4.07893074621208],[73.386967185028,4.07882531367528],[73.3870355926352,4.07875916262535],[73.3870646127105,4.07873435665226],[73.3872179712992,4.07887711822479],[73.3873546724275,4.07898671554777],[73.3874706080998,4.07906526239242],[73.3875782244742,4.07912105340685],[73.3875968528383,4.07911898982753],[73.3876010048515,4.07909213910301],[73.387590660751,4.0790818086615],[73.3874871838134,4.07902807674368],[73.3873546832073,4.07894331406703],[73.3872034733888,4.07880681403375],[73.3870729032623,4.07869299185708],[73.3869277471905,4.07850671315825],[73.3868343870796,4.07836798818226],[73.3867825057787,4.07829756566932],[73.3867202390548,4.07823539478842],[73.386643433098,4.07818975764561],[73.3865583087417,4.07816687455828],[73.3864856323402,4.07816471330808],[73.3864046447258,4.07818946105612],[73.3863319449682,4.07822249538738],[73.386280023243,4.07826385303842],[73.386248884042,4.07830731638267],[73.3862219166172,4.07836736095392],[73.3861783294613,4.07845016046682],[73.3861077434395,4.07856606955568],[73.3860371385531,4.07865713322657],[73.3859416467401,4.07876063033895],[73.3857920997032,4.07890551372928],[73.3856757094834,4.07898416183435],[73.3854886182575,4.07909775995987],[73.3853081574967,4.07917636772436],[73.3850799045662,4.07924462174468],[73.3848743745208,4.07927975366094],[73.3846791185072,4.07929832318267],[73.3845939213874,4.0792899882237],[73.3844795928012,4.07927748847314],[73.3844172110929,4.07926915978622],[73.3843444179105,4.0792794964976],[73.3842591300608,4.07930643323567],[73.384177990631,4.07934997806308],[73.384109327004,4.07939975842594],[73.384061477342,4.07946407433472],[73.3840219595544,4.07953669204143],[73.3839845285531,4.07961552914896],[73.3839492014063,4.07972962269476],[73.3839097150596,4.07984162755781],[73.3838931141932,4.07992872432059],[73.3838848299296,4.07999714494021],[73.383884876642,4.0800738422624],[73.3838870011577,4.08014223330034],[73.3839016149507,4.08022261870283],[73.3839162260488,4.08030148620836],[73.3839433219327,4.08039486683739],[73.3839995331133,4.08050897819322],[73.3840640285575,4.08061060593178],[73.3841201750594,4.08068939185975],[73.3841513555829,4.08072048706225],[73.3841700585071,4.08072671004518],[73.3841825226316,4.08072049960677],[73.3841804403368,4.08070599454574],[73.3841596560161,4.08068526381313],[73.3841139209883,4.08063343160305],[73.3840702448992,4.08056500386934],[73.384028634037,4.08049240955261],[73.3839974103943,4.08042187701317],[73.3839786697408,4.08037623013813],[73.3839724093816,4.08033681072661],[73.383982793008,4.08030570296471],[73.3840056578269,4.08027668117891],[73.3840513892614,4.08022071730931],[73.3841220740978,4.08016893345534],[73.384126231501,4.0801668627104],[73.3841885997345,4.08013997080314],[73.3841969154391,4.08013583289729],[73.3842717477972,4.08012348369441],[73.3843798133293,4.08013607124353],[73.3845252200311,4.08019431822498],[73.3846829767714,4.0803167842706],[73.3848385155712,4.08049093198574],[73.3849793750011,4.0807208006755],[73.3850766346985,4.08090908777729],[73.3851468901403,4.08111378038428],[73.3852217988552,4.08136350059891],[73.3852588992764,4.08157018318807],[73.3852711927211,4.08171684828872],[73.3852649000225,4.08182009859677],[73.3852255160838,4.08191714383859],[73.3851654592155,4.08199973868924],[73.3851261237859,4.08203691075983],[73.3850702368971,4.08206790376202],[73.3850371205041,4.08207824402152],[73.3850164269133,4.08207619299432],[73.3848487869082,4.08192761850551],[73.3848280762493,4.08192556120566],[73.3848218590092,4.08194002233889],[73.3848363515297,4.08196066881166],[73.3849791629986,4.08209685828038],[73.3850660130186,4.08222060895172],[73.3851300682883,4.0823484482165],[73.3851692977167,4.08245151744403],[73.3851981587902,4.08258103136291],[73.3852146285026,4.08268005943969],[73.3852145916717,4.08273575253512],[73.385220761301,4.0827790633113],[73.3852310757571,4.08280380643698],[73.3852476119449,4.08279967840128],[73.3852538273883,4.08277905435097],[73.3852580512668,4.08265530018154],[73.3852312706915,4.08253151015163],[73.3852292306175,4.08249230051833],[73.3852334113769,4.08242831996951],[73.3852665187867,4.08239117390208],[73.3853016824401,4.08236641284292],[73.38537609798,4.08236643524384],[73.3854504847737,4.08238090084929],[73.3855640713515,4.08242632270536],[73.3857496956285,4.08258102598667],[73.3858736290018,4.0827253047598],[73.3859561850747,4.08287156374537],[73.3860201136819,4.08303629447173],[73.3860633819358,4.08318243064381],[73.3861004643908,4.08329353182195],[73.3861313179275,4.08343947798784],[73.3861538836075,4.08362270185643],[73.3861537829962,4.08376469555439],[73.3861124389335,4.08391076797544],[73.3860525626266,4.08403213222814],[73.3860092198125,4.08410412498595],[73.3859514554447,4.08415555734075],[73.3859081413767,4.08418437827472],[73.3858668934338,4.08419675340015],[73.3858318330865,4.08419678028116],[73.3855120103875,4.08397686304686],[73.3854954930644,4.08397275472993],[73.3854789757413,4.08398099555669],[73.3854810427647,4.08400157387839],[73.3855058200969,4.08402419694952],[73.3857761393356,4.08420299517281],[73.3860132792992,4.08435093305644],[73.3862729975192,4.0844700410298],[73.3864172265296,4.08453984025805],[73.38648107878,4.08456505643516],[73.386530586732,4.0845650698757],[73.3865594621785,4.0845527386616],[73.3865780249655,4.08455274493384],[73.3867118604681,4.08445083096359],[73.386734542929,4.0844240960057],[73.3867695942931,4.08437474425854],[73.3867902124255,4.0843233414869],[73.386808768026,4.08427605329961],[73.3868046420639,4.0842369942852],[73.3867840203383,4.08421644105854],[73.3867592726505,4.0842061671331]]]},"properties":{"OBJECTID":1516,"FCODE":"LD1758","atoll":"Kaafu","islandName":" ","capital":"N","islandNa_1":" ","longitude":"73° 23' 9.943\" E","latitude":"4° 4' 52.868\" N","Area_ha":12.9954618451,"category":"Uninhabited Island","Sector":" ","Usage":" ","PrimAgency":" ","Shape__Area":129954.62280273438,"Shape__Length":2620.8217722922141}},{"type":"Feature","id":1517,"geometry":{"type":"Polygon","coordinates":[[[73.3898319555882,4.09187270107992],[73.3899094460613,4.09178604735463],[73.3900010257112,4.09169705409714],[73.3900761679881,4.09163616467531],[73.3901677476381,4.09155888156181],[73.3903039412183,4.09147691580981],[73.3904143037425,4.09141837037504],[73.3905246671651,4.09137621862704],[73.3906538134619,4.09134109530477],[73.390862795733,4.09131065998918],[73.3909872456375,4.09130364052121],[73.3910905635733,4.09129193662902],[73.3911891851167,4.09128725847699],[73.3912565372035,4.09127406001305],[73.3913175894051,4.09124361663068],[73.3913739443162,4.09119911997305],[73.3914232573337,4.09113120208362],[73.3914537856803,4.09107265214342],[73.3914843203151,4.09091104930435],[73.3915125031605,4.09080097334006],[73.3915148549499,4.09074242068766],[73.3915219022334,4.09069323688641],[73.3915641823405,4.0904285828062],[73.3915641832388,4.09041453131041],[73.3915594877448,4.09039813580759],[73.3915407030739,4.090402819341],[73.3915289620931,4.09041687083699],[73.3914678946202,4.09073070782696],[73.39143032438,4.09073773178008],[73.3913645793793,4.09073304466454],[73.391254222245,4.09069088033612],[73.391164998876,4.09062529655341],[73.3910757764054,4.09055034480436],[73.3910076877001,4.0904496313766],[73.3909560372662,4.09034891883221],[73.3909114296241,4.09025054849034],[73.3908644746842,4.09014281017061],[73.3908104769525,4.08999759638312],[73.3907752638917,4.08986175322658],[73.3907752701799,4.08975401664664],[73.3907987557347,4.08966033424956],[73.3908363304664,4.08957602071007],[73.3908645097185,4.08952917995051],[73.3909537348841,4.08955963235833],[73.3910312199673,4.08957837278349],[73.3910969658663,4.08958306169783],[73.3911227951256,4.08957369462147],[73.391122796024,4.08955027424197],[73.3911059840534,4.08953476130906],[73.3910525414805,4.08953066198088],[73.390951816981,4.08950810805922],[73.390859308473,4.08948145122441],[73.39075651695,4.0894281312799],[73.3906701645967,4.08936865382604],[73.3906105389197,4.0893091736797],[73.3905303472126,4.08922712884705],[73.3904871660952,4.08915533636351],[73.3904851098515,4.08915328445839],[73.3904522090543,4.08909790004238],[73.3904151957696,4.08900149005752],[73.3904008029621,4.08895431146155],[73.3903884646017,4.08893174587534],[73.3903740690993,4.08892764116791],[73.3903555584145,4.08893789352816],[73.3903637833893,4.08896045732217],[73.3904213600091,4.0891143054281],[73.3904501492173,4.08916558872087],[73.3904480902787,4.08920250777938],[73.3904192974772,4.08922096596399],[73.3903719957876,4.08924147426098],[73.3903082378603,4.08926198166146],[73.3901436898565,4.08927427875403],[73.3899359194127,4.08921887463376],[73.3897054781861,4.08908959654618],[73.3895531957792,4.08897467102464],[73.3893979489318,4.08884053373353],[73.3892416205128,4.08866203312973],[73.3891079080794,4.08847325144722],[73.3890276831346,4.08828650818711],[73.3889886046231,4.08814080124705],[73.3889762743475,4.08797663427562],[73.3889865726339,4.08783710630153],[73.3890112664228,4.08775503891749],[73.3890688735853,4.0876093874347],[73.3891161860547,4.0875396547798],[73.3891449815511,4.08751094597017],[73.3891634931342,4.087496592461],[73.3892580965134,4.08752533173615],[73.3892745482595,4.08752533621632],[73.3892868884166,4.08751508383797],[73.3892868875182,4.0875007276408],[73.3892724920158,4.08749252000329],[73.3890256933662,4.08742271744787],[73.3889537032777,4.08741244087538],[73.3888261694568,4.0873836872597],[73.3887479971625,4.08737750912992],[73.3885854461135,4.0873876987879],[73.3884619502198,4.08741430999478],[73.3883631256571,4.08744503577221],[73.3882704671305,4.08746551096152],[73.3882066310497,4.08746958521143],[73.3881222001928,4.08746133725225],[73.3880336532553,4.08743051112004],[73.3879512849303,4.08739353015381],[73.3878936382418,4.0873483505072],[73.387823636125,4.08729290145229],[73.3877655609402,4.08722318489842],[73.3877038053577,4.08717391127814],[73.3876358621795,4.08714106368967],[73.3875658429946,4.08713079876198],[73.3875019988291,4.08711847923575],[73.387444316208,4.08712258753656],[73.3872009176818,4.08723431180632],[73.3871576557161,4.08728154336931],[73.3871185062377,4.08734315801065],[73.3870978952918,4.08739040211165],[73.3870731485023,4.08747668535567],[73.3870690117605,4.08752804849993],[73.3870751724067,4.08759379919769],[73.3870916412208,4.08765749529302],[73.3871184155078,4.08771091571068],[73.3871678533912,4.08776638534538],[73.3872214100501,4.08780541372286],[73.3872646657276,4.08783827830868],[73.3873120401808,4.08786703101205],[73.3873491109576,4.08791222317386],[73.3873705555401,4.08797097853575],[73.3873808457417,4.08801822797594],[73.3873746527561,4.08806752752918],[73.3873478533162,4.08812298997094],[73.3873148716706,4.08816407292683],[73.3872736479822,4.08819488648641],[73.3872303617619,4.08821953805001],[73.387189130887,4.08824624689654],[73.3871417043316,4.08829967265114],[73.3871107735397,4.08835104828705],[73.3870901446275,4.08841886784889],[73.3870777613513,4.08849080197101],[73.3870777487749,4.08856068059594],[73.3870921676335,4.08863466929988],[73.3871272019296,4.08870864993276],[73.3871622407173,4.08875796646807],[73.3872075849779,4.08879288919312],[73.3872694187138,4.08881547270383],[73.3873477365352,4.0888359926596],[73.3874054389192,4.08883596846681],[73.3874651975468,4.08882361402168],[73.3875270142148,4.08879276822921],[73.3875661609982,4.08876398867819],[73.3875950050037,4.08873110620975],[73.387640781354,4.08876689091571],[73.3877273142686,4.08887374952017],[73.3877293750039,4.08887785870807],[73.3878055943608,4.08907508536426],[73.3878673975541,4.08928666544929],[73.3879188925794,4.08950437789446],[73.3879662544561,4.08970974660131],[73.3879744776342,4.08979806268259],[73.3879518068514,4.08987612282191],[73.3879270798249,4.08992132203864],[73.3878920509187,4.08996652931708],[73.3878570220125,4.08999325064974],[73.3878240538416,4.09000969992249],[73.3876571585399,4.08993786091564],[73.3876365484923,4.08993375979746],[73.3876200572203,4.08994814820804],[73.3876262349345,4.08996663952849],[73.3876489048191,4.08997690262779],[73.3878261055937,4.0900487335669],[73.3879435216895,4.09012673992015],[73.3880239864845,4.09019494103937],[73.3881022531019,4.09028735907959],[73.3881784562892,4.09039208672897],[73.3882361209439,4.09049269532878],[73.3882752470661,4.09058919473693],[73.3882896614331,4.09061999028269],[73.3883020159632,4.09063230437897],[73.3883184910656,4.09062819071998],[73.3883246696781,4.0905932806193],[73.3882979034759,4.09052963672684],[73.3882608380889,4.09045367245834],[73.3882340664968,4.09040234086252],[73.3881977835425,4.0903315045452],[73.3882024808331,4.0902893473639],[73.3882306609836,4.0902378231117],[73.3883151960451,4.09018396022496],[73.3884631270128,4.09015586349674],[73.3886016642976,4.09016758353401],[73.3887190660204,4.09020506614754],[73.3888247258641,4.09027533529081],[73.3889632532675,4.09041821129343],[73.3890665604234,4.09058684893864],[73.389146382923,4.090776562887],[73.3892215090302,4.09097330342953],[73.389275504067,4.09116067328184],[73.3892707950982,4.09136911851733],[73.3892308703738,4.09149793030367],[73.3892026884267,4.09157756011445],[73.389151024518,4.09167592491723],[73.3890852741275,4.09175789423295],[73.3890500502869,4.0917906815985],[73.3890101318506,4.09182112675213],[73.3889772580028,4.09183283511675],[73.3889326440725,4.09184688569163],[73.3887401171408,4.09158455897142],[73.3887213324699,4.0915798745489],[73.388707243293,4.09159392602426],[73.3887166342809,4.09162203166233],[73.3888856810478,4.09185859315983],[73.3889021157259,4.09188669968462],[73.3889326377843,4.09194525314941],[73.3890124656737,4.09205299481082],[73.3891204701203,4.09217244750547],[73.3892143889832,4.09222866411617],[73.3893130078318,4.09225209158556],[73.3894304113512,4.09224741254311],[73.3895008545408,4.09223804908197],[73.3895642540403,4.0922076048402],[73.3896065215711,4.09217950191077],[73.3896440927095,4.09214437235155],[73.3897004503155,4.09207411322851],[73.3897521142241,4.09198043199876],[73.3898319555882,4.09187270107992]]]},"properties":{"OBJECTID":1517,"FCODE":"LD1722","atoll":"Kaafu","islandName":" ","capital":"N","islandNa_1":" ","longitude":"73° 23' 21.253\" E","latitude":"4° 5' 22.734\" N","Area_ha":11.9850859288,"category":"Uninhabited Island","Sector":" ","Usage":" ","PrimAgency":" ","Shape__Area":119850.86254882813,"Shape__Length":2350.4117541424093}},{"type":"Feature","id":1518,"geometry":{"type":"Polygon","coordinates":[[[73.3892938970724,4.08686825634661],[73.3893247658805,4.08676160625007],[73.3893432990231,4.08666725596003],[73.3893494947037,4.08658931020029],[73.3893433610069,4.08650315140911],[73.3893228713336,4.08632652836718],[73.3892818147318,4.08616654370066],[73.389228417973,4.08599012487992],[73.3891811674874,4.08586497339564],[73.3891503480866,4.08578495145128],[73.389127749169,4.08571313357062],[73.3891215930144,4.08566593686052],[73.389119554737,4.08560437674828],[73.3891277949831,4.08554897327042],[73.3891422057569,4.08548741314921],[73.3891442808652,4.08541353526289],[73.3891380483538,4.0853396304888],[73.3891318957924,4.08523704280184],[73.3891380851847,4.08512624116779],[73.389144274577,4.08501543414224],[73.3891545755584,4.08492103974119],[73.3891586961306,4.08488410077278],[73.3891628158045,4.08484716269875],[73.3891895640404,4.08479175468843],[73.3892286560266,4.08471172367669],[73.3892533426289,4.08467273457413],[73.3892677453179,4.08463785019911],[73.3892718622968,4.0846173292399],[73.3892595248347,4.08459475188318],[73.3892451311289,4.08456601698316],[73.3892266222408,4.08454343783296],[73.3892039990687,4.08453932951891],[73.3891813705066,4.08454958551942],[73.3891278848146,4.08457830877158],[73.3890785134066,4.08459471872994],[73.3890270821617,4.08459881270717],[73.3889879964637,4.08457622818166],[73.3889674250437,4.08455364634362],[73.3891340975632,4.08426017468282],[73.3891320431161,4.08424375306918],[73.3891155868784,4.08423758925177],[73.3890970717021,4.08424168681495],[73.3889612626008,4.08446743446783],[73.3889448045665,4.08444074610425],[73.3889160036802,4.08440994763303],[73.3888727956133,4.08438324851515],[73.3888069508996,4.08436064785496],[73.388722503873,4.084351424979],[73.3886710690348,4.08431653700586],[73.3886134744486,4.08427139571542],[73.3885538137374,4.08423035556976],[73.3885250146477,4.08417698689028],[73.3884982915646,4.0841113066991],[73.3884571702842,4.0840209819789],[73.3883872283545,4.08389571997525],[73.3883193175156,4.0837724650692],[73.3882802093597,4.08369027092841],[73.3882596262616,4.08362656018149],[73.3883420197395,4.08358342507383],[73.3884079291319,4.08355056210572],[73.3884594169707,4.08353208407788],[73.388508837786,4.08352388087994],[73.3885500165587,4.08351773139356],[73.3885829595768,4.08351157832297],[73.3886076695353,4.08350131245281],[73.3886138535377,4.08348487379896],[73.388609742847,4.08347254256829],[73.3885870981153,4.08347047810414],[73.3884388356692,4.08350330433809],[73.3883111347617,4.08355053074451],[73.3881648683722,4.08363886900894],[73.3879691443364,4.08379914270258],[73.3878269967225,4.08394913616327],[73.3877054780207,4.0841299289751],[73.3876972485544,4.08416279460756],[73.387707553129,4.08418744271096],[73.3877240381128,4.0842100371038],[73.3877405212999,4.08422441307264],[73.3877528839149,4.08425111667598],[73.3877467044041,4.08430863757142],[73.3877137398264,4.08440314315273],[73.3876684126338,4.0844935475769],[73.3875550892624,4.08461069231963],[73.3874211360805,4.08468061160416],[73.3872892148877,4.08470945312802],[73.3871840616938,4.0847095248107],[73.3871407584056,4.08470749887915],[73.3871303406432,4.08468695552087],[73.3871220977022,4.08466846676682],[73.387107674352,4.08465203799324],[73.3870829437322,4.0846438339107],[73.3870231770197,4.08464592525287],[73.3869716478584,4.08465828782671],[73.3869201160021,4.0846850371133],[73.3867595205855,4.08483240951104],[73.3867430266186,4.08485090990979],[73.38672653355,4.08488585789391],[73.3867059190108,4.08493519706517],[73.3866956153345,4.08498659083729],[73.3866853125565,4.08504209470968],[73.3866688230812,4.08509554307856],[73.3866337780053,4.08514899323596],[73.3866111000359,4.0851798320003],[73.3865698637712,4.08521273074297],[73.3865265622795,4.08523740838324],[73.3864708873932,4.08526620150132],[73.3864234545495,4.08528266072741],[73.3863553990819,4.08532996408792],[73.3862852792858,4.08539371681312],[73.3862172202249,4.08546158501084],[73.3861574166815,4.08555001087603],[73.3861141178848,4.08563431677466],[73.3860811317476,4.08570422521754],[73.3860790799955,4.08572889209029],[73.3860935222103,4.08573093952403],[73.3861079608319,4.08572682046369],[73.3861306379029,4.08567747417285],[73.3861945575269,4.08556643783916],[73.3862172408861,4.08553970381447],[73.3862523066233,4.08552324100953],[73.3862956260812,4.08552527589933],[73.3863554493876,4.08555196960303],[73.386409081505,4.08558893631765],[73.3865019062199,4.08571691930701],[73.3865720323043,4.08585055534271],[73.3866215393578,4.08604170406304],[73.386654547953,4.08623897532246],[73.3866545766991,4.08639923147207],[73.3866236926196,4.08653893083835],[73.3865495277097,4.08665398842564],[73.3864918414955,4.08672795759286],[73.386444449076,4.08676700483752],[73.3864238408251,4.08677523129911],[73.3863887975459,4.08676292341582],[73.3861990859343,4.08662125013167],[73.3861867143361,4.08662125461183],[73.3861722846977,4.08663153298648],[73.3861784785816,4.08665002259136],[73.3864094273563,4.08682658732005],[73.3865887373753,4.08691274876455],[73.3867823782179,4.08697840632555],[73.3869121362674,4.08702148838485],[73.3870480603531,4.08703784094725],[73.3871036579843,4.08703986060069],[73.3873393498637,4.08696652406005],[73.387370259096,4.08695215351655],[73.3874361918446,4.08692136499806],[73.3874876823784,4.08689468030029],[73.3875638747858,4.08685978885364],[73.3876153527432,4.08683310773791],[73.3876585895561,4.08680847853244],[73.3877141826958,4.08679206503526],[73.3877697740389,4.08679002477245],[73.387827419829,4.08678798450968],[73.3879015308399,4.08680647500698],[73.3879776945013,4.0868393324655],[73.3880270928587,4.08688244410129],[73.3880703108071,4.08692144384879],[73.3881114581387,4.08697685798418],[73.3881546617139,4.08703432313029],[73.3881958126388,4.08706921277729],[73.3882822224842,4.08713283275169],[73.3883768582028,4.08718823970421],[73.3884735429785,4.08722927611442],[73.3885661053854,4.08725389186652],[73.3886977310324,4.08726414066405],[73.3888087834628,4.08726413528788],[73.3889383277133,4.08723130203956],[73.3890370103422,4.08719026742155],[73.3891356732082,4.08711846937942],[73.3892137583659,4.08703027127896],[73.3892651150507,4.086944136728],[73.3892938970724,4.08686825634661]]]},"properties":{"OBJECTID":1518,"FCODE":"LD1757","atoll":"Kaafu","islandName":" ","capital":"N","islandNa_1":" ","longitude":"73° 23' 16.216\" E","latitude":"4° 5' 7.892\" N","Area_ha":8.91770392699,"category":"Uninhabited Island","Sector":" ","Usage":" ","PrimAgency":" ","Shape__Area":89177.03857421875,"Shape__Length":1608.5376232674764}},{"type":"Feature","id":1519,"geometry":{"type":"Polygon","coordinates":[[[73.3812830043379,4.06424647586795],[73.381397489231,4.06420480029278],[73.3815098217607,4.06415069731058],[73.3816636393885,4.06404056839821],[73.3818193839025,4.06391602192068],[73.3820370627639,4.06367349342035],[73.382163303909,4.06349754099159],[73.3822768608424,4.06325354999988],[73.3823427711331,4.06307830536496],[73.382392466833,4.06289207144028],[73.382417298064,4.06274318964598],[73.382415209481,4.06259230244633],[73.3824151834299,4.06239186678213],[73.3823861876091,4.06223689886665],[73.3823406277529,4.06211290677085],[73.3823033521602,4.06205295148938],[73.3822805699862,4.06202605897696],[73.3822660711776,4.06201983495343],[73.3822557153989,4.06202807510898],[73.3822640014591,4.06204667997491],[73.3822950705915,4.06207152230452],[73.3823137106337,4.0621087311379],[73.3823282085441,4.06214180107516],[73.3823364955026,4.06217899198413],[73.3823344284791,4.06220997499833],[73.3823220047787,4.06223888363607],[73.3822909383412,4.06226157631562],[73.3822391432786,4.06228011845207],[73.3821417155961,4.06229448406004],[73.3820172459287,4.06228194193091],[73.3819113704893,4.06224871787733],[73.3818075063778,4.0621968450535],[73.381709863998,4.06211600086111],[73.3816496418397,4.06202278567463],[73.3815935851693,4.06192129806273],[73.381564570484,4.06182401564246],[73.3815624971723,4.06181780685032],[73.3815480675339,4.06170611399645],[73.3815510220928,4.06162967657361],[73.3815593827132,4.0615613726728],[73.3815698265267,4.06148274705951],[73.3816051563685,4.06144967261493],[73.3816716236147,4.06138769039787],[73.3817172939637,4.06134639370815],[73.381731828705,4.06131541066078],[73.3817463643446,4.0612699723803],[73.3817401489012,4.06125343560186],[73.3817069714228,4.06123479308314],[73.3816696401345,4.06121407439394],[73.3816343776664,4.06118922397341],[73.3816032429569,4.06119537273438],[73.3815824622295,4.06122840776276],[73.3815575133191,4.06127591773514],[73.3815242451109,4.06132343397714],[73.3815346215507,4.06133585425712],[73.3815159015585,4.06136478980795],[73.3814909454616,4.06139372625382],[73.3814431128677,4.06142472094699],[73.3813786515595,4.06142673797655],[73.38137033316,4.06142466180707],[73.3812913308223,4.06137698069608],[73.3812830115245,4.06137283104504],[73.3812393875376,4.06132725208646],[73.3811116021885,4.06124249919523],[73.3809420532635,4.06114061005044],[73.3808338035767,4.06109697284015],[73.3806964511698,4.06104575496194],[73.3806299812287,4.06104369940085],[73.3804532978837,4.06102299504373],[73.3802868095188,4.061025127666],[73.3801367432556,4.06104596015964],[73.3799754246952,4.06105164655483],[73.379818941766,4.06101658732017],[73.3796187818493,4.06092749925855],[73.3794828847131,4.06084005187298],[73.3793909367539,4.06073801303532],[73.3793262580535,4.06062141768649],[73.3793118131437,4.06054443714836],[73.3793183088615,4.0604841591686],[73.3793456931047,4.06043848696957],[73.3793834888219,4.06040531929189],[73.3794274676433,4.06039709614491],[73.3794735278611,4.06038680399419],[73.3795007495092,4.06037647958512],[73.3795153848618,4.06038066508373],[73.3795195269936,4.06039936317794],[73.3795278391049,4.06042430143669],[73.3795445720237,4.06042641345116],[73.3795550589563,4.06041397702814],[73.3795482290652,4.06037596793459],[73.379533626052,4.06036141143155],[73.3794940256193,4.06031567112498],[73.3794668749382,4.06031149817089],[73.379441815535,4.06030524635622],[73.3794126238815,4.06027613155528],[73.3793646412689,4.06023868966163],[73.3793145386323,4.06020955066461],[73.379287393341,4.0601949780295],[73.3792644809114,4.06016170729486],[73.3792394304914,4.06014505579794],[73.3791976300846,4.06013253872509],[73.3791620846471,4.06012418116621],[73.3791285667072,4.06013452887608],[73.3790929529978,4.06014279862088],[73.3790154427618,4.06014477891518],[73.3789210927075,4.06014881477282],[73.3787769418505,4.06015487393562],[73.3786244025253,4.06015676193562],[73.3784654276695,4.06013572332507],[73.378306319863,4.06008756632966],[73.3782058028743,4.06002904190694],[73.3781199544759,4.05995802011779],[73.3780530326822,4.05987455203432],[73.3779882803199,4.0597744593195],[73.3779486673107,4.05969110860111],[73.3779215956814,4.05962654290413],[73.3779154512048,4.05957869501952],[73.3779114519051,4.05951632018384],[73.3779163450285,4.059467471392],[73.377925677626,4.05940384833395],[73.3779321041736,4.05939295043289],[73.377941271481,4.05938115109375],[73.3779394757488,4.0593702549845],[73.3779468185779,4.05935664560053],[73.3779614692019,4.05934032473372],[73.3779806670978,4.05932673864684],[73.3779989181694,4.05932403881302],[73.3780162385864,4.05932677807355],[73.3780326337387,4.05933404871789],[73.3780353655154,4.05933586503484],[73.3780471945311,4.05934584984985],[73.3780544628001,4.05935855241969],[73.3780617418488,4.05936581231098],[73.3780735879325,4.05936582127158],[73.3780790739439,4.0593549457716],[73.3780699919764,4.05933861952839],[73.3780545319704,4.05932228880456],[73.3780335922411,4.05931138731817],[73.3780162781123,4.05930864805757],[73.3779825391869,4.05930769912828],[73.377956055954,4.05931673501427],[73.3779350308847,4.05932759617785],[73.3779295313986,4.05933484890095],[73.3779121786422,4.05933483097971],[73.3778884478474,4.05932845281277],[73.3778592049899,4.05932751374018],[73.3778272034062,4.0593274778977],[73.37779698947,4.05933380319697],[73.3777713308905,4.0593410451673],[73.3777539143538,4.05934557207074],[73.3777438397479,4.05934556311014],[73.3777246355638,4.05933827185647],[73.3777054152099,4.05933370731839],[73.3776834271467,4.05933095640909],[73.3776613708115,4.05933365445076],[73.3776429526533,4.05934181578031],[73.3776199063746,4.05935361601612],[73.3776076264047,4.05936816716093],[73.3776066337663,4.05938091094921],[73.3776074081141,4.05940549977543],[73.3776191958073,4.05943557428971],[73.3776273776629,4.05945380555776],[73.3776365530552,4.05945927511729],[73.3776420965588,4.05945471864445],[73.3776421432712,4.05944560569867],[73.3776358424878,4.05942100432884],[73.3776341320955,4.05939823630025],[73.377636045507,4.0593809396232],[73.3776471388025,4.05936274688414],[73.3776692041208,4.05935276296542],[73.3776994620745,4.05935006671597],[73.3777012901461,4.05935097801067],[73.3777222990457,4.05936463578209],[73.377736916432,4.05937283026559],[73.3777423889687,4.05937829086507],[73.3777661179669,4.05939831246547],[73.3777798199699,4.05940559565404],[73.3777807326583,4.05940650605259],[73.3777980108545,4.05944108058792],[73.3778015708779,4.05947384597356],[73.377801565488,4.05947566587446],[73.3778014424188,4.05951573684785],[73.3777948658527,4.05956951487056],[73.3777753993604,4.05963888346075],[73.3777523009795,4.0596891650442],[73.3777338127527,4.05972668940096],[73.377698791033,4.05975879437796],[73.3776655371978,4.05978364394644],[73.3776646137297,4.05978364842677],[73.3776349765118,4.05980670497618],[73.3776256394228,4.05982876600101],[73.3776159474992,4.05987215507096],[73.3776250393482,4.05991426635558],[73.3776267560287,4.05995640900017],[73.377626742554,4.05996099235199],[73.3776267362658,4.05996282479666],[73.3776183019835,4.0600050265787],[73.3776006671562,4.06003352489954],[73.3775988130335,4.06003536630467],[73.3775728598066,4.0600574909436],[73.377570997599,4.06006117196158],[73.3775523593535,4.06009893017294],[73.3775514278005,4.06010077337002],[73.3775420439991,4.06013485414614],[73.3775428641609,4.06016338740876],[73.3775326628926,4.0602214844008],[73.3775186770219,4.06027489947191],[73.3774941009124,4.06031271860539],[73.3774625215369,4.06033839522073],[73.3774388194881,4.0603562698363],[73.3774083118027,4.06038087386582],[73.377391342627,4.06039766962363],[73.3773709400903,4.06042905503738],[73.3773527716637,4.06046383831097],[73.377327785024,4.06050427034759],[73.3773266468585,4.06050651856302],[73.3772959693916,4.06054587711727],[73.3772414551286,4.06057968099195],[73.3771493248114,4.06061585404847],[73.3770706189178,4.06065435506778],[73.3770295200952,4.06066573324005],[73.3770089495735,4.06067255763436],[73.3769736332064,4.06067814815377],[73.3769422550536,4.06067588739398],[73.3769132583345,4.06065567048415],[73.376898352589,4.06064789805801],[73.3768858192941,4.06063465697628],[73.3768748526611,4.06062219098646],[73.3768701922015,4.06060581369347],[73.3768694600745,4.06059021597258],[73.3768742400101,4.06057227863798],[73.3768892445703,4.06055045060912],[73.3768987208983,4.06053487260048],[73.3768987541359,4.0605247498069],[73.3768877803164,4.06051929727971],[73.3768767885306,4.06051851770719],[73.3768594474523,4.06053253657118],[73.3768435984758,4.06056372215826],[73.3768372231322,4.06058478763945],[73.3768363553596,4.06060585760043],[73.3768433577273,4.06062770623715],[73.3768574702604,4.06064329589278],[73.3768731476588,4.06066044110861],[73.3768809872562,4.06066823055979],[73.3768832851467,4.06068618670951],[73.3768886364109,4.06073227108218],[73.3768987047286,4.06078149524666],[73.3769096587852,4.06080100336988],[73.3769190524681,4.06081582509869],[73.3769292160072,4.06083612175386],[73.3769354790614,4.06084548110042],[73.3769425353279,4.06085248739342],[73.3769495718316,4.06086575714544],[73.3769392969013,4.06088329214262],[73.3769384677563,4.06089734594659],[73.376939979621,4.0609176515603],[73.3769509291859,4.06094029857797],[73.3769705331204,4.06096137390598],[73.3769932856499,4.06097931123194],[73.3770183953587,4.06099098599545],[73.3770340907234,4.06099408098604],[73.3770450870008,4.06098937398381],[73.3770498139358,4.06097921624959],[73.377043566153,4.06096517678401],[73.3770310310615,4.06095660686757],[73.3770114100591,4.06095507102093],[73.3769933790747,4.06094103693129],[73.376980076822,4.0609199687712],[73.3769714862329,4.0608996783906],[73.3769739305488,4.0608669085825],[73.3769771267546,4.06084663701779],[73.3769905395001,4.06082015038039],[73.3770368548395,4.06079451768729],[73.3771080885466,4.06076432494373],[73.3771829963632,4.06074818779774],[73.3772988484921,4.0607500005273],[73.3774436883569,4.0608013008618],[73.3775654981128,4.06088622136257],[73.3777289304091,4.06101321455108],[73.3778407598822,4.06119171233092],[73.3779561053613,4.06139092427615],[73.378078555616,4.06163848393855],[73.3781181838965,4.06178107022662],[73.3781140723074,4.06180859267659],[73.3781100748044,4.06182957837606],[73.3781100864825,4.06185457214627],[73.3781131048218,4.06188357488296],[73.3781311582641,4.0619215856976],[73.3781321607839,4.06192258659525],[73.3781562149723,4.06194258483501],[73.3781592216336,4.06194458483817],[73.3781632281197,4.06194558304764],[73.3781892729748,4.06195957142082],[73.3781942819808,4.06196356963492],[73.3781962843256,4.06196456874043],[73.3782022940548,4.06196756605691],[73.3782363500855,4.06199554907469],[73.3782403565717,4.06199954728863],[73.3782443639562,4.06200354550254],[73.3782654042968,4.0620285365792],[73.3782694125796,4.06203353569049],[73.378295455638,4.06206051960062],[73.3782964599545,4.06206252049954],[73.3783174993967,4.06208851067973],[73.3783195053348,4.06209151068391],[73.3784499532904,4.06220611298631],[73.3785811764922,4.06229287742739],[73.3787439539166,4.06237746174934],[73.3789170206443,4.06244506217534],[73.3791108133022,4.06248726113938],[73.3793757354627,4.06255884811862],[73.3796312899914,4.06260293238281],[73.3798820502113,4.0626595238218],[73.3800355857681,4.06268038853131],[73.3800692052176,4.06269924427846],[73.3800734479607,4.06271831328686],[73.3800663638464,4.06273949788756],[73.3800569162645,4.06277010543199],[73.3800592761388,4.06280072462403],[73.3800746202621,4.0628266368234],[73.3800887822026,4.06283723449871],[73.3801017601635,4.06285018611761],[73.3801123764535,4.06287019598312],[73.3801288874885,4.0628819630132],[73.3801642514663,4.06288077573672],[73.3802101895132,4.06287252931746],[73.3802407933184,4.06286311712699],[73.3802537353466,4.06285136084935],[73.3802725541535,4.06283960815575],[73.380296070251,4.06283608575266],[73.3804506819895,4.06287842896153],[73.3805907913261,4.06295161716107],[73.3807725160165,4.06309756880891],[73.3809914866552,4.06330772651897],[73.3811602252998,4.06350099708356],[73.3812393426219,4.06364845042333],[73.3812622388818,4.06371696740895],[73.3812851288536,4.06382907575468],[73.3813017692459,4.0639681697233],[73.3813059239541,4.06407820903993],[73.3812934247952,4.06415506468905],[73.3812913389071,4.06419245622178],[73.3812788460365,4.06420285585072],[73.3812496930106,4.06421743110162],[73.3812267850725,4.0642216121],[73.3812038744395,4.06422579399442],[73.381187210691,4.06422581370767],[73.3811538813973,4.06422169722536],[73.3811163749376,4.06420928595035],[73.3810871985555,4.0641947832799],[73.3810413350686,4.06420523577612],[73.3810475855464,4.06422808521019],[73.3810830240843,4.06423842211474],[73.3810913613485,4.06424048662825],[73.3811872053011,4.06425490417257],[73.3812830043379,4.06424647586795]]]},"properties":{"OBJECTID":1519,"FCODE":"LD1723","atoll":"Kaafu","islandName":" ","capital":"N","islandNa_1":" ","longitude":"73° 22' 47.175\" E","latitude":"4° 3' 42.451\" N","Area_ha":11.7475403853,"category":"Uninhabited Island","Sector":" ","Usage":" ","PrimAgency":" ","Shape__Area":117475.40185546875,"Shape__Length":2306.7508169789148}},{"type":"Feature","id":1520,"geometry":{"type":"Polygon","coordinates":[[[73.3845933563471,4.06177798599173],[73.3845375781544,4.06177370282996],[73.3845343594908,4.06177370282996],[73.3844882354925,4.06177690982491],[73.3844592729094,4.06177476824402],[73.3844163666765,4.06176406481979],[73.3843906227571,4.06175764366123],[73.3843552246433,4.06175550118426],[73.3842983738623,4.06176405675526],[73.3842769202967,4.06176940622727],[73.3842543932443,4.061785454643],[73.3842372282358,4.0618229027373],[73.3842340068772,4.0618603517259],[73.3842372219476,4.06190101039546],[73.3842372219476,4.06190314928783],[73.3842565276414,4.06194273985316],[73.3842565285397,4.06194380974734],[73.3842983603875,4.06196521121454],[73.3843863180302,4.06198233758504],[73.3844882202212,4.06198983401224],[73.3845515092279,4.06197485818287],[73.3845997801996,4.06195560188057],[73.3846437626143,4.0619267165302],[73.3846727251973,4.06190745843463],[73.384688816719,4.06187963939255],[73.3846909645909,4.06185717071696],[73.3846759474543,4.06183255956397],[73.3846598586275,4.06181544035877],[73.3846255357971,4.06178975841408],[73.3845933563471,4.06177798599173]]]},"properties":{"OBJECTID":1520,"FCODE":"LD1759","atoll":"Kaafu","islandName":" ","capital":"N","islandNa_1":" ","longitude":"73° 23' 4.040\" E","latitude":"4° 3' 42.739\" N","Area_ha":0.104247060012,"category":"Uninhabited Island","Sector":" ","Usage":" ","PrimAgency":" ","Shape__Area":1042.469970703125,"Shape__Length":127.22554207746455}},{"type":"Feature","id":1521,"geometry":{"type":"Polygon","coordinates":[[[73.4422968694895,3.82729492838795],[73.442712495717,3.82709611026378],[73.4427434112374,3.82707897008817],[73.4427416936586,3.82705840600008],[73.4427296706069,3.82704812440398],[73.4427159308746,3.82704983994533],[73.4425922705892,3.82710811636365],[73.442575094801,3.82708069907419],[73.4425579190127,3.82702586269996],[73.4425373071685,3.82695217598046],[73.4425218471625,3.82689048370549],[73.4425115407913,3.82684421516856],[73.4425115398929,3.82680479893718],[73.4425149741523,3.82676366985096],[73.4425166899345,3.82673110682076],[73.4425269954074,3.82671739682566],[73.4425441702973,3.82669168879156],[73.4425613451872,3.82665741111278],[73.4425785182805,3.8266179939765],[73.4425939746933,3.82657686219237],[73.4426094329027,3.82654601290484],[73.4426300429503,3.82649973897144],[73.4426472160436,3.8264294698472],[73.4426701796772,3.82637593667011],[73.442682200034,3.82633994791749],[73.442714832235,3.82630567022466],[73.4427371580647,3.8262696805728],[73.4427526153759,3.82624397342155],[73.4427732254234,3.82621997822735],[73.442793835471,3.82620112428379],[73.4428213149355,3.82618055838197],[73.4428487944001,3.82613256978197],[73.4428917311757,3.82608286653228],[73.4429673028473,3.82601945148077],[73.4431064222404,3.82591146903984],[73.4432180639656,3.82584976324519],[73.4432884846973,3.82582404891089],[73.4433544417004,3.82581376102578],[73.4434351679051,3.82579147508921],[73.4435261995828,3.82576918825575],[73.4436052091069,3.82577260769151],[73.4437477798274,3.82582914893403],[73.4438491268594,3.82587369750046],[73.4438920699233,3.82589597267916],[73.4439058123505,3.82590796893641],[73.4439590752603,3.82631241497908],[73.4439659464739,3.82633126533491],[73.4439762528452,3.82633640658545],[73.4439934295317,3.82632954979212],[73.4440020174258,3.82631583889425],[73.4439436008812,3.82586511978183],[73.4439109570021,3.82571944733982],[73.4438731621832,3.82561490670529],[73.4438267776735,3.82551208070619],[73.4437855476968,3.82541782076582],[73.4437477510813,3.82529020987022],[73.4437340041625,3.82520966261389],[73.4437288451378,3.82512739801214],[73.4437271230674,3.82506398557887],[73.4437408601047,3.82499200437666],[73.4437666210921,3.82490116740362],[73.4437889460236,3.82480690201821],[73.4438129885339,3.82468864138532],[73.4438318810026,3.82462008317719],[73.4438473329238,3.82451381969161],[73.4438490478077,3.82445897508627],[73.4438404446422,3.82427558457435],[73.4438387162836,3.82411447372971],[73.4438301274912,3.82409733528712],[73.4438129481097,3.82409733797609],[73.4438043593172,3.82411105070209],[73.4438026444333,3.82415561549151],[73.4438078151361,3.82439042313402],[73.4437940727089,3.82440584960935],[73.443761435118,3.82440756874129],[73.4437287975271,3.82440928608056],[73.4437047478303,3.82441443003154],[73.4436721102394,3.82440072179199],[73.4436497772231,3.82439044195662],[73.4436205747899,3.82438701803376],[73.4435862205185,3.82439044912715],[73.4435793502032,3.82439045002345],[73.4435432783529,3.82438873895836],[73.4435415607741,3.82438702520426],[73.4434802381796,3.82436843384068],[73.4433222065548,3.82431531821758],[73.4432414731636,3.82429133013988],[73.443157305513,3.82428276764275],[73.4430748527463,3.82425878046047],[73.4430714184871,3.82425706670616],[73.4429477402353,3.82422279968578],[73.4428395183964,3.82416624937415],[73.4428343656599,3.82416282276144],[73.4427038108048,3.82408742293737],[73.4425715383708,3.82400345253991],[73.4425698216903,3.82400345343624],[73.4424581602022,3.82392119409661],[73.4423688299336,3.82384064671162],[73.4422571693438,3.82375838825269],[73.4420905282654,3.82359043394037],[73.4419432413897,3.82343664317881],[73.4418882653926,3.82336466363255],[73.4418556233101,3.82330125017257],[73.4418281276759,3.82322926434076],[73.4418229542782,3.82319326470018],[73.4418298066272,3.82316240274242],[73.4418280692854,3.82312639682487],[73.4418246197547,3.8231023916839],[73.4418297671013,3.82309210107719],[73.441864124966,3.82308523888001],[73.4420445183531,3.82307493393203],[73.442168222656,3.82307663782923],[73.4421888389918,3.82307835068961],[73.4421974286825,3.82306463077654],[73.4421939890333,3.82304748066086],[73.4421458788599,3.82303891098078],[73.4420238876443,3.82303549063777],[73.4418537934419,3.82304236628008],[73.4417455581283,3.82305609605298],[73.4416476480505,3.82308697235563],[73.4414913645473,3.82314871689076],[73.4413505626096,3.82321045066563],[73.4412904626222,3.82323788241999],[73.4412286279879,3.82327730867492],[73.4411564851858,3.82331845047689],[73.4411032357507,3.82334073558144],[73.4410173478263,3.82336131051456],[73.4408830263352,3.82339134068399],[73.4407627832411,3.8234033477321],[73.4405807010213,3.82340850603019],[73.4404295370168,3.82340851947491],[73.4402869636014,3.8234256704797],[73.4401735935176,3.82344453434381],[73.4400859889128,3.82346510927443],[73.4399932315715,3.82349596763604],[73.4399296766635,3.82352168293652],[73.4398575347597,3.823559396319],[73.4398403580731,3.82357825121698],[73.4398455126062,3.82359024750667],[73.4398609735105,3.82359196126235],[73.4398833029336,3.82358853106209],[73.4400001072767,3.8235371031533],[73.4400859925061,3.82350110173304],[73.4401804674262,3.8234788130474],[73.440312733572,3.82345309147141],[73.4404449997178,3.82343936887539],[73.4405171461132,3.82344107635715],[73.4405377606523,3.82345135889283],[73.4405429151855,3.82346506983654],[73.4405411985049,3.82348049543222],[73.4405326133058,3.82351306127486],[73.4405394881126,3.82356619218504],[73.4405618265188,3.82365017427742],[73.4406047839557,3.82380956607619],[73.4406443080316,3.82398952469653],[73.4406958605491,3.82421918574345],[73.4407044547314,3.82428624713756],[73.4406958695322,3.8243479485632],[73.4406769833517,3.82443878738751],[73.4406443538457,3.82454333892128],[73.4405911151903,3.8246718856805],[73.4405035258569,3.82484548118384],[73.4404743270169,3.82486776355976],[73.4404485615379,3.82487804966358],[73.4404176451191,3.82490204668801],[73.4403970350715,3.82493118407438],[73.4403798610799,3.8249620352127],[73.4403678407231,3.82499974136129],[73.4403609722044,3.82502887695171],[73.4403386454764,3.82506486934465],[73.440261356226,3.82514542826669],[73.4402149806994,3.82516771153111],[73.4401668857974,3.82518485443388],[73.4401273805862,3.82519685518266],[73.4400827217401,3.82521057058002],[73.4400644733634,3.82522200216903],[73.4400455808947,3.82524256988648],[73.4400095099428,3.82525114133717],[73.4399648510967,3.82525628797206],[73.4398875555581,3.82527000426476],[73.4398291542849,3.82528200770131],[73.4397690363311,3.82528372593515],[73.439722659008,3.82528373041669],[73.4396883038382,3.82527002129472],[73.4396556671457,3.82527688168177],[73.4396333377226,3.82528202473125],[73.4396127258784,3.82528031187529],[73.4396264512376,3.82512263499894],[73.4396230151817,3.8251003544223],[73.4396092727545,3.82510035621493],[73.4395955312256,3.82511064141962],[73.4395612209716,3.82553396330884],[73.4395543533513,3.82555453012248],[73.4395320239283,3.82556138692203],[73.4394942344992,3.82555282085235],[73.4394358323276,3.82554254371975],[73.4393808653137,3.8255339794425],[73.4393224640405,3.82552884356502],[73.4392674979249,3.8255288480466],[73.4392159678652,3.82553056627995],[73.4391884839091,3.82552542681724],[73.4391713036293,3.82549972143631],[73.4391661472995,3.82546201710235],[73.4391661410114,3.82541574400673],[73.4391712874596,3.82535575909904],[73.4391695626943,3.82530948599768],[73.4391558139788,3.82524435982554],[73.4391386301058,3.82518266294601],[73.4391077056021,3.82513467697904],[73.4390544453872,3.82503527663522],[73.4390372615141,3.82498900262022],[73.4390183618589,3.82494101484978],[73.4389891567307,3.82491530945134],[73.438961670978,3.82489474441497],[73.4389238797523,3.82487932332632],[73.4388792164146,3.8248690434967],[73.4388294003406,3.82486561867941],[73.4387881766522,3.8248690497709],[73.4387455722532,3.82488105231673],[73.4387043476665,3.82490333648435],[73.4386594732248,3.82491260168573],[73.4385926969581,3.82491362975825],[73.4385357949731,3.82489375846917],[73.4384791076854,3.82485263108387],[73.4384155500824,3.82482178621581],[73.4383365324734,3.82479608529535],[73.4382334678626,3.82476695686752],[73.4381510150959,3.82474468255583],[73.4380599717402,3.82469670194221],[73.4379960287599,3.8246435755837],[73.4379719790631,3.82462301143715],[73.437925599045,3.8245990197828],[73.437891242977,3.82458188403884],[73.4378276835774,3.82453904198846],[73.4376644920296,3.82446021558597],[73.4376112407979,3.82443965322764],[73.4375305020167,3.82438481399543],[73.4375270668591,3.82438310024137],[73.4374583529264,3.82432483170454],[73.4373586273534,3.82422178595345],[73.4372813192384,3.82409667559913],[73.4372246283574,3.82402298235353],[73.4371524747755,3.8239252929468],[73.4371490396179,3.82392015168183],[73.4371043717887,3.82384474197695],[73.4370837545546,3.82378304141142],[73.4370837536563,3.82378132765616],[73.4370803158037,3.82374876271999],[73.4370923370588,3.8237093409683],[73.4371112286292,3.823664777052],[73.4371387080938,3.82360307199193],[73.4371558802887,3.82354651088362],[73.4371679024422,3.82350880198215],[73.437179925494,3.82349337638701],[73.4372537912648,3.82350365354414],[73.4372675327938,3.82350022423986],[73.4372709670531,3.82348651240038],[73.4372589422047,3.82347965648059],[73.4370802897526,3.82342482525383],[73.4370287560996,3.82341454630309],[73.4369858121375,3.82341455168098],[73.4369583272831,3.82340598290089],[73.4369359942668,3.82338884534043],[73.4369102260928,3.82336313810282],[73.4368827394418,3.82333571531561],[73.4368466639983,3.82331515203398],[73.4368088727726,3.82329287320299],[73.4367446899422,3.82326453975642],[73.4367189235649,3.82325597187113],[73.4367034617622,3.82324568843677],[73.4365592776675,3.82303823695092],[73.4365438113733,3.82304509735583],[73.4365541096597,3.82306224567893],[73.4366725417501,3.8232474057784],[73.4366708259679,3.8232748285684],[73.4366433438085,3.82330568335159],[73.4365900943734,3.82331939877922],[73.4365059249262,3.82333997281655],[73.4364062945747,3.82335540737763],[73.4362654378398,3.82336570246278],[73.4361555020153,3.82337599485883],[73.4360575892426,3.82337257541348],[73.4360541531866,3.82337257541348],[73.4359373461485,3.82337944029731],[73.4358075315052,3.82335650446838],[73.4356446453846,3.82331317834614],[73.4354546103795,3.82322651713192],[73.4353161539431,3.82314797205199],[73.4351668180102,3.82304232594586],[73.4350174587212,3.822942082822],[73.4348707818016,3.82281201206525],[73.4347322148724,3.82266293937513],[73.4346289211912,3.82250569404207],[73.4345581986255,3.82234298652425],[73.4345364216664,3.8222724687794],[73.4345227834437,3.82218566584185],[73.4345336009564,3.82210699159693],[73.4345580135725,3.82203916099207],[73.434579720463,3.82199031886604],[73.4346014417266,3.82196046970369],[73.4346231647868,3.82193333279688],[73.4346303809535,3.8219156054301],[73.4348116690627,3.82196447893151],[73.4348508625585,3.82196936386145],[73.4348426941776,3.82195632871716],[73.4347528680391,3.82192700389934],[73.434653233196,3.82189115837072],[73.4345307290424,3.8218667202738],[73.4343853591715,3.82185695041274],[73.4343673829844,3.82184554118678],[73.4343477709651,3.82183087205372],[73.4343150749837,3.82179827298342],[73.434256233536,3.82176078091397],[73.4341924890834,3.82172491565942],[73.4341565438956,3.82172002624652],[73.4341303858529,3.82170209182594],[73.4341074806098,3.82167274190251],[73.434078023055,3.82162871208575],[73.4339389368995,3.82147375575907],[73.4339045700517,3.82143949400536],[73.4338587362093,3.82138891029926],[73.433835841746,3.82138075021995],[73.4338276805516,3.82138890940296],[73.4338456881798,3.82140849036624],[73.4339029710505,3.8214655983695],[73.4339455251438,3.82151290961444],[73.43395699663,3.82153737729994],[73.4339488417238,3.82155042768799],[73.4338892151485,3.82160588645704],[73.4338549039963,3.82163687574797],[73.4338254949505,3.82166949185444],[73.4338058910161,3.82170047666146],[73.433768318081,3.82172819797472],[73.4337258466327,3.82175428798898],[73.4336703100868,3.82177222599373],[73.4335232954007,3.82178201647108],[73.433397511498,3.82178202274529],[73.4332537442216,3.82176735719642],[73.4331197398357,3.82171844603845],[73.4331148368309,3.82171681563656],[73.4329660767182,3.82163854021004],[73.4328761418835,3.8215830823394],[73.4327616408208,3.82149988253009],[73.4326314156473,3.82140576287057],[73.4325431696453,3.82131612837645],[73.432459805987,3.82121505506013],[73.4323796888401,3.82111395484235],[73.4323126296041,3.82099650934992],[73.4322635465553,3.82089861075621],[73.4322193521383,3.82078272751768],[73.4321964154541,3.82067171037813],[73.4321963965895,3.82060802334178],[73.4323927341746,3.82062108449977],[73.4324156385194,3.82062108449977],[73.4324369088287,3.82061455212816],[73.4324336344695,3.8206031195814],[73.432414001789,3.82059495411669],[73.4321358393596,3.8205671951214],[73.4320720077704,3.82053616097591],[73.4320229076536,3.82052472663547],[73.4319541649748,3.82050839122288],[73.4319066054687,3.82049507102698],[73.4318542354843,3.82047222654547],[73.4317903985053,3.82044122018243],[73.4317216450467,3.82041673902089],[73.4316725296585,3.82040041705103],[73.4315972158034,3.8203840959772],[73.4315366307257,3.8203694053075],[73.4314744089176,3.82036124611479],[73.4314105521756,3.82035961929565],[73.4313499715894,3.82036125866327],[73.4312861247289,3.8203710634978],[73.4312239271753,3.82038740160197],[73.4311650614731,3.82040365814074],[73.4310843298785,3.82043451481986],[73.4309692422158,3.82046537508314],[73.430840412126,3.82050823257445],[73.4307820090561,3.82052709112478],[73.4307653255446,3.82052740214747],[73.4307515480832,3.82054461326321],[73.4307774213599,3.82055149699236],[73.4311049614856,3.82045682688894],[73.4311653174929,3.82046027323544],[73.4311929218233,3.82047921335189],[73.4312170990808,3.82054633957343],[73.4312343620056,3.8205910793303],[73.4312533541874,3.8206547376857],[73.4312671765646,3.82072870818324],[73.4312689282795,3.82079062498133],[73.4312655155797,3.82086800775192],[73.4312434700243,3.82098098152926],[73.4312383047114,3.82106354410653],[73.4312176407649,3.82121486504069],[73.431176312872,3.82130941405756],[73.4311057250536,3.8214400291072],[73.4309783412514,3.82157748035301],[73.4308905614751,3.8216771222072],[73.4307735586042,3.82175781948049],[73.430637630027,3.82184195770924],[73.4305171767272,3.82188316859649],[73.4304225401103,3.82191407362356],[73.4304018528076,3.82188833228166],[73.4303829010501,3.82187460249005],[73.4303708788967,3.82189691810694],[73.430382972017,3.82193124079196],[73.4304295361898,3.82200845315937],[73.4304829545081,3.82206849118399],[73.4305243084522,3.82211822962281],[73.4305518921214,3.82216967823202],[73.4305622550865,3.8222091179808],[73.4305760927351,3.82228627206261],[73.4305985362441,3.82236886319636],[73.4306295586642,3.82243750852723],[73.4306657311257,3.82250442306477],[73.4306967283929,3.82255588688817],[73.4307139661649,3.82261077463848],[73.4307208652263,3.82263993182169],[73.430691651115,3.82265708284185],[73.4306916618947,3.82267080276144],[73.4307054231866,3.82268108978794],[73.4307277957287,3.82271023979825],[73.4307467304183,3.8227428146333],[73.430774247612,3.82276167134189],[73.4308000436338,3.82277709784654],[73.4309187434221,3.82296389826653],[73.4309393597579,3.82295361662131],[73.430839582981,3.82278223732573],[73.4308447276326,3.82276166506768],[73.4308670561573,3.82272908664805],[73.4309495457549,3.8226707794572],[73.4310905022028,3.8226021673087],[73.4312177287999,3.82256099141235],[73.4313518427802,3.82254211139514],[73.431601152221,3.82254895208505],[73.4317421158554,3.82258324606183],[73.4319088162226,3.82265869262664],[73.4320434386494,3.82277465269495],[73.4321706014661,3.82291187964773],[73.4322307185215,3.82301133939469],[73.4322856505012,3.82314677098831],[73.4323113872341,3.82325817053447],[73.4323251359495,3.82335072323038],[73.4323217025885,3.82338157442556],[73.4322942213273,3.82340899900394],[73.4322804824933,3.82345527579315],[73.4322753324518,3.82349812506821],[73.4322753351468,3.82353754593327],[73.4322701842069,3.82356839801806],[73.4322873653851,3.82363352521388],[73.4322976762479,3.82367980109469],[73.4322966351005,3.82372995443416],[73.4322811777894,3.823759093653],[73.4322485410968,3.82377109352545],[73.4322468226196,3.82377280728075],[73.4322107498711,3.82377623837661],[73.4321832677116,3.82378138143506],[73.4321712437615,3.82379509506244],[73.4321712446598,3.82380880600064],[73.4321849870871,3.82381908942823],[73.4322451104307,3.82382593996744],[73.4322777453266,3.8238173685025],[73.4323000765463,3.82381222365159],[73.432348173245,3.82379508072138],[73.43238939873,3.82379164962563],[73.4323928347859,3.82379164962563],[73.4324289075345,3.82378821852984],[73.4324735690755,3.82378821584091],[73.4324787218119,3.82378821494458],[73.4325216666724,3.82379849478713],[73.4325268194089,3.8238002085424],[73.4325766372796,3.82381391679157],[73.4326161478807,3.82385333405686],[73.43263161148,3.82389275221664],[73.4326264587436,3.82391332086233],[73.4326316150733,3.82395274081198],[73.4326522305107,3.82397330587093],[73.4326900208381,3.82397844534298],[73.4327501414868,3.82396644278452],[73.4327570127004,3.82396472902961],[73.4328360276145,3.82394758251715],[73.4329511161754,3.82390986825545],[73.4330421550396,3.82387215399207],[73.433125800769,3.82384306407439],[73.433249477224,3.8238156314431],[73.433369720318,3.82380705191121],[73.4335552385939,3.8238241769149],[73.4337046859178,3.82384130371086],[73.4338678774656,3.82388756792833],[73.4340551178119,3.8239492550416],[73.4341979948578,3.82402900290318],[73.4342838872737,3.82408041464878],[73.4343749333244,3.82416438952027],[73.434459112653,3.82427921465013],[73.434543290185,3.82439746816897],[73.4346377767832,3.82454142887459],[73.4346824446124,3.82464083106835],[73.4347288318171,3.8247779376163],[73.4347403042015,3.82485938750178],[73.4347368762304,3.82493822641597],[73.43471798466,3.82499821404181],[73.4346870700378,3.82504449164155],[73.4346510017808,3.82509419674409],[73.4346372629469,3.82513533039203],[73.4346286777477,3.82516617973034],[73.4346235250112,3.82517646403799],[73.4345548155701,3.82517132815837],[73.4344964142968,3.82516447762993],[73.4344483166999,3.82515248405122],[73.4344036551589,3.82513020706058],[73.4343675824104,3.82511135847094],[73.4343486854501,3.82508907968661],[73.4343332245457,3.82507708252159],[73.4343194830168,3.82507537056151],[73.4343177672346,3.82509079523191],[73.434329792083,3.82510621900568],[73.4344053754327,3.82515762889404],[73.4344551906085,3.82517819123517],[73.4345239000496,3.82519532338198],[73.4346115028578,3.82520388676627],[73.4347300247798,3.82522444283209],[73.4347712511631,3.82523643730611],[73.4348107599676,3.82525700054165],[73.4348777518299,3.8252964123627],[73.4349344382193,3.8253323984702],[73.4349705109678,3.82535124795129],[73.4350100197723,3.82536324152725],[73.4350409379878,3.82537866350352],[73.435058498255,3.8254014352529],[73.4350877042815,3.82546313211667],[73.4351443942641,3.82556252972194],[73.4351804697076,3.82563450818728],[73.4352182618316,3.8256893464432],[73.4352577715345,3.82574247273687],[73.4353196115586,3.82581273474693],[73.4353316346104,3.82579730829693],[73.4352835370134,3.82573904344152],[73.4352268479291,3.82565507051697],[73.4351907715873,3.82557966544631],[73.4351873355313,3.82555395827437],[73.4352079446806,3.82551625125385],[73.4352800829912,3.82545797472724],[73.4353693988866,3.82539798175573],[73.4355755155319,3.825267709701],[73.4357762117428,3.82519571058962],[73.4358449202856,3.82519227770685],[73.4359376758303,3.82519398428877],[73.4360184092215,3.82521454394006],[73.4361644177945,3.82527965935873],[73.4363636767009,3.8254047560956],[73.4365921371423,3.8255744085668],[73.4368793258437,3.82576633260113],[73.4369669304485,3.8258280222681],[73.4369978522572,3.82587257890145],[73.4370115964811,3.82591199517573],[73.4370395026454,3.82596929827526],[73.437058400504,3.82601556865207],[73.4370807344186,3.82606355367338],[73.4371236792791,3.82610982314877],[73.4371872359838,3.82616465958164],[73.4372507926884,3.82621949421834],[73.4372920199701,3.82627775904108],[73.4373212224033,3.8263240285049],[73.437329814789,3.82637543921652],[73.4373384071747,3.82643199207128],[73.4373281043967,3.82647312206974],[73.4373178007204,3.82649882921406],[73.4373006258305,3.82651082546288],[73.4372989100483,3.82652453635762],[73.4373126515772,3.82653824456323],[73.4373384152595,3.82653824187429],[73.4373676140995,3.82653824008167],[73.4373882250454,3.82654337953832],[73.4374139914227,3.8265725105947],[73.4374157090015,3.8265725096984],[73.4374363208457,3.82659650040115],[73.4374655214824,3.82662734430899],[73.4374930045402,3.8266564744662],[73.4375222042785,3.82666846802388],[73.4375273570149,3.82666846712755],[73.4375771668008,3.82667531854031],[73.4375840371161,3.82667531854031],[73.4376355653791,3.82668216816034],[73.4376407181156,3.82668388101352],[73.4377128564262,3.82669587098558],[73.437714574005,3.82669587098558],[73.4377798420003,3.82671642880818],[73.4378382414769,3.8267404159217],[73.437879464267,3.82678154052745],[73.4378932048975,3.82682095317467],[73.4379000770095,3.82686550706742],[73.4379172554927,3.82692034255559],[73.4380022343219,3.827105351241],[73.4380417404315,3.82716703991525],[73.4380846834953,3.82722701394035],[73.438132774804,3.82727327797503],[73.4381757151729,3.82730240631765],[73.4382375444173,3.82730411468802],[73.4383028088193,3.82729725521349],[73.4383697890035,3.82727325915247],[73.4384075730427,3.82723898239329],[73.4384693995921,3.82716014906871],[73.438503746677,3.82709159822887],[73.4385192012932,3.82699220348996],[73.438515761644,3.82689794909034],[73.4385071710549,3.82680883503172],[73.4384693798292,3.82669230186928],[73.438414411917,3.82658776493875],[73.4383560088471,3.82649522424447],[73.438328524891,3.82644209799748],[73.4382993224577,3.82639424923691],[73.4382872958127,3.8263376954833],[73.4382838570618,3.82627085922428],[73.4382838561635,3.82626743172367],[73.4382941589414,3.82620916241866],[73.4383285069247,3.8261526041713],[73.4383611391257,3.82610290092277],[73.4385449191615,3.82596235184769],[73.4387029391081,3.82586978957435],[73.4389811976573,3.82579092744172],[73.439037833741,3.82576413663318],[73.4390979481015,3.8257195719274],[73.4391460412069,3.82569728957363],[73.4392164637352,3.82568357239143],[73.4393092174833,3.82568013592534],[73.4394346070256,3.82569212142985],[73.4395170553007,3.82570582606351],[73.4395617159433,3.8257178196345],[73.4395891990011,3.82573495445944],[73.4396012247478,3.82576066162595],[73.4396046626004,3.82578808164662],[73.4396288704007,3.82589976498075],[73.4396701057672,3.82602658434102],[73.4397491323594,3.8261945301091],[73.4398195647692,3.82631962940136],[73.4399054544902,3.82644472509011],[73.4399569872447,3.82649956060521],[73.4400308485241,3.82656810163298],[73.4400978376914,3.82662464730457],[73.4401596723257,3.82667776636972],[73.4402421197024,3.8267360248871],[73.4403280004403,3.82678742661085],[73.4403846823381,3.8268319778164],[73.4404190339145,3.82684911082643],[73.4404602549079,3.82685253384315],[73.4404636909639,3.82685596044511],[73.4404928898039,3.82687823559823],[73.4404963249616,3.82687823559823],[73.4405152183286,3.82688508880192],[73.4405564393221,3.82686109452198],[73.440577047573,3.82682853418443],[73.4405993743011,3.82678740420303],[73.4406096806723,3.82675655761204],[73.4406131140333,3.82672742476929],[73.4406028076621,3.82671200281729],[73.4405907846103,3.82670172211335],[73.4401940068341,3.82638643338935],[73.4402214791122,3.82625104353805],[73.4402214782139,3.82623219228413],[73.4405409352986,3.82580370976731],[73.4405993338769,3.82578827973186],[73.4415142760786,3.82644458436899],[73.4415469109746,3.82646171917942],[73.441596722557,3.82649427504934],[73.4416207713555,3.82653368770977],[73.4416448210523,3.82658167001314],[73.4416448237473,3.82661937071258],[73.4416362385481,3.82665193195437],[73.4415263269781,3.82683195989015],[73.4413889386386,3.82700334285746],[73.4413477203401,3.82703933427112],[73.4413202435705,3.82707703763936],[73.4413047898526,3.82711645206559],[73.4412824667178,3.82716614987745],[73.4412326659151,3.82723641356339],[73.4411622541665,3.827298110295],[73.4411296246604,3.82732210277006],[73.4411124515672,3.827340954],[73.4411090200028,3.82737351342178],[73.441136501264,3.82739235927272],[73.4412870103966,3.82743896300057],[73.441407234626,3.82745608793166],[73.4415154349053,3.82745265057637],[73.441702636624,3.82742693001597],[73.4419224687471,3.8273909242776],[73.442126843559,3.8273446378415],[73.4422968694895,3.82729492838795]]]},"properties":{"OBJECTID":1521,"FCODE":"LD1728","atoll":"Kaafu","islandName":" ","capital":"N","islandNa_1":" ","longitude":"73° 26' 14.188\" E","latitude":"3° 49' 26.672\" N","Area_ha":34.518425058,"category":"Uninhabited Island","Sector":" ","Usage":" ","PrimAgency":" ","Shape__Area":345184.24829101563,"Shape__Length":6133.2629848422839}},{"type":"Feature","id":1522,"geometry":{"type":"Polygon","coordinates":[[[73.4394426244895,3.83028847206706],[73.4394871476899,3.83026855429463],[73.4394917542507,3.83026702071038],[73.4395623780017,3.83023331322715],[73.4395654484433,3.83023024874744],[73.4395930842147,3.83020420291043],[73.4395930842147,3.83020267111867],[73.4396176468496,3.8301521139229],[73.4396191820704,3.83014598585924],[73.4396268554795,3.83009696224465],[73.4396268563778,3.83009236597253],[73.4396130340006,3.83004181056285],[73.4396130331023,3.83003721518675],[73.4396130331023,3.83003108712227],[73.4396130304073,3.82998052902005],[73.4396145647298,3.82997746543576],[73.4396145629332,3.82993456718782],[73.4396007405559,3.82989013893807],[73.4395961339951,3.82988554356115],[73.4395516027099,3.82984264799755],[73.4395132150028,3.82982579828111],[73.4394825042982,3.82980894766803],[73.4394272264672,3.82980742035715],[73.4393903775743,3.82981814828207],[73.4393581343437,3.82984572861218],[73.4393397125922,3.82988096790302],[73.4393228269598,3.829922336154],[73.439321291739,3.82992386794625],[73.4393136192282,3.82995910723385],[73.4393105496848,3.82998055590933],[73.4392737043851,3.83001886057135],[73.4392368599838,3.8300709504633],[73.4392015517015,3.83012917020852],[73.4392000182773,3.83013376558412],[73.4391815983224,3.83017972650933],[73.4391815992207,3.83018279098921],[73.4391739267099,3.83022109026434],[73.4391938908688,3.83024559982768],[73.4391969613104,3.83024713161932],[73.43923688334,3.83026857490972],[73.4392783405903,3.83028389103321],[73.4392844805753,3.83028388924059],[73.439319796044,3.83029460998909],[73.4393259369273,3.83029460998909],[73.4393812102668,3.83029460461125],[73.4393858159292,3.83029460550753],[73.4394426244895,3.83028847206706]]]},"properties":{"OBJECTID":1522,"FCODE":"LD1760","atoll":"Kaafu","islandName":" ","capital":"N","islandNa_1":" ","longitude":"73° 26' 21.882\" E","latitude":"3° 49' 48.222\" N","Area_ha":0.19300586532,"category":"Uninhabited Island","Sector":" ","Usage":" ","PrimAgency":" ","Shape__Area":1930.058349609375,"Shape__Length":166.84750484657084}},{"type":"Feature","id":1523,"geometry":{"type":"Polygon","coordinates":[[[73.3669982390316,4.25011719812722],[73.367009619788,4.25009522125868],[73.3670885260059,4.24997336214493],[73.3671553732394,4.24991847281698],[73.3671793420879,4.24985392089829],[73.367186582509,4.24981086836591],[73.3671113647737,4.24976462572583],[73.3669836962055,4.24968613981425],[73.3669508079846,4.24972901676791],[73.3667698809982,4.24963292659283],[73.3666981648958,4.2497356594615],[73.3666481718536,4.24970923470958],[73.3665138431759,4.24992471327444],[73.3664666394027,4.24989994405093],[73.3663665625885,4.24989016142129],[73.3662043277465,4.2499711673244],[73.3661327688492,4.24999972776204],[73.3660467686355,4.25009525171739],[73.3659751190084,4.2501668798947],[73.3658321925552,4.25013307877044],[73.3656987990237,4.25009929824914],[73.3655892890007,4.25004164166485],[73.3655513073321,4.24996978145201],[73.3655610621378,4.24986452412261],[73.3655420672611,4.24983098725946],[73.3654562691683,4.24983080540285],[73.36541313656,4.24994077577821],[73.3654176416111,4.25006520507643],[73.3655223555288,4.25013720682385],[73.3656509511584,4.25018533340337],[73.3657079591446,4.25027637632023],[73.3656934980652,4.25035291012616],[73.3656361280579,4.2504341399418],[73.3656073065103,4.25053935598456],[73.3656596181043,4.25059689159264],[73.3657644523962,4.25061146966828],[73.3658359511063,4.2506116219618],[73.3658883426503,4.25063087455297],[73.3658595624253,4.25071694906503],[73.3658021816382,4.25080296354593],[73.3657876801346,4.2508986405911],[73.3658160884571,4.25098962161048],[73.3658970904446,4.2510041495114],[73.3659592466757,4.25091336020433],[73.3659832316938,4.25084162997017],[73.3660309564899,4.25081301939643],[73.3661405581411,4.25082760821809],[73.3662644798362,4.25083265719554],[73.3664266239484,4.25079471909217],[73.3665697920484,4.25071367117093],[73.3667175460481,4.25071877031638],[73.3669462912554,4.25074318207177],[73.3669747094594,4.25082937840607],[73.3670795024289,4.25086309887384],[73.3671272496828,4.25082491710235],[73.3671657254248,4.25066229718875],[73.3671802862172,4.25053790829991],[73.3672186802125,4.25041357045414],[73.3672762523407,4.25023663485386],[73.3674530785179,4.25001688409105],[73.3679067690589,4.24960630654303],[73.3681263631284,4.24944885540224],[73.3681268158793,4.2492335155605],[73.3680745950152,4.24913291294693],[73.3679365760583,4.24903212756757],[73.3677413173498,4.24895036278399],[73.3675123906828,4.24901208748766],[73.3674644035787,4.24916511682151],[73.367435553285,4.24928468986421],[73.3673978393144,4.24935250270941],[73.3673328093727,4.24940920974869],[73.3672850782884,4.24944021317851],[73.3672492121523,4.24949516793723],[73.3672395498731,4.24955703772426],[73.3672641601187,4.24957854249753],[73.3673086087589,4.24958382261133],[73.3673607703342,4.24956662864716],[73.3673921305208,4.24953343487993],[73.3674829762471,4.24939963853245],[73.3675547273838,4.24928015688387],[73.3676645185796,4.24920382364098],[73.3677599816465,4.24914181586532],[73.3678696120437,4.2491420487853],[73.3679885956998,4.24922843790548],[73.3680359997973,4.24935295690326],[73.3680405955783,4.2494343176177],[73.3679594327924,4.24949635493275],[73.3677877054528,4.24955820053185],[73.3672287269706,4.25016953965818],[73.3671332252761,4.25025068797124],[73.3670521020161,4.25029358460209],[73.3669616982608,4.25021714574982],[73.3668997827782,4.25019308783652],[73.3668545409255,4.25017385046374],[73.3668665424177,4.25013320060534],[73.3668856747367,4.25010213628598],[73.3669048106488,4.25006867916337],[73.3669982390316,4.25011719812722]]]},"properties":{"OBJECTID":1523,"FCODE":"LD1761","atoll":"Kaafu","islandName":" ","capital":"N","islandNa_1":" ","longitude":"73° 22' 0.161\" E","latitude":"4° 15' 0.267\" N","Area_ha":2.00782734449,"category":"Uninhabited Island","Sector":" ","Usage":" ","PrimAgency":" ","Shape__Area":20078.27392578125,"Shape__Length":1351.9563139586642}},{"type":"Feature","id":1524,"geometry":{"type":"Polygon","coordinates":[[[73.6585509704421,4.52095959878507],[73.6587606794502,4.52102699115721],[73.6589608869776,4.52107522028891],[73.6591804684707,4.52096076475239],[73.6594190906546,4.52086548766191],[73.6596861508054,4.52086598198918],[73.6599723028509,4.52085693992014],[73.6602584917274,4.5208287534162],[73.6604684828065,4.52074299479583],[73.6605351243259,4.52081012121857],[73.660515943498,4.52086751780656],[73.6606781576787,4.52082952983238],[73.6608787335153,4.52067675045465],[73.6609075397915,4.52057151334551],[73.6608351382746,4.52052471611803],[73.6608567759948,4.52042784046544],[73.6609642154011,4.52035265969161],[73.6610895375698,4.52027751293976],[73.6612864410935,4.52017737218381],[73.6614261560697,4.52005558845434],[73.6616374173666,4.51992675874118],[73.6618306638488,4.51986968446643],[73.6619165320102,4.5198554850761],[73.6619737061848,4.51988430654268],[73.6619843503226,4.51993098918476],[73.6620487712066,4.51990957099659],[73.6621812331851,4.51984161613295],[73.6623208888725,4.51975213739855],[73.6623746844832,4.51967326879575],[73.6626068531701,4.51984599165155],[73.6626354070197,4.51987835042874],[73.6626245859138,4.51992858202298],[73.6625564891237,4.52000383537803],[73.6624919388823,4.52009704213655],[73.6617893521256,4.52094285792961],[73.6617928366906,4.52099311631565],[73.6618285968254,4.52099677182906],[73.6621870300136,4.52058105601419],[73.6622335079481,4.52059191062055],[73.6622657511786,4.52056325395793],[73.6622622261894,4.52053453192115],[73.6622587218615,4.52049504214111],[73.662595675433,4.52009005438378],[73.6626708644223,4.52004711950885],[73.6628608311554,4.51982851375607],[73.662868135357,4.51974596994037],[73.6628145912745,4.51968843893528],[73.6626857045908,4.51975640097749],[73.6626570977406,4.51975275799511],[73.6624357241085,4.51954416050729],[73.6625038595262,4.51944737158927],[73.6625721979631,4.51923930864042],[73.6625723425918,4.51916034057886],[73.6625938949721,4.51911012773734],[73.6626119232616,4.51903119279604],[73.6625726120864,4.51901317308968],[73.6625261943391,4.51897001427031],[73.6625551299727,4.51879418374131],[73.6626881578898,4.51841753566253],[73.6628035464881,4.51790804357828],[73.6629435893493,4.5176067883449],[73.6631191884278,4.51742045925042],[73.66315159605,4.51730206641008],[73.6632518875615,4.51722328440663],[73.6633772618325,4.51711942053151],[73.6634775533441,4.51704063761276],[73.6636063798406,4.51700497959439],[73.663710149629,4.51698004548803],[73.6638103036983,4.51697663980588],[73.6638567088693,4.51702697816865],[73.6639104838189,4.51695887795971],[73.6639464011588,4.51687638575782],[73.6640324714412,4.51675091370013],[73.6640112020302,4.51664678020413],[73.6639684530024,4.51655337509091],[73.663879134412,4.51649936862187],[73.6638148195293,4.51646335505314],[73.6638007034029,4.51635923494877],[73.6637434043625,4.51639861301335],[73.6636791029545,4.51635542090387],[73.6635794743996,4.5160716689823],[73.663468683379,4.51602480250886],[73.6634365066238,4.51601756396949],[73.6633365304209,4.5159240531031],[73.6632543983528,4.51585211277287],[73.6631721351306,4.51585196142886],[73.663068378817,4.51586971703343],[73.6629716967362,4.51593055999832],[73.6629251469365,4.51595918997822],[73.6629250553084,4.51600944244108],[73.6629427880521,4.51609203235394],[73.6628243038593,4.51633948681099],[73.6626486841196,4.51653658308875],[73.6624692977439,4.51683776802019],[73.662411709446,4.51703508177516],[73.6623542127762,4.51718214309832],[73.6623003920126,4.51727536992115],[73.6621388955858,4.5175729975228],[73.6620025007829,4.51783477627812],[73.6618412145619,4.51801754108117],[73.6615618645596,4.5182180345195],[73.6612969801284,4.51833240899646],[73.6612325924822,4.51833587914994],[73.6611324321246,4.51834287318826],[73.6610501940553,4.51832836302136],[73.6609788121262,4.51824567306454],[73.6608822288601,4.51825267426789],[73.6608322735472,4.51818797089538],[73.6607788085164,4.51808736776051],[73.6607181165391,4.51802623482686],[73.6605533125154,4.51817668729717],[73.660667376997,4.51838867652563],[73.6605774592303,4.51866130872621],[73.6605556705931,4.51884074197589],[73.6604621622602,4.51912054714179],[73.6603867289292,4.51929629162151],[73.6603294029393,4.51935002743456],[73.6601967559078,4.5195184867871],[73.6600319446976,4.51967252819921],[73.6598743469591,4.51979427885876],[73.6596774039095,4.51991595606509],[73.6594662737665,4.51997299630635],[73.6592909369961,4.52001574581274],[73.6590798463791,4.52005124875786],[73.6588616482915,4.52006161352199],[73.6585074308969,4.52012915732073],[73.6583248617901,4.52021496616288],[73.6582567587118,4.52029380784111],[73.6582135156107,4.52046961114073],[73.6581988919362,4.52064187888227],[73.6582165375433,4.52077113115396],[73.6583415363184,4.52087186734887],[73.6584487646206,4.52091154964525],[73.6585509704421,4.52095959878507]]]},"properties":{"OBJECTID":1524,"FCODE":"LD1762","atoll":"Kaafu","islandName":"Kassanfushi","capital":"N","islandNa_1":"ކައްސަންފުށި","longitude":"73° 39' 40.409\" E","latitude":"4° 31' 7.382\" N","Area_ha":10.7636594895,"category":"Uninhabited Island","Sector":"Tourism","Usage":" ","PrimAgency":"MoT","Shape__Area":107636.58471679688,"Shape__Length":2509.9164332398973}},{"type":"Feature","id":1525,"geometry":{"type":"Polygon","coordinates":[[[73.6680420729657,4.37692552787794],[73.6680743206878,4.37690026031006],[73.6681110438166,4.37693687006883],[73.6681502705501,4.37690011879018],[73.6672984340988,4.37634041014503],[73.667264132828,4.37633831511183],[73.6672414324008,4.37637065332353],[73.6672942416614,4.3764301284361],[73.6673262908558,4.37644374749368],[73.667260018544,4.376439500999],[73.6672120485078,4.37643286478739],[73.6671664715836,4.37644685466303],[73.6671164722532,4.37648148585166],[73.6670938544709,4.37651366999749],[73.6670668017062,4.37656416037375],[73.6670670676075,4.37661220997562],[73.6670832004517,4.37664874092726],[73.6671084547893,4.37668980320164],[73.6671723483622,4.37671931906116],[73.66724304847,4.37673739778203],[73.6672544427011,4.37673736553701],[73.667313837511,4.37676691811816],[73.6675128341094,4.37691498912571],[73.667540410592,4.37699254649253],[73.6675701834554,4.37703812394791],[73.6676204909079,4.37708139408967],[73.6676913581024,4.37712693123338],[73.6677508023197,4.37716336363344],[73.667817113259,4.37717702387965],[73.66789263193,4.37716790032925],[73.6679751556636,4.37712682374996],[73.6680327062323,4.37701711093652],[73.6680420729657,4.37692552787794]]]},"properties":{"OBJECTID":1525,"FCODE":"LD1763","atoll":"Kaafu","islandName":" ","capital":"N","islandNa_1":" ","longitude":"73° 40' 3.364\" E","latitude":"4° 22' 36.355\" N","Area_ha":0.495840384201,"category":"Uninhabited Island","Sector":" ","Usage":" ","PrimAgency":" ","Shape__Area":4958.403564453125,"Shape__Length":344.17304296379888}},{"type":"Feature","id":1526,"geometry":{"type":"Polygon","coordinates":[[[73.661069023642,4.37553433874634],[73.661051537935,4.37546429344056],[73.6610372071112,4.37546557876597],[73.661034599302,4.37546426746533],[73.6610137440143,4.37545638980881],[73.6610085364806,4.37545638174753],[73.6609811863735,4.3754498073303],[73.6609785830558,4.3754498028518],[73.6609590527832,4.37544324097427],[73.6609512491183,4.37544323112161],[73.6609187381899,4.37544057448376],[73.6609135360461,4.375439260496],[73.6609070376333,4.37543925243474],[73.6609031398433,4.37543924795623],[73.6608693676802,4.37543920406706],[73.6608654725851,4.37543919958857],[73.6608265737367,4.37545350387254],[73.6608239829954,4.37545480532049],[73.6607941867757,4.37546650312544],[73.6607115282949,4.37552665635248],[73.6606375241834,4.37556716156489],[73.6605583736238,4.375637540956],[73.6604595679256,4.37574685807363],[73.6604362099316,4.37578717696917],[73.6604273633227,4.37585086727673],[73.6604345031326,4.37591312715135],[73.6604440800718,4.37596366235295],[73.6604515145291,4.37603891160854],[73.6604502236501,4.3760402121598],[73.660434746576,4.37608177426616],[73.6604321675129,4.37608696840967],[73.6604308784304,4.37609086289766],[73.6604167030152,4.37613369778571],[73.6604167048119,4.37613759048209],[73.6604180181488,4.37617652461008],[73.6604193126211,4.37618301303407],[73.6604193153161,4.37618690662588],[73.6604219141422,4.37621805356811],[73.6604219159388,4.37622064840014],[73.6604219213287,4.37622973255149],[73.6604193593335,4.37626476323065],[73.6604193620285,4.37626865592632],[73.6604180765393,4.37627773470288],[73.6604090709286,4.37632441749086],[73.6604090763185,4.37633220019445],[73.6604090808101,4.37634128076168],[73.6604065251031,4.37638277836117],[73.6604052378173,4.37638796264994],[73.6604052405122,4.3763905565857],[73.6603949557005,4.37644887087468],[73.6603949583955,4.37645146391456],[73.6603948910218,4.37650208596233],[73.6603957309466,4.37656465838067],[73.6603954434857,4.37660381193192],[73.6603967244833,4.37660642378082],[73.660409448221,4.37664692893479],[73.6604107310152,4.37664954436635],[73.660437917629,4.37668993039042],[73.6604679896314,4.37672368378609],[73.6604732115382,4.37672757737504],[73.6605058437392,4.37675094159559],[73.6605097621905,4.37675483518443],[73.6605332989492,4.37678726921759],[73.6605359184366,4.37679245708634],[73.6605424950028,4.37681579712107],[73.660543811933,4.37682098319823],[73.6605438820016,4.37684560945084],[73.660529642806,4.37687281172281],[73.6605101843987,4.37689352736738],[73.6604868650322,4.37692588705181],[73.6604700880959,4.3769672959451],[73.6604610564341,4.37698928437011],[73.6604597610634,4.37699057864989],[73.6604455227662,4.37700997134925],[73.6604416977397,4.37703195260746],[73.660428743135,4.3770448730118],[73.6604105774033,4.3770539087856],[73.6603911136061,4.37706294276785],[73.6603885255597,4.37706552595294],[73.6603730080615,4.37708619053755],[73.6603743761957,4.37710427999792],[73.6603769849033,4.37710686586997],[73.66039390557,4.37711462975585],[73.6604198686783,4.37710819060317],[73.6604315225225,4.37709657343644],[73.6604496918474,4.37708883462983],[73.6604535851459,4.37708754482873],[73.6604717391995,4.3770746351735],[73.6604756298029,4.37707205288415],[73.6604976798499,4.37705655735644],[73.6604976717651,4.37705397237992],[73.6605313496051,4.37701132295347],[73.6605715510106,4.37696865292354],[73.6605988211677,4.3769025264195],[73.6606261640884,4.37682723963151],[73.6606522206215,4.37676232409543],[73.6606535276702,4.37676102264971],[73.660693752432,4.37674165323201],[73.6607196140307,4.376722321433],[73.6607209049098,4.37672103252695],[73.6607428974646,4.37670296544968],[73.6607609571951,4.37667580885202],[73.6607818017029,4.37662639958807],[73.6607831006668,4.37660298699608],[73.6607726640398,4.37657436593211],[73.6607661413726,4.37655225030608],[73.6607661395759,4.37654834686353],[73.6607661350844,4.37652883502464],[73.6607940987408,4.37639742567867],[73.6608563394136,4.37618898643267],[73.6609260262218,4.37597041680067],[73.6610185320348,4.37568242970297],[73.6610599614374,4.37556449955327],[73.661069023642,4.37553433874634]]]},"properties":{"OBJECTID":1526,"FCODE":"LD1764","atoll":"Kaafu","islandName":" ","capital":"N","islandNa_1":" ","longitude":"73° 39' 38.511\" E","latitude":"4° 22' 34.308\" N","Area_ha":0.729082690826,"category":"Uninhabited Island","Sector":" ","Usage":" ","PrimAgency":" ","Shape__Area":7290.8251953125,"Shape__Length":455.91998772969754}},{"type":"Feature","id":1527,"geometry":{"type":"Polygon","coordinates":[[[73.6655546029097,4.37576930065277],[73.6654777978512,4.37579719354607],[73.6654965160468,4.37581729387677],[73.6654979560462,4.37581872967862],[73.6654742387261,4.37584193449352],[73.6654412480973,4.375882046478],[73.6654398134878,4.37588347780127],[73.6654054062158,4.37591495258107],[73.6654025369967,4.37591637942576],[73.6653753270268,4.37594927567466],[73.6653739005021,4.37595356785266],[73.6653710420629,4.37595928866664],[73.6653435419371,4.37602240123533],[73.6653605865713,4.3760490795548],[73.665396981815,4.37604661549384],[73.6654236635756,4.37603445462289],[73.6654576558259,4.37603441789934],[73.6654649483494,4.37603926630434],[73.6654868205299,4.37604895505299],[73.6654989720408,4.37605379808371],[73.6655014010853,4.37605379539661],[73.6655621505547,4.37606587565457],[73.6655718712244,4.3760658666976],[73.6655767320084,4.37606586042772],[73.6656229143972,4.37606581653861],[73.6656350703996,4.37606580489456],[73.6657056016241,4.3760657359259],[73.6657153339719,4.37606572696896],[73.665722633682,4.3760681489321],[73.6658029403734,4.37609480396184],[73.6658151107489,4.37609722323784],[73.6658881285101,4.37613847005587],[73.665892994684,4.3761433256258],[73.6659611301017,4.37619428985037],[73.6659659980722,4.37619671539591],[73.6660267870675,4.37626466828685],[73.6660292188069,4.37626709472784],[73.6660681266385,4.37630348865483],[73.6660754263485,4.37630833974517],[73.6660802889292,4.3763131917312],[73.6661143234003,4.37635200493108],[73.6661557258535,4.37636899180731],[73.6661679177885,4.3763689962858],[73.6662093831237,4.37636901061695],[73.6662142627723,4.37636901240834],[73.6662533942844,4.37634233230889],[73.6662534023692,4.37633990497242],[73.6662706491244,4.37629377482998],[73.6662709132291,4.37621601675481],[73.6662687321195,4.37614304795993],[73.6662371356761,4.37608952472721],[73.6662346895635,4.37608952920571],[73.6661883939871,4.37604088124507],[73.666181082599,4.37603358400593],[73.6660688812234,4.37593877721504],[73.6659859280951,4.37589751157632],[73.6658956842399,4.37586357273422],[73.6657518621663,4.37582244771574],[73.6656519892697,4.37580073871381],[73.6655935520638,4.37578382168905],[73.6655546029097,4.37576930065277]]]},"properties":{"OBJECTID":1527,"FCODE":"LD1765","atoll":"Kaafu","islandName":" ","capital":"N","islandNa_1":" ","longitude":"73° 39' 56.999\" E","latitude":"4° 22' 33.789\" N","Area_ha":0.308656077894,"category":"Uninhabited Island","Sector":" ","Usage":" ","PrimAgency":" ","Shape__Area":3086.563720703125,"Shape__Length":273.20775161042747}},{"type":"Feature","id":1528,"geometry":{"type":"Polygon","coordinates":[[[73.4538142281377,3.85385543810546],[73.4543921996999,3.85368734003339],[73.4544023695272,3.85369748328082],[73.4546443981227,3.85368866474133],[73.4547123278261,3.85373929045258],[73.4550227424692,3.85370126649607],[73.4550632681666,3.85374502756691],[73.4554758356305,3.85367489960956],[73.4554288645209,3.85335714620672],[73.4557425589131,3.85330490357543],[73.455792220477,3.85360602017035],[73.4558758383585,3.8535905126607],[73.4558327335979,3.85329266660261],[73.456265582326,3.85321867382867],[73.4564553568197,3.85332046665994],[73.4564970072078,3.85367133598381],[73.4584761368142,3.85362133139346],[73.45848522507,3.85337466319039],[73.4584955026951,3.85336101188167],[73.4585149206783,3.85333597865595],[73.4585263454521,3.85330867693332],[73.458534348543,3.85327682746196],[73.4585400654214,3.85325862302603],[73.4585503529281,3.85324041231567],[73.4585732087639,3.85321876704228],[73.4585969826778,3.85318983766297],[73.4586347559372,3.85312501566539],[73.4586498638037,3.85306168328821],[73.4586438127519,3.85301493396861],[73.4586332288012,3.85297874108975],[73.4586165991887,3.85294255089818],[73.4586226412573,3.85291389398011],[73.4586377536153,3.8528882476823],[73.4586392636833,3.85287014810336],[73.4586362390558,3.85285657565962],[73.458628680631,3.85284149566428],[73.4586120510184,3.85282491528751],[73.4586165812224,3.85279172943698],[73.4586256452236,3.85274194528108],[73.4586316899872,3.85272534697666],[73.4586316890888,3.8527072447054],[73.4586528399222,3.8525654021888],[73.458628646495,3.85252771607941],[73.4586210880702,3.85253678110941],[73.4586210889685,3.85254734203954],[73.4586346966484,3.85256090104394],[73.4586195905786,3.85267406960572],[73.4585954061345,3.85266353825459],[73.458557621197,3.85264397324454],[73.4584956724767,3.85262594894837],[73.4584563999291,3.85261845689993],[73.4584095860247,3.85260796229581],[73.4583476894067,3.8525944740987],[73.458246591208,3.85258707078223],[73.4581515835869,3.85258719715845],[73.4580295052348,3.85257982879706],[73.4578732918001,3.85258797603037],[73.4578038915545,3.85257443405585],[73.4577284815797,3.85254585151704],[73.4575099304542,3.85247218671859],[73.4574120302579,3.85244515116503],[73.4573427755394,3.85243465297361],[73.4572728434912,3.85242804645355],[73.4572140487558,3.85241601113232],[73.4571635805049,3.85239711743441],[73.4571018482785,3.85236707304798],[73.4570205507453,3.85232050473985],[73.4569247005045,3.85225968369514],[73.4568523861241,3.85221009579469],[73.4567544742497,3.85212896311414],[73.456689709311,3.85207337905386],[73.4565694895731,3.85196273524972],[73.4565127070641,3.8519017940771],[73.4564487074899,3.85180981720161],[73.4564027371036,3.85174926231738],[73.4563421484326,3.85164450438314],[73.4562700622243,3.85153923913786],[73.4562114633217,3.85142595121905],[73.4561259985039,3.85120954012415],[73.45608297549,3.85105930721627],[73.4560074181915,3.85080463980389],[73.455980280985,3.85066888455358],[73.4559641481409,3.85056056822527],[73.4559152348736,3.85029070141682],[73.4558961519621,3.85004011726249],[73.4558794693489,3.84977097897144],[73.4558776394807,3.84956337080126],[73.455880261663,3.84948900663963],[73.4558881928887,3.84945921131878],[73.4558962876077,3.84944760348526],[73.4558994388977,3.84943269372434],[73.4558993248117,3.84941944388968],[73.4558910396498,3.84940953004114],[73.4558762408038,3.84940460583137],[73.4558614608224,3.84940133975557],[73.4558434837369,3.8494063625571],[73.4558205111202,3.84940146613226],[73.4557974864011,3.84938995240825],[73.4557743862236,3.84937016414706],[73.4557576820509,3.84933544819702],[73.4557494813307,3.84929585195331],[73.4557380134378,3.84923812020004],[73.4557396277103,3.84918032659891],[73.4557379613355,3.84909778645594],[73.4557379379793,3.84903669450167],[73.4557281086134,3.84898723906423],[73.4557106381778,3.84894789555789],[73.4556858554557,3.84893461344925],[73.4556594360032,3.84891638561692],[73.4556198364689,3.84889483613652],[73.4555901588268,3.84885685229662],[73.4555621466613,3.848809011962],[73.4555357918875,3.84872991084527],[73.4554865354638,3.84861136850374],[73.4554361399764,3.84845875011069],[73.4553696673403,3.84829378440198],[73.4553211008228,3.84820272673017],[73.4552661086561,3.84810865124016],[73.4552174963245,3.84800470400051],[73.4551118894814,3.84771031746165],[73.4550418424488,3.84745832268282],[73.4549791193807,3.84722807095143],[73.4549609509541,3.84715150171002],[73.4549498127429,3.84709637801844],[73.4549375884685,3.84706790464324],[73.4549238792789,3.84704776946344],[73.4549040247145,3.84701284547921],[73.4548687829076,3.84698961898982],[73.4548320561855,3.84697798513019],[73.4547971269923,3.84697464734178],[73.4547424689989,3.84698126465969],[73.4546680750186,3.84699617177463],[73.4545904677646,3.84701439158146],[73.4545392422338,3.84702604157383],[73.4544599766898,3.8470410105321],[73.454382472742,3.8470526470797],[73.4543344335356,3.8470526085392],[73.4542845662575,3.84704592848148],[73.4542629051811,3.84703102495256],[73.4541723972212,3.84685530347157],[73.4541838543344,3.84684526859386],[73.4541885749812,3.84682521766018],[73.4541782263891,3.84679179136971],[73.4541497992019,3.84677176194581],[73.4541232881213,3.84677182378989],[73.4540935844281,3.84678357506653],[73.4540802552259,3.84680509681532],[73.4540803279894,3.8468266866817],[73.4540954879582,3.84685331818629],[73.4541122630978,3.84686500582507],[73.4541373575353,3.84686677151897],[73.4541507603993,3.84687677592253],[73.45419609927,3.8469680345053],[73.4541911441629,3.84698622563139],[73.4541778940125,3.84702094436607],[73.4541479747236,3.84706391077011],[73.4541264115635,3.84711186144652],[73.4541182943866,3.84718626614877],[73.4541180087224,3.84724217140026],[73.4541026771754,3.84750316141593],[73.4541057628884,3.84768077662504],[73.4541119181447,3.84788900369438],[73.4541211249781,3.84794416049743],[73.4541671250088,3.84803917711019],[73.4542450870974,3.84823569944258],[73.4543216630855,3.84838872030967],[73.4543622822077,3.84850576229342],[73.4543790016518,3.8485964811354],[73.4543862205134,3.84870394982383],[73.4544031905874,3.84895741414829],[73.4543124068448,3.8490369795216],[73.4543459472426,3.84908711075801],[73.454269375746,3.84915482538739],[73.4543317152335,3.84923835682029],[73.4542862371239,3.8492891790835],[73.4544012825657,3.84941299688558],[73.4543965601223,3.84947502095296],[73.4543918538485,3.84955411303758],[73.4543919050525,3.84960446024909],[73.4543967083443,3.84961883313022],[73.4541398485636,3.8496944753877],[73.45414467072,3.84971614495051],[73.4541229817958,3.849723514233],[73.4541350389835,3.849776521618],[73.4541133347879,3.84978391689232],[73.4541785093584,3.85002993722368],[73.4542098497821,3.85001997139752],[73.4542243117598,3.8500679541739],[73.4542435770294,3.85006292868739],[73.4542508012809,3.85009411681855],[73.4544188850537,3.85005378834285],[73.4544380488137,3.85013514081169],[73.4545050316928,3.85031886187989],[73.4545599510961,3.8504186213815],[73.4546028752953,3.85050408956766],[73.4546637352575,3.85064338159406],[73.4546997199711,3.85078686015517],[73.4547237894309,3.85090646519025],[73.4547358313472,3.85098064997068],[73.4547239439411,3.85103815126005],[73.4547096104224,3.85105495753597],[73.4546138266569,3.85106720171125],[73.4545994311545,3.85105284857287],[73.4545850392453,3.85104329594698],[73.4545634626105,3.85104337482023],[73.4545490778879,3.85105782834289],[73.4545442862742,3.85107225049528],[73.4545442961556,3.85108905856308],[73.4545515051358,3.85110823372414],[73.4545659078247,3.85112257252097],[73.4545779425546,3.85118974563127],[73.4545996081226,3.85129772397944],[73.4546165018398,3.85144420678255],[73.4546141168127,3.85163134510782],[73.4546045210089,3.85175855053093],[73.4545733054511,3.85183560783399],[73.4545396761201,3.851881600753],[73.4545180437897,3.85191307114761],[73.4545090031447,3.85191555475612],[73.454502316984,3.8519055342786],[73.4544844809341,3.85189551200843],[73.4544688628246,3.85189551559356],[73.4544498832192,3.85190220995381],[73.4544364758636,3.85191002287894],[73.4544320067451,3.8519234133917],[73.454354732766,3.85193241927327],[73.4543491191938,3.85190000598649],[73.4543648235416,3.85189888562898],[73.4543659437408,3.85188771073489],[73.4543569713677,3.8518832391639],[73.4543457496132,3.85188323737131],[73.4543255384176,3.85189218320213],[73.4543345368418,3.85200959935173],[73.4543446437871,3.85202857551658],[73.4543614746222,3.85203299062081],[73.4543715662962,3.85202848857684],[73.4543704434021,3.85201508462145],[73.4543625939231,3.85201510792488],[73.4543569821475,3.85198382933921],[73.4543547363593,3.85197042179797],[73.4543693160164,3.85196368979425],[73.4543928491819,3.85197258274335],[73.4544163562962,3.85198481435745],[73.4544454275754,3.85202378486856],[73.4544755831212,3.85209504228214],[73.4544878990237,3.85216868739494],[73.4544857242024,3.85226039624222],[73.4544689948769,3.85231541831923],[73.454445517407,3.85235265629523],[73.4544309629027,3.85237525971991],[73.4544231188137,3.85237823538779],[73.4544119060423,3.85237713026775],[73.4543995667836,3.85237938263323],[73.4543860956475,3.85238723857567],[73.454379355588,3.85239845110722],[73.45437485952,3.8524051822112],[73.4542475098537,3.85240428861458],[73.4542407976419,3.8523492441362],[73.4542295022256,3.85234138550453],[73.4542159277833,3.85234251392805],[73.4542125195751,3.85235150636089],[73.4542170336094,3.85236049431221],[73.4542237772623,3.85250210562137],[73.4542328152123,3.85250994632584],[73.4542429778531,3.85249980754566],[73.454248621968,3.8524930513464],[73.4542474918874,3.85248631217655],[73.4542474918874,3.85247844906472],[73.4542452281329,3.8524368847244],[73.4543332306914,3.85242993940843],[73.454361354248,3.85245679122397],[73.4543916948467,3.85252624258629],[73.4544107957246,3.85260468995829],[73.4544175402757,3.85266852518546],[73.45441417878,3.852731292036],[73.4544085661061,3.85277730193604],[73.4543928312155,3.85280778996908],[73.4543703302143,3.85284286608408],[73.4543365400849,3.8528668076492],[73.4543094801336,3.85287718573307],[73.4542767518128,3.8528853661261],[73.4542541609801,3.85288895036972],[73.45416026727,3.8528829846969],[73.4541592054613,3.85284456095906],[73.4541807246039,3.8528421284415],[73.4541886540329,3.85283754842504],[73.4541864019565,3.85283078953961],[73.4541750903705,3.85282748852184],[73.4541615033518,3.85282759517976],[73.4541490275491,3.85283560259022],[73.454139943785,3.85284471601636],[73.4541353713602,3.85286397359604],[73.4541353048848,3.85289564382584],[73.454131778099,3.85295564830955],[73.4541408331171,3.85296577453631],[73.4541510254023,3.85297363853993],[73.4541600903019,3.8529769888528],[73.4541691641845,3.85297469525979],[73.4541691758626,3.85296792293119],[73.4541635173747,3.85296343075134],[73.4541544560684,3.85295895022312],[73.4541510694198,3.8529510620197],[73.4541579568031,3.85290591166636],[73.4542868866059,3.85291116299989],[73.4543083105271,3.85293360687097],[73.4543297200753,3.85296955148085],[73.4543578858527,3.85301784958316],[73.4543939289568,3.8531235717507],[73.4544266114635,3.85323727442327],[73.4544254894677,3.85327262119851],[73.4544277523239,3.85333224652727],[73.4544164865519,3.8534042513325],[73.454399576665,3.85345040639418],[73.4543792675531,3.85349217683041],[73.4543566830085,3.85352045370446],[73.4543374797227,3.85353405750755],[73.4543205294116,3.8535420138232],[73.4543092250121,3.85354656605106],[73.4542821282298,3.85351387856277],[73.4542900576589,3.85349465774544],[73.4542912012142,3.85348110592622],[73.4542821776372,3.85346419662556],[73.4542663690848,3.85345407398988],[73.4542482859981,3.85345298858948],[73.4542335850685,3.85345866117329],[73.4542199971515,3.85347111235566],[73.4542120560444,3.85348694611502],[73.4542120335865,3.85350163352641],[73.4542199279813,3.85351743412263],[73.4542346190294,3.85352869683119],[73.4542481889801,3.85353204893447],[73.4542628961979,3.85352748774368],[73.4543792289255,3.85366958195573],[73.4537949862243,3.85383624149551],[73.4537961189998,3.85385205284095],[73.4538040412423,3.85385543900176],[73.4538142281377,3.85385543810546]]]},"properties":{"OBJECTID":1528,"FCODE":"LD0756","atoll":"Kaafu","islandName":"Olhuveli","capital":"N","islandNa_1":"އޮޅުވެލި","longitude":"73° 27' 21.362\" E","latitude":"3° 51' 2.746\" N","Area_ha":15.4697318136,"category":"Tourism Island","Sector":"Tourism","Usage":"Resort","PrimAgency":"MoT","Shape__Area":154697.3125,"Shape__Length":2994.088722393004}},{"type":"Feature","id":1529,"geometry":{"type":"Polygon","coordinates":[[[73.4624730298725,3.85339743419309],[73.4625061381806,3.85337046947542],[73.4625298016018,3.85335523801709],[73.4625451888443,3.85334586377765],[73.4625582135176,3.85333647788642],[73.4625617672529,3.85332234079087],[73.4625499265591,3.85332230225063],[73.4625286194189,3.85332812541111],[73.4625156019321,3.85333751130245],[73.4624765764213,3.8533644688509],[73.4624517604615,3.853384395047],[73.4624399476155,3.85339612292897],[73.4624304991354,3.85338431169256],[73.4624198702689,3.85336425912032],[73.4624104208904,3.85331831736968],[73.4624021536949,3.85327591235542],[73.4623962472719,3.85323351719821],[73.462396244577,3.85320643864717],[73.4624033233014,3.85316524002654],[73.4624269364169,3.85311344731841],[73.4624529282714,3.85307340758946],[73.4624813042546,3.853051026462],[73.4625096991024,3.85304160292356],[73.4625298195681,3.85307935264638],[73.4625523142812,3.853111217362],[73.4625688980796,3.8531312923473],[73.4625771922247,3.85313012269575],[73.4625771940213,3.85311950351434],[73.4625392940994,3.85305576601601],[73.4625274561006,3.85302391384634],[73.4625203549183,3.8529873472171],[73.462522724674,3.8529566727632],[73.4625262784093,3.85292363480486],[73.4625262820026,3.85288823423803],[73.462514444902,3.85283279094411],[73.46249787368,3.85278208451324],[73.4624765746246,3.85274320456167],[73.4624470029838,3.85270436763003],[73.462387600089,3.85265058334809],[73.4623497343031,3.85261998865144],[73.4623118963651,3.85257999102472],[73.4622953511942,3.85255528850526],[73.462279993596,3.85252705641338],[73.4622622761237,3.85249295096245],[73.4622516481556,3.85246472155738],[73.4622457444275,3.85244590135597],[73.4622339405647,3.85244122901993],[73.4622304003041,3.85244830340094],[73.4622327592801,3.85245889122071],[73.4622575518836,3.85252710750167],[73.4622858982224,3.85258121266155],[73.4622941672146,3.85260357318683],[73.4622929850317,3.85261652630149],[73.462282352572,3.85263184650529],[73.4622481087934,3.85265189102822],[73.4621749859292,3.85266489254153],[73.4621137459797,3.85267198932777],[73.4621113923936,3.85267081698675],[73.4620772725825,3.85266496603692],[73.4620301909801,3.85263675635583],[73.4619866298754,3.85261442630515],[73.4619478100787,3.85260736716237],[73.4618949217663,3.85260265090927],[73.4618549988385,3.85260732055554],[73.4618233188517,3.85260964910465],[73.4617811079148,3.85260962759381],[73.4617237055682,3.85259438267759],[73.4615413502604,3.85249967041401],[73.4613381495465,3.85239876570342],[73.4612084965999,3.85229612846086],[73.4611105532845,3.85219134549792],[73.4610558081544,3.8521122491769],[73.4610243707127,3.85204829201309],[73.4610080716802,3.85200643366994],[73.4609522557584,3.85193678508228],[73.4608941805735,3.85189278998779],[73.4608013953845,3.8518524678713],[73.4607307231245,3.85181557942499],[73.4607063823735,3.85177387343904],[73.4606970937935,3.85173443146995],[73.4606528176297,3.85156364591229],[73.4605842842584,3.85136298977805],[73.4605343747595,3.8512204228377],[73.4604450705422,3.85105605010969],[73.4603785781432,3.85096940336156],[73.4603351140565,3.850895492844],[73.4603146558242,3.85082407847974],[73.4602967488073,3.85072968599366],[73.4602916212237,3.85065822411226],[73.4602916032574,3.850584183606],[73.4602967011966,3.85053565053823],[73.4602890206009,3.85047353602309],[73.4602609114174,3.85044550014913],[73.46023025551,3.85043023278696],[73.4601919495497,3.85042773752239],[73.4601562109744,3.850432894761],[73.4601255874063,3.85044314380917],[73.4600924144195,3.85043809143627],[73.4599826645463,3.85040250881964],[73.4599086748079,3.85037709637724],[73.4598245188355,3.85036444886256],[73.4597556935117,3.85035943413326],[73.4596766974622,3.85035952734717],[73.459590091784,3.85036217498086],[73.4595009816028,3.85037755975792],[73.4594119145407,3.85039803007055],[73.4593432167776,3.85041337272145],[73.4592730080483,3.85043620475095],[73.4592271301884,3.85046427558044],[73.4592271337817,3.85047954831973],[73.4592093031216,3.85052029623776],[73.4591608938092,3.85057125555644],[73.4590997517761,3.85059168373891],[73.4590972050522,3.85059168642778],[73.4590513559385,3.85059428297237],[73.4590462624908,3.85059428924634],[73.4589876932326,3.85060198745869],[73.4589749614101,3.85060200179929],[73.458969869759,3.85060455173687],[73.4589316841729,3.8506122248531],[73.4589164110165,3.85061478644241],[73.4589062313077,3.85061988362863],[73.458847700677,3.85063774932444],[73.4588375236632,3.85064284471797],[73.4588324347071,3.85064539286287],[73.4587688447647,3.85069376728151],[73.4587230791943,3.85074465399052],[73.4587027476244,3.8507904246893],[73.4586976829229,3.85084889039647],[73.4586977017875,3.85089972600783],[73.4587129848254,3.85096071923685],[73.4587613312557,3.85101916521401],[73.4588173142642,3.85106999095605],[73.4588885713275,3.85110302988267],[73.4589700278625,3.85113099223942],[73.4590515095504,3.85115387713059],[73.4591228312923,3.85119202847363],[73.4591814355849,3.85124799351332],[73.4592298664568,3.85133957877228],[73.4592619964995,3.85141440167095],[73.4593362988516,3.85159584499945],[73.4593929762578,3.85176586332971],[73.4594187031093,3.85189672109826],[73.459418733652,3.85199682189988],[73.4594084937561,3.85210462985136],[73.4593982430804,3.85217649762875],[73.4593905543998,3.85223039397639],[73.4593905768577,3.85230223933604],[73.4594008751441,3.85238177123411],[73.4594163216754,3.85250491368344],[73.4594060736947,3.85258444914775],[73.4593983895058,3.85264345429538],[73.4594009892302,3.8527460601261],[73.4594061446616,3.85281275090686],[73.459411297398,3.85286918101188],[73.4593933319907,3.85289738978895],[73.4593522646092,3.85295123231384],[73.4593240305598,3.85297429999814],[73.4592932327186,3.85299479982572],[73.4592547354171,3.85300247292038],[73.459223946559,3.85302296736957],[73.4591982915728,3.8530408984437],[73.4591829088219,3.85307165176761],[73.4591777875265,3.85309984619745],[73.4591931900403,3.85311779967709],[73.4592265489784,3.85312038545852],[73.4592393993786,3.85317166549141],[73.459236853553,3.85323062219894],[73.4592445718779,3.85328189595117],[73.459265123535,3.85334087416188],[73.4592882344923,3.85338447840145],[73.4593164829148,3.85342809070541],[73.4593395929738,3.8534665780531],[73.459378101055,3.85349997181525],[73.4594191783181,3.85353081654354],[73.4594628274577,3.85354371855588],[73.4594987807303,3.85355404554334],[73.4595373094729,3.85355154670278],[73.4595681369585,3.85354390319046],[73.4596118166408,3.85352601604484],[73.4596349428695,3.85350809035865],[73.4596991975651,3.85351589699503],[73.4597763269154,3.85350062431023],[73.4597891836038,3.85348267532011],[73.4598200425304,3.85347245498966],[73.4598843493284,3.85346999020765],[73.4599255173212,3.85348546276443],[73.4599769862954,3.85350865860291],[73.4600181704579,3.85351386422223],[73.4600773802149,3.8534934137028],[73.4601366196163,3.85347558481462],[73.4602268131658,3.85343214191089],[73.4602809609162,3.85340915311203],[73.4603144923308,3.85337582836021],[73.4603428737039,3.85332449187369],[73.4603583579644,3.85329625174082],[73.4603686814037,3.85327056870683],[73.4603970753532,3.85324234470526],[73.4604487105157,3.85322958250878],[73.4604926156752,3.85321937382695],[73.4605365325128,3.85323745457649],[73.4605701241146,3.85324523253424],[73.4605959749335,3.85323241745698],[73.4606218320407,3.85320931123944],[73.4606528634438,3.85319907208371],[73.4606864882832,3.8531965562127],[73.4607278817532,3.8531940519934],[73.4608029575547,3.85317616215159],[73.4608625374176,3.85318141975743],[73.4609351060212,3.8531867051481],[73.4610089502325,3.85319437017447],[73.4610662681376,3.85320094621491],[73.4611677490186,3.85321631301496],[73.4613122744731,3.85322457138147],[73.4613679628342,3.85323277328198],[73.4614318635936,3.85323561091904],[73.461455003297,3.85323685765092],[73.4614734043873,3.85324417222957],[73.4614973310149,3.85326248601255],[73.4615673133687,3.85327159136754],[73.4616834673316,3.85329351807293],[73.4618127187314,3.85332649238073],[73.4619162612459,3.85336320329721],[73.4619884444723,3.85339260680509],[73.4620773588208,3.85345147745401],[73.462121875733,3.85347725548865],[73.4621404430116,3.85350855821907],[73.4621478819605,3.85353801998039],[73.4621516054773,3.85355827600507],[73.4621460431091,3.85357484023443],[73.4621627598582,3.85358222472033],[73.4622203499527,3.85357676455674],[73.4622947277633,3.85356947418063],[73.462344964249,3.8535455595238],[73.4623784651209,3.85351608521474],[73.4624063919464,3.85348475201092],[73.4624268798231,3.85346631633806],[73.4624529965433,3.85342574154398],[73.4624730298725,3.85339743419309]]]},"properties":{"OBJECTID":1529,"FCODE":"LD1767","atoll":"Kaafu","islandName":" ","capital":"N","islandNa_1":" ","longitude":"73° 27' 37.763\" E","latitude":"3° 51' 7.445\" N","Area_ha":7.1645404508,"category":"Uninhabited Island","Sector":" ","Usage":" ","PrimAgency":" ","Shape__Area":71645.400634765625,"Shape__Length":1517.2333290215145}},{"type":"Feature","id":1530,"geometry":{"type":"Polygon","coordinates":[[[72.7315930445239,3.73980332480011],[72.7317429706499,3.73971884425164],[72.7319116931249,3.73964788144518],[72.7320483430493,3.73957413619936],[72.7322658665021,3.73942942812317],[72.7324011231394,3.73932368038122],[72.7325112790511,3.73923323691415],[72.7326375678071,3.73910220161802],[72.7327128645942,3.73897975653422],[72.7327784011857,3.73886009386929],[72.7328146553939,3.73873208298263],[72.7328327824981,3.73855676437655],[72.7328341757851,3.73842736222697],[72.732811866125,3.73836196598384],[72.7327939097008,3.73831602797517],[72.7327757825967,3.73827289391559],[72.732745106028,3.73823393530358],[72.7327102469034,3.73819080034354],[72.7326600472487,3.73813096985568],[72.7325986950098,3.7380794875754],[72.7325512864206,3.73803635260778],[72.7325066653038,3.7380113079713],[72.732439734527,3.73800435097832],[72.7324020870317,3.73800713431336],[72.7323176516832,3.73802800439572],[72.7322423548961,3.73804887627038],[72.7321405649947,3.73806139903637],[72.7320569004007,3.73807253058296],[72.7319648715931,3.73809201034096],[72.7318616875063,3.73811705587153],[72.7317933616457,3.7381323619712],[72.7316999377545,3.73816436449242],[72.7316413738862,3.73819358367799],[72.7315563169035,3.73822141343645],[72.7314949637663,3.73824089319113],[72.7314545252054,3.738260372049],[72.7314285261644,3.73830126509946],[72.7313992455778,3.73834300704244],[72.7313588079153,3.73838474987985],[72.7313197644381,3.73843762336086],[72.7313030324176,3.73848215042372],[72.7313030315193,3.73851136959871],[72.7313127926131,3.7385238923581],[72.7313420749964,3.73854058877273],[72.7313239478924,3.73858094038236],[72.7312221579909,3.7386880794321],[72.7311189730057,3.73882304731174],[72.7310339151248,3.73897682171014],[72.7309976609165,3.73903665303665],[72.7309544357817,3.73914796568329],[72.7309349135939,3.73924675735969],[72.7309000544693,3.73933580781534],[72.7308819264669,3.73941790217657],[72.7308861099212,3.73947912469002],[72.7308693770024,3.73951390959592],[72.7308861099212,3.73953756476541],[72.7308847148375,3.73958765484682],[72.7308693770024,3.73962104942808],[72.7308833215505,3.73966000887485],[72.7308791380963,3.73970592529944],[72.730879137198,3.73975045050509],[72.730900053571,3.73977549598829],[72.7309753296969,3.73980889145877],[72.7310980359714,3.73980750024229],[72.7311761220275,3.73980332480011],[72.7312807011979,3.73981584843743],[72.7313546037997,3.73984228513517],[72.731471733333,3.73984785179359],[72.7315930445239,3.73980332480011]]]},"properties":{"OBJECTID":1530,"FCODE":"LD0583","atoll":"Alifu Dhaalu","islandName":"Bulhalhohi","capital":"N","islandNa_1":"ބުޅަޅޮހި","longitude":"72° 43' 54.674\" E","latitude":"3° 44' 20.125\" N","Area_ha":3.02679749941,"category":"Uninhabited Island","Sector":" ","Usage":" ","PrimAgency":"MoFMRA","Shape__Area":30267.977783203125,"Shape__Length":676.58882071710082}},{"type":"Feature","id":1531,"geometry":{"type":"Polygon","coordinates":[[[72.9645083311034,3.75659040910283],[72.9644861615805,3.75659641667612],[72.9644718612995,3.75660176540631],[72.9644557823543,3.75660352142481],[72.9644294760894,3.75660959174501],[72.9644401983807,3.7566162787781],[72.9644522609583,3.75662363451445],[72.9644649927809,3.75663767638732],[72.9644743747857,3.75666041319533],[72.9644730344993,3.75668983524251],[72.9644824156058,3.75672260080483],[72.9644884468946,3.75675402985594],[72.9644938080402,3.75678813282224],[72.9644884468946,3.75682558019931],[72.9644857663218,3.75689646093732],[72.9644777237051,3.75692387686736],[72.9644683417002,3.75698522902753],[72.9644569501641,3.75702601901472],[72.9644415359722,3.75708486397985],[72.9644321548656,3.75713300969448],[72.9644281331081,3.75718316061867],[72.9644328241105,3.75722729500722],[72.9644515872219,3.757278784228],[72.9644731153477,3.75730693518125],[72.9645059514662,3.757336358103],[72.9645247163742,3.75734571904516],[72.9645401287695,3.75737380456019],[72.9645595620241,3.75740456398871],[72.9646212143003,3.75747945779199],[72.9646681225278,3.75751489903151],[72.9647210629425,3.75755635769657],[72.9647485397121,3.75758845542019],[72.9647719929275,3.7576198844401],[72.9647791453138,3.75762990601427],[72.9648079596749,3.75764729227993],[72.9648340952597,3.75766334024384],[72.9648642517038,3.75767404038024],[72.9649138414025,3.75768875093866],[72.9649580699555,3.75769811277344],[72.9649594102419,3.75769878147591],[72.9649848747852,3.7577114868229],[72.9650009582221,3.75772285476479],[72.965039154588,3.75773823492126],[72.9651168911994,3.75774826635431],[72.9651852440094,3.75775094026768],[72.9652274621327,3.75775294727138],[72.9652556081472,3.75774425413963],[72.965262308681,3.75773556100782],[72.9652810726906,3.75771549993411],[72.9653058679891,3.75770279548354],[72.965355458586,3.75769744586372],[72.9653990160975,3.75770547029343],[72.9654465962648,3.75771081991319],[72.9654975262499,3.75772352615641],[72.9655424249461,3.75773756801157],[72.9655973721971,3.75774398074254],[72.9656583552285,3.75776738443137],[72.9657092852135,3.75779680823399],[72.9657307288977,3.75781018138557],[72.9657501630505,3.75781619970709],[72.9657608853417,3.75782623024288],[72.9657796484531,3.75783826688564],[72.9658205262901,3.75787571332126],[72.9658681055591,3.75792185288532],[72.9659424905562,3.75798136738868],[72.9659806869221,3.75802817654575],[72.9660507132934,3.75808430360814],[72.9661163855306,3.75813980499119],[72.9661264376786,3.75816253996729],[72.9661391695011,3.75818193232862],[72.966168655802,3.75819263066591],[72.9661780378069,3.75821269172866],[72.9661854084838,3.75822472926248],[72.9662605696253,3.75828615662738],[72.9663823739913,3.75836029739294],[72.9664123417892,3.75837029206714],[72.9664398176604,3.75837162947106],[72.9664693039613,3.75837898519262],[72.9665115220847,3.75839704014526],[72.96653564724,3.7583977088472],[72.9665631213146,3.75840105235694],[72.9665671430722,3.75841108288596],[72.9665718340746,3.75842780043411],[72.9665765241787,3.75844117447242],[72.9665905971859,3.75845855982548],[72.9665966275764,3.75847460867086],[72.9666120408701,3.75849466972713],[72.9666220930181,3.75851004897358],[72.9666442077438,3.75852476041433],[72.9666589508942,3.75852676651985],[72.9666920681855,3.75855283872029],[72.96671150144,3.75857557547839],[72.9667322758793,3.75859028602163],[72.9667503697457,3.75859028602163],[72.9667604218937,3.75858894861804],[72.9667738247578,3.75857824849284],[72.9667838769058,3.75858092419646],[72.9668180533108,3.75858761121445],[72.966852899859,3.75859563653237],[72.9668931084511,3.75861034707526],[72.9669246042833,3.75862505761789],[72.9669614612611,3.75864177605832],[72.966997648994,3.75866785542641],[72.9670164121053,3.75868858338722],[72.9670211031077,3.75869928351102],[72.9670302767034,3.75871223534879],[72.9670463592419,3.75872025887277],[72.9670684739676,3.75873296420492],[72.9670765165843,3.75874901304521],[72.9670798673004,3.7587597122719],[72.9670818768316,3.75877308630513],[72.9670845574045,3.75878445423318],[72.9670992996566,3.75878779684505],[72.9671093518046,3.75878512203846],[72.967114042807,3.75877977332164],[72.9671127034189,3.75877375500678],[72.9671174312523,3.75876365904597],[72.9671395082487,3.7587791037236],[72.9671576021151,3.75879983437089],[72.9671723452656,3.7588031769827],[72.9671924486634,3.75880050127978],[72.9672319871123,3.75879047254798],[72.967255441226,3.75878177853021],[72.9672547710828,3.75877442281204],[72.9672534316947,3.75876372448192],[72.9672500809787,3.75875035044855],[72.9672574516556,3.75873029029453],[72.9672956498181,3.75869886041827],[72.9673385380847,3.75868481857859],[72.9673794168201,3.75867545675443],[72.9674316870915,3.75866877152987],[72.9674712237438,3.75866743323001],[72.9675114323359,3.75866943843885],[72.9675342163065,3.75867746465238],[72.9675617604497,3.75868950038703],[72.9676656308494,3.75869351259733],[72.9677460471353,3.75869485000075],[72.9678083686564,3.75869284389561],[72.9678653299303,3.75868548817671],[72.967873372547,3.75867612635252],[72.9679015176632,3.75867144633681],[72.9679879652379,3.75866609582654],[72.9680791029167,3.75867077673867],[72.9681615125643,3.75867211503854],[72.9681923391516,3.75867880205583],[72.968197030154,3.7586895012834],[72.9682157932654,3.75869418219541],[72.9682385772359,3.7586895012834],[72.9682673942919,3.75867612724892],[72.968316312949,3.75866342191599],[72.9683726031813,3.75864202435645],[72.9684107285803,3.75862731291769],[72.9684650101797,3.75862865032122],[72.9685052178735,3.75864469916346],[72.9685313534583,3.75865606619679],[72.9685608388609,3.75867612724892],[72.9685836237298,3.75868950038703],[72.9686137801739,3.75869485089712],[72.968628522426,3.75869418219541],[72.968635223858,3.75868482037135],[72.9686379053291,3.7586734515456],[72.9686499670085,3.75866676632104],[72.968672750979,3.75866676632104],[72.9686948657047,3.75867144544041],[72.968723680964,3.75866877152987],[72.9687404354424,3.75865673579494],[72.9687471359761,3.75863533644249],[72.9687538374081,3.75861527628582],[72.9687752819906,3.75860858926804],[72.9687947143468,3.75860992756796],[72.9688154896844,3.75861327018049],[72.9688597182374,3.75862530681239],[72.9689046169336,3.75862998772475],[72.9689421449529,3.75862931902299],[72.9689777164416,3.75861959864501],[72.9690194225252,3.7586115948405],[72.9690755645356,3.75860679291631],[72.9691252916764,3.75857637953408],[72.9691603268708,3.7585624497403],[72.969205225567,3.75855977493304],[72.9692414132999,3.75855643052753],[72.9692608474528,3.75854372608922],[72.9692836314234,3.75853637126544],[72.9693124466827,3.75853637126544],[72.9693338912652,3.75853837737096],[72.9693620372797,3.75854573219475],[72.9694256990872,3.75857114196749],[72.9695516833143,3.75861594498759],[72.9696097396344,3.75863975561095],[72.9696941758813,3.75867051320208],[72.9697363940046,3.7586979308691],[72.9697631988344,3.75872267193573],[72.9697853144584,3.75875610701977],[72.9698074282858,3.7587989030291],[72.9698241809675,3.75883501202025],[72.9698529971252,3.75888449504143],[72.9698885138166,3.75892194143213],[72.9699233603647,3.75893665286592],[72.9699702694906,3.75895537650853],[72.970020035259,3.75896213164876],[72.9700559112765,3.75896139482213],[72.9700813758198,3.75894802079184],[72.9700961189703,3.75892929625267],[72.9701175635527,3.7588911820571],[72.9701678242929,3.75879087771305],[72.9702502492118,3.7586410912217],[72.9702715725217,3.75862495094831],[72.9703003886794,3.75861224651102],[72.9703225025067,3.75860823430033],[72.9703506485212,3.75860087768432],[72.9703881756422,3.75860154728247],[72.9704096202246,3.75860154638611],[72.9704169917999,3.75861157691284],[72.9704732829305,3.75860221598426],[72.970435084768,3.75826681805134],[72.9706099193802,3.75824024028207],[72.9708289834437,3.75820596616331],[72.9710581688255,3.7581745380609],[72.9712048735929,3.75815113259021],[72.9715124639327,3.75810231822963],[72.9718901884416,3.75803641162258],[72.972138807078,3.75799495208397],[72.9722594301594,3.75797422231394],[72.9722802045987,3.75797221531074],[72.9722802045987,3.75800498172131],[72.9722875761739,3.75803707853204],[72.9723009790379,3.75807586236351],[72.9723117004308,3.75811598359756],[72.9723197430476,3.75815686854859],[72.9723445374477,3.75822774917842],[72.9723559316788,3.75826519470094],[72.972370004686,3.75830531771908],[72.9723713440741,3.75833875102636],[72.9723740246469,3.75838288535644],[72.9723860881229,3.75843236840326],[72.9723880976542,3.7584678096041],[72.9723914483702,3.75848720106225],[72.9723827374069,3.75851060473118],[72.9723820672637,3.75852918406524],[72.9723860881229,3.75854523290933],[72.9723954701277,3.75855459383848],[72.9724149042806,3.7585652930676],[72.9724430502951,3.75856395566398],[72.972467174552,3.75856061125849],[72.9724986703842,3.75855392513667],[72.9725214561514,3.75855659994394],[72.9725281566851,3.75857532269835],[72.9725324766833,3.75859236921596],[72.9724960751513,3.75861156884538],[72.9724860230033,3.75860421402219],[72.9724522715014,3.75860677498865],[72.9722966743111,3.75862918546192],[72.9721699507706,3.75864999499448],[72.9718654874663,3.75870601893282],[72.9715575027661,3.75875403996074],[72.9713158218186,3.75879800216428],[72.9709455892591,3.75885708903325],[72.9705622727375,3.75892061568202],[72.9704490751303,3.75910618930395],[72.9704458663481,3.75911899412892],[72.9704597435226,3.75913392875862],[72.9704771654492,3.75913526616137],[72.9704952593156,3.75912724174482],[72.9705093332212,3.75910785030086],[72.9705220650437,3.75907909614026],[72.9705475304854,3.7590349618454],[72.9705982556546,3.75897014531022],[72.9706420188802,3.75895605596665],[72.9707391878479,3.75894468714443],[72.9708242951362,3.7589266330995],[72.9710233402436,3.75890131387175],[72.9713168899155,3.75885809477478],[72.971607229907,3.75881007375258],[72.9718895515361,3.75877325841066],[72.9720736891014,3.75874082189785],[72.9722537402304,3.75870785024325],[72.9723416304995,3.75869055363705],[72.9724306077301,3.75868017621098],[72.9724462078733,3.75868190533382],[72.9724710516808,3.75868017621098],[72.9724930083029,3.75866979788841],[72.9725045633324,3.75865942135852],[72.9725091851646,3.75864500662285],[72.9725086084462,3.75863290007333],[72.9725083137988,3.75862395685948],[72.9725393065744,3.75860689510398],[72.9725414445647,3.7586207585647],[72.9725489248361,3.75863568872101],[72.9725521309234,3.75864635209381],[72.9725585430979,3.75865488297119],[72.9725745744324,3.75866021465747],[72.9725991550335,3.75865808216223],[72.9726557965072,3.75864421959854],[72.9727038878159,3.75863142193765],[72.9727648043719,3.75862182436415],[72.9728064853028,3.75860796000712],[72.9728374780784,3.75858769816361],[72.9728513705243,3.75856316953594],[72.9728545775099,3.75853011092543],[72.9728535076164,3.75845226273324],[72.9728406832674,3.75833815762054],[72.9728299951121,3.75817179602367],[72.9728344031452,3.75815707292402],[72.9728119596361,3.75793099241441],[72.9728205080044,3.75775503494961],[72.9728288461668,3.7577344208074],[72.972844466073,3.75771643755174],[72.9728588840333,3.75769485710665],[72.9728528752024,3.75766488381716],[72.9728612852301,3.75764689966369],[72.9728877190556,3.75762172292389],[72.9729093459961,3.75762052356197],[72.9729453908969,3.75760254030396],[72.9729670178373,3.75757256701129],[72.9730114736641,3.75754379307962],[72.9730330997063,3.75750063128397],[72.973060733681,3.75747065888419],[72.9731027856161,3.75744188494915],[72.9731208085157,3.75740711599486],[72.9731532493755,3.75737234793559],[72.973160456559,3.75734477335962],[72.9731736734718,3.75730760657316],[72.9731563773093,3.75724792350357],[72.9731460394971,3.7572116934348],[72.9731460385987,3.75715654337546],[72.9731268137533,3.75711098462817],[72.9731027838195,3.75707501809079],[72.9730553177382,3.75704784329302],[72.9730071949884,3.75700462589696],[72.9729638836153,3.75693419963483],[72.9728993028312,3.75687238493647],[72.9728399511404,3.75681796361665],[72.9728030564334,3.75678274913418],[72.9726891644284,3.75669791525737],[72.972568857554,3.75660187835084],[72.9724677988811,3.75654905706171],[72.9723723726451,3.75646969200881],[72.9723017920132,3.75640886778338],[72.9721997856178,3.75634484256138],[72.9720618322379,3.75627121435704],[72.9719671893329,3.75623439980438],[72.9718677368478,3.75619758525012],[72.9717073273824,3.75613836195045],[72.9714875653279,3.75602631822234],[72.9712558413071,3.75592000328186],[72.9710809941185,3.75585917901808],[72.9708261070381,3.75577914968044],[72.9707330694225,3.75575513998132],[72.970590304666,3.75572312734695],[72.9702549491974,3.75569591754802],[72.9701635159728,3.75568951466223],[72.9699647538347,3.75564149705121],[72.9697722628356,3.75560308152622],[72.9695584602048,3.75556946973329],[72.9694237147088,3.7555454609248],[72.9693050122254,3.75553265604739],[72.9691766851922,3.7555342569932],[72.9690820440837,3.75550704539559],[72.9690066511768,3.75547343270259],[72.9689083467387,3.75542861607531],[72.9688104950514,3.75537579471519],[72.9687559556356,3.75533417818253],[72.9687383100284,3.75529416259418],[72.9687078319875,3.75522373350484],[72.9686901872787,3.75512769553972],[72.9686420636306,3.75506687122073],[72.9685939408808,3.7550508644429],[72.9685377979722,3.75505726733335],[72.968497694483,3.75505726733335],[72.9684431559654,3.75507807605469],[72.9682522693575,3.75514370231617],[72.9678688926487,3.75527655666696],[72.9677630243958,3.75531337215642],[72.9677181086316,3.75533257902911],[72.9676940481551,3.75533417997531],[72.9676539455642,3.75522373619401],[72.9676379052464,3.75522853813682],[72.967678006939,3.75536459257419],[72.9683966367084,3.75511329060596],[72.968467216442,3.75509088093878],[72.9684880708313,3.75509568377871],[72.9684976953813,3.75510848866251],[72.968504111149,3.75512289449276],[72.9684896752224,3.75512449454295],[72.9687190636235,3.7557844562855],[72.9676908411695,3.75614780358013],[72.9672689662609,3.75629826458145],[72.9667807911928,3.75647274330429],[72.9667408287391,3.75636389164754],[72.9666160770006,3.75602048185479],[72.9665468698929,3.75583302426965],[72.966537619042,3.75583302337324],[72.9665222030534,3.75579302752825],[72.9665659833471,3.75577165499712],[72.966651000804,3.75573644047243],[72.9667440375213,3.75570923067393],[72.9668450943975,3.7556756161959],[72.9669702126486,3.75563079778623],[72.9671274133317,3.75556997439872],[72.9673263200986,3.75549634343987],[72.9673584025306,3.75547553562486],[72.9673616095162,3.75545472691296],[72.9673632139073,3.75543231725455],[72.9673540169554,3.75536773709774],[72.9673491202388,3.75526651893078],[72.9673442235222,3.75525116203683],[72.9673375490396,3.75524984434862],[72.9673247157074,3.75526104828383],[72.9673182999397,3.7552962628277],[72.9673215078236,3.75534268220072],[72.9673311314752,3.75542751620927],[72.9673231113164,3.75545632785892],[72.967291030681,3.75547873662033],[72.967204408833,3.75550914921419],[72.9669894617485,3.75559078221147],[72.9665175416954,3.75575747775605],[72.9664854601617,3.75577828646073],[72.9664870636545,3.75579589327421],[72.9664838557706,3.75582470491173],[72.966448566353,3.75584231262066],[72.9664068602693,3.75585351565189],[72.9663908190533,3.75586792236621],[72.9663908190533,3.75590153594044],[72.9663892146621,3.75593674956208],[72.9663892155605,3.75595755826247],[72.966401169442,3.75599384395923],[72.9663706896044,3.75601945549311],[72.9663434194473,3.75604186334367],[72.9663081300297,3.75609468555988],[72.9662904835242,3.7561234980839],[72.9662872756404,3.75617632029519],[72.9662840668582,3.75621473489851],[72.9662664221493,3.75625635138918],[72.9662295283406,3.75629636782983],[72.9661653625782,3.75634758908629],[72.9659980836959,3.75643768119341],[72.9659465778907,3.75644752350413],[72.9659005518088,3.75645080337793],[72.9658731558876,3.75646829902608],[72.9658654851734,3.75648798185394],[72.9658467005025,3.7565054909471],[72.9658165440584,3.75650014131996],[72.9657984492937,3.75649813520976],[72.9657749960782,3.75650147783034],[72.9657555628237,3.75650081002335],[72.9657361286708,3.75650883356766],[72.9657321069133,3.75651752760808],[72.9657381382021,3.75652956247613],[72.9657421590613,3.75654427484665],[72.9657361277725,3.7565536357973],[72.9657213855204,3.75656232894088],[72.9657026206124,3.75657704041447],[72.9656878783603,3.75659576410773],[72.9656724641683,3.75661649301414],[72.9656490100546,3.75664390895294],[72.9656081322176,3.7566766754134],[72.9655752952007,3.75669339209841],[72.9655263765436,3.75670542786042],[72.9654600323666,3.75672548895738],[72.9653595962262,3.75674621786071],[72.9652770697977,3.75677530376066],[72.9651686090069,3.75679369399446],[72.9650446352095,3.75680639935466],[72.9649152993682,3.75680907327089],[72.9647991669649,3.7567983731239],[72.9646885951332,3.75677496940905],[72.9646276138984,3.75675223350042],[72.9645753445253,3.75671344781733],[72.9645418364669,3.75668335706768],[72.9645157017803,3.75665259671732],[72.9645056505306,3.75661849374575],[72.9645083311034,3.75659040910283]]]},"properties":{"OBJECTID":1531,"FCODE":"LD0545","atoll":"Alifu Dhaalu","islandName":"Mahibadhoo","capital":"Y","islandNa_1":"މަހިބަދޫ","longitude":"72° 58' 8.106\" E","latitude":"3° 45' 25.769\" N","Area_ha":23.5984035323,"category":"Residential Island","Sector":" ","Usage":" ","PrimAgency":" ","Shape__Area":235984.0419921875,"Shape__Length":3695.3515559125303}},{"type":"Feature","id":1532,"geometry":{"type":"Polygon","coordinates":[[[73.0805698402599,0.271588094485186],[73.0805883760975,0.271584748298323],[73.0805983581769,0.27158475009493],[73.0806382811048,0.271590498349877],[73.0806782040327,0.271596246604787],[73.0806953124472,0.271607733233284],[73.0806995848347,0.271642184135593],[73.0807109880489,0.271665153799235],[73.0807452093697,0.271665159189054],[73.0808036708301,0.27164937776354],[73.0808521529059,0.271635030931363],[73.0809077649102,0.271612072945636],[73.0809633778129,0.271587679468193],[73.0810261161523,0.271580511891037],[73.081084575816,0.271580520874106],[73.0811672783144,0.271569050415091],[73.0812043508878,0.271569056703226],[73.0812314440768,0.271556141769463],[73.0812742218506,0.271541794038855],[73.0813497926239,0.271541805716821],[73.0813982684116,0.271564781668789],[73.081426779142,0.27160210804616],[73.0814438839634,0.271639432626809],[73.0814838015013,0.2716796317839],[73.0815408301488,0.271712655279106],[73.081602140167,0.271731326552303],[73.0817033767062,0.27172990723012],[73.081793209133,0.271706953736099],[73.081853099813,0.271679690173757],[73.0818930308257,0.271632327032761],[73.081908725292,0.271570605381366],[73.081888769218,0.271530408918804],[73.0818574027432,0.271514614018526],[73.0818174780187,0.271518913307198],[73.0817846796294,0.271537569309522],[73.0817476106492,0.271517467035845],[73.0817362101299,0.271477273268039],[73.081697714625,0.271465783046201],[73.0816549332579,0.271503097745911],[73.0816249807314,0.271559076532507],[73.0815950335948,0.271589215570064],[73.0815608113757,0.271593516655317],[73.0815208902445,0.27157628536511],[73.0815009323738,0.271547571937908],[73.0814866788052,0.271514554730392],[73.0814624440555,0.271485842201315],[73.0814339297317,0.271468611809271],[73.0814153965891,0.271448512230389],[73.0813897371113,0.271409751259135],[73.081374057018,0.271388217086738],[73.08134982137,0.271359504557369],[73.0813213070462,0.271342274165146],[73.0812685507862,0.271336524113465],[73.0812115176472,0.271327901281758],[73.0811587613872,0.271327893197005],[73.0811245409647,0.271327887807186],[73.0811002999268,0.271335061672604],[73.0810646502847,0.27135084579346],[73.0810090409754,0.271360885252491],[73.0809348958284,0.271363743659666],[73.0808450660967,0.271366600270223],[73.0807723474744,0.271363717608799],[73.0807224433654,0.271359403947188],[73.0806654102264,0.271349346522042],[73.0806297650759,0.271343599165347],[73.0806012498538,0.271330674349931],[73.0805556235222,0.271323490603166],[73.0804729219222,0.27133783204588],[73.0804643645708,0.27134787958964],[73.0804572310492,0.271375151237487],[73.0804572265576,0.271403860173593],[73.0804657767225,0.271431135414538],[73.0804771772417,0.271472764674213],[73.0804957067911,0.271517267612102],[73.080528495299,0.271553158497896],[73.0805698402599,0.271588094485186]]]},"properties":{"OBJECTID":1532,"FCODE":"LD1768","atoll":"Gaafu Dhaalu","islandName":"Kudhemaadhoo","capital":"N","islandNa_1":"ކުދެމާދޫ","longitude":"73° 4' 52.154\" E","latitude":"0° 16' 17.465\" N","Area_ha":0.381025070398,"category":"Uninhabited Island","Sector":" ","Usage":" ","PrimAgency":" ","Shape__Area":3810.2499084472656,"Shape__Length":395.50339567917518}},{"type":"Feature","id":1533,"geometry":{"type":"Polygon","coordinates":[[[73.0919544153327,0.266014833525521],[73.0919415802039,0.266034927723541],[73.0919372970367,0.266064114570773],[73.0919429968471,0.266088518838934],[73.0919643803441,0.266119145669919],[73.0919838648027,0.266136374272914],[73.0920076279369,0.266145468718745],[73.0920375723785,0.266140210037801],[73.0920580099496,0.266134949560251],[73.0920832005068,0.266134953153463],[73.0921221694238,0.266161754999136],[73.0921521075773,0.26619908229131],[73.0922219686586,0.266241678145635],[73.0922775761713,0.266249342488882],[73.0923227272941,0.266256048340081],[73.0923593246588,0.266259403511438],[73.092355051373,0.266232607055839],[73.0923393685848,0.266216814843614],[73.092344600373,0.266192891169198],[73.09235030737,0.266174709464064],[73.0923151392249,0.266153172587495],[73.0922642873933,0.266124454656005],[73.0921682844389,0.266088075075986],[73.0921007985032,0.266056963159918],[73.0920808397342,0.266035427181436],[73.0920656339514,0.266015807288824],[73.0920447220699,0.266003363061315],[73.0920223845621,0.265996661701517],[73.0919962444856,0.265992350732907],[73.0919662991456,0.266002394687881],[73.0919544153327,0.266014833525521]]]},"properties":{"OBJECTID":1533,"FCODE":"LD1769","atoll":"Gaafu Dhaalu","islandName":"Kavvahuttaa","capital":"N","islandNa_1":"ކައްވަހުއްޓާ","longitude":"73° 5' 31.720\" E","latitude":"0° 15' 58.059\" N","Area_ha":0.0591794965693,"category":"Uninhabited Island","Sector":" ","Usage":" ","PrimAgency":" ","Shape__Area":591.79594421386719,"Shape__Length":123.12882527077716}},{"type":"Feature","id":1534,"geometry":{"type":"Polygon","coordinates":[[[73.1486776167685,2.2105569244202],[73.1485604953201,2.21053664298865],[73.1484721603849,2.21061479032117],[73.14846187198,2.2107130099273],[73.1485193929043,2.21091969485794],[73.1486549082565,2.21115628036229],[73.1490045595145,2.21154142538252],[73.1492769412851,2.21175908840904],[73.1497251125769,2.21198752135936],[73.1503102032878,2.21218720447526],[73.1506223912052,2.21226749619653],[73.1506416699495,2.21231673745081],[73.1506899930236,2.21241527201786],[73.150797295886,2.21244532878475],[73.1509535452532,2.21245599281492],[73.1510999742378,2.21247643220581],[73.1511685651013,2.2124374896454],[73.1511691885322,2.21231956144422],[73.1510527426168,2.21217152529607],[73.1509166011388,2.21205286549239],[73.1507417494587,2.21186520632651],[73.1504797567044,2.21152966621745],[73.1500519556099,2.21114410378856],[73.1495258931964,2.21086611702662],[73.1492234232537,2.21079570562607],[73.1490187978117,2.21069633614001],[73.1487654845797,2.21056722222404],[73.1486776167685,2.2105569244202]]]},"properties":{"OBJECTID":1534,"FCODE":"LD0681","atoll":"Thaa","islandName":"Hiriyanfushi","capital":"N","islandNa_1":"ހިރިޔަންފުށި","longitude":"73° 8' 59.181\" E","latitude":"2° 12' 41.397\" N","Area_ha":2.51274697018,"category":"Uninhabited Island","Sector":" ","Usage":" ","PrimAgency":"Council","Shape__Area":25127.47216796875,"Shape__Length":784.28015824218824}},{"type":"Feature","id":1535,"geometry":{"type":"Polygon","coordinates":[[[72.8879704423718,6.98778636143957],[72.8876228069332,6.9877203219187],[72.887342528073,6.98770359737401],[72.8871394854626,6.98752933644565],[72.8869598224058,6.98745591764837],[72.8867843984988,6.98742776757611],[72.8866989812917,6.98742628744809],[72.8866395595323,6.98737503935025],[72.8866212006628,6.98731087311451],[72.8865555104593,6.98733306166501],[72.8865171649731,6.98734293572568],[72.8864668539273,6.98735179866239],[72.886423684488,6.98736978311193],[72.8863805240319,6.98738585409392],[72.8863349300396,6.98741052497612],[72.8862691940221,6.987442758776],[72.8860888572288,6.98751418207781],[72.8858203112645,6.98761152097408],[72.8856567738653,6.98767345271147],[72.8855133497454,6.98773403984329],[72.8854048997344,6.98778952142128],[72.8853271388685,6.98783413921929],[72.8852863257102,6.98786026613016],[72.8852551218304,6.98787926079108],[72.885223408606,6.98790447198259],[72.8851964501643,6.98793735664737],[72.8851295759813,6.98800976959654],[72.8850834241352,6.98805213686867],[72.8850526613283,6.98807926508146],[72.8850156615184,6.98810923584762],[72.8849873026032,6.98813398337287],[72.8849666000292,6.98815972151108],[72.8849516879955,6.98817544115897],[72.8849213815327,6.98820735480666],[72.8848905585387,6.98824787903725],[72.884874202014,6.9882655050123],[72.8848544947733,6.98828263701715],[72.8848420162757,6.98828927796486],[72.8848285693942,6.98829878464894],[72.8848198763972,6.98831548777295],[72.8848169344146,6.98833078477745],[72.884769287772,6.98838605853211],[72.8847403943592,6.98842324176659],[72.8847134215445,6.98845947718331],[72.8846859573513,6.98849810130434],[72.8846657326809,6.98852384209741],[72.8846282675437,6.98855093996701],[72.88457926175,6.9885894686749],[72.8845485142145,6.98861276993283],[72.8845172528426,6.98864420117284],[72.8844845622511,6.98867419241053],[72.8844452070585,6.98869554097054],[72.8843697800157,6.98875356361082],[72.8843154930264,6.98879493663607],[72.8842717630384,6.98883109534287],[72.8842290113157,6.98886247574469],[72.8841972657519,6.98889534161757],[72.8841804052723,6.98891822735578],[72.8841611804269,6.98893488409235],[72.8841404940225,6.98895679526557],[72.884115020496,6.98897868682169],[72.8841000806146,6.98900062385043],[72.8840851676825,6.98901634168677],[72.884064024934,6.98903346831428],[72.8840467467378,6.98904295804206],[72.8840390688371,6.9890467492966],[72.8840246499785,6.98905912258875],[72.8840149850043,6.98907917111973],[72.8839736508231,6.98911486258509],[72.8839409620282,6.98914437409019],[72.8839207616125,6.9891648541713],[72.8838919068272,6.98919342588468],[72.8838501252851,6.98922194053134],[72.883811239013,6.98924568311954],[72.8837603108246,6.98928563661057],[72.8836752421639,6.98935796642838],[72.883570533636,6.98943307725879],[72.8834010736442,6.98953420789767],[72.8832652160339,6.98961539789587],[72.8831792715157,6.98967002327699],[72.8830995604073,6.98972228491673],[72.8830621051515,6.98974699223282],[72.8830337785757,6.98976456465303],[72.8829992221833,6.98978354318707],[72.8829757051875,6.98979635247112],[72.8829588986068,6.98980727950521],[72.8829334493348,6.98982390767765],[72.8829180647873,6.98983818994783],[72.8829012609016,6.9898486390626],[72.8828758286976,6.98986143942848],[72.8828571060104,6.98987283635468],[72.8827802308834,6.98993324398205],[72.8827643217197,6.98995756788241],[72.8827421755529,6.98998473610831],[72.8827185597425,6.9900195501323],[72.8827046124994,6.99003335982816],[72.8826906625613,6.99004812625162],[72.8826772210697,6.9900561982538],[72.8826623683248,6.99005852364665],[72.8826485037267,6.99005415551029],[72.8826288467917,6.99006028552404],[72.8826067635071,6.99007358074341],[72.8825798625575,6.9900935507667],[72.8825500869991,6.99011398711593],[72.8825241436537,6.99013396248732],[72.8825135893475,6.99013869797785],[72.8825020864202,6.99014151644623],[72.882486289546,6.99014096719709],[72.8824589466254,6.99015280280243],[72.8824378137583,6.99016753712314],[72.8824224363973,6.99018038384545],[72.8824070329851,6.99019849212386],[72.8823945122667,6.99021470121246],[72.8823834342426,6.99022948011314],[72.8823680478984,6.99024424028892],[72.8823512835386,6.99024560003688],[72.8823364541499,6.99024314268252],[72.8823134411089,6.99025021426351],[72.8822894318363,6.99026589282575],[72.8822673602298,6.990276794883],[72.8822453056912,6.99028387270495],[72.8822299930089,6.99028188881056],[72.8822094233855,6.99027797006181],[72.882185476995,6.990279774737],[72.8821686919739,6.99028591812238],[72.8821432489901,6.9903011116324],[72.8821197858932,6.99030196314658],[72.8820963416609,6.99029850894135],[72.8820623350375,6.99030170457157],[72.8820412560694,6.99030448024035],[72.8820000377709,6.9903143417553],[72.8818982891919,6.99036985066774],[72.8818114490534,6.99041060029518],[72.8817629993169,6.99043142984274],[72.8817188120863,6.99046280300401],[72.8816535063618,6.99050556237428],[72.8816414949882,6.99051507614637],[72.8816347423522,6.9905260468539],[72.8816332628269,6.99053560877402],[72.8816341575489,6.99054948532743],[72.8816326573624,6.99056382909844],[72.8816244880832,6.99057048962975],[72.8816115253937,6.99057856340618],[72.8816043128202,6.99058522750382],[72.8815980614442,6.99059141814195],[72.8815850807883,6.99060331882541],[72.8815716303136,6.99061330427169],[72.8815563005632,6.99061562698684],[72.8815203275277,6.99062981650259],[72.8815097974759,6.99062929043659],[72.8814959095216,6.99063018474877],[72.8814868203676,6.99062870908908],[72.8814767888808,6.99062340206402],[72.881466292965,6.9906152221835],[72.881464899678,6.99060564867373],[72.8814644684867,6.99059512289509],[72.8814563620896,6.99058791044064],[72.8814429718019,6.99058450171103],[72.8814295536666,6.99058731126032],[72.8814213924722,6.99059205922922],[72.8814084172062,6.9906030031858],[72.8814031234343,6.99060919739026],[72.8813800843422,6.99062200932656],[72.8813483935756,6.99064243762798],[72.8813229496935,6.99065763023475],[72.8813061341297,6.99067094861968],[72.8812639079214,6.99069180668804],[72.8812025062751,6.99071831951799],[72.8811425491198,6.99074292335154],[72.8811046563845,6.99075853948262],[72.8810749131654,6.99077179901664],[72.8810446606016,6.99079175563555],[72.8810307097652,6.99080652203502],[72.8810133911449,6.99082462137275],[72.881001823539,6.99084226954156],[72.880990224492,6.99086613509328],[72.8809873049673,6.99087664570797],[72.8809835113819,6.9908950455246],[72.8809791482646,6.99090722439103],[72.8809773103115,6.99091654377813],[72.8809768961881,6.99092874047673],[72.8809768521707,6.99093842721772],[72.8809767964751,6.99095098413695],[72.880978562563,6.99095745028593],[72.8809835598909,6.99096392980937],[72.8809961201352,6.99097879695838],[72.8810104662303,6.99098244999352],[72.881026042119,6.99097893159548],[72.881050001086,6.99097425585311],[72.881073954663,6.99097077579539],[72.8811002977587,6.99096850212201],[72.8811194857732,6.99096021881772],[72.8811542496764,6.99094841533172],[72.8811674414363,6.99094249397262],[72.8811914129797,6.99093542775193],[72.8812105632649,6.99093551245739],[72.8812297297198,6.99093201189174],[72.881250093629,6.99092851489265],[72.8812836223487,6.99092507852478],[72.8813123693361,6.99092042507277],[72.8813471224594,6.99091101295552],[72.8813807005864,6.9908968136403],[72.8814094897947,6.99088259203377],[72.8814514518982,6.99086723358984],[72.8815005897443,6.99085310382099],[72.8815281931763,6.99083648638484],[72.8815605648659,6.99082467219606],[72.8815821127546,6.99082357280779],[72.881609651508,6.99082130626678],[72.881638414665,6.99081306308352],[72.8816671939918,6.99080123373633],[72.8816911754166,6.99079177435991],[72.8817163803469,6.99077634101549],[72.8817499800334,6.99075735717194],[72.8817895355504,6.99074438028647],[72.8818242410631,6.99074573289989],[72.8818661106401,6.99075070377641],[72.8819056086649,6.99075088210381],[72.8819391266047,6.99074983532192],[72.8819726670025,6.99074400847384],[72.881999052319,6.99073216842527],[72.8820254430254,6.99071913179939],[72.8820398654773,6.99070604078333],[72.8820721814713,6.99070618612017],[72.882092523821,6.99070747364418],[72.8821016246531,6.99070751465949],[72.8821768055575,6.99068014764051],[72.882204039782,6.99066253156451],[72.882252017903,6.99064002396595],[72.8822939898881,6.99062227414284],[72.8823335741511,6.99060331615052],[72.8823815028647,6.9905915741785],[72.882423475748,6.99057382524519],[72.8824666451873,6.99055607987779],[72.8824966210701,6.99054425587392],[72.8825457418481,6.99053371315278],[72.8825817139853,6.99051952363416],[72.882644059761,6.99049588632393],[72.882682484299,6.99046855317476],[72.8827089235144,6.99044475358393],[72.8827245964212,6.99041971015734],[72.8827510365349,6.99039591056404],[72.882778639967,6.99037929221997],[72.8828086005783,6.99037105527038],[72.8828385872408,6.99035683899766],[72.8828613981608,6.99034139315593],[72.8828758197144,6.99032830480417],[72.8828985991934,6.99032003575472],[72.8829153707398,6.99031652359317],[72.8829297455809,6.99031419552672],[72.8829585410773,6.99029877732435],[72.8829729841905,6.99028090444228],[72.8829934172699,6.99026186173048],[72.883022228936,6.99024285735835],[72.8830546203886,6.99022625951653],[72.8830965384747,6.99022046921907],[72.8831336317094,6.99022302732862],[72.8831623517473,6.99022435230276],[72.883191087955,6.99022208932539],[72.8832174678816,6.99021144495027],[72.8832504899514,6.99018761592228],[72.8832840599936,6.99017532825727],[72.8833234079997,6.99015541441066],[72.8833426508114,6.99013540961613],[72.8833628314642,6.99011923619032],[72.8833887819962,6.99009734825416],[72.8833993875064,6.99008113113674],[72.8834234165419,6.99006114773835],[72.8834627609548,6.99004218972323],[72.883499214589,6.99002704613656],[72.8835231924205,6.9900185434725],[72.8835519825271,6.99000432183924],[72.8835712046775,6.98998814395065],[72.8835865910217,6.98997386168504],[72.8836077122107,6.98996152051608],[72.8836355231536,6.98995207628051],[72.8836575929635,6.98994165213397],[72.8836748756512,6.98993120569618],[72.8836940987,6.98991502691345],[72.8837037430129,6.98989976295142],[72.8837047608041,6.98988637321343],[72.8837326112729,6.9898683210962],[72.8837738699956,6.98984937198967],[72.8838141926737,6.98982563478202],[72.8838459328476,6.98979420540472],[72.8838700436298,6.9897560441514],[72.8838836081906,6.98972070671571],[72.8839162799175,6.98969502216181],[72.8839661696534,6.98967324120249],[72.8839949813195,6.98965423413154],[72.8840555196849,6.98960667142291],[72.8840795487204,6.98958668800423],[72.8841045434449,6.98956479558494],[72.8841343028336,6.98954770820905],[72.8841621748619,6.98952487154184],[72.8841862200671,6.98950106120326],[72.8842102832386,6.9894734248385],[72.884246779992,6.9894487121581],[72.884285184767,6.98942592541788],[72.8843264479813,6.98940601867248],[72.8843744099326,6.98938709897131],[72.8844281723058,6.98935576853655],[72.8844637249298,6.98932818298666],[72.8845088320351,6.98930542388137],[72.8845654070334,6.98928750102947],[72.8846181561069,6.98926860272286],[72.8846795451768,6.98924495999954],[72.8847304221612,6.98921648726134],[72.8847803981354,6.98917557168476],[72.8848274797378,6.98913942816248],[72.8848477295609,6.98910794702394],[72.8848660515994,6.98907932715675],[72.8848853303437,6.9890507108544],[72.8848978519605,6.98903450350867],[72.8849209404599,6.98901068779527],[72.8849354015394,6.98898874898372],[72.8849441367572,6.98896295650111],[72.8849461498817,6.98894096062234],[72.8849539472584,6.98891038002737],[72.8849722432458,6.98888750053025],[72.8850001314438,6.98886083780079],[72.8850347264637,6.98883324776351],[72.8850625895089,6.98881232541405],[72.8850827360257,6.9888038048951],[72.8851105559518,6.98879244984994],[72.885137456003,6.98877247887942],[72.8851605696552,6.98874292276881],[72.8851740875036,6.98871810929435],[72.8851866378665,6.98869520393025],[72.8852403795783,6.98866865710317],[72.8853123822433,6.9886268837199],[72.8853700001856,6.98858982978956],[72.8854276459757,6.98854703636168],[72.8855870870572,6.98843772737386],[72.8858184248024,6.98831056412752],[72.8859835513213,6.98821467607818],[72.8860698740302,6.98818253417064],[72.8861648223625,6.98814851802941],[72.8862463229149,6.98812400768171],[72.8863191798778,6.98810520116719],[72.8864016326444,6.98808165200747],[72.886481218887,6.98805713452311],[72.8865617016483,6.98804601485338],[72.8866239881351,6.98803576988438],[72.8866795273759,6.9880350628121],[72.8867312245222,6.98803720721166],[72.8867829306516,6.98803743993027],[72.8868203338051,6.98802421330946],[72.8868654103677,6.98800815126583],[72.8869094682408,6.98800547901394],[72.8869716945405,6.98800862829445],[72.8870444904179,6.98800321424253],[72.8871556344765,6.98798744822347],[72.8872524171685,6.98797161711397],[72.8873808322367,6.9879482748085],[72.8874805119956,6.98792671667841],[72.8875811843929,6.98789751003814],[72.8876329587942,6.98788243503844],[72.8877489519587,6.98785329526859],[72.8878055170755,6.98783728493439],[72.8878544195629,6.98782219655811],[72.8879176977899,6.98780430307355],[72.8879704423718,6.98778636143957]]]},"properties":{"OBJECTID":1535,"FCODE":"LD0014","atoll":"Haa Alifu","islandName":"Kudafinolhu","capital":"N","islandNa_1":"ކުޑަފިނޮޅު","longitude":"72° 53' 4.416\" E","latitude":"6° 59' 20.487\" N","Area_ha":4.41563991007,"category":"Uninhabited Island","Sector":" ","Usage":" ","PrimAgency":"Council","Shape__Area":44156.3974609375,"Shape__Length":1838.3043828597988}},{"type":"Feature","id":1536,"geometry":{"type":"Polygon","coordinates":[[[73.1861341858768,0.198689837797931],[73.1861880812006,0.198673566711037],[73.1861988663739,0.198613886595481],[73.1862312048258,0.198581337235014],[73.1862689349661,0.198532511397568],[73.1863066678013,0.198467409082989],[73.1863228446629,0.198375176012596],[73.1862581785389,0.198326339394824],[73.1861611766579,0.198282924077188],[73.1860102785547,0.198266630532117],[73.1859294391623,0.198277473132667],[73.1858324327897,0.198277462352966],[73.1857677576825,0.198310008120793],[73.1857408055291,0.198358834857192],[73.1856815212119,0.198380530837916],[73.1856060726095,0.198369671169543],[73.1855252350137,0.198358811501145],[73.1854551727098,0.198380506583541],[73.1854713316051,0.198451039181782],[73.1855036583789,0.198543278539941],[73.1855737081064,0.198630094800786],[73.1856275935488,0.198700632787816],[73.1857138183413,0.198733195622678],[73.1857730963703,0.19877660644759],[73.1858162038258,0.19883086705907],[73.1858539312711,0.19880916928235],[73.1858808834246,0.198754916755585],[73.1859078364764,0.198689812645278],[73.1859401749283,0.198673539761714],[73.1859994556522,0.198678971841614],[73.1860587345795,0.198706106189915],[73.1861341858768,0.198689837797931]]]},"properties":{"OBJECTID":1536,"FCODE":"LD0063","atoll":"Gaafu Dhaalu","islandName":" ","capital":"N","islandNa_1":" ","longitude":"73° 11' 9.219\" E","latitude":"0° 11' 54.693\" N","Area_ha":0.374009671244,"category":"Uninhabited Island","Sector":" ","Usage":" ","PrimAgency":" ","Shape__Area":3740.0981750488281,"Shape__Length":261.77356113279274}},{"type":"Feature","id":1537,"geometry":{"type":"Polygon","coordinates":[[[73.5077433914605,3.9925590430173],[73.5077431866446,3.9925838874682],[73.5077329287824,3.99260980190368],[73.5077139509737,3.99263568049294],[73.5076907726427,3.99265210396038],[73.5076891161493,3.99265327879343],[73.5076428115897,3.99266866722456],[73.5076138229555,3.992670289229],[73.5075960668556,3.99266941460118],[73.5075778175806,3.99265532466978],[73.5075638074554,3.99263632571017],[73.5075618042123,3.99261931258552],[73.5075648081786,3.9926002957024],[73.5075648081786,3.99258228159402],[73.5075618051106,3.99255625962148],[73.5075585307514,3.99252289830083],[73.5075610981365,3.99248248170603],[73.5075518427941,3.99244293794502],[73.5075258194986,3.99239901656098],[73.5074869296334,3.99237035725621],[73.5074530856051,3.99236304479157],[73.5074514174335,3.99236422231346],[73.5074015591387,3.99236450818065],[73.5073390875989,3.99237870027648],[73.5073345780561,3.99237939209298],[73.5072946820777,3.99240016002966],[73.5072405055813,3.9924411904812],[73.5071963974025,3.99250118763294],[73.5071663406714,3.9925381630677],[73.5071222854932,3.99260908409947],[73.5070842625022,3.99267796821012],[73.5070552621899,3.99271486656932],[73.5070202799961,3.99274274532851],[73.5069693410279,3.99277655470768],[73.5068838519556,3.9928180556112],[73.5068380935717,3.99286398521098],[73.5068264532022,3.99288088541756],[73.5068240196661,3.99289502194411],[73.5068306510295,3.9929220457846],[73.5068355720006,3.99294597706324],[73.5068425069946,3.9929659268146],[73.5068564632209,3.99297989665862],[73.50690038994,3.99300684701326],[73.5069553632421,3.99302482168239],[73.5070202790978,3.99304782725094],[73.5070682608121,3.99306784510605],[73.5071503165234,3.9930819180038],[73.5072184456528,3.99309399341736],[73.5073258051091,3.99309611994472],[73.5074595139492,3.9930962776644],[73.5076158549446,3.9931031384707],[73.5077028972041,3.99311305599191],[73.507751826641,3.99311998848884],[73.5077757496753,3.99312994364751],[73.5077727106747,3.99307181856692],[73.5077599204617,3.9930266166401],[73.5076912810892,3.99298700748746],[73.5076399306926,3.9929432268257],[73.5076405235807,3.99287826870392],[73.5076652470139,3.99283190537566],[73.5077064886686,3.99276663987079],[73.507750666916,3.99271392473146],[73.5077482773973,3.99265956966154],[73.5077433914605,3.9925590430173]]]},"properties":{"OBJECTID":1537,"FCODE":"LD0549","atoll":"Kaafu","islandName":" ","capital":"N","islandNa_1":" ","longitude":"73° 30' 26.343\" E","latitude":"3° 59' 33.982\" N","Area_ha":0.5455364801,"category":"Uninhabited Island","Sector":" ","Usage":" ","PrimAgency":" ","Shape__Area":5455.36669921875,"Shape__Length":352.00365523925387}},{"type":"Feature","id":1538,"geometry":{"type":"Polygon","coordinates":[[[73.5418157751282,4.22875316947935],[73.5418656226433,4.22873915807698],[73.5419135917811,4.22886739823401],[73.541905502452,4.22887007240471],[73.5418511948015,4.22888065889536],[73.5418574192281,4.22889076788745],[73.5418875559093,4.22893798200301],[73.5419245054135,4.22898355398701],[73.5421092816809,4.22920885705621],[73.5421545801275,4.22926986664098],[73.5421813508212,4.22931363432517],[73.5422081134302,4.22935825577005],[73.5422272286811,4.2294028019594],[73.5422821462877,4.22961234478438],[73.5422936231638,4.22965596463089],[73.5422958267311,4.22969181639819],[73.5422989627498,4.22971914576593],[73.5423182917998,4.22974151381259],[73.5424021333619,4.22985920136956],[73.5424603379041,4.22999199683143],[73.5424800649077,4.23006128955187],[73.5424839123921,4.23010312928314],[73.5424903640924,4.23013902134375],[73.5425111466165,4.23018699687109],[73.542534551323,4.23022731989103],[73.5425853878832,4.23033103721055],[73.5425937368254,4.23034647480574],[73.5425893072328,4.2303652002357],[73.5425796332755,4.23039923067089],[73.5425734061539,4.23042817526324],[73.5425732094229,4.23044864763333],[73.5425730944385,4.23046059044618],[73.542572956098,4.23047509185706],[73.5426005343772,4.23052313365778],[73.5426606927552,4.23062950091389],[73.5426613781697,4.23064656987791],[73.5426612470157,4.23066021841943],[73.5426585179339,4.23067895996738],[73.5426550118093,4.23069001676377],[73.5426480920867,4.23070274524867],[73.5426411472112,4.23071803501833],[73.5426325350626,4.23072989361554],[73.5426265307232,4.23073580813224],[73.5423129324508,4.23091703760996],[73.5424677319372,4.23116679101295],[73.5424378378012,4.23118271056795],[73.5425582354054,4.23138691623374],[73.5427393483431,4.23128630054641],[73.5426608014513,4.23114818923205],[73.5426669459279,4.23112777421598],[73.5426806883551,4.23111255164442],[73.5427225273894,4.23109162956668],[73.5427737196825,4.23106994600139],[73.5428435062037,4.23105867868168],[73.5429734394247,4.23106676298582],[73.543030276731,4.23107669815116],[73.5431918144804,4.23115589727118],[73.5433412366515,4.23125801265647],[73.5434237325373,4.23133900349138],[73.5434625864699,4.23136326804108],[73.5434921113984,4.23138573548147],[73.5435284823876,4.23140315023336],[73.5436880519282,4.23151048221682],[73.5437108116442,4.23152947100332],[73.5437318232387,4.23155356174896],[73.5437460139252,4.23158014569013],[73.5437560121743,4.23160071747092],[73.543767792681,4.23161277493691],[73.5437898517111,4.23161640050823],[73.5438153252376,4.23161835439284],[73.5438474723484,4.23163316933527],[73.543874382281,4.23166243549755],[73.5439012194501,4.23169937923298],[73.5439345729983,4.23176539113857],[73.5439561882607,4.23181508125304],[73.5439661631536,4.23183821162125],[73.5439837934894,4.23186056348114],[73.5439955236903,4.23187773902611],[73.5440225656754,4.23189335755545],[73.5440369027873,4.23190458723664],[73.5440461428583,4.23191576764507],[73.5440578245502,4.23193806127142],[73.5440686070286,4.23196546581265],[73.5440784840051,4.23199883234086],[73.5440933915473,4.23203907284678],[73.544128527353,4.23209657131039],[73.5441688275733,4.23214729612854],[73.5442595897563,4.23225225486072],[73.544363873381,4.2323650237344],[73.5445354246508,4.23255181077927],[73.544589913761,4.23262911857691],[73.5446133022977,4.23267114809284],[73.5446526952196,4.23272783575157],[73.5446955762997,4.2327751714709],[73.5447385400248,4.23281397855245],[73.5447765621175,4.23283652747447],[73.5448607234798,4.23292094841092],[73.5449988134036,4.23305281344013],[73.5452091781819,4.23326813091588],[73.5453580263295,4.23342995896389],[73.5454471975962,4.23353080281799],[73.5456108697427,4.23368607667006],[73.5456589008643,4.23372931196146],[73.5457091283668,4.23377490695596],[73.5457229013367,4.23378415764654],[73.5457367147308,4.23378909116897],[73.5457510204017,4.23379258772569],[73.5457734064186,4.23380096315705],[73.545820086474,4.23381773193679],[73.5459188876805,4.23388203345783],[73.5459682294441,4.2339204221155],[73.5459857465922,4.23393786816562],[73.5459989904544,4.23395239190794],[73.5460017797234,4.23396057741448],[73.5460016970784,4.23396921443624],[73.5460015722126,4.23398216952073],[73.5459989149959,4.23400997623233],[73.5459949246795,4.23402721264836],[73.5459899336398,4.23404923924655],[73.545988310384,4.23406889807675],[73.5459880929917,4.23409144964978],[73.5459931010994,4.23411741177456],[73.5460041467842,4.23416166743036],[73.5460251502938,4.23421417756893],[73.546057441135,4.23428599176678],[73.5460789548878,4.23433514868076],[73.5461006078794,4.23436990907],[73.5461115170202,4.23437865269488],[73.5461239155677,4.23438165204489],[73.5461300914853,4.23438555173737],[73.546347435275,4.23469813805119],[73.5463496397407,4.23471735430867],[73.5463542759459,4.23473227579945],[73.5463697377486,4.2347645770276],[73.5463815712558,4.23477668909192],[73.5463938826668,4.23478880473954],[73.546417218203,4.23479766930113],[73.5464362993179,4.23480169351644],[73.5464616614533,4.23479858039352],[73.5464928347903,4.23478784527054],[73.5465207481411,4.23476796159707],[73.5465468217423,4.2347408617484],[73.5465648419468,4.23470600551852],[73.5465838556882,4.23466731947333],[73.5465927400263,4.2346381340523],[73.5465983257508,4.23460411634549],[73.5466034416563,4.23456913558449],[73.5466047028909,4.23453747578614],[73.546605444001,4.23451013046292],[73.5466020034535,4.23447026724381],[73.546594693862,4.23443516553526],[73.5465852777212,4.23442019834969],[73.5465720015197,4.23440903231129],[73.5465520014282,4.23440115946575],[73.5465338860022,4.23439618563339],[73.5465171728463,4.23439458383003],[73.5465052881351,4.23438775018565],[73.5464929407915,4.23437947240971],[73.5464782165057,4.23436973258496],[73.546460198996,4.234354681187],[73.5464323090014,4.23432225989608],[73.5464186204731,4.23430437129817],[73.5464093013503,4.23427932743958],[73.5463975837258,4.23425521975739],[73.5463925801097,4.23422877835036],[73.5463876043413,4.23419945763742],[73.5463807376193,4.23411829240837],[73.5463769027113,4.23406978766928],[73.546369271523,4.23401836689103],[73.5463675530458,4.23399819562556],[73.5463638645633,4.23398424434094],[73.5463583084832,4.23396547420538],[73.5463584710783,4.23394868034467],[73.5463611606343,4.23391751503771],[73.5463685600573,4.23389359278801],[73.5463836257029,4.23386782595406],[73.5463948636271,4.23384250167598],[73.5463960215555,4.23382139781164],[73.5463947728972,4.23380219138642],[73.5463882610098,4.23378341228779],[73.5463671281427,4.23374433739153],[73.5463559162696,4.23371735665693],[73.5463324828171,4.2336192344622],[73.5463135059068,4.23355474747545],[73.5463085256468,4.23352590602432],[73.5463016292804,4.23349752683808],[73.5462914702329,4.23346047837235],[73.5462727071215,4.23342334569359],[73.5462590599157,4.23340113900886],[73.5462506876173,4.23337706444628],[73.546245592373,4.23336021861265],[73.5462348539121,4.23333372163145],[73.5462273952003,4.23331397498787],[73.5462117959554,4.23324616163077],[73.5461964581202,4.23320090434607],[73.546181584714,4.23315709119246],[73.5461794206725,4.23313355682866],[73.5461744125648,4.23310759556678],[73.5461746946358,4.23307832497978],[73.5461659414517,4.23304416924126],[73.546143729708,4.23296813361314],[73.5461311631755,4.23293298077215],[73.5461180522639,4.23290454064531],[73.5460916804221,4.23286349569767],[73.5460491433967,4.23276374919132],[73.5460303209966,4.23273285528378],[73.5460128451711,4.23271109203247],[73.545998747011,4.23268600153733],[73.5459846165116,4.23266426963999],[73.5459574406776,4.23260738130279],[73.545946270127,4.23257608066614],[73.5458892594458,4.23244068405416],[73.5458493868236,4.23236207812852],[73.5457837038067,4.23223379375681],[73.545738780856,4.23213354548453],[73.5456888992049,4.2320519634612],[73.5456055786656,4.23191870966914],[73.545516256482,4.23176332437521],[73.5454242240812,4.23162281491161],[73.545292523874,4.23149414071547],[73.5452250612944,4.23144040484684],[73.5451892751085,4.23139152546769],[73.5450745404838,4.23122661610754],[73.5450342672129,4.23117314360525],[73.5450104636545,4.23113499759129],[73.5450002399283,4.23109849907482],[73.5449944754391,4.23106962707275],[73.5449872440011,4.23103619062684],[73.5449769618843,4.23100575802192],[73.5449652271918,4.23096924516551],[73.5448775659931,4.2308167318317],[73.5448064751181,4.23066892893912],[73.5447752649502,4.23061554508922],[73.5447259142035,4.23056349966186],[73.5446914341679,4.23053586662479],[73.5444972121153,4.23031103875148],[73.5443795292198,4.23013851876174],[73.5443439622228,4.2300668914157],[73.5443351183088,4.23004405663107],[73.5443262887679,4.23001970514085],[73.5443235012955,4.22999541188128],[73.544310270908,4.22995736793828],[73.5442879342985,4.22992378452197],[73.544258015908,4.22989316284513],[73.5442220401774,4.22986399784912],[73.5441800816671,4.2298287086952],[73.5440508922512,4.22975314129064],[73.5439788545519,4.22970391062448],[73.5439159527191,4.22964718601381],[73.5438710306667,4.22960580135926],[73.5438426376155,4.22957367729793],[73.5438053701076,4.22952175005523],[73.5437754813615,4.22948809495055],[73.5437409294607,4.22946804361348],[73.5436974447127,4.22943425591785],[73.5436178252325,4.22938798607845],[73.5435370163828,4.22930833794725],[73.5434877671457,4.22924567817456],[73.5434353226011,4.22920118752011],[73.5433392334084,4.22913959113559],[73.5431652108732,4.22901354142428],[73.5431110622245,4.22894983973157],[73.543035405213,4.22886464881028],[73.5430186821757,4.22883633485169],[73.542994296509,4.22880965137484],[73.5429690197135,4.22878722686146],[73.5429335892604,4.22876043677439],[73.5428670726068,4.22869666249541],[73.542694412816,4.22844844202561],[73.5426224011679,4.22833769366486],[73.5425923624031,4.228280245091],[73.5425434437459,4.22824223421101],[73.5424765830377,4.22821428753651],[73.5424367643144,4.22820195767305],[73.542354577449,4.22817727465285],[73.5423037947877,4.22815630770233],[73.5422538206102,4.22813961494901],[73.5422088545403,4.22813235391925],[73.5421833567593,4.22813296042351],[73.5421653661991,4.2281481418436],[73.5421549655047,4.22816936859679],[73.542154669959,4.22820007724119],[73.5421559509566,4.22824359772559],[73.5421489647586,4.22826315188634],[73.5421343985763,4.22827580694974],[73.5421104270329,4.22829434250523],[73.5420753208716,4.22832215569214],[73.5420384737753,4.22835421619861],[73.5420109817344,4.22838551431823],[73.5419549340472,4.22847028064978],[73.5419290176512,4.22851439149733],[73.5419057485904,4.22854828942511],[73.5418824965976,4.22858048161503],[73.5418617679724,4.22861525838825],[73.541820427503,4.22867286908972],[73.5418014389145,4.22870339674849],[73.5417968476251,4.22872032958273],[73.5417993449416,4.22871978131045],[73.5418157751282,4.22875316947935]]]},"properties":{"OBJECTID":1538,"FCODE":"LD0390","atoll":"Kaafu","islandName":"Farukolhufushi","capital":"N","islandNa_1":"ފަރުކޮޅުފުށި","longitude":"73° 32' 38.957\" E","latitude":"4° 13' 52.642\" N","Area_ha":10.808736249,"category":"Tourism Island","Sector":"Tourism","Usage":" ","PrimAgency":"MoT","Shape__Area":108087.35815429688,"Shape__Length":2067.2497949790122}},{"type":"Feature","id":1539,"geometry":{"type":"Polygon","coordinates":[[[73.4620933362564,0.294696842583705],[73.4620889345115,0.29471010693173],[73.4620872726282,0.294715114074868],[73.4620521745518,0.294792707725717],[73.4620170845602,0.294859717565473],[73.4620100372768,0.294916162458757],[73.4619889717833,0.294972596572136],[73.4619749230306,0.295018452264649],[73.4619959211504,0.295060804573814],[73.4620414729218,0.295071419824778],[73.4622342711447,0.294997462507937],[73.4622824945058,0.294991510349753],[73.4624285363165,0.294973486790766],[73.4624901239141,0.294965884449278],[73.4629210960615,0.295089664366236],[73.4632784629495,0.295231033061565],[73.4635902205739,0.29544646147607],[73.46372678426,0.295612376305327],[73.4637582962619,0.295654734900362],[73.4638143448474,0.295690054390411],[73.4638879186658,0.295721857921149],[73.4639059712098,0.295722627767107],[73.4639895962779,0.295714404698504],[73.4639961602677,0.29571028148628],[73.4640224844987,0.295682797896167],[73.4640281411901,0.295661976123453],[73.4640281474783,0.295651392313696],[73.4640281735294,0.295613288981497],[73.4640186019801,0.295594755187216],[73.4639913210432,0.295574128346157],[73.4639721375203,0.295559623442256],[73.463951132214,0.295527855843199],[73.4639476728019,0.295460819956634],[73.4639507109042,0.295440267674519],[73.4639507782778,0.29534148754371],[73.463973213702,0.295214006619702],[73.4640160866973,0.295063335094414],[73.4640168924861,0.294977448308666],[73.4639958907731,0.294929788822782],[73.4639680986948,0.294893148824366],[73.4638434951784,0.294806353852564],[73.4637351260158,0.294771361342148],[73.4636555209085,0.294765581658078],[73.4631561052213,0.294786408822304],[73.4630089126687,0.294789835849783],[73.4629002722149,0.294789761290571],[73.4628091569939,0.29478617077192],[73.4627110465919,0.294761407242207],[73.4626623956327,0.29473831725168],[73.4625581245844,0.294718056916801],[73.4624985590946,0.294673016882561],[73.4624762817738,0.294568007010773],[73.4624677891011,0.294551950735578],[73.4624588643388,0.294549547773961],[73.4624168411498,0.294503654350744],[73.4623818338032,0.294447180709673],[73.4623641944843,0.294408365018744],[73.4623497558627,0.294395426754493],[73.4623076455371,0.294401453472194],[73.4622985671629,0.294404187907824],[73.462248010877,0.294450690381143],[73.4622254595701,0.294471431308814],[73.4621071514472,0.294663327782035],[73.4621013204826,0.294672786916881],[73.4620933362564,0.294696842583705]]]},"properties":{"OBJECTID":1539,"FCODE":"LD0705","atoll":"Gaafu Dhaalu","islandName":"Rodhavarrehaa","capital":"N","islandNa_1":"ރޮދަވައްރެހާ","longitude":"73° 27' 47.089\" E","latitude":"0° 17' 42.134\" N","Area_ha":1.21334975805,"category":"Uninhabited Island","Sector":" ","Usage":" ","PrimAgency":" ","Shape__Area":12133.498840332031,"Shape__Length":644.36427662598362}},{"type":"Feature","id":1540,"geometry":{"type":"Polygon","coordinates":[[[73.1316011489689,-0.686411487255013],[73.1316466082139,-0.686438415018031],[73.1316921159679,-0.686435332221209],[73.1317266624787,-0.686419593968659],[73.1317518171033,-0.686389624728244],[73.131797389536,-0.686347053028489],[73.1318303846564,-0.6863202564096],[73.1318821851089,-0.686307706947129],[73.1319355333587,-0.686307795873962],[73.1319465305344,-0.686299915519349],[73.1319841986909,-0.686293660100467],[73.1320390686868,-0.686322184055894],[73.1320907604432,-0.686375974010457],[73.1321251964613,-0.686426576970505],[73.1321674702802,-0.686481930778551],[73.1321815145414,-0.686529340455897],[73.1321924326653,-0.686568846424084],[73.1321955156834,-0.686602023316933],[73.1321860402538,-0.686639916026109],[73.1321796703001,-0.686696768113952],[73.1321591572706,-0.686766234336482],[73.1321449602958,-0.68681201817716],[73.1321213229257,-0.686873579791567],[73.1321118717507,-0.686895677657792],[73.132111835818,-0.686917791692431],[73.132127466504,-0.686954146593889],[73.132144684513,-0.686979447621797],[73.1321603286737,-0.687007905102563],[73.1321634233698,-0.687034762798673],[73.1321633577929,-0.687074250797668],[73.1321711614577,-0.687099536554677],[73.1321711075588,-0.687132707156084],[73.1321569231605,-0.687170592675018],[73.1321223505985,-0.687202125764985],[73.1320987689239,-0.687230518570379],[73.1320359371597,-0.687271481495337],[73.1319778116692,-0.687314030730555],[73.1319102772245,-0.687353407344184],[73.1318521840734,-0.687375423467381],[73.1317862782742,-0.687378473028271],[73.131712528386,-0.687379929092578],[73.1316670421916,-0.687370376197016],[73.1316058714124,-0.687356058081825],[73.131557245606,-0.687346499796711],[73.1314819299543,-0.687346374041612],[73.1314379987436,-0.687344721260456],[73.1313234877994,-0.687325575946168],[73.1312042696831,-0.687306422547559],[73.1311179927883,-0.687292062214334],[73.1310426968995,-0.687280878993705],[73.1310113178483,-0.687279248668741],[73.1309767875071,-0.687285508577587],[73.1309390888079,-0.687310717083897],[73.1309139728109,-0.687316994957724],[73.1308637632747,-0.687316910522139],[73.1308088842957,-0.687293125743119],[73.1308026562758,-0.687263104409659],[73.1308026984966,-0.687237832127286],[73.1307823291975,-0.687220423131118],[73.1307388516361,-0.687185292547353],[73.1306976360326,-0.687198168072516],[73.1306552526191,-0.687209154576461],[73.1306395707292,-0.68720438935668],[73.1306459200217,-0.687160172967163],[73.1306192822785,-0.687138014021108],[73.1306005362352,-0.687087438914374],[73.1305707876262,-0.687049480636435],[73.1305331967248,-0.687008349736703],[73.1305244058115,-0.686977139117476],[73.130501952421,-0.686924582467925],[73.1304706829642,-0.686856610936929],[73.1304331064359,-0.686807582614977],[73.1304018459623,-0.686733291888247],[73.130396636632,-0.686645575005991],[73.1303818108366,-0.686513703705979],[73.1303882975712,-0.686385773028715],[73.1303852531807,-0.68632890387039],[73.1303916662535,-0.686245199467298],[73.1303902190676,-0.686170959033853],[73.1303745443642,-0.686161455539709],[73.1303745829918,-0.686137764173007],[73.130395012478,-0.686118843416617],[73.1304327354317,-0.686079417389038],[73.1304610629059,-0.686027339497354],[73.1304752634739,-0.685979977422314],[73.1305271519613,-0.685913724231898],[73.1305932239488,-0.685809585511111],[73.1306152695041,-0.685762236009453],[73.130663987837,-0.685714930521583],[73.1307362294538,-0.685675562877004],[73.1308131737512,-0.685639360668505],[73.1308602948794,-0.685609429149736],[73.1309535579722,-0.685540128188611],[73.1309842785582,-0.685517715030006],[73.1310174461552,-0.685461214144278],[73.1310661887425,-0.685399692933017],[73.131119547772,-0.685393463562255],[73.1311791770423,-0.685390405017582],[73.1312168739449,-0.685366773829888],[73.1312482781489,-0.685352610207851],[73.1312890949005,-0.685340042777816],[73.1313503851557,-0.685281701373654],[73.1313865225829,-0.685251750091134],[73.1314478083466,-0.68522644815584],[73.131478510068,-0.685215266726843],[73.1315231509477,-0.685209725416136],[73.1315685949213,-0.685215723936629],[73.1316062244503,-0.685233161684134],[73.1316265623083,-0.685269524682649],[73.1316265084094,-0.685302695296702],[73.1316066233023,-0.685339034940162],[73.1315814399316,-0.685386729374425],[73.1315423218942,-0.685425977553987],[73.1315169049616,-0.685449355434583],[73.1314739367449,-0.685528314391657],[73.1314393210637,-0.685586699807151],[73.1314141197268,-0.685645100492146],[73.131396751699,-0.685711412970874],[73.131385625166,-0.685798268447589],[73.1313792013134,-0.685888290257199],[73.1313947781004,-0.685957815776031],[73.1314009055089,-0.686047860937197],[73.1314164355836,-0.686145816992077],[73.1314429996648,-0.686212202222152],[73.1314789924633,-0.686270705300142],[73.1314899294519,-0.686299154700887],[73.1315149753803,-0.68633552577553],[73.1315494356529,-0.686371913018458],[73.1316011489689,-0.686411487255013]]]},"properties":{"OBJECTID":1540,"FCODE":"LD0640","atoll":"Seenu","islandName":"Dhigiheraa","capital":"N","islandNa_1":"ދިގިހެރާ","longitude":"73° 7' 52.515\" E","latitude":"0° 41' 11.039\" S","Area_ha":3.00319146673,"category":"Uninhabited Island","Sector":" ","Usage":" ","PrimAgency":" ","Shape__Area":30031.9140625,"Shape__Length":803.02123407403951}},{"type":"Feature","id":1541,"geometry":{"type":"Polygon","coordinates":[[[72.890291469877,3.06156975583],[72.8902144474262,3.06156701539376],[72.8901520297853,3.06161386833053],[72.8900938584808,3.06166505842008],[72.8900547045108,3.06174866369163],[72.8900094060643,3.06179564669026],[72.8899448809757,3.06183818219763],[72.8898652785635,3.06189350939203],[72.889845660256,3.06194068973154],[72.8898341779901,3.06204387003015],[72.8898336893065,3.06210840794559],[72.8898800998674,3.06219697108177],[72.8899566354313,3.06226425031946],[72.8900354554109,3.06231218504697],[72.8901188334423,3.06232358094794],[72.8901830162728,3.06232622270867],[72.8902709191183,3.06230538105532],[72.8905311278184,3.06213956278728],[72.8906344978565,3.06205429713864],[72.8907034498427,3.06199243417171],[72.8907189673409,3.06192155691826],[72.8906940040575,3.06182670286743],[72.8906264372734,3.0617057065752],[72.8905562743581,3.0616449307922],[72.8904475090385,3.06159461620599],[72.8903770209331,3.06157686481757],[72.890291469877,3.06156975583]]]},"properties":{"OBJECTID":1541,"FCODE":"LD0030","atoll":"Faafu","islandName":" ","capital":"N","islandNa_1":" ","longitude":"72° 53' 24.977\" E","latitude":"3° 3' 43.014\" N","Area_ha":0.578234880314,"category":" ","Sector":" ","Usage":" ","PrimAgency":" ","Shape__Area":5782.348876953125,"Shape__Length":282.07603056199059}},{"type":"Feature","id":1542,"geometry":{"type":"Polygon","coordinates":[[[72.9645083311034,3.75659040910283],[72.9645157026787,3.75657034800273],[72.9645291046444,3.75655028779859],[72.9645485387972,3.75652554577398],[72.9645612715181,3.75649746112802],[72.9645592619868,3.75647004518461],[72.9645545709844,3.75644262924034],[72.9645351368315,3.75641320628842],[72.9645203945794,3.75639381478414],[72.964498280752,3.75638645814948],[72.9644674541647,3.75638645725308],[72.9644453403374,3.75639983221906],[72.964428585859,3.75641654890936],[72.9644118331773,3.75643393519917],[72.9643937393108,3.75646135114372],[72.9643897184516,3.75648542357036],[72.9643897184516,3.75650949689275],[72.9643966408692,3.75653269265335],[72.9644073622621,3.75654807193436],[72.9644234448006,3.75655943989144],[72.9644355082766,3.75656412081488],[72.9644361775215,3.7565734826617],[72.9644334969487,3.75659220635507],[72.9644301462327,3.75660089860186],[72.9644294760894,3.75660959174501],[72.9644557823543,3.75660352142481],[72.9644718612995,3.75660176540631],[72.9644861615805,3.75659641667612],[72.9645083311034,3.75659040910283]]]},"properties":{"OBJECTID":1542,"FCODE":"LD0579","atoll":"Alifu Dhaalu","islandName":" ","capital":"N","islandNa_1":" ","longitude":"72° 57' 52.112\" E","latitude":"3° 45' 23.381\" N","Area_ha":0.0335836989331,"category":"Uninhabited Island","Sector":" ","Usage":" ","PrimAgency":" ","Shape__Area":335.83544921875,"Shape__Length":70.795828214612456}},{"type":"Feature","id":1543,"geometry":{"type":"Polygon","coordinates":[[[73.1958346910831,0.1919180791893],[73.1958435143358,0.191933084563619],[73.1960158713944,0.192725294467877],[73.1962460098888,0.193060286017017],[73.1965401695168,0.193285825651844],[73.1968416701772,0.193380538086324],[73.1972577311893,0.193123041966372],[73.1977430253603,0.192822699141135],[73.1981611030902,0.192563953463268],[73.1985683408495,0.192610557796918],[73.1989073668343,0.192649354916448],[73.1991440145212,0.192746066992997],[73.1993615119229,0.192752607589546],[73.1993330982104,0.192609760097455],[73.1992120583107,0.192450582222729],[73.1991378466885,0.192243732819469],[73.199041946142,0.192121325474166],[73.1989013292573,0.191863655961339],[73.1987287233654,0.19161241115963],[73.1985497133838,0.19137404363197],[73.1984347182476,0.191039103253489],[73.1983260858786,0.190781448995658],[73.1980895199384,0.190504414587182],[73.1980560999149,0.190441596644809],[73.1980506372597,0.190431328059509],[73.1979842212175,0.190405802571677],[73.1979725970177,0.190398053746804],[73.1979258145543,0.190378560412775],[73.1978803310548,0.190349970788359],[73.1978374463815,0.190326580584029],[73.1977906648165,0.190291492582586],[73.1977659737225,0.190262903856308],[73.1977035974041,0.190216120752522],[73.1976746078716,0.190190999504017],[73.1976330230605,0.190153313588807],[73.1975979366621,0.190122126050509],[73.1975654490899,0.190105231527965],[73.1975433568221,0.190085739091896],[73.1975186657282,0.190051951843339],[73.1974790356511,0.190023330777524],[73.1974181352647,0.189961274600541],[73.1974108059104,0.189947990387141],[73.1973861166131,0.189922001370448],[73.1973666231714,0.189877817975891],[73.1973445309036,0.18983623339306],[73.1973211405703,0.189795949563523],[73.1972782558969,0.189754364980489],[73.1972522658391,0.189712779499038],[73.197222377093,0.189689389293881],[73.1971911875863,0.189656901899664],[73.1971509026374,0.189634810651194],[73.1971301111301,0.189611418649316],[73.1970976226596,0.189594525024567],[73.1970599365368,0.189567235253932],[73.1970248501384,0.189532149047568],[73.1969923625661,0.189502259566649],[73.1969637736823,0.189476270549294],[73.1969247876972,0.189468473215263],[73.19688450185,0.189468472316934],[73.1968395546448,0.189475947157542],[73.1967992687975,0.189472048490558],[73.1967602828125,0.189465551011606],[73.1967453204731,0.189467481480617],[73.1967449494689,0.18946737098844],[73.1964582746039,0.189455695648499],[73.1964133094323,0.189444758719732],[73.1963704265556,0.189435662428875],[73.1963392379473,0.189425266282913],[73.1963015518245,0.189405772947764],[73.1962807585206,0.189390179177941],[73.1962638657017,0.189371985697871],[73.1962573681872,0.189352494159316],[73.196254145032,0.189349041054189],[73.1962495187083,0.189332660364427],[73.1962302740999,0.189320054374887],[73.1962248797167,0.189312208532028],[73.1962053871733,0.189287518471194],[73.1961923921444,0.189260228700075],[73.1961690018111,0.189229040261846],[73.1961534070577,0.189199151678695],[73.1961300167244,0.189160165906205],[73.1960858321888,0.189132877033174],[73.1960403495876,0.189101687696425],[73.1959961659504,0.189082196157552],[73.195961079552,0.189078296592125],[73.1959272912192,0.18907959734557],[73.1958909319081,0.189097777351296],[73.195883107582,0.189101689493044],[73.1958506200097,0.189113383697733],[73.1957973400319,0.189151070513523],[73.1957674512858,0.189183557908694],[73.1957349628152,0.189236837595992],[73.1957063748296,0.189274522614909],[73.1956933789024,0.189301812385964],[73.1956868804896,0.189344696825221],[73.1956868804896,0.189382381843871],[73.1956985765546,0.189407073701184],[73.1957013200095,0.189425361503822],[73.1957024752429,0.189433062718641],[73.1957063739313,0.189461652344583],[73.1956972766924,0.189491540927276],[73.1957024752429,0.189525328176966],[73.1957128705474,0.189557816469752],[73.1957271654385,0.189570810529215],[73.1957397050216,0.189579931074346],[73.1957407812033,0.189603588976155],[73.195740780305,0.189627246877926],[73.1957429308718,0.189658431722205],[73.1957461576203,0.189687467808028],[73.1957612133845,0.189734783611302],[73.1957751929669,0.189767045529509],[73.1957848705174,0.189786400524421],[73.195795625148,0.189808984046779],[73.1958085294471,0.189824038829985],[73.1958257348797,0.189832641948232],[73.1958386400771,0.189839094511506],[73.1958440164941,0.189850922563935],[73.1958483176276,0.189860600959695],[73.1958504690928,0.189881033028611],[73.1958579960765,0.189906842383302],[73.1958579960765,0.189933726117113],[73.1958655239586,0.189954158185978],[73.1958784273593,0.189970289144872],[73.1958870305248,0.18999072031537],[73.1958913325567,0.190004700719265],[73.1958956336903,0.190022981334778],[73.1958934831235,0.190038037016146],[73.1958934831235,0.190057392909095],[73.1958988604388,0.190068147480504],[73.1959063883209,0.190079976431058],[73.1959128400212,0.190089653928362],[73.1959214431867,0.190105784887128],[73.1959225175718,0.190121914947578],[73.1959332722024,0.190141271738766],[73.1959418753679,0.190154175966731],[73.1959504785333,0.190172456582079],[73.1959580055171,0.190192888650664],[73.1959698345328,0.190216548348252],[73.1959687583511,0.190234828963536],[73.195967683966,0.190253109578794],[73.1959795129816,0.190281070386151],[73.195996184815,0.190302136661691],[73.196006937649,0.190333320606433],[73.1960198428463,0.190382787861139],[73.1960327471454,0.190412898324911],[73.1960348986105,0.190432255115756],[73.1960295203969,0.190449460453349],[73.1960521040431,0.190483872026801],[73.1960703856574,0.190512907212934],[73.1960875901918,0.190550545516907],[73.1961015706726,0.190590334375689],[73.1961080232713,0.19061399137782],[73.1961047965227,0.190649479126693],[73.1961187770035,0.190673137027039],[73.1961306060192,0.190677438136782],[73.196145660885,0.190698946380508],[73.1961553402322,0.190718301374416],[73.1961650177827,0.19073550761002],[73.1961693198146,0.190759165510238],[73.1961800726486,0.190781749031286],[73.1961886758141,0.190793577981395],[73.1961962036961,0.190809708939487],[73.1962166358773,0.190836628604304],[73.1962252390428,0.190877492739885],[73.1962306163581,0.19090007626078],[73.1962338422082,0.190936637489872],[73.1962306163581,0.190980728355758],[73.196235992775,0.19101621610388],[73.1962198617275,0.191048476223063],[73.1962048068616,0.191076436130806],[73.1961811488303,0.191114074433545],[73.1961639424994,0.191137732333242],[73.1961445864999,0.191162464612034],[73.1961209284686,0.191180747022919],[73.1961004962875,0.191205480199937],[73.1960693094758,0.191215158594895],[73.1960478029095,0.19123451448652],[73.1960230686965,0.191254947452137],[73.195996184815,0.191287208469203],[73.1959574710195,0.191315167478261],[73.1959219839725,0.191337750100281],[73.1958983259412,0.19134957815168],[73.1958746679099,0.191376462781517],[73.195864989461,0.191401196856583],[73.1958477822317,0.191429155865438],[73.1958251994838,0.191467868546509],[73.1958187477835,0.191490452066628],[73.195810144618,0.191515185243188],[73.1957983165006,0.191538844040666],[73.1957816671251,0.191553231377844],[73.1957623093291,0.191566135604765],[73.1957418780463,0.191577964554328],[73.1957246717153,0.191601623351679],[73.1957149932664,0.191644638040185],[73.1956988631172,0.191671522669602],[73.1956938029072,0.191678479184233],[73.1956902599517,0.191683352517378],[73.1956870332032,0.191724215752582],[73.1956977869355,0.191744647819323],[73.1957096159511,0.191760777878246],[73.1957440277148,0.191773682105003],[73.1957502395649,0.191774458245088],[73.1957698372111,0.191776907937144],[73.1958010231246,0.191783361397971],[73.1958300575729,0.191788736886529],[73.1958494153689,0.191794114171693],[73.1958666208016,0.191816696793089],[73.1958838262342,0.191834978304958],[73.1958978076133,0.191854335094212],[73.1958967314316,0.19187906737196],[73.1958967305332,0.191893047774303],[73.1958827518491,0.191903801446251],[73.1958655455182,0.191911329286096],[73.1958346910831,0.1919180791893]]]},"properties":{"OBJECTID":1543,"FCODE":"LD0397","atoll":"Gaafu Dhaalu","islandName":"Maarehaa","capital":"N","islandNa_1":"މާރެހާ","longitude":"73° 11' 50.442\" E","latitude":"0° 11' 28.780\" N","Area_ha":10.6663584154,"category":"Uninhabited Island","Sector":" ","Usage":" ","PrimAgency":"MoFMRA","Shape__Area":106663.5876159668,"Shape__Length":1512.0105266645737}},{"type":"Feature","id":1544,"geometry":{"type":"Polygon","coordinates":[[[73.2010417163387,0.190106113668724],[73.201024630382,0.190073082797507],[73.2010090374253,0.19003799749049],[73.2009492590347,0.189983417052291],[73.200898577883,0.189936634846032],[73.2008530943835,0.189911944786089],[73.2008258062601,0.189895051161632],[73.2007933186879,0.189874258870268],[73.2007504340146,0.189863863622863],[73.2006945552106,0.189844370288237],[73.2006399744723,0.189820979184929],[73.2005892942189,0.18980018689345],[73.2005399120311,0.189781993413813],[73.2005191196255,0.189779395500287],[73.2004645406838,0.189763800832479],[73.2004242548366,0.189753403788405],[73.2003800711993,0.189741709584174],[73.2003384863882,0.18973001268497],[73.2002995013015,0.189724815061236],[73.2002683117948,0.189714418915452],[73.2002443977437,0.189709029951597],[73.2002041127947,0.189699932762588],[73.2001703262586,0.189697333950709],[73.2001352389619,0.189692136326987],[73.2000962529769,0.189683039137928],[73.200067664093,0.189671344035343],[73.2000260792818,0.189659648034417],[73.2000000883257,0.189663546701388],[73.1999611041373,0.189663547599717],[73.1999351131812,0.189664845658177],[73.1999026247107,0.189663547599717],[73.1998714370006,0.189659647136127],[73.1998454469428,0.189663546701388],[73.1998142583345,0.189670044180265],[73.1997986635811,0.189686938703228],[73.1997817698639,0.189688237660016],[73.1997544808422,0.189671344035343],[73.1997297897483,0.189651851598791],[73.1997024998283,0.18964145455464],[73.1996713121183,0.189616764494302],[73.1996622148794,0.189593372492374],[73.1996622148794,0.189580378432924],[73.1996518195749,0.189551788807172],[73.1996336259955,0.189529698456903],[73.1996128335899,0.189495910308936],[73.1996050371115,0.189475118017088],[73.1995894423582,0.189450427956484],[73.1995686499526,0.189416640706692],[73.1995478584454,0.189407544415822],[73.1995296648659,0.189398447226661],[73.199516669837,0.18937895478979],[73.1995192695615,0.189356862642673],[73.199516669837,0.189334771393846],[73.1995010741854,0.189304882810848],[73.1994828824026,0.189291887852892],[73.199462089997,0.189268496748846],[73.1994672885476,0.189254201935735],[73.1994542926203,0.189233409643556],[73.1994270027003,0.189213917206508],[73.1994140076715,0.189193124914329],[73.1994140076715,0.189177531144315],[73.1994140076715,0.189160637519146],[73.1994114088453,0.189133348646153],[73.1993932152659,0.189098261540583],[73.1993792797008,0.189062694737217],[73.1993493900564,0.189022410905911],[73.1992987089047,0.188966531507629],[73.1992389305141,0.188913251819504],[73.1991960467391,0.188872967089539],[73.1991570607541,0.188863869900085],[73.1991076794646,0.188846976274611],[73.1990556984507,0.188814488878779],[73.1990193130884,0.188787199106961],[73.198989423444,0.188766407712551],[73.1989374442267,0.188748214231832],[73.1989322456761,0.18874561452151],[73.1988867621767,0.188726122083914],[73.198836081025,0.188713127125499],[73.1988178883438,0.188691035875846],[73.1987970959383,0.188672843293341],[73.1987750036705,0.188645553521256],[73.1987295210693,0.188602669080319],[73.1987172545741,0.18859200254244],[73.1986561367955,0.188493456991011],[73.1986238926666,0.188439937452538],[73.1985760286317,0.188360489980025],[73.1985620652189,0.188337313570902],[73.1985543172496,0.188331934488037],[73.1985298174968,0.188319684228691],[73.1985012286129,0.188301490747514],[73.1984876604589,0.188285661619367],[73.1984778364829,0.188274201873134],[73.1984596429035,0.188249510912534],[73.1984388513962,0.188218323370814],[73.1984180589907,0.188187134930714],[73.1983972665851,0.188165042782083],[73.1983751752156,0.18814815005425],[73.1983608794262,0.18813515329881],[73.1983374890928,0.1881351541971],[73.1983140987595,0.188120860281376],[73.198288106905,0.188090970798001],[73.19826861526,0.188089671841099],[73.1982426243039,0.188089671841099],[73.1982101358333,0.188079275694335],[73.1981789481233,0.188070179402765],[73.1981737495727,0.188068880445862],[73.1981399630366,0.188051985921321],[73.1981048757399,0.188071479257971],[73.1980788847838,0.188089672739389],[73.1980697893415,0.18810526561208],[73.1980541945882,0.188118261469255],[73.1980321023204,0.188132554486689],[73.1980126097771,0.188154647533687],[73.198009529454,0.188157726941869],[73.1979931172337,0.188174139971919],[73.1979723257265,0.188192333453235],[73.1979495902649,0.188192332554919],[73.1979476337342,0.188192332554919],[73.1979294410531,0.188198830034304],[73.1979203447125,0.188222221139787],[73.1979204084929,0.188223941404286],[73.1979216427781,0.188257108822212],[73.1979216427781,0.188288297262146],[73.1979216427781,0.188323384369357],[73.1979151443654,0.18836107028855],[73.1979177449881,0.188390959771454],[73.1979049395037,0.188419526043041],[73.1979008512709,0.188428645690493],[73.1978995505103,0.188470229378367],[73.197903450097,0.188510514109311],[73.197891754032,0.188543002404006],[73.197903450097,0.188574189945141],[73.1979021511331,0.188610576008593],[73.1979086477492,0.188639166534213],[73.1979229426404,0.18865865807362],[73.1979385373937,0.188691145469707],[73.1979411353215,0.188719735096896],[73.1979411362198,0.188744426056835],[73.1979437350459,0.188770415973574],[73.1979502334587,0.188787309599125],[73.1979626670405,0.188804262513116],[73.1979645283498,0.188806802036657],[73.1979593297993,0.188847087665116],[73.1979619295237,0.188873076683425],[73.1979827210309,0.188887372395145],[73.1980022135743,0.188902965267123],[73.1980256048059,0.18890946454286],[73.1980360010088,0.188923757559658],[73.1980463972115,0.188945850605651],[73.1980489960376,0.188962742434379],[73.1980606921026,0.188983534726875],[73.1980697884432,0.188999130293674],[73.1980905799505,0.189021678782922],[73.1980996771893,0.189045069887298],[73.1981217685588,0.189058064845445],[73.1981386631743,0.189081455949771],[73.1981698517827,0.189115244098552],[73.1982010394927,0.189134737434006],[73.1982231308622,0.189145133580171],[73.198260816985,0.189156827784784],[73.1982738129122,0.189168524684382],[73.198284209115,0.18918281949757],[73.1983011019339,0.189194514600498],[73.198315396825,0.18921400703756],[73.19832709289,0.189239996953612],[73.19833099068,0.189259490288951],[73.1983283918539,0.189282880494694],[73.1983205944773,0.189295876350979],[73.1983257930278,0.189321866266904],[73.1983322914406,0.189360851140734],[73.198338788955,0.189380343577618],[73.1983478852956,0.189407634246874],[73.1983660779767,0.189447918077315],[73.1983829725923,0.18947130918108],[73.1984011652734,0.189512893764788],[73.1984154601646,0.189557077160312],[73.1984206578168,0.189593463221716],[73.1984219567807,0.18962335180418],[73.1984180589907,0.189657139053602],[73.1984245556068,0.189692226158001],[73.1984271562295,0.189720814885221],[73.1984453489107,0.18974680480051],[73.1984609427657,0.189777993237811],[73.1984817351712,0.189805025193027],[73.1984960300624,0.189838811543777],[73.1985272186707,0.189882995836727],[73.1985350142508,0.189903788128116],[73.1985493100402,0.18993237685498],[73.1985584063807,0.189959667523333],[73.1985623050691,0.189989556105173],[73.198576844302,0.190022269872977],[73.1985778989241,0.190024641412317],[73.1985791987863,0.19002854097749],[73.198590893953,0.190070124661571],[73.1985999902936,0.190097415329708],[73.1986168849091,0.190131201679847],[73.1986246822858,0.190155892637801],[73.1986376773147,0.190188380031076],[73.1986467727569,0.190202674843462],[73.1986597686842,0.190220867424325],[73.1986610685464,0.190240359860242],[73.1986779622636,0.19027284725339],[73.1986935561186,0.190305335544777],[73.1987117496981,0.190333925169269],[73.1987234448648,0.190363813750461],[73.1987312422414,0.190398899955132],[73.1987403394803,0.190427488681181],[73.1987494349225,0.190469074160877],[73.1987702273281,0.190480768364637],[73.1987819224948,0.190524953554312],[73.1987884218059,0.190560174505167],[73.1988118121393,0.190608256564787],[73.1988352024726,0.19064984114576],[73.1988442997115,0.190688826016588],[73.1988494973637,0.190716116683745],[73.1988455995737,0.19076939636631],[73.1988326045448,0.190805782425144],[73.1988339044071,0.190836969962246],[73.1988533951537,0.190883753064353],[73.1988845846604,0.190927936456328],[73.1989079758921,0.190948727848129],[73.1989430631888,0.190974717761574],[73.1989560582177,0.190998108863304],[73.1989807493116,0.191025398631674],[73.1990145376444,0.191050090486646],[73.19904312563,0.191065684254955],[73.1990704164483,0.1910799781683],[73.1991146000856,0.191100770458201],[73.1991522862083,0.191111167501474],[73.1991912703967,0.191130659038057],[73.1992224599034,0.191146252806303],[73.1992549474757,0.191151451327946],[73.1992770397434,0.191160547617888],[73.1992731410551,0.191191736052606],[73.1992640447145,0.191207330719116],[73.1992445521712,0.19122422434225],[73.1992016674978,0.191234619588827],[73.1991229849604,0.191249146164378],[73.1991331017871,0.191254055430056],[73.1997180074451,0.191537906204731],[73.2002177456275,0.191780423923453],[73.200404473934,0.192006525019142],[73.2005040297254,0.192279747873063],[73.2004872815352,0.192575217374989],[73.2003430956439,0.193021153828697],[73.2002570154801,0.193287380626745],[73.2002819679838,0.19348385273837],[73.2003025277257,0.193645742601771],[73.20035598018,0.193679245977223],[73.2003575468419,0.193680229626835],[73.2003610125423,0.193669832585127],[73.2003672163076,0.193657426921945],[73.2003808617168,0.193653705222957],[73.2004007108913,0.193649984422298],[73.200411876052,0.19364254012607],[73.2004304837548,0.193618970264229],[73.2004503329293,0.193618969365926],[73.2004620092313,0.193617998292647],[73.2004700347801,0.193628699861524],[73.2004847509811,0.19365545602947],[73.200510168812,0.193683548882834],[73.2005288977874,0.193695588035484],[73.2005587577874,0.193695833274163],[73.2005464113422,0.193701060540934],[73.2005503019457,0.193702276852879],[73.2005743821852,0.193708966568564],[73.2005971257315,0.193708965670248],[73.2006171914,0.193704952918803],[73.2006412716396,0.19369692561932],[73.2006653509807,0.193684886466645],[73.2006787295903,0.193672847313995],[73.2006921073015,0.193664820014486],[73.2007054841144,0.193651442379697],[73.2007108344802,0.193639402328692],[73.2007068226042,0.193623350424559],[73.2006907688117,0.193607295825466],[73.2006800653851,0.193596594256576],[73.2006626748995,0.193589906337459],[73.200653310861,0.193581879037912],[73.2006372579669,0.19357117657068],[73.2006319067027,0.19356047500179],[73.20063859466,0.193533718833705],[73.2006466220054,0.193514990863482],[73.2006599997166,0.193486898009825],[73.2006747150193,0.193464156389727],[73.2006921064032,0.193448103587113],[73.2007094968887,0.193436062637665],[73.2007215370085,0.193415997083517],[73.200730901047,0.193397268214864],[73.2007282258641,0.193378539346198],[73.200730901047,0.193358472893645],[73.2007389274941,0.193341082507093],[73.2007429411668,0.193326367288174],[73.2007523052053,0.193310312688801],[73.2007750487516,0.193291584718362],[73.2007937759304,0.19328088225094],[73.2008178561699,0.193262154280475],[73.2008236071843,0.193262975335946],[73.200836584247,0.193264830346476],[73.2008446115923,0.193286234382967],[73.2008405979196,0.193294259886034],[73.2008379227367,0.193311651170966],[73.2008446124906,0.193322352740034],[73.2008472867752,0.19333573127342],[73.2008606644865,0.193338406441079],[73.2008767182789,0.193337068857243],[73.2008927720713,0.19334375767479],[73.2008994609269,0.193358472893645],[73.2008847447259,0.193377201762336],[73.2008713670147,0.193386566645846],[73.2008606653847,0.193386565747543],[73.2008499628565,0.193386565747543],[73.2008405997162,0.193397268214864],[73.2008218707409,0.193421347418874],[73.2008191946597,0.193445427521137],[73.2008245459238,0.193464155491436],[73.2008432740009,0.193482884360013],[73.2008579902019,0.193490911659598],[73.2008579902019,0.193501614126894],[73.2008566517121,0.193531043666045],[73.2008579893035,0.193561812585601],[73.2008579902019,0.193597931840386],[73.2008620029762,0.193613984642861],[73.2008673551387,0.193635389577248],[73.200882069543,0.193660807263041],[73.2008914344799,0.193676860065465],[73.2009061497825,0.193687562532607],[73.2009168523108,0.193703615335005],[73.2009235402681,0.193718331451883],[73.2009288915323,0.193734384254256],[73.200932905205,0.193761139523695],[73.2009409325503,0.193770502610369],[73.200951633282,0.193789231478603],[73.2009569845462,0.193809297930621],[73.2009502956905,0.193828027697133],[73.2009422692435,0.193838728367554],[73.2009288924306,0.193838729265883],[73.2009235411665,0.193825351631221],[73.2009275539408,0.193806622763026],[73.2009168523108,0.193787893894779],[73.2009021370082,0.193773179574584],[73.2008914353782,0.193761139523695],[73.2008793952584,0.193754449808035],[73.2008660175472,0.193747760990653],[73.2008432748992,0.193739735487802],[73.200829897188,0.193733045772129],[73.2008111780941,0.193731347965922],[73.2007937876085,0.193734024031884],[73.2007790714075,0.193754090483954],[73.2007656936963,0.193779508169569],[73.2007496408022,0.193807601022768],[73.2007349254995,0.193826328992647],[73.2007268981541,0.193851746678148],[73.2007161956258,0.193882514698803],[73.2007001427317,0.193903918734518],[73.2006921162846,0.193919972435041],[73.2006827522461,0.193933350069614],[73.2006827522461,0.19396679415604],[73.2006840898376,0.193997561278163],[73.2006854283274,0.194014952562369],[73.2006840907359,0.194033682328664],[73.2006760624922,0.194051072714517],[73.2006615969212,0.194063729904283],[73.2006546583339,0.194069800684142],[73.2006493079681,0.194087191968272],[73.2006519840493,0.194113947237164],[73.2006479694783,0.194135351272586],[73.2006345926654,0.194148011157211],[73.2006198773628,0.194165401542936],[73.2006011474891,0.194193494395499],[73.2005891091659,0.194217574496655],[73.2005998107959,0.194257707399662],[73.2005904458591,0.194279110536615],[73.2005904458591,0.194307204287277],[73.2006024859788,0.19432325708909],[73.200618538873,0.194359377240563],[73.2006198764644,0.194396834077417],[73.2006051620601,0.194435629396257],[73.2005904458591,0.194471747750882],[73.2005837579018,0.194509204587443],[73.2005984732045,0.194539974403558],[73.2006118509157,0.194566728773435],[73.2006175776756,0.194583090593653],[73.2006200669073,0.194590205209676],[73.2006212149542,0.194593484041563],[73.2006198773628,0.194613549594325],[73.2006205672689,0.194615851064811],[73.2006279038098,0.194640305760667],[73.2006506455595,0.194668397714112],[73.200657074802,0.19467804197135],[73.2006640232707,0.194688465063442],[73.2006680369435,0.194721909148329],[73.2006787385734,0.194747325934178],[73.200677400982,0.194766054801356],[73.2006774018803,0.194784586938568],[73.200677400982,0.194787458835951],[73.2006812852972,0.194808820649942],[73.2006827513478,0.194816889271192],[73.200684219195,0.194838898766698],[73.200685427429,0.194857022172774],[73.2006907786932,0.194877088623546],[73.2006896602906,0.194886152572335],[73.200688065781,0.19489904781363],[73.2006865440349,0.194911370831384],[73.2006931322792,0.194933330919746],[73.2007019169044,0.194954193273145],[73.2007161911343,0.194975056524847],[73.200738152248,0.195001408451099],[73.200750230097,0.195016780333189],[73.200750626254,0.195017320217563],[73.200762307946,0.195033250848532],[73.200773288952,0.195053015466879],[73.200790857304,0.195076074188278],[73.2008128175195,0.195104622482506],[73.2008292881302,0.195121092997748],[73.2008512483456,0.195138660349536],[73.2008732094594,0.195150739026824],[73.2008951705731,0.195158424967806],[73.2009259145154,0.19516720954199],[73.2009478747309,0.195166111807077],[73.2009654439812,0.195157326334564],[73.2009830123332,0.195150739026824],[73.2009983843043,0.195134269409936],[73.2010115607929,0.195119994364507],[73.2010236386419,0.19510132837944],[73.2010423056335,0.195078269658091],[73.2010560444675,0.195048731426117],[73.2010642667473,0.195031055378669],[73.2010716194579,0.195019888486079],[73.2010939129483,0.194986035670655],[73.2011125790415,0.194944310963908],[73.2011477166439,0.194882822536826],[73.2011784614845,0.19482352957939],[73.2011818454382,0.194817810937315],[73.2012103040664,0.194769726194718],[73.2012434716633,0.194702351140901],[73.2012709223818,0.194637566813192],[73.2013016681206,0.194555214234501],[73.2013642564415,0.194433335112221],[73.2013917062616,0.194363060312045],[73.2014114709945,0.194302670516092],[73.2014433144747,0.194206043787921],[73.2014762538995,0.194098437912785],[73.2015168811065,0.193995001992601],[73.2015487236884,0.193900572529259],[73.2015783716861,0.193803945798785],[73.2015992323636,0.193736966895916],[73.2016189979948,0.193672183462795],[73.2016376640881,0.193582145836032],[73.2016486441958,0.193506267373517],[73.2016662125478,0.193431603426022],[73.201678894963,0.193384839195393],[73.2016837808998,0.193366819093415],[73.2017211139847,0.193243841329242],[73.2017518588253,0.19318454746774],[73.2018023683988,0.193090117999882],[73.2018298191173,0.193040707346518],[73.2018539757136,0.192997884001619],[73.201911072633,0.192922120520214],[73.2019538953226,0.192868317129512],[73.2020379695484,0.192751803601936],[73.2020643225255,0.192718864363466],[73.2021181244245,0.192658472765042],[73.2021521642856,0.192609062110431],[73.2021840068675,0.192573924706603],[73.2022312214205,0.192528905890352],[73.2022793145258,0.192476888339121],[73.2022845822467,0.19247119035742],[73.2023234559423,0.192428985946795],[73.202357494905,0.192393849440927],[73.2023838478822,0.192363104773635],[73.2024146466217,0.192332306207658],[73.2024244750893,0.19232247779549],[73.2024508280664,0.192309301381165],[73.2024789884539,0.192302256832367],[73.2025174201784,0.192292373623262],[73.2025569487459,0.192282490414196],[73.2025920863482,0.192273706736801],[73.2026403995408,0.192263825324302],[73.202689811373,0.192252845278397],[73.2027282421992,0.192246256172868],[73.2027754585489,0.192239667965679],[73.2028226731019,0.192229785654865],[73.2028402405555,0.192228687919761],[73.2028698876549,0.192221001977457],[73.2029006333938,0.192216610138715],[73.202944554723,0.192206727827888],[73.2029720054414,0.192205630092785],[73.2029895728951,0.192204532357707],[73.2030126317502,0.192195746883654],[73.2030302001022,0.192186962307905],[73.2030477693525,0.192174885425162],[73.2030675331871,0.192165003114309],[73.2030931594272,0.192142419595081],[73.2031337875325,0.192108380823705],[73.2031656310127,0.192087517568466],[73.2031930817312,0.192060067902569],[73.2032194356067,0.192031519603215],[73.2032370030604,0.192011754981344],[73.2033303362218,0.19193599059726],[73.203401707371,0.191877796262926],[73.2034489237207,0.191829483341179],[73.2034741780583,0.191816306028143],[73.2034939427912,0.191789954096904],[73.2035005310355,0.191771287209895],[73.2035521374519,0.191729562495235],[73.203655869511,0.191641956584047],[73.2037225280984,0.191581965628226],[73.2037275981898,0.191577402212082],[73.2037896017074,0.191533200855572],[73.2038073676888,0.191520535579156],[73.2038374935901,0.191503320361207],[73.2038733579295,0.191490408947746],[73.2039063539482,0.191480366737268],[73.2039379135608,0.191477498432588],[73.2039608664146,0.191483235940251],[73.2039924278238,0.191487539744738],[73.2040153806776,0.191480367635558],[73.2040412036488,0.191477498432588],[73.2040598535724,0.191464587019101],[73.2040842410357,0.191453111105422],[73.2041114968198,0.191437329590611],[73.2041330159624,0.191425854575196],[73.2041559688162,0.191404335552659],[73.2041832254986,0.191398597146655],[73.204216220619,0.191394294240433],[73.2042535204662,0.191385685733105],[73.2043008607834,0.191381382826921],[73.2043453318815,0.19137421071769],[73.2044070173954,0.191369906014849],[73.2044514893919,0.191375644420866],[73.2045002652169,0.191375644420866],[73.2045547785816,0.191381382826921],[73.2046021188987,0.191389990435946],[73.204685322657,0.191404336450988],[73.204748444577,0.191421549872406],[73.204785743526,0.191441634293414],[73.2048029570434,0.191460283214614],[73.2048043916529,0.191473193729772],[73.2048072608719,0.191487539744738],[73.2048000887227,0.191507623267366],[73.204810130091,0.19152770768831],[73.2048101309893,0.191533308652814],[73.204810130091,0.191544922007904],[73.2048144339195,0.191570744834738],[73.2048144339195,0.191592262060465],[73.2048115647004,0.191616650285718],[73.2048086963798,0.191656817330669],[73.2048086963798,0.191671162447179],[73.2048086963798,0.191691245969604],[73.2048086963798,0.191712764991785],[73.2048115647004,0.191734283115625],[73.2048259098972,0.191740021521514],[73.2048488627511,0.19174432532595],[73.2048560357986,0.191760105043862],[73.2048732511127,0.191768711754406],[73.2049019424046,0.191762973348491],[73.2049205923282,0.19175723584093],[73.2049292736471,0.191753853702795],[73.2049357720599,0.19174215680499],[73.2049500660526,0.191714867936094],[73.204965660806,0.19169147593704],[73.2049747571466,0.191678480980852],[73.2049877530738,0.191665486024652],[73.2050007472044,0.191649891358586],[73.2050124432694,0.191627800112673],[73.2050280380227,0.191595311823792],[73.2050306368488,0.191575820287743],[73.2050241393343,0.191565424143028],[73.2050241393343,0.191538133477232],[73.2050237216178,0.191533331110545],[73.2050215405082,0.191508244898089],[73.205031936711,0.191465361362554],[73.205035834501,0.191430274261717],[73.2050267372621,0.191393888204207],[73.2050176427182,0.191357502146581],[73.2050020470666,0.191330212378771],[73.2049903518999,0.191292527364345],[73.2049721583204,0.191263938639733],[73.2049474681248,0.191211956118749],[73.204926674821,0.191182068437336],[73.2049045834515,0.191144383422605],[73.2048706621681,0.191113870517142],[73.2048186811541,0.191068388168926],[73.2047718986908,0.191033301067326],[73.2047329127058,0.190998213965624],[73.2046900289307,0.190946233240444],[73.2046328502646,0.190903349703498],[73.2045704739462,0.190872162166561],[73.2045353875478,0.190852668833066],[73.204497701425,0.190839673876242],[73.2044561157156,0.190830578484451],[73.2044171306289,0.190825379962719],[73.2043794454044,0.190820181441013],[73.2043356399579,0.190817582629286],[73.2043066459338,0.190817583527614],[73.2042862577701,0.190817582629286],[73.2042225806912,0.190812385005908],[73.2041589045106,0.190813684860898],[73.2040731360622,0.190814983817597],[73.2040185562221,0.19081108515088],[73.2039756724471,0.190804588570765],[73.2039132952304,0.190783796280495],[73.2038340251948,0.19075650651173],[73.2037781445942,0.190727916887937],[73.2037354800081,0.190706966494928],[73.2036912954726,0.190686174204543],[73.2036341168064,0.190667980725847],[73.2035860344808,0.190654985768883],[73.2035444496697,0.190643289768657],[73.2035295582972,0.190639390203573],[73.2034898698297,0.19062899495664],[73.2034326911635,0.190608202666153],[73.203384608838,0.190595207709139],[73.203332627824,0.190579613940397],[73.2032871452229,0.190571816606861],[73.2032429624839,0.190557521794819],[73.2031805843689,0.190545827591135],[73.2031260045289,0.190535431445822],[73.2030597304205,0.190534130692478],[73.202998653066,0.190536730402547],[73.2029557683927,0.190543227881092],[73.2029206819943,0.190552324171327],[73.202873899531,0.190552324171327],[73.2028644851868,0.190552324171327],[73.2028323147198,0.190552324171327],[73.2027959284592,0.190551025214602],[73.2027683438918,0.190544128886332],[73.2027544056319,0.1905429413201],[73.2027179582858,0.190541928026039],[73.2026854698153,0.190545826692819],[73.2026360885258,0.190545826692819],[73.2026010003308,0.190553624026367],[73.2025542187657,0.190561420461587],[73.2024985295063,0.190570518548465],[73.2024426507024,0.190584811563889],[73.202440050978,0.190584811563889],[73.2024075625074,0.190599106375906],[73.2023633788701,0.190618600608009],[73.2023581794213,0.190618599709719],[73.202310097994,0.190627695999915],[73.2022698130451,0.190641990811945],[73.2022308270601,0.190661483247378],[73.2022074367267,0.19066018339235],[73.2021853444589,0.190660184290666],[73.2021437596478,0.190664082059092],[73.2021125710394,0.190677077016044],[73.2020748858149,0.190688773016257],[73.2020449952722,0.190699169161481],[73.2020164063883,0.190699169161481],[73.201972222751,0.190705666639925],[73.201929338976,0.190716062785111],[73.2019124461571,0.190722560263555],[73.2018942516793,0.190717361741823],[73.2018448712881,0.190722560263555],[73.2017863927598,0.190719961451853],[73.2017816236039,0.190718372340924],[73.2017669002164,0.19071346397341],[73.2017240164414,0.190705666639925],[73.2016824307319,0.190693971538027],[73.2016395478552,0.190678376871046],[73.201607060283,0.190675778059344],[73.2015784696024,0.190656284725595],[73.2015225907985,0.190627695999915],[73.2014914030885,0.190614701042964],[73.2014550159296,0.190579613940397],[73.2014186305673,0.190558821649859],[73.2013991371256,0.190530232924026],[73.2013744460317,0.190499045386416],[73.2013159684017,0.190405480078279],[73.2012821809672,0.190339206335704],[73.2012390510538,0.1902901010999],[73.2012117620321,0.190264111185425],[73.2011558814315,0.190210830602966],[73.201114298417,0.190174444542873],[73.2010771575716,0.190147780895456],[73.2010417163387,0.190106113668724]]]},"properties":{"OBJECTID":1544,"FCODE":"LD0447","atoll":"Gaafu Dhaalu","islandName":"Dhoonirehaa","capital":"N","islandNa_1":"ދޫނިރެހާ","longitude":"73° 12' 4.476\" E","latitude":"0° 11' 29.293\" N","Area_ha":17.5889547327,"category":"Uninhabited Island","Sector":" ","Usage":" ","PrimAgency":"MoFMRA","Shape__Area":175889.54885864258,"Shape__Length":2901.6401763506306}},{"type":"Feature","id":1545,"geometry":{"type":"Polygon","coordinates":[[[73.1923727196237,0.194623324106523],[73.19243470248,0.194717017849859],[73.1924416257959,0.194718172178353],[73.1924527999397,0.194721897470312],[73.1924714229139,0.194735554478701],[73.1924937712015,0.194743003266012],[73.1925049462436,0.194736795943249],[73.1925198448026,0.194736795943249],[73.1925397101468,0.194738037407809],[73.1925471589772,0.19474424473056],[73.1925546087058,0.194769075818206],[73.1925620584345,0.194788941047598],[73.1925719911065,0.194805080985032],[73.1925930970242,0.194821221820743],[73.1926079964815,0.194831153537098],[73.1926266194556,0.194860951381085],[73.1926427603846,0.194885783366856],[73.1926737989743,0.194914338847916],[73.1926896775953,0.194939590344422],[73.1927135296627,0.194959034266168],[73.1927346355803,0.194977658929138],[73.192745550111,0.194989252519078],[73.1927579648282,0.194996701306274],[73.1927877628445,0.195012843040124],[73.1928287368013,0.195025258583724],[73.1928759154217,0.195043881449986],[73.1929168875818,0.195066229608143],[73.1929392358694,0.195073679293591],[73.192967792414,0.195076161324357],[73.1930037977889,0.195074920758126],[73.1930171593304,0.195088282222225],[73.1930261568563,0.195055130987113],[73.1930261918906,0.194979619041746],[73.1929833826758,0.194866328665282],[73.1929459741324,0.194661349573107],[73.1928710465528,0.194488714133885],[73.1927908162182,0.194197412824261],[73.1927052516874,0.193852172477171],[73.1926785357908,0.193695741646505],[73.1925071965235,0.193463729692414],[73.192325092744,0.193339588617263],[73.1921643724615,0.193317938443854],[73.1920223317472,0.19321049785217],[73.1920037015865,0.193188413794781],[73.1919341405424,0.192994206319702],[73.1919717071893,0.19285938073968],[73.1919075010027,0.192670569410263],[73.1919065065677,0.192669454607311],[73.1919094611267,0.192615254162702],[73.1918739731814,0.192574390031269],[73.1918546171819,0.192551806512587],[73.191832034434,0.192521696950909],[73.1918159033864,0.192500188709447],[73.1917911700717,0.192471154425001],[73.1917718122756,0.192443195417839],[73.1917556947028,0.192417506440527],[73.1917341881366,0.19239062091399],[73.1917202076558,0.192358359899035],[73.1917019260415,0.192325023606696],[73.1916814938604,0.192313194657655],[73.1916492326636,0.192290612036908],[73.1916191220336,0.192266954138801],[73.1915675048373,0.192227164385623],[73.1915341665605,0.192199206276356],[73.1915212631598,0.192188452604599],[73.1914803978992,0.192157266866584],[73.1914406106169,0.192144361741779],[73.191406197955,0.192137910077711],[73.1913771617101,0.192141135909751],[73.191340600278,0.192147587573857],[73.1913029617659,0.192165869983699],[73.191280379018,0.192182000042177],[73.1912588706552,0.192198130999009],[73.1912427405059,0.192219638342524],[73.1912362879072,0.19224867262739],[73.191214781341,0.192274481978532],[73.191203085276,0.19229397531041],[73.1911921985931,0.192312118482031],[73.1911782181123,0.19234653095002],[73.1911610432224,0.192382599902018],[73.1911567106478,0.19239169708964],[73.1911459569155,0.192433635600486],[73.191136279365,0.192473424454929],[73.191136279365,0.192517513520239],[73.191136279365,0.19253902176165],[73.1911352031833,0.192566981666989],[73.191136279365,0.192608920177428],[73.191145881457,0.192638102682808],[73.1911481074823,0.192644866958697],[73.1911620861665,0.192673901242825],[73.1911728407971,0.192708313710127],[73.1911825201442,0.192748102563908],[73.1911943482615,0.192764233520168],[73.1911911215131,0.192777136847871],[73.19116705385,0.192801206171348],[73.1911787579998,0.192891374955548],[73.1913071928309,0.193215057674605],[73.1913660486517,0.193387685940314],[73.1914678017223,0.193479426764198],[73.191628471699,0.193608951411057],[73.1917837778352,0.193754654622742],[73.1917644398021,0.193870763005563],[73.1917943689724,0.194024347089756],[73.1918182569725,0.194146943066455],[73.1919014517476,0.194175421294093],[73.1920036638572,0.194210410473425],[73.1920299880883,0.194277963394585],[73.1920888537906,0.194429016037204],[73.1921604800614,0.19451636501732],[73.1922334538052,0.194553140036453],[73.1923727196237,0.194623324106523]]]},"properties":{"OBJECTID":1545,"FCODE":"LD1152","atoll":"Gaafu Dhaalu","islandName":"Han'daidhoo","capital":"N","islandNa_1":"ހަނޑައިދޫ","longitude":"73° 11' 31.398\" E","latitude":"0° 11' 36.945\" N","Area_ha":2.60840206282,"category":"Uninhabited Island","Sector":" ","Usage":" ","PrimAgency":"MoFMRA","Shape__Area":26084.019897460938,"Shape__Length":853.42288586506686}},{"type":"Feature","id":1546,"geometry":{"type":"Polygon","coordinates":[[[73.1959897582674,0.195410204211501],[73.1959929634564,0.195407914419147],[73.1960049586604,0.195399345439498],[73.1960201599516,0.195391745736381],[73.1960342751797,0.195379802704114],[73.1960516468006,0.195366773614989],[73.1960679332567,0.195365687558119],[73.1960787911936,0.195352659367272],[73.1960929055233,0.19533202967669],[73.1961211359794,0.195321172701267],[73.1961363363724,0.195321171802938],[73.1961493655372,0.195319000587502],[73.1961699953477,0.195308143612066],[73.1961927963863,0.195307056656893],[73.1962275396282,0.195313571201493],[73.196253597958,0.195320085746056],[73.1962687992492,0.19533202967669],[73.1962849913822,0.195337181484915],[73.1962926863509,0.195339630278135],[73.1963111440351,0.195339630278135],[73.1963306877824,0.195357001798133],[73.1963328590104,0.195368944830426],[73.196343716049,0.195390659679499],[73.1963524018594,0.195406946939233],[73.1963719456067,0.195433004219103],[73.1963849756699,0.195452547852713],[73.1964099479365,0.19546991937261],[73.1964294907855,0.195486205733888],[73.1964392626592,0.195492720278425],[73.1964620636977,0.195504664208907],[73.1964761789258,0.195504664208907],[73.1964826926099,0.195495978448997],[73.196496807838,0.195495977550706],[73.1965098370029,0.195490549063014],[73.1965228661677,0.195480778144562],[73.1965304668134,0.1954699202709],[73.196528294687,0.195457977238722],[73.1965228661677,0.195441690877367],[73.1965206949397,0.195426489674553],[73.1965239522309,0.195411290268371],[73.1965272095221,0.195401518451541],[73.1965293816485,0.195384146033265],[73.1965293807502,0.19537111694414],[73.196526123459,0.195340716335005],[73.1965228661677,0.195317915428948],[73.1965109230661,0.195296200579735],[73.1965033233188,0.19528099937682],[73.1964989799643,0.195263626958417],[73.1964913784204,0.195242997267733],[73.1964815966653,0.195219673545087],[73.1964674823356,0.195187099923616],[73.196456625297,0.19516972840344],[73.1964381676129,0.195153442041805],[73.1964164526375,0.195130641135531],[73.1964023365112,0.195111096603211],[73.1963817067006,0.195095897196749],[73.1963513059148,0.195073096290348],[73.1963165617746,0.195052465701106],[73.1962796455079,0.19503943661174],[73.1962405589116,0.195029666591299],[73.1962112423923,0.195016636603592],[73.1961985384176,0.195012769378681],[73.1961862710241,0.195009036001969],[73.1961623848207,0.194989493266165],[73.1961298110102,0.194975377221524],[73.1961048387436,0.194952577213286],[73.1960820386033,0.194939547225541],[73.1960353495648,0.19491131872942],[73.1960092921333,0.194877659948759],[73.1960029158914,0.194865486948737],[73.1959973490316,0.194854859042078],[73.1959474036001,0.194820115102723],[73.1959278598528,0.194802743582165],[73.1959039745477,0.194785371163304],[73.1958876871933,0.194764742370326],[73.1958779153196,0.194749542065179],[73.1958627149267,0.194726740260055],[73.1958344853689,0.194709368739396],[73.1958253495025,0.194705855448607],[73.1957629237767,0.194703109314643],[73.1957097992075,0.194685762048347],[73.1956707611202,0.194673014129721],[73.1954307609206,0.194594643759901],[73.1952372835714,0.194584594364754],[73.1950113330229,0.194514845076623],[73.1948361678307,0.194324401536186],[73.1947231489882,0.194201523491359],[73.194557306512,0.194021216478956],[73.1942804960471,0.193720261022083],[73.1940933608037,0.193516802755092],[73.1939464961363,0.193409327130539],[73.1937804623189,0.19342317817499],[73.1936452083765,0.19343446184896],[73.1935590599408,0.193492719957983],[73.1935073079973,0.193415156265186],[73.1935591389925,0.193320931613357],[73.1934715280995,0.193288389429074],[73.1933147235734,0.19328831666596],[73.1931901577862,0.193390402430262],[73.1931439295833,0.193627170937631],[73.1931577178246,0.193729320479929],[73.1932038112802,0.193785057031333],[73.1932268189312,0.19389649869278],[73.1932174908253,0.194123998429198],[73.1932035992778,0.194462770937917],[73.1933186213634,0.194839056869272],[73.1933654738953,0.194992330129408],[73.1934328583214,0.195212773625436],[73.1934754169063,0.195352005397547],[73.1934880103883,0.195344340117805],[73.1935165660346,0.195346823046824],[73.1935314645935,0.195354271833855],[73.1935525723078,0.195361721519176],[73.1935699538102,0.195370412669044],[73.1935798864823,0.195384070575203],[73.1935866912206,0.195394994025555],[73.1935916571075,0.195413616891422],[73.1936015897795,0.195429757726548],[73.1936152468668,0.195449622955152],[73.1936214551238,0.195468245820956],[73.1936326301659,0.195496801301023],[73.1936326301659,0.195517909790666],[73.1936549784536,0.19553404882911],[73.1936599982393,0.195539696504397],[73.1936748428994,0.195556397884895],[73.1936897423567,0.195561364641159],[73.1937071238592,0.195562605207353],[73.1937257477316,0.195584953364784],[73.1937480960192,0.195611026813971],[73.1937741687221,0.195644549050023],[73.193796517908,0.195669380136346],[73.1938343513545,0.19569657287972],[73.1939408241736,0.19570293471145],[73.1941622714675,0.195535893059645],[73.1944032786785,0.195354098459987],[73.1945557757828,0.195239068059472],[73.1946497224935,0.195217759246321],[73.1947928277115,0.195185299710214],[73.1948013599101,0.195181948115365],[73.1948271891694,0.19517499429708],[73.1948510313554,0.195171021071635],[73.1948699058579,0.195167046947862],[73.1948967286539,0.195155126373198],[73.1949195773032,0.195157112536788],[73.1949414324157,0.195161086660536],[73.1949553410313,0.195163072824126],[73.1949752090704,0.195162080191496],[73.1949930909344,0.195154132842277],[73.195014946047,0.195153139311318],[73.1950368020579,0.195161087558865],[73.1950526959502,0.19516406635506],[73.1950397817697,0.19517499429708],[73.1950487236,0.195190888995492],[73.1950646174923,0.195199830773934],[73.1950685916391,0.195214731043084],[73.195082498458,0.195223671923198],[73.1950968292818,0.195246062301666],[73.1951013945201,0.19524850750166],[73.1951182612878,0.19524850750166],[73.1951341569768,0.195239566621571],[73.1951510444058,0.19523857309065],[73.1951619733096,0.195247513970751],[73.1951848228571,0.195248508399988],[73.1951947555292,0.19524254721436],[73.1952043890623,0.195240891628921],[73.1952119906062,0.195256092831913],[73.1952293613289,0.195278893738021],[73.1952402201641,0.195295180099529],[73.1952499911394,0.19531255161954],[73.1952684488236,0.195329924037904],[73.1952825631533,0.195348381614759],[73.1953031938621,0.195365754033073],[73.1953205663814,0.195379869179081],[73.1953411961919,0.195395069483616],[73.195345538648,0.1954113567433],[73.195359653876,0.195429814320066],[73.1953683396865,0.195450443112269],[73.1953813688514,0.195477587347235],[73.195396568346,0.195492787651682],[73.195420456346,0.195511245228398],[73.1954345706758,0.195519930988295],[73.1954519422967,0.195519930988295],[73.1954704008792,0.195526445532819],[73.1954801736512,0.195527531589638],[73.1954953740441,0.195529702805062],[73.195512745665,0.195534046134162],[73.1955268608931,0.195547075223159],[73.1955431473492,0.195553590665987],[73.195557261679,0.195547074324856],[73.1955811478824,0.195536217349573],[73.1956104644017,0.195530788861919],[73.1956343515034,0.195526446431109],[73.1956462937068,0.195529702805062],[73.1956723520365,0.195529702805062],[73.1956897236575,0.195526446431109],[73.1957070961768,0.195512331285229],[73.1957222965697,0.195504730683873],[73.1957353266329,0.195504730683873],[73.1957494409627,0.195502559468462],[73.1957624692292,0.195500388253051],[73.1957852702678,0.195489530379439],[73.1957983003309,0.19547215796124],[73.1958189301414,0.19547215796124],[73.1958492024682,0.19547215796124],[73.1958516890049,0.19547215796124],[73.1958580167378,0.19547215796124],[73.1958808177763,0.195464558258187],[73.1959209904358,0.195447185839975],[73.1959408135592,0.195443514446765],[73.1959503060568,0.195441756454005],[73.1959723857482,0.195427575731423],[73.1959897582674,0.195410204211501]]]},"properties":{"OBJECTID":1546,"FCODE":"LD1046","atoll":"Gaafu Dhaalu","islandName":" ","capital":"N","islandNa_1":" ","longitude":"73° 11' 40.619\" E","latitude":"0° 11' 40.436\" N","Area_ha":4.82524852263,"category":"Uninhabited Island","Sector":" ","Usage":" ","PrimAgency":"MoFMRA","Shape__Area":48252.484161376953,"Shape__Length":1152.6248754509324}},{"type":"Feature","id":1547,"geometry":{"type":"Polygon","coordinates":[[[73.190724962356,0.194819408132693],[73.1907529700299,0.194861777826375],[73.1907669020016,0.194882854875993],[73.1907948620648,0.194912964433473],[73.1908238974114,0.194933397394675],[73.1908567092755,0.19496980859732],[73.1908792920234,0.19500099522846],[73.1908975727395,0.19502572750159],[73.1909115532202,0.19505583885546],[73.1909244575193,0.195075195640999],[73.1909502670157,0.19510853192797],[73.1909663980633,0.195131113646635],[73.1909857540627,0.195152621884726],[73.1909975830784,0.195173053947332],[73.1910180161578,0.195192409834454],[73.1910449000393,0.195208541686701],[73.1910664066055,0.19521714390391],[73.191098669599,0.19522467174233],[73.1911212523469,0.195227896675456],[73.191141684528,0.195220369735403],[73.1911556641105,0.195212842795312],[73.1911717942597,0.195202088227147],[73.1911846985588,0.195185957273215],[73.1912051307399,0.195185958171506],[73.1912115833386,0.195187034346977],[73.1912212617875,0.195182731441748],[73.1912330899048,0.195173053947332],[73.1912373919367,0.195165526108925],[73.1912406177869,0.195154773337354],[73.1912373919367,0.195145094046306],[73.1912373919367,0.195133265099276],[73.1912287887712,0.195119284699554],[73.1912341660865,0.195107456650776],[73.1912381528097,0.195106535882956],[73.191248145669,0.195104229921018],[73.1912588994012,0.195107456650776],[73.191278256299,0.195106380475329],[73.191301913432,0.195105306096464],[73.1913309487786,0.195096702980876],[73.1913546077082,0.195092400973911],[73.1913825668732,0.195099928812343],[73.191397621739,0.195109607205126],[73.1914277332673,0.195128963990601],[73.1914481654485,0.195146170221791],[73.1914718225815,0.195170902494704],[73.1914944062277,0.195187033448662],[73.1915123240244,0.195203165300909],[73.191529529457,0.195220370633694],[73.1915359820557,0.19523972741908],[73.1915392088042,0.195259084204416],[73.1915370564408,0.195273063705695],[73.1915435099378,0.195292420491005],[73.191546735788,0.195315003107719],[73.1915553389534,0.195334359892991],[73.1915660917874,0.195350489948493],[73.1915865257652,0.195367696179415],[73.1915865257652,0.195368771456558],[73.1916155602134,0.195389202620581],[73.1916338409295,0.195396731357215],[73.1916628753778,0.195410710858379],[73.1916757805752,0.195410710858379],[73.1916929869061,0.19540533357436],[73.1917123438039,0.195404257398889],[73.191738152402,0.195402106844615],[73.1917636968954,0.195402107742944],[73.1917557638731,0.195380355164808],[73.1917068326396,0.195246190759995],[73.1916318107369,0.19508076965506],[73.1915635962675,0.194874426930739],[73.1914913456675,0.194704490915562],[73.1913909508497,0.194570948135976],[73.1912342981389,0.194445471281814],[73.1910896783613,0.194364496709901],[73.1909370042889,0.194323972143938],[73.19070933167,0.193916052209596],[73.1905112908791,0.193846427783808],[73.1903264086105,0.193939383120499],[73.1902259077914,0.194036423971189],[73.1902237796825,0.194073618502202],[73.1902220665953,0.194103563670372],[73.1902230646235,0.194112544076753],[73.1902231715231,0.194113834050077],[73.1902241399069,0.194125448301728],[73.1902381194894,0.194139427803948],[73.1902467217566,0.194151256751678],[73.1902531752535,0.194159859867801],[73.1902574754888,0.194174915545493],[73.1902624916814,0.194201622305481],[73.1902710939485,0.194214525632089],[73.190285073531,0.19422528020089],[73.1902936766964,0.194246786643545],[73.1903108830274,0.194263993773928],[73.1903259378932,0.194271521612729],[73.1903388421923,0.194269369261646],[73.1903463700744,0.194266144328354],[73.1903668022555,0.194284424939287],[73.1903850838699,0.19428765077092],[73.190399145199,0.194291351808617],[73.190405516051,0.194293028055295],[73.1904149600396,0.194302922042931],[73.1904280987989,0.194316685950578],[73.1904528312153,0.194327440519315],[73.190488320059,0.194339269466918],[73.1905055245933,0.194341418224713],[73.1905302588063,0.194343569677455],[73.1905506909874,0.194351098414547],[73.1905582197679,0.19435647480058],[73.1905658069387,0.194369903638483],[73.1905754844893,0.194393563330283],[73.190576560671,0.194420446158743],[73.1905808618046,0.194443029674931],[73.1906002187023,0.194509702251276],[73.1906271034821,0.194597882167829],[73.1906443089148,0.1946581030804],[73.1906733442614,0.194725850933037],[73.190724962356,0.194819408132693]]]},"properties":{"OBJECTID":1547,"FCODE":"LD0325","atoll":"Gaafu Dhaalu","islandName":"Kandahdhoo","capital":"N","islandNa_1":"ކަނޑައްދޫ","longitude":"73° 11' 27.541\" E","latitude":"0° 11' 40.634\" N","Area_ha":1.0974818588,"category":"Uninhabited Island","Sector":" ","Usage":" ","PrimAgency":"MoFMRA","Shape__Area":10974.820846557617,"Shape__Length":554.5846293248004}},{"type":"Feature","id":1548,"geometry":{"type":"Polygon","coordinates":[[[73.4263100374683,4.22921019548476],[73.4262914701897,4.22919903116297],[73.4262839809351,4.22919004380315],[73.4262782910061,4.22917531660918],[73.4262772489604,4.22916024002592],[73.4262754972456,4.22914264963321],[73.4262776891349,4.22911896643316],[73.4262824034935,4.22908595544102],[73.4262917756169,4.22904793026662],[73.4263172590248,4.22899773470431],[73.4263778728486,4.22889987529725],[73.4264198071044,4.22884648236672],[73.4264628840172,4.22880288397551],[73.4265433452189,4.22874623813539],[73.4266052490235,4.22871801017598],[73.4266506768274,4.22870518221691],[73.426698970257,4.22868948747437],[73.4267733660339,4.22867133446474],[73.4268248475846,4.228670362446],[73.426850939152,4.22867292821713],[73.4268720208151,4.22867799525672],[73.4268998865552,4.22868774321588],[73.4269252406058,4.22870143300196],[73.426954876027,4.22871979743611],[73.426973786462,4.22873778202108],[73.4269773303158,4.22875322233565],[73.4269662271389,4.2289409106004],[73.4269679905318,4.22895275847431],[73.426971911678,4.22895850906047],[73.426980128568,4.22896139644779],[73.4269869216281,4.22896105153804],[73.4269976520042,4.22895820177724],[73.4270040983147,4.22895247269196],[73.4270085341956,4.22893873542926],[73.4270202823628,4.22872746787285],[73.4270244433592,4.22861406061021],[73.4270258851552,4.22860796152813],[73.4270298287593,4.22860258630884],[73.4270351952949,4.22860044338808],[73.4270459283659,4.22859651768626],[73.4270651855506,4.22859092029116],[73.4270870891722,4.22857219481837],[73.4271003456108,4.22855786537889],[73.427110392369,4.22853958156916],[73.427118655073,4.22851949885213],[73.4271229777661,4.22850335706666],[73.4271248031428,4.22848433864227],[73.4271205864508,4.22844808009411],[73.4271177558594,4.22843335826126],[73.427116364369,4.22841469191208],[73.4271149522174,4.22840571708536],[73.427114256023,4.22839638391049],[73.4271153438828,4.22838848950294],[73.4271185850044,4.22837701071886],[73.4271553081332,4.22824859578597],[73.4272024966351,4.22807174738667],[73.4272039492109,4.22806062425848],[73.4272039662788,4.22805236970756],[73.4272033662043,4.22804760457225],[73.4272017788812,4.22804085418783],[73.427200108913,4.22803808594788],[73.4271968210791,4.22803644202545],[73.4271925585731,4.22803619566106],[73.427182953786,4.22803608009377],[73.427179520425,4.22803693475424],[73.4271753199028,4.22803970120246],[73.4271728342644,4.22804323809931],[73.427171112194,4.22804648831758],[73.4271678459196,4.22805971853341],[73.4271622314491,4.22807866709035],[73.4270982309767,4.22829462380846],[73.42708711702,4.22830250119547],[73.4270692261728,4.22831012146756],[73.4270491973352,4.22831486599625],[73.4270363235788,4.22831675449066],[73.4270191612653,4.22831791553846],[73.4270053388881,4.22831788776648],[73.4269896156757,4.22831450585644],[73.4269698500445,4.2283068085395],[73.4269534234512,4.22829768320532],[73.4269239066076,4.22827991630663],[73.4269072500456,4.22826672282525],[73.4268872634288,4.22825017251767],[73.4268708503102,4.22823434696883],[73.426851583244,4.22821564388419],[73.4268354135689,4.22819742636081],[73.4268251961309,4.22818233094524],[73.4268121310334,4.2281610092302],[73.4268009676694,4.22814184477048],[73.4267902840057,4.22812172352069],[73.4267829330917,4.22810328471508],[73.4267784442103,4.22808365529721],[73.4267763376609,4.22806474795044],[73.4267761490147,4.22803986335504],[73.4267729276561,4.22798290927966],[73.4267725045496,4.22795634940352],[73.4267751186471,4.22792216835478],[73.4267809289503,4.22789175085734],[73.4267826626988,4.22788267299943],[73.4267898528144,4.2278625884736],[73.4268042042993,4.22783725504046],[73.4268233141604,4.22781575862108],[73.4268344092525,4.22780984676973],[73.426888181507,4.22779483466258],[73.4269227531707,4.22778820521852],[73.4269482734096,4.22777868659095],[73.4269578162129,4.22777392055808],[73.4269773815198,4.22776271410965],[73.426988602376,4.22775316591804],[73.4270069953814,4.22773262539059],[73.4270160683658,4.22772114301334],[73.4270189672293,4.22770513380015],[73.4270189941787,4.22769173425866],[73.4270168786462,4.22767737344743],[73.4270128595836,4.22766109457618],[73.4270045456757,4.22764743881487],[73.4269914733917,4.22762970594435],[73.4269885646468,4.22762663131505],[73.4269765029674,4.22761634402814],[73.4269660169332,4.22760740144354],[73.4269393486473,4.22759514413597],[73.426921480258,4.22759199783684],[73.4269014622002,4.22759099983648],[73.4268847768921,4.22759216267714],[73.4268640311989,4.22759762390704],[73.4268459076881,4.2276028504187],[73.4268289699534,4.22761119097801],[73.4268217879227,4.22761629923459],[73.4268165588294,4.22762001889109],[73.4268060476423,4.22763196085165],[73.4267979331603,4.22763792645669],[73.4267912532879,4.22764102348271],[73.4267867221856,4.22764244970931],[73.426781241564,4.22764196056374],[73.4267736193588,4.22764003085762],[73.4267667149076,4.22763642766449],[73.4267629114407,4.22763163385873],[73.4267600628829,4.22762588595037],[73.4267586489346,4.22761774785803],[73.4267581916921,4.22760841467367],[73.4267594026212,4.22759884677099],[73.4267637217211,4.22758402010511],[73.4267702803209,4.22756439694516],[73.4267726069575,4.22755101800628],[73.4267723823787,4.22754431868219],[73.4267707294786,4.22753641889072],[73.4267671784383,4.22752468745838],[73.4267624550965,4.22750338185091],[73.4267591636693,4.22748064464068],[73.4267573113432,4.22745384196627],[73.4267568675754,4.2274373310597],[73.4267566663528,4.22741890657176],[73.4267524460676,4.22738468160157],[73.4267467750032,4.2273479383356],[73.4267483605297,4.22728322148366],[73.4267553548125,4.22719285851297],[73.4267711436019,4.22705272269486],[73.4267959478836,4.22693804932032],[73.4268416011646,4.22676124631146],[73.426896293294,4.22657733899561],[73.4269415090956,4.2264707615492],[73.4270092501528,4.22632723293138],[73.4270596159959,4.22622051838206],[73.4271220471115,4.22610794660196],[73.4271729645201,4.22603196046195],[73.4272747553199,4.22590152405108],[73.4273550745877,4.22579842160366],[73.4275227451355,4.22560197720783],[73.4277677803922,4.22534908287023],[73.4278544794952,4.22525666006036],[73.4279461992824,4.22515706845686],[73.4280644014041,4.22504317421236],[73.4282076368778,4.224925024549],[73.4283186327143,4.22483911111082],[73.4284081300694,4.22477755917341],[73.4284954894342,4.22471241477486],[73.4285757009042,4.22464653754555],[73.4286122210138,4.22461861672177],[73.4286372741288,4.22460431139785],[73.4286687609778,4.2245907362114],[73.4287081188653,4.22457430587253],[73.4287596336536,4.22455646542679],[73.4288183214894,4.22452715330658],[73.4288376478444,4.22451642520825],[73.4288849144998,4.2244777583635],[73.4289078520822,4.22444909216596],[73.4289171972561,4.22442398706931],[73.4289215361189,4.22439958971292],[73.4289244457621,4.22437518966814],[73.4289216277471,4.22435436685064],[73.4289173805124,4.22433282374923],[73.4288966985997,4.22430694013359],[73.4288574305436,4.22427886520714],[73.4288059975021,4.22425579105342],[73.4287381163076,4.22423483653909],[73.4286752162714,4.22422537699566],[73.4286151540132,4.22422740884],[73.4284578239726,4.22424359909175],[73.4283040449724,4.22427200011791],[73.4280572058986,4.22435548490238],[73.4280035207806,4.22437183461713],[73.4276565734516,4.22447454844462],[73.427637262368,4.22447809790001],[73.4276165274545,4.22447805579389],[73.4276058087566,4.22447516301462],[73.4275900945273,4.22446723452393],[73.4275622422619,4.224451386501],[73.4275236820784,4.22442690224563],[73.4274929767637,4.22440745818072],[73.4274851308779,4.22439811062372],[73.4273647108158,4.22419639633665],[73.427298421436,4.22409203495804],[73.4272942343885,4.22408819792499],[73.4272890897369,4.22408646440666],[73.4272826074938,4.22408626014715],[73.4272730709787,4.224088154923],[73.4272682991279,4.22409044209212],[73.4272631427982,4.2240948345677],[73.4272619884631,4.22410000018346],[73.427263119442,4.2241063196863],[73.4272678688349,4.22411513420114],[73.4272988346611,4.22417051719587],[73.427314448279,4.22419892091233],[73.4273169258326,4.22421680616004],[73.427316305995,4.22422876877819],[73.4273109161033,4.22424251597895],[73.4272929920185,4.22426700471953],[73.427225512371,4.22434223939349],[73.4271252523004,4.22442279107658],[73.4270333789014,4.22448062874587],[73.4269504733838,4.22452352949385],[73.426869370785,4.22455865763183],[73.4267835089118,4.2245901870403],[73.4266863318593,4.22461930116989],[73.4265963107864,4.22464483986345],[73.4265259771912,4.22465785691917],[73.4264717521857,4.22466073805137],[73.4264127670075,4.22466001956006],[73.4263609476904,4.22465154010846],[73.4263144976036,4.22463948163829],[73.4262856464117,4.2246313032003],[73.4262644874935,4.22462023825462],[73.4262561610091,4.22461304348658],[73.4262508151348,4.22460465810128],[73.4261925126763,4.22432458797199],[73.4261877587918,4.22431811796398],[73.426183949935,4.22431595711388],[73.4261770400938,4.22431498598554],[73.4261675017821,4.22431783755515],[73.4261596235571,4.22432452167723],[73.4261548391299,4.22433312565902],[73.4261548229602,4.22434126109819],[73.4261860106703,4.22447579639802],[73.4261874039573,4.22449422364349],[73.4261844979073,4.22451718759757],[73.4261777838989,4.2245372731059],[73.4261557760727,4.22457790549645],[73.4260988561214,4.22467565256887],[73.426030704534,4.22478893050584],[73.4259855255635,4.22485559609236],[73.4259754931784,4.22486706059458],[73.4259525762571,4.2248856777561],[73.4259332454105,4.22489855953082],[73.4259167846813,4.22490642172243],[73.4257487134849,4.22490732386768],[73.4256899986996,4.22490241985254],[73.425675696622,4.22490392133765],[73.4256667287405,4.2249071572351],[73.4256606192982,4.22491097365899],[73.4256566020323,4.22491766494296],[73.4256560181274,4.22492378913858],[73.4256565759812,4.22493068199415],[73.4256609471833,4.2249377728378],[73.42566741685,4.22494391136721],[73.4256758008265,4.22494660884418],[73.4256868563927,4.22494797057284],[73.4257606413152,4.22494907787323],[73.4257675008507,4.22495119751135],[73.4257741663501,4.2249548481983],[73.425779847296,4.22497114862734],[73.4257869107491,4.22501423210651],[73.4257909747274,4.22506688082969],[73.4257894215403,4.22510540609699],[73.4257685653544,4.22524748720897],[73.4257289218026,4.22540592605076],[73.4257061647815,4.22546330495952],[73.4256762418993,4.22552844660736],[73.4256206568445,4.22561447284922],[73.4255626957458,4.22569690394226],[73.4255149080676,4.22575722398111],[73.4254761062372,4.22579363405766],[73.4254277867564,4.22582224914075],[73.4253878386757,4.22583652398252],[73.4253625178628,4.22583869737062],[73.4253288355312,4.22584477855706],[73.4252378721255,4.22571146188229],[73.4252291099582,4.22570723246477],[73.4252211014775,4.22570759887692],[73.4252138493782,4.22571103007138],[73.4252069727747,4.22571714082262],[73.4252033363944,4.22572383389139],[73.4252027506929,4.22573072315635],[73.4252042625575,4.22573761779648],[73.4253065285661,4.22588249481236],[73.4253204066389,4.22591149511756],[73.4253218726894,4.22592316296735],[73.4253061746298,4.22602542059009],[73.4252923064385,4.22611863257224],[73.4252704261731,4.226238038963],[73.4252657369673,4.22627577042904],[73.4252566478133,4.22633487114035],[73.4252522065425,4.22633902530115],[73.4252433293909,4.22634474992641],[73.4251459879467,4.22639566146261],[73.4250171048563,4.22647567540899],[73.4250132816264,4.22648057314308],[73.4250121973599,4.22648643304401],[73.4250125441095,4.22649181723668],[73.4250156289243,4.22649840368996],[73.42501907576,4.22650283736202],[73.4250235987774,4.22650535834672],[73.4250275298051,4.22650608489915],[73.4250326537955,4.22650621480064],[73.425156721916,4.22643851283167],[73.4251626822379,4.22643756768629],[73.4251698319293,4.22643758291611],[73.4251779302416,4.22643999191695],[73.425184595741,4.2264435942198],[73.4252471202814,4.22650883612301],[73.4252560989426,4.22652741651432],[73.4252877295221,4.22659287252393],[73.4253268502544,4.22669392511042],[73.4253677110234,4.22687705299007],[73.4253744933038,4.22694105317851],[73.4253759970836,4.22708162978564],[73.4253689372238,4.22717107181338],[73.425363156565,4.22724431020397],[73.4253522968315,4.22731128465501],[73.4253401848465,4.22734918538852],[73.4253229578543,4.22738264886961],[73.425295698477,4.22742709841843],[73.4252632109047,4.22746388020314],[73.4252273043445,4.22748504784752],[73.425202545877,4.22750140824676],[73.4251937765232,4.22750398477219],[73.425189057673,4.22750397491761],[73.4251810509889,4.22750309785976],[73.4251724774678,4.22749992199651],[73.4249955291198,4.22738842455184],[73.4249855236841,4.22738625116808],[73.4249798023141,4.22738695711466],[73.4249737162281,4.22739125192162],[73.4249690557683,4.22739734384632],[73.4249672573411,4.22740308279768],[73.4249683146582,4.22741026320588],[73.4249729472702,4.22741780912949],[73.4249797268556,4.227424283591],[73.4252378676339,4.22758631891025],[73.4252432233897,4.22758991941599],[73.4252464330702,4.22759351454654],[73.4252482090395,4.22759926066342],[73.4252485503993,4.22760715776663],[73.4252647820582,4.22771271107636],[73.4252761286785,4.22775903297631],[73.4252921258771,4.22780357119474],[73.4253074313729,4.22783662165983],[73.4253180880871,4.22787038165314],[73.4253187824849,4.22788043242678],[73.4253198335137,4.22789120168859],[73.4253201757719,4.22789873954467],[73.4252832738783,4.22794888321766],[73.4251305450086,4.22812883941957],[73.4251004954641,4.22816424600991],[73.4250961898389,4.22817213325276],[73.4250958179364,4.22817931007036],[73.4250986611043,4.22818757089101],[73.4251036575339,4.22819188809027],[73.4251097301452,4.22819405430482],[73.4251183081579,4.22819514816252],[73.4251268924587,4.22819301240758],[73.4251379848558,4.22818800986748],[73.4251425941115,4.22818258447654],[73.4252573134649,4.22804755977875],[73.4253304003964,4.22796946584531],[73.4253350545679,4.22796624519045],[73.4253461478633,4.22796390696813],[73.4253754589928,4.22796237950873],[73.425397262003,4.22796457707936],[73.4254433294074,4.22798907645284],[73.4254936575212,4.22802794200573],[73.4255543162608,4.22808513169176],[73.4256092365623,4.22815128366114],[73.4256584211207,4.22822531928368],[73.425701807054,4.22833882335717],[73.4257494357304,4.22847530648067],[73.4257835537449,4.2285751538767],[73.4258119243382,4.22868862743936],[73.4258252688117,4.22880781305031],[73.4258257952245,4.22890113130631],[73.4258185494134,4.22894849234385],[73.4258020132256,4.228993681791],[73.4257843334825,4.22902716132678],[73.4257724361949,4.2290350763328],[73.4257652802153,4.22903835163126],[73.4257515728224,4.22903981906532],[73.4255615602752,4.22901221464168],[73.4255529184822,4.22901339360582],[73.4255472528077,4.22901607404711],[73.4255409879569,4.22902054801888],[73.4255388948823,4.22902443161272],[73.4255382831296,4.22902866997083],[73.4255392263606,4.22903351752008],[73.4255405873083,4.22903806584894],[73.4255432615929,4.2290417201001],[73.4255483774984,4.22904549977299],[73.4255540225117,4.22904755668908],[73.4255837585442,4.22905120646089],[73.4257610913712,4.22907645026743],[73.4258472380103,4.22908871292678],[73.4258708124983,4.22909385521667],[73.4258813748894,4.2291034956663],[73.4258898504941,4.22911768534008],[73.4258920935874,4.22912862300812],[73.4258968313022,4.22915173195574],[73.4259094005296,4.22917504784839],[73.4259198173937,4.22918626681859],[73.4259342362523,4.22919792476451],[73.4259566662866,4.22920830699253],[73.4259706692253,4.2292136472687],[73.4259971129323,4.2292188692901],[73.4260177059119,4.22921862382196],[73.4260394451418,4.22921680251994],[73.4260556121219,4.22921267166718],[73.4260694910931,4.22920867967412],[73.4260865195576,4.22920297209153],[73.4261025499938,4.22919553906484],[73.4261119966774,4.22919110809575],[73.4261198677159,4.2291879653866],[73.426126264619,4.22918647645199],[73.4261336505673,4.22918746997094],[73.4261762558646,4.22920073510614],[73.4262245807353,4.22921777364212],[73.4263467588005,4.22925994309875],[73.426431789732,4.22928617325037],[73.4264510891376,4.22928908392902],[73.426459313214,4.22928838246353],[73.426463558652,4.22928590807309],[73.4264653768421,4.22928174586527],[73.4264672920503,4.22927744300601],[73.426468254146,4.22927289915791],[73.4264680277705,4.22926715574103],[73.4264670854378,4.22926188982237],[73.4264635191261,4.22925757531665],[73.4264525668662,4.22925181129469],[73.4263564273679,4.22922289174267],[73.4263100374683,4.22921019548476]]]},"properties":{"OBJECTID":1548,"FCODE":"LD1777","atoll":"Kaafu","islandName":"Kudagiri","capital":"N","islandNa_1":"ކުޑަގިރި","longitude":"73° 25' 36.227\" E","latitude":"4° 13' 35.557\" N","Area_ha":9.78435993048,"category":"Uninhabited Island","Sector":" ","Usage":"Picnic","PrimAgency":"MoF","Shape__Area":97843.59716796875,"Shape__Length":2310.4066263337322}},{"type":"Feature","id":1549,"geometry":{"type":"Polygon","coordinates":[[[73.1032944546286,-0.603593956130457],[73.1037838720668,-0.604144620661748],[73.104804368111,-0.604868845252241],[73.1049664268832,-0.605018061476517],[73.1055296696681,-0.605664368640135],[73.1055611708901,-0.605704984594502],[73.1055878733119,-0.605748904367538],[73.1056094337771,-0.605795563848659],[73.1056255756044,-0.605844363895052],[73.1056360903848,-0.60589467661937],[73.1056364919317,-0.605892804634996],[73.1056811067603,-0.606147212156629],[73.1056845158668,-0.606183688003947],[73.105682017652,-0.606220236610511],[73.1056736794896,-0.606255909408406],[73.1056597160768,-0.606289778490002],[73.1056404912314,-0.606320963555584],[73.1055547479358,-0.60643763290548],[73.1055384012926,-0.606463339452227],[73.1055256524021,-0.606491006911249],[73.1055208985176,-0.606501433072576],[73.1055148672288,-0.606511175654296],[73.1053925103989,-0.606683414363454],[73.1053837599097,-0.606693945621415],[73.105373511929,-0.606703025283264],[73.1053620036118,-0.606710443154998],[73.105349501758,-0.606716026769728],[73.1051083948341,-0.606802204508942],[73.1048587143891,-0.606892539416719],[73.1045981822954,-0.606920214957925],[73.1045459183122,-0.606922642967899],[73.1044937270925,-0.606918960081869],[73.1044423218987,-0.606909216602636],[73.104392404315,-0.606893544575112],[73.1043446543661,-0.606872158684576],[73.1042997251271,-0.606845349968727],[73.1042582283509,-0.606813484919637],[73.1042207317726,-0.606776998297377],[73.1041877456354,-0.606736388638905],[73.1037570286095,-0.606139755658738],[73.1033595582322,-0.605816571573877],[73.1032987854066,-0.60574784082168],[73.103233220069,-0.605683666069119],[73.1031632026808,-0.605624378776252],[73.1030890979581,-0.605570287946381],[73.1030112903797,-0.605521672940143],[73.1029301832894,-0.605478787966705],[73.1028461979968,-0.605441854897681],[73.102759770185,-0.60541106596194],[73.1026713508082,-0.605386580152524],[73.1025813962106,-0.605368525921439],[73.1024903762111,-0.605356995790052],[73.102459325045,-0.605351982572271],[73.1024292835853,-0.605342669359212],[73.1024008429233,-0.605329237600453],[73.1023745645063,-0.605311954978956],[73.1023509675605,-0.605291161038856],[73.1019058415574,-0.604840185201846],[73.1018721735989,-0.604797294833436],[73.1018438865489,-0.604750679358686],[73.1018213891409,-0.604701010679948],[73.1018050056667,-0.604649004714548],[73.101794971485,-0.604595410615667],[73.1017914312245,-0.604541000891336],[73.1017944360891,-0.60448655793068],[73.1018039438581,-0.604432867715805],[73.1018198152925,-0.604380703653136],[73.1018418231187,-0.604330816692562],[73.1018696511295,-0.60428392544638],[73.1019028959816,-0.60424070630846],[73.1019410806693,-0.604201781776737],[73.1026104845578,-0.603598853473635],[73.1026611863708,-0.603564955630779],[73.1027151858991,-0.603536603678541],[73.1027718794751,-0.603514115603038],[73.1028306310913,-0.603497742918643],[73.1028907840793,-0.603487669769866],[73.1029516647028,-0.603484006643337],[73.1030125920386,-0.603486797554092],[73.1030728833672,-0.603496008368047],[73.1031318631555,-0.60351153847945],[73.1031888729383,-0.603533212726478],[73.1032432731153,-0.603560787679105],[73.1032944546286,-0.603593956130457]]]},"properties":{"OBJECTID":1549,"FCODE":"LD1779","atoll":"Seenu","islandName":" ","capital":"N","islandNa_1":" ","longitude":"73° 6' 13.541\" E","latitude":"0° 36' 18.737\" S","Area_ha":8.3628984298,"category":" ","Sector":" ","Usage":" ","PrimAgency":" ","Shape__Area":83628.9912109375,"Shape__Length":1213.9764347426635}},{"type":"Feature","id":1550,"geometry":{"type":"Polygon","coordinates":[[[73.1978654953779,-0.583287067253309],[73.1980158715599,-0.583375351798661],[73.1981678144036,-0.583509176769336],[73.1982478399224,-0.583670256106708],[73.1982722893695,-0.583818206344907],[73.1982532055596,-0.583958608427939],[73.1982279251709,-0.584066596484747],[73.1981339326461,-0.584255482608355],[73.1980212389937,-0.584501980975339],[73.1978784814237,-0.584633779425408],[73.1978666937305,-0.584644555054557],[73.197834681367,-0.584678223955057],[73.1978076303989,-0.584715994349336],[73.1977860609506,-0.584757140436395],[73.1977703853489,-0.584800873536391],[73.1977609054277,-0.584846352870001],[73.1977424333705,-0.584980617957182],[73.1977352522381,-0.585088447899088],[73.1977352136106,-0.585207854722424],[73.19773516061,-0.58537344331846],[73.1977351103043,-0.585533215621898],[73.197702380187,-0.585710670333206],[73.1976516334582,-0.585886283588847],[73.1976421131128,-0.585912517515019],[73.1976291764744,-0.585937246841696],[73.1975254417204,-0.586106829116954],[73.1974516011023,-0.586214792879159],[73.1973487466972,-0.586352611482761],[73.1972384569366,-0.586511972351426],[73.1971220226993,-0.586677202499891],[73.1970168452509,-0.586825219130629],[73.1969179865522,-0.587009753052165],[73.1968258167091,-0.587209209895715],[73.1967481959804,-0.587485730048001],[73.1967200481693,-0.587605768302648],[73.196698877573,-0.587719139609458],[73.1966788352607,-0.587866621743148],[73.196619324568,-0.58804601574097],[73.1965680325619,-0.588181309268203],[73.1965169822027,-0.588249733930612],[73.1964282816532,-0.588316600995625],[73.196318480576,-0.588328194041474],[73.1962283346372,-0.588328165296919],[73.1961531501395,-0.588304876802618],[73.1960571974908,-0.588256573342729],[73.1960195562838,-0.588218689790573],[73.1959891635827,-0.588133002214173],[73.1959556348631,-0.588058741503304],[73.1959192593823,-0.587934193054835],[73.1958493767414,-0.587843759025937],[73.1956823296244,-0.587811686366725],[73.1955410300201,-0.587783220253438],[73.1954228153219,-0.58777657396838],[73.1952456271238,-0.587708910133199],[73.1951869581525,-0.587649857094571],[73.1951598631669,-0.587595304378226],[73.1951364836134,-0.587512893674123],[73.1951365006814,-0.587459724289288],[73.195147269685,-0.587411055226941],[73.1951818790779,-0.587335694128119],[73.1952596677916,-0.587245468487752],[73.1953706393736,-0.587171100871163],[73.1955257119479,-0.587108766453417],[73.1955624611278,-0.587090625030376],[73.1955960302717,-0.587067112862143],[73.1956012593649,-0.587062821835305],[73.1956849491118,-0.586991678100669],[73.1957251047033,-0.586940375312069],[73.1957306976143,-0.586930489871055],[73.1957454057304,-0.586900285604404],[73.1957562825318,-0.586868499487331],[73.1957666805312,-0.586830641077269],[73.1957974675927,-0.586509647633286],[73.1958446525013,-0.586247002084303],[73.1958871940182,-0.585999300114501],[73.1960172485118,-0.585597157957575],[73.1961330593182,-0.585323312755348],[73.1963038793594,-0.584973120110298],[73.1965664425439,-0.584542506360409],[73.1967461657878,-0.584181280233579],[73.1969224529758,-0.583895029872389],[73.1971322356458,-0.583629771137455],[73.1973410481353,-0.583419870894569],[73.1975317137577,-0.583272925808605],[73.1976650030846,-0.583255491310648],[73.1978654953779,-0.583287067253309]]]},"properties":{"OBJECTID":1550,"FCODE":"LD1780","atoll":"Seenu","islandName":"Dhonhera","capital":"N","islandNa_1":"ދޮންހެރަ","longitude":"73° 11' 48.302\" E","latitude":"0° 35' 8.802\" S","Area_ha":8.37623913333,"category":" ","Sector":" ","Usage":" ","PrimAgency":" ","Shape__Area":83762.392242431641,"Shape__Length":1425.70194987488}},{"type":"Feature","id":1551,"geometry":{"type":"Polygon","coordinates":[[[73.1090055084205,-0.60897618389832],[73.1094263601479,-0.609167578917898],[73.1094389895625,-0.609174602448127],[73.109450328098,-0.609183561738323],[73.1105957780017,-0.610248714705828],[73.1106076483398,-0.610258026113909],[73.1106209101683,-0.610265217618123],[73.1114462157761,-0.61062645370771],[73.1125822145046,-0.611159404651123],[73.112591763596,-0.611164614583349],[73.1126006128999,-0.61117094105796],[73.1129627103162,-0.611464511748526],[73.1129711499883,-0.611472297003727],[73.1129785323433,-0.611481091907793],[73.1131961078984,-0.61177660013698],[73.1132027994489,-0.611787145757244],[73.1132079800332,-0.611798509696035],[73.1132115526331,-0.611810477268254],[73.1132134489766,-0.611822821213116],[73.1132398756157,-0.612137258541135],[73.1132400283292,-0.612150419007231],[73.1132382784111,-0.612163462698944],[73.113234665387,-0.612176117442342],[73.1132292620206,-0.612188118249487],[73.1130803761437,-0.612463421788502],[73.1130718151991,-0.612476458293357],[73.1130611270438,-0.612487815942831],[73.1130486332748,-0.61249715160016],[73.1130347120829,-0.612504184108637],[73.1130197838795,-0.612508700579832],[73.1130042987206,-0.612510565375771],[73.1125492643,-0.612524916938934],[73.1125366950725,-0.612524424690287],[73.1125243198811,-0.612522172742576],[73.1125123830676,-0.612518206008949],[73.1125011217873,-0.612512601740154],[73.1119017631348,-0.61215991006477],[73.1118919858712,-0.612153252131897],[73.1116105922017,-0.611933187325025],[73.1115999947763,-0.611926052413691],[73.1115884909508,-0.611920496650518],[73.1109279992482,-0.611481603918345],[73.1109180656778,-0.611475882874124],[73.1109074826255,-0.611471476888555],[73.1102782702611,-0.611255688689412],[73.1102696913501,-0.611250614395146],[73.1102606012978,-0.611246525496655],[73.1093074663234,-0.61083895787808],[73.1089806277821,-0.610726225715641],[73.1086738135866,-0.610629297612358],[73.1086620726059,-0.610624653586086],[73.1086511014813,-0.610618405259828],[73.1084188788955,-0.610463539107834],[73.1081349618584,-0.610271745305005],[73.1081236736286,-0.610262717748503],[73.1081139745184,-0.610251999658515],[73.1080600693132,-0.610181874856491],[73.1080520284931,-0.610169414133518],[73.1080461220701,-0.610155810818248],[73.1080425081477,-0.6101414278095],[73.1080412837439,-0.610126647767888],[73.1080407222969,-0.609671688531627],[73.1080434199377,-0.609636340029754],[73.1080515990984,-0.609601845777096],[73.1080650603529,-0.609569050142323],[73.1080834731213,-0.60953875527555],[73.1081063864492,-0.609511704041554],[73.1081332388897,-0.60948855756304],[73.1083927163612,-0.609298668944436],[73.1089225561905,-0.608980905176766],[73.1089354470148,-0.60897451671934],[73.1089491975269,-0.608970281402004],[73.1089634492989,-0.60896830971135],[73.1089778331232,-0.60896865195014],[73.1089919753007,-0.608971299135725],[73.1090055084205,-0.60897618389832]]]},"properties":{"OBJECTID":1551,"FCODE":"LD1778","atoll":"Seenu","islandName":"Bolihera","capital":"N","islandNa_1":"ބޮލިހެރަ","longitude":"73° 6' 38.101\" E","latitude":"0° 36' 38.686\" S","Area_ha":8.3634188758,"category":" ","Sector":" ","Usage":" ","PrimAgency":" ","Shape__Area":83634.2064819336,"Shape__Length":1476.3072293254993}},{"type":"Feature","id":1552,"geometry":{"type":"MultiPolygon","coordinates":[[[[72.8453614377294,3.47645143659608],[72.8453217537534,3.47643133701579],[72.845310939834,3.47643298239097],[72.8452790586246,3.47643126976612],[72.8446894062687,3.47625635067576],[72.8439244449902,3.47898967586742],[72.8434703223595,3.47943037239695],[72.843447438676,3.47961620593086],[72.8443114787404,3.4797624017186],[72.8443225037639,3.4797644317547],[72.8445036023286,3.47936333455302],[72.8447283796773,3.47887622060006],[72.8449864126578,3.4783040106328],[72.8451395520575,3.47766628667723],[72.8452021520564,3.4773496711227],[72.845281937725,3.4768887682438],[72.8453614377294,3.47645143659608]]],[[[72.8401462090586,3.48255152105039],[72.840209066874,3.48252276527906],[72.8402107323505,3.48252276886568],[72.840291851119,3.48249062911198],[72.8404044261937,3.48243215276234],[72.8411169617923,3.48212609873661],[72.8411591502713,3.48211105283524],[72.8415846391022,3.48194632171912],[72.8417230721825,3.48186839325772],[72.8419254482429,3.48175881189599],[72.8420851390561,3.48167520578547],[72.8422243581622,3.48158816277998],[72.8424190940511,3.48145627613527],[72.8426182280917,3.48131899518012],[72.8428798255873,3.48112863744706],[72.8431090010877,3.48094890686537],[72.8432164737316,3.48086329216897],[72.8432924433569,3.48081192263006],[72.8433745700351,3.48074583803202],[72.8434094354479,3.48071746776856],[72.8434943379203,3.48065195881845],[72.8435632683471,3.48059384281126],[72.8435823907845,3.48058174958111],[72.8435987661738,3.48057878433217],[72.8436208476618,3.4805618886],[72.8436593790993,3.48053653468962],[72.8437319953136,3.48049583626413],[72.8437657971211,3.48047007078575],[72.8437936287252,3.48045743955898],[72.8438037087211,3.48043867787848],[72.8437929918197,3.48042894734129],[72.8437747111037,3.48041842326128],[72.8437756345718,3.48040977230066],[72.8437815966903,3.48038761138699],[72.8437866263576,3.48035520614953],[72.8437839880056,3.4803397638968],[72.8437696535886,3.48032294258298],[72.8413221891055,3.47991104984575],[72.8412993036253,3.47987382505005],[72.8426786469811,3.47615889512507],[72.8432734520734,3.47455471077212],[72.8432884539387,3.47454803690186],[72.8444072669975,3.47481879173658],[72.8445013322859,3.47446894485553],[72.8446051505833,3.4744954583157],[72.8445088961006,3.47484009377727],[72.845048614703,3.47497662965186],[72.8448621711624,3.47561660784365],[72.8449286060693,3.47563587264805],[72.844953872085,3.47563885494914],[72.8449755089069,3.47562568834986],[72.8449998793023,3.47556542273142],[72.8450390503402,3.47553058468126],[72.8450982331478,3.47552563420437],[72.8452071817237,3.47558883819006],[72.845228053181,3.47562240925325],[72.8452182588495,3.47565954903386],[72.8451997167237,3.47568841082083],[72.8452016660679,3.47571058977824],[72.8452069948741,3.47572599803364],[72.8454404158125,3.47580382926665],[72.8454866386255,3.47583351687567],[72.8454844117019,3.47586860598022],[72.8455002858312,3.47591989688218],[72.8454899273577,3.47597343302469],[72.8454949040244,3.47601305027031],[72.8454904465839,3.47603658497393],[72.8454894521489,3.47610779881186],[72.8454932232765,3.47616319103502],[72.8454882016941,3.47622470656266],[72.8454921902139,3.47628689996306],[72.8454887469714,3.47634404335718],[72.8454806926766,3.47637475314417],[72.8454917895653,3.47643087523475],[72.8454840371044,3.47652686381807],[72.8454945177488,3.47656252227726],[72.8455021076147,3.47662040988419],[72.845498324809,3.47667278929296],[72.8455141171917,3.47669514486963],[72.8455366379559,3.47669519239273],[72.8455508546936,3.47667492065853],[72.8455492017934,3.47663254799826],[72.8455514583614,3.47645435523156],[72.8455440733115,3.47631547210887],[72.8455362211376,3.47620793000855],[72.8455412750593,3.47615398858794],[72.8455405582038,3.47596094161703],[72.8455322110581,3.47576840211782],[72.845651003373,3.47464354596159],[72.8456670814199,3.47462343827279],[72.8456909307924,3.47459149282583],[72.845701223689,3.47452620044278],[72.8456989383749,3.47444482817775],[72.845689294062,3.47441437656722],[72.8457307324477,3.47399448569134],[72.8455452321382,3.47317978579844],[72.8453616650031,3.47266552388859],[72.8449834697769,3.47185263680537],[72.8444818801667,3.47107287191376],[72.8442164603396,3.47077387276913],[72.8439730088128,3.47051036005742],[72.8438211791567,3.47033900412529],[72.8437556228022,3.47027079907027],[72.8436477486113,3.47022626784238],[72.8435463369006,3.47019234330001],[72.8424745731048,3.4700387278927],[72.8419132095955,3.47000101043656],[72.8416368069657,3.4699892246279],[72.8413545760664,3.46996740061674],[72.8409246271001,3.46995459439903],[72.8406556957585,3.46993363925875],[72.8405502209677,3.46991001025281],[72.8402999000239,3.46986277734582],[72.8400452159628,3.46983859778362],[72.8395764948105,3.46982475411872],[72.8394123339805,3.46982767456803],[72.8393021933401,3.46985717316789],[72.8386563208205,3.46980056827886],[72.8373888671249,3.46972373812977],[72.8367444408929,3.46966452392699],[72.8356667293516,3.46958893475636],[72.8352075986133,3.4695886783091],[72.8339873370128,3.46949291587754],[72.8325850866172,3.46940531401996],[72.8320064547933,3.46938518021624],[72.8313782117111,3.4693586944093],[72.8312862188361,3.4693442777659],[72.8312620846977,3.46930992099745],[72.8312685184318,3.46928634487934],[72.8313079508795,3.46926483827281],[72.8313225862321,3.46922534807104],[72.8312766625581,3.46919527109988],[72.8311429950405,3.46918090018412],[72.831051507917,3.46917766410528],[72.8308574053403,3.46921655623076],[72.8307227972866,3.46922109516964],[72.8304589351381,3.46924910262778],[72.8301444726864,3.46926609271277],[72.8297030558272,3.46923728721966],[72.8289884711715,3.46920551106097],[72.8282568149321,3.46914466668121],[72.8274214257353,3.46910442865231],[72.8263376119383,3.46904641056751],[72.8260211031244,3.46901590139608],[72.8257542127551,3.46901717735643],[72.8251958702802,3.46897761989412],[72.8242322555598,3.4689047108133],[72.8238641367361,3.46908154117107],[72.8240130208163,3.46914501817551],[72.8241447883972,3.46911126844484],[72.824288784744,3.46907085018401],[72.8246226301445,3.46900914230308],[72.824908106657,3.46904502162682],[72.8255479901086,3.46907655658692],[72.8258839339738,3.46913250336413],[72.8257287041943,3.46942900670202],[72.8256298410041,3.46947626563408],[72.8255180582434,3.46955195613732],[72.8238013130567,3.46945798076305],[72.8215235969246,3.46932641163672],[72.8202875519246,3.46928275730661],[72.8187222653898,3.46920243369265],[72.8186389331724,3.46917339506359],[72.8185852830887,3.46916113400997],[72.8185127872486,3.46916500493059],[72.8184572192618,3.46917299783919],[72.8183582599518,3.46918178340318],[72.8182438082964,3.46916362137012],[72.8179995294212,3.46913985694787],[72.8179496468718,3.46915440899145],[72.8178644048361,3.46915178175085],[72.8178393400431,3.46915008614949],[72.8178192052043,3.46913483111726],[72.8178077453962,3.46907957925882],[72.8177980382013,3.46899935695121],[72.8178078100749,3.4689545010691],[72.8178201466387,3.46893744283165],[72.8178069485906,3.46890443822581],[72.8177790298499,3.4688822949753],[72.8177459017788,3.46886650283373],[72.8177168556524,3.46882647192368],[72.8176722237558,3.46880912764633],[72.8176172019447,3.46880999472571],[72.8175986418526,3.46886081705299],[72.8175911499031,3.46890202170185],[72.8175698077286,3.46895046067711],[72.8175771873887,3.46904480732288],[72.8175761821739,3.46913784840896],[72.8175720705848,3.46925695565531],[72.8175486631835,3.46934511166801],[72.8175275590625,3.46939343495028],[72.8175186486732,3.46942449735424],[72.8174891668639,3.46945941901991],[72.8174496176352,3.46950796198017],[72.8174270357855,3.46954087958803],[72.8174250819498,3.46958569329888],[72.8174394487061,3.46963797356771],[72.8174140353668,3.46971851055181],[72.8173965837957,3.46977439004088],[72.8173665818619,3.46982076215054],[72.8173050023491,3.46990036120388],[72.8172235458141,3.47005282262162],[72.8171095837406,3.47029396538647],[72.8170852259216,3.47039905667032],[72.8170377023481,3.47048458892629],[72.817012577368,3.47052616024152],[72.8169898410081,3.47055943917103],[72.8169692102993,3.47066458243208],[72.8169404121079,3.47081318984932],[72.8168655258509,3.47105985499423],[72.8167898356017,3.471169909246],[72.8167630289753,3.47121066277052],[72.8167194454127,3.47125792340681],[72.8167022543531,3.4713083376189],[72.8167163318519,3.47135589056376],[72.8167782500295,3.47139714890384],[72.816826417695,3.47141763595147],[72.8171468602316,3.47141257336961],[72.8171826850451,3.47141806455827],[72.8172109478406,3.47143279590016],[72.817270634603,3.47142272991661],[72.8173235570513,3.47141582916746],[72.8173554517355,3.47142744010828],[72.8173756898805,3.47145754928839],[72.8174164365635,3.47147231470299],[72.8174341378662,3.47145375818051],[72.8174616739246,3.47142909176886],[72.8188915394303,3.471504821569],[72.8189237125922,3.47153438467648],[72.8189429302511,3.47155294030073],[72.8189884047674,3.47157502879197],[72.8190337337566,3.47155946265549],[72.8190739432471,3.47151034772711],[72.8204848237576,3.47158195285329],[72.8205014300139,3.47161186207176],[72.8205221577408,3.47163810661219],[72.820571187789,3.47163775422213],[72.8206046383552,3.47164507191972],[72.8206618987681,3.47163325833489],[72.8207947281576,3.47161296586862],[72.8220050867303,3.47165458107082],[72.8220547015818,3.47167679329971],[72.8221035582552,3.47168399174031],[72.8221668346854,3.47168352995694],[72.8228874901558,3.47172430408267],[72.8229310081415,3.47173708068638],[72.8229992738149,3.47172691696943],[72.8230554769106,3.47172659596272],[72.8231123896754,3.47173929186641],[72.8231429305985,3.47175217068994],[72.823229337749,3.4717320790796],[72.8234333217938,3.47173702240302],[72.8234720760135,3.47178259638302],[72.8235323251213,3.47179874803916],[72.823585362554,3.47179840013249],[72.8236352001876,3.47179795359254],[72.8237018776396,3.47177111277325],[72.8237593240037,3.47176087732331],[72.8238045910092,3.47176714233328],[72.823892110274,3.47175032265992],[72.8239268139901,3.47176310015997],[72.8239565095985,3.47179229293606],[72.8239937043428,3.47181498308502],[72.8240235032574,3.47181471229169],[72.8240747692124,3.47179780295252],[72.8241331507226,3.47177131990325],[72.8242759055977,3.47179024584616],[72.8243202051177,3.47181296199846],[72.8243778841454,3.47183569070357],[72.8244209619565,3.47183212107385],[72.8245085467984,3.47179842613583],[72.8246298346332,3.47180072608576],[72.8247933738289,3.47180942016532],[72.8248796408423,3.4718101034253],[72.8249513542498,3.47181832406482],[72.8250510214322,3.47181765694486],[72.8252395310979,3.47184831756246],[72.8253222767154,3.47183866584331],[72.8253306319459,3.47186218092437],[72.8253300013285,3.47189601843011],[72.8253205788995,3.47192331923577],[72.8252958249235,3.47195775122917],[72.8252923780878,3.47198882072212],[72.8253046769224,3.4720269532554],[72.8253054108459,3.47205497228705],[72.825258640959,3.47210838401217],[72.8252112009288,3.47216250499728],[72.8252209647176,3.47221289405444],[72.8252396811166,3.47225629987258],[72.8252922999344,3.47229233957629],[72.8253590770993,3.47234720119707],[72.8253884412294,3.47234322806953],[72.8254304060278,3.47227648831177],[72.8254697648137,3.47220339028895],[72.8255135585821,3.47217771514733],[72.8255679722338,3.47222410507234],[72.8256648681136,3.4722926256128],[72.8258061659213,3.4723139312972],[72.8259503059985,3.472391171012],[72.8260775541551,3.47239793904743],[72.8261511252786,3.47243515517156],[72.8262148445783,3.47249932328011],[72.8264547315901,3.47258243076134],[72.8265281760511,3.47257034101515],[72.8267043590345,3.4725118488069],[72.8268722038555,3.47251097814425],[72.8270155785681,3.47257539731413],[72.8271892588451,3.47262256014552],[72.8274498556174,3.47252113736946],[72.8276728399289,3.47237487589943],[72.8277604786697,3.47236522328902],[72.8278410171265,3.47238331980389],[72.8278641047276,3.47240488282941],[72.8279200095827,3.47239536920253],[72.8279733479509,3.47238279794422],[72.8280321184318,3.47240112669529],[72.8280476862357,3.47247291288044],[72.8280564232501,3.47262323623155],[72.8280793320865,3.47277518880034],[72.8281182471046,3.47287352701942],[72.8281189468922,3.47293566325409],[72.8281313104055,3.47297396521893],[72.8281524792051,3.47301958576583],[72.828171147095,3.47306210026146],[72.8281735446986,3.47311956575375],[72.8281786049085,3.47319970342491],[72.8281472087894,3.47327386929887],[72.8281796101234,3.47330354622748],[72.8281822619501,3.47334491656559],[72.8281779464434,3.47338668143453],[72.8281903943983,3.47343257544431],[72.8282234308412,3.47344387880421],[72.8282551000483,3.47344361787471],[72.8282859661614,3.47342795044583],[72.8283277018895,3.47338930238669],[72.828350226247,3.47329848096574],[72.8283406349346,3.47325385124743],[72.828318884925,3.47322074726259],[72.8282966543166,3.47319149176409],[72.828286021857,3.47313687408533],[72.828274853103,3.47308644831421],[72.8282824789015,3.47300813983101],[72.8282699069791,3.47293127138622],[72.8282437893605,3.47291067139155],[72.828213788325,3.47289362398552],[72.8282184541746,3.47286953596081],[72.8282086742161,3.47278461813684],[72.8281687387118,3.4726422589973],[72.8281616707671,3.47244419984171],[72.8281852147124,3.47242226290737],[72.8283529741934,3.47243700858021],[72.8284516172965,3.4724679596975],[72.8286884644093,3.47247026502577],[72.8288757227219,3.47248847541523],[72.8290619892943,3.4725224312584],[72.8292185890046,3.47256218314878],[72.8292861099745,3.47254903802655],[72.8294778769315,3.47246040618315],[72.8298996152962,3.47248212881344],[72.8305864842304,3.47329351523385],[72.8301918112069,3.47725575929101],[72.8302087201955,3.47726381669072],[72.8305869962701,3.47742896108964],[72.8307669207367,3.47752331585469],[72.8310448954182,3.47771945777954],[72.8313039929023,3.47789206231687],[72.8315515030176,3.47804319717913],[72.8316164512127,3.47811282108624],[72.8317106557399,3.47814787513622],[72.8319479726716,3.47828789405777],[72.8321756668501,3.47845340501136],[72.832468851806,3.47862821968156],[72.8327756695946,3.4787364286209],[72.8331280481379,3.47884303611314],[72.833316723992,3.47895552926847],[72.8334538500234,3.47907784262757],[72.8336730326645,3.4792526580786],[72.8339251610187,3.47943282924364],[72.8341925418681,3.47955350075769],[72.8344733651074,3.47968910611424],[72.8346347016341,3.47976819772272],[72.8346845069284,3.47979881504228],[72.8347834303058,3.47983480424488],[72.8350531970805,3.47988414469788],[72.8355642019333,3.47998455525102],[72.8358758832009,3.48013404620232],[72.8360902508721,3.48022906601726],[72.8363925411517,3.48032312908797],[72.8367043517767,3.48042520558567],[72.8372064336638,3.48051600659375],[72.8373672249131,3.48052742733098],[72.8375274547154,3.48055025176856],[72.8376571822222,3.48055952680205],[72.8379905613972,3.4805597904196],[72.8382741038368,3.48057378456559],[72.8385255377933,3.48062257084507],[72.8388120060458,3.48069216228189],[72.8389468970689,3.48075122874064],[72.8391268359085,3.48081887262667],[72.8392782271867,3.48088613991149],[72.8394035161177,3.48096066205077],[72.8394947822556,3.48102510126657],[72.8396138566415,3.48114232761761],[72.839675330153,3.48123995301798],[72.8397038687312,3.48131759101433],[72.8397102297018,3.48138036331939],[72.8397360077571,3.48147673427135],[72.8397666861224,3.48155142403883],[72.8397859406122,3.48160094821663],[72.8398108464035,3.48163678760861],[72.8398209650268,3.48168200693059],[72.8398222181766,3.48175017170757],[72.8398280554294,3.48176442138318],[72.8398858763909,3.48184798623956],[72.8399268476527,3.48189186684245],[72.839969256219,3.48194044592593],[72.8400401198202,3.48203458055826],[72.8400618949827,3.48211374997895],[72.8400467556752,3.48214652457851],[72.8400453273539,3.48216898941746],[72.8400546976806,3.48218251907135],[72.8400585631313,3.48221417822755],[72.8400706355904,3.48223234987256],[72.8400883476728,3.48225514198917],[72.8400993906626,3.48226733203674],[72.8400963759165,3.48229327769394],[72.8400851290092,3.4823085737596],[72.8400587427943,3.4823054722243],[72.8400507846192,3.48231466026481],[72.8400393858966,3.48233153085916],[72.8400307378153,3.48235151823153],[72.8400116827516,3.48237155043629],[72.8400000172293,3.48236844441791],[72.8399888628484,3.48235762535957],[72.8399883948261,3.48234222259258],[72.8399729393117,3.48232990522073],[72.8399541393694,3.48232374070648],[72.8399518199193,3.48233602221214],[72.8399567938911,3.48234987555664],[72.8399648472876,3.48236221893127],[72.8399810987094,3.48238542709337],[72.8399886499477,3.48242892928213],[72.839991867713,3.48247113669697],[72.8399997127004,3.48248842782038],[72.8400109497263,3.48252314994467],[72.8400138234369,3.48254851456146],[72.8400158132052,3.48256441676271],[72.8400236312431,3.48258355678983],[72.8400680089165,3.48257246335713],[72.8401462090586,3.48255152105039]]]]},"properties":{"OBJECTID":1552,"FCODE":"LD0158","atoll":"Alifu Dhaalu","islandName":"Maamigili","capital":"N","islandNa_1":"މާމިގިލި","longitude":"72° 49' 59.019\" E","latitude":"3° 28' 29.444\" N","Area_ha":220.807769522,"category":"Residential Island","Sector":" ","Usage":" ","PrimAgency":" ","Shape__Area":2208077.6728515625,"Shape__Length":11246.779723667561}},{"type":"Feature","id":1553,"geometry":{"type":"Polygon","coordinates":[[[73.4094588725318,3.89504408229733],[73.4094738339729,3.89502410689286],[73.4095221902846,3.89496617839658],[73.4095284290842,3.8949552111027],[73.4095450667816,3.89490571084702],[73.4095580150982,3.89481927113844],[73.4095781265807,3.89474054536418],[73.4095863641319,3.89470829952153],[73.4096024071445,3.8946851792005],[73.4096119149135,3.89468013963903],[73.4096315233395,3.89467865815313],[73.4096502406368,3.89468310350702],[73.4096685779467,3.89468945606113],[73.4096728108083,3.8946900681935],[73.4096882375767,3.89469229624788],[73.4097085646549,3.89469120552296],[73.4097232386351,3.89468626902918],[73.4097341154366,3.89468260967842],[73.4097635280756,3.89468290633407],[73.4097732532368,3.89468634789836],[73.4097754621941,3.89468625200062],[73.4097760874216,3.89468625200062],[73.4097902673283,3.89469002069275],[73.4097985857278,3.89469061310785],[73.409809578412,3.89468824165496],[73.409828890394,3.89467846008395],[73.4098464192201,3.89466393560693],[73.4098571145619,3.89465059685611],[73.4098627595751,3.89464318673767],[73.4098785384831,3.89459889989635],[73.4098817050445,3.89459234747989],[73.4098924003863,3.89457527409252],[73.409902383364,3.89456033555044],[73.4099130787058,3.89455108724123],[73.4099287650873,3.8945439728814],[73.4099430258424,3.89454326216238],[73.4099544344465,3.8945439728814],[73.409966556313,3.89454753006131],[73.4099787006373,3.89455177107298],[73.4099828265994,3.89455271750331],[73.4100050697841,3.8945578198024],[73.4100184394105,3.8945578198024],[73.4100338886368,3.89455574500487],[73.4100425043787,3.8945524844807],[73.4100484467343,3.89454774157415],[73.4100543890899,3.89453766334579],[73.4100606772968,3.89451196005383],[73.4100642427102,3.89449986707547],[73.4100645086115,3.89449920385724],[73.4100671640315,3.89448312350289],[73.4100757797734,3.89447304527371],[73.4100849902,3.89446830326298],[73.4101007358703,3.89446741329573],[73.4101423161899,3.89447051518558],[73.4101643159312,3.89447215620273],[73.4101868950859,3.89447037806073],[73.4102088804541,3.8944662284652],[73.4102290835648,3.89446000317567],[73.4102404966605,3.89445126124149],[73.4102482069006,3.89445078085635],[73.410257476616,3.89445433803666],[73.4102602892412,3.89445761200483],[73.4102685779963,3.89445961331083],[73.4102945545794,3.89446073988571],[73.4103038242948,3.89446287473163],[73.4103073897082,3.89446856586155],[73.4103073897082,3.89448065884034],[73.4103073897082,3.8944991554602],[73.4103116674855,3.89452974505775],[73.4103180850499,3.89458523401665],[73.4103195106763,3.89459448232548],[73.4103216504633,3.89459732788999],[73.4103287803917,3.89459732788999],[73.4103351979561,3.89459305909511],[73.4103394757335,3.89458167683687],[73.4103437544092,3.89451836279869],[73.4103458932979,3.8944991554602],[73.4103565886397,3.89447923650601],[73.4103722759194,3.89445931755133],[73.4103901020879,3.89443584141582],[73.4103979452787,3.89440880899539],[73.4104007974297,3.89437964172796],[73.4104022230561,3.89434691727875],[73.4104007974297,3.8943141937245],[73.4104000841674,3.89429213991961],[73.410398478878,3.89428698025943],[73.4103855853587,3.89424431469965],[73.4103441730241,3.89416243320618],[73.4103344191168,3.89414598269774],[73.4103069558219,3.89411199633168],[73.4102791340992,3.8940814398799],[73.4102724506335,3.89407303134358],[73.4102610420294,3.894058803512],[73.4102415135534,3.89404390439536],[73.4102235086202,3.89403718706618],[73.4102125554619,3.89403461574963],[73.4101818941647,3.89403105856752],[73.4101383986369,3.89402679066597],[73.4101013206735,3.89402394509954],[73.410071373537,3.89402536743465],[73.4100521208438,3.8940225218682],[73.4100243125958,3.89401469678444],[73.4100029219123,3.8940068717006],[73.4099793914417,3.893998335001],[73.4099594263845,3.89399620105015],[73.4099522955578,3.8939912206365],[73.4099401736914,3.89398908668562],[73.4099244873099,3.89399264386791],[73.4098938269109,3.89399193225222],[73.4098645921383,3.89399050991705],[73.4098524702719,3.89399406620307],[73.4098367829921,3.89400046895187],[73.4098210966106,3.89400758331632],[73.4098054093308,3.89401398516876],[73.4097968528777,3.89401612001579],[73.4097854442736,3.89401540840011],[73.4097718967808,3.89401185121795],[73.4097597749143,3.89401185121795],[73.4097448017952,3.89401185121795],[73.4097333922928,3.89401256283363],[73.4097148537602,3.89401683073524],[73.4096963143294,3.8940225218682],[73.4096628017794,3.89402892461675],[73.4096128886873,3.89403390413397],[73.4095380203966,3.89404101849813],[73.4095194809657,3.89404599801524],[73.4095030813219,3.89405240076365],[73.4094888205668,3.89406307141339],[73.4094681422472,3.89408441360866],[73.4094524549674,3.89411002370458],[73.4094389074746,3.89413776775019],[73.4094225078308,3.89418116285577],[73.4094175167911,3.89420392738287],[73.40941466464,3.89422740352484],[73.40941466464,3.89424874481974],[73.4094168035287,3.89428289160742],[73.4094210813061,3.8943141937245],[73.4094310642839,3.89436399067077],[73.4094389074746,3.89438817842366],[73.4094524549674,3.89441307689499],[73.4094674289849,3.89442872795122],[73.4094916727178,3.89444224416127],[73.4095109245126,3.89445362642135],[73.4095351682455,3.89448065884034],[73.4095501413647,3.89450271264034],[73.4095565589291,3.89452049764447],[73.4095572721914,3.89453757103295],[73.4095572721914,3.89454610772708],[73.4095515678894,3.89455820070476],[73.4095415849116,3.8945674490139],[73.4095330284585,3.89458025450272],[73.4095301763075,3.89459590465963],[73.4095301763075,3.8946151119959],[73.4095308895698,3.89463289699762],[73.409537614358,3.89469261262083],[73.4095359192371,3.89472535856638],[73.4095099049248,3.8948712719102],[73.409473845651,3.89494147980323],[73.4094576831624,3.89496329608742],[73.4094491267093,3.89498179180042],[73.4094371916924,3.89501424735284],[73.4093909679812,3.89509011678376],[73.4093903355672,3.89509509629466],[73.4093897076448,3.89509885960753],[73.4093897076448,3.89510241588887],[73.4093897076448,3.8951066846812],[73.4093932730582,3.89510881862924],[73.4093982640979,3.8951066846812],[73.409409672702,3.89509885960753],[73.4094296377592,3.89507965138607],[73.4094588725318,3.89504408229733]]]},"properties":{"OBJECTID":1553,"FCODE":"LD1781","atoll":"Kaafu","islandName":" ","capital":"N","islandNa_1":" ","longitude":"73° 24' 35.571\" E","latitude":"3° 53' 39.980\" N","Area_ha":0.644316913931,"category":" ","Sector":" ","Usage":" ","PrimAgency":" ","Shape__Area":6443.16943359375,"Shape__Length":450.60662605190248}},{"type":"Feature","id":1554,"geometry":{"type":"Polygon","coordinates":[[[73.497623152031,4.20944979591235],[73.4976305748101,4.20945877454167],[73.4976390054991,4.2094597868996],[73.4976429877307,4.2094523241195],[73.4976539184311,4.20944288320983],[73.4976581944119,4.20943650714657],[73.497667742605,4.20943693359117],[73.4976750441117,4.20944347539445],[73.4976791009035,4.20944695055942],[73.4976831585936,4.20945022235694],[73.4976884388908,4.20945125173682],[73.4976961590124,4.20945126696697],[73.4977042950539,4.20944638704337],[73.4977077625509,4.20943945911068],[73.4977122424492,4.20943416349312],[73.4977155060287,4.20942743892781],[73.4977201934378,4.2094196966291],[73.4977258905534,4.20941521985669],[73.4977269173277,4.20940951123278],[73.497732214693,4.20940197409317],[73.4977413281015,4.20938528541624],[73.4977453175197,4.20937383949936],[73.4977483107062,4.20936488057868],[73.497750811616,4.20935442820578],[73.4977557900793,4.20934447753234],[73.4977622705258,4.20932805672594],[73.4977568563795,4.20930613424557],[73.497746466465,4.20929216997467],[73.4977405393807,4.20927921089452],[73.4977261717261,4.20927021882473],[73.4977018749926,4.2092661882058],[73.4976825486376,4.2092566890609],[73.4976691754179,4.20924670344638],[73.4976562926784,4.20923920841215],[73.497639438487,4.20923419589516],[73.4976111694034,4.20923214967733],[73.4975888363871,4.20923858039172],[73.4975699618847,4.20925198921043],[73.497557036026,4.20926740213971],[73.497551548218,4.20928382563507],[73.4975495377883,4.209297267601],[73.4975465185507,4.2093201692917],[73.4975475632914,4.20933389615072],[73.4975526154165,4.20934792940457],[73.497552907369,4.20936131582412],[73.4975484409454,4.20937278145081],[73.4975477833786,4.20938457228617],[73.4975499833528,4.20939605045503],[73.4975556813666,4.2094046671446],[73.4975705745357,4.2094187192109],[73.4975886621139,4.20942257871369],[73.4976004021964,4.20942515081962],[73.4976067416074,4.20943026277936],[73.497611484712,4.20943983359352],[73.4976175061194,4.20944558253237],[73.4976205909341,4.20944803996409],[73.497623152031,4.20944979591235]]]},"properties":{"OBJECTID":1554,"FCODE":"LD1782","atoll":"Kaafu","islandName":" ","capital":"N","islandNa_1":" ","longitude":"73° 29' 51.543\" E","latitude":"4° 12' 33.637\" N","Area_ha":0.0446579647429,"category":" ","Sector":" ","Usage":" ","PrimAgency":" ","Shape__Area":446.579345703125,"Shape__Length":80.888660731211161}},{"type":"Feature","id":1555,"geometry":{"type":"Polygon","coordinates":[[[73.3470385169365,4.31450334434939],[73.3469900833697,4.31451158542934],[73.3469534662421,4.31451175114673],[73.3469296932264,4.31451235399966],[73.3468992645928,4.31450034262557],[73.3468628190434,4.31451851420688],[73.3468318397425,4.31451669669046],[73.3467972159765,4.31450034262557],[73.3467498361335,4.31447490187351],[73.3467243239794,4.31444037712072],[73.3466696552061,4.31438767899084],[73.3466295642934,4.3143622391308],[73.3465876506988,4.31434770168362],[73.3465275147788,4.31434406664996],[73.3464400449212,4.31435678658041],[73.3463252393296,4.31437859319866],[73.3462523473325,4.31440584967906],[73.3461958558775,4.31444582698323],[73.3461630538949,4.31446581608239],[73.3461247856638,4.31447490097773],[73.3460591816986,4.31447853511501],[73.3457694345953,4.31445127774143],[73.3456108936258,4.31446036442849],[73.3454067936983,4.31447671759849],[73.3451808242852,4.3145185133111],[73.3450678386803,4.3145548573682],[73.3450241024041,4.31458756639105],[73.3450131681105,4.31460937210694],[73.3450204570407,4.31463117782216],[73.3450405029462,4.31464934940035],[73.3450660151003,4.31466025180961],[73.3451061069114,4.31466388594598],[73.3451534876528,4.31465661677744],[73.3452354930584,4.31462936030602],[73.3453174975658,4.3145930162525],[73.3454013256532,4.31457666218925],[73.3454395947826,4.31456939301984],[73.3454778630136,4.31457302715667],[73.3454942635558,4.31458938211576],[73.3455307100035,4.3146275418941],[73.3455762680632,4.31467842159556],[73.3456928981331,4.31476317391322],[73.3458605498163,4.31489764319984],[73.3459954004152,4.31507027221868],[73.3460846929544,4.31522844886607],[73.346130251014,4.31537018633628],[73.3461375399442,4.31547739728288],[73.3461357172625,4.3155646200404],[73.3461138486752,4.3156554769195],[73.3460883356229,4.31575360294589],[73.3460573572203,4.31582628914857],[73.3460263770211,4.31587353374336],[73.3459862861083,4.31591532937907],[73.3457164286037,4.31609872887729],[73.3454922836689,4.31631496895748],[73.3453337409028,4.31655483125188],[73.3452699587209,4.31666749456504],[73.3451387516889,4.31698266922805],[73.3450549236015,4.3172188980831],[73.3450567462832,4.3172516069912],[73.3450731468253,4.31726977761091],[73.3451023043428,4.31728068087829],[73.3451332827454,4.31727704675442],[73.3451569740144,4.31725342360532],[73.3452098219025,4.31713349213009],[73.3452991162384,4.31692452142995],[73.3454048120147,4.31670828241919],[73.3455105059944,4.31654292202756],[73.3456362458797,4.31638846577586],[73.3458020766778,4.31620130143659],[73.3458549236677,4.31617040909995],[73.3459059479758,4.31615950671236],[73.3460007076619,4.31617767825398],[73.3460845348509,4.31620493556557],[73.3461884061489,4.31622492372269],[73.3462995672754,4.31622310710609],[73.3465000209411,4.31623946202966],[73.3467879471594,4.31630124490455],[73.3469975133354,4.3163648452864],[73.3472138501137,4.31646657668426],[73.3473797509804,4.31661323258038],[73.3475328265997,4.31679676627502],[73.3476330552292,4.31694395508852],[73.3476913693659,4.31705298332323],[73.3477004809778,4.31712566940149],[73.3476968356144,4.31720198870126],[73.3476786132889,4.31727285815121],[73.3476494548731,4.3173582631928],[73.3476075421769,4.31746729226373],[73.3475929634181,4.31751272103866],[73.3475820291245,4.31754179491576],[73.3475674503657,4.31755633230174],[73.3475436423157,4.31756377432536],[73.3473355035627,4.31757032774908],[73.3472982594111,4.31758343728364],[73.3472851125669,4.31759654502645],[73.347276348603,4.31762057573834],[73.3472785395939,4.31765334733273],[73.3472883986042,4.31766863984721],[73.3473114035603,4.31767847087717],[73.3473639864455,4.31767628610431],[73.3475447373621,4.31766863984721],[73.3475984152936,4.31766317836289],[73.3476948153034,4.31764133063374],[73.3478898072122,4.31758671399543],[73.3480234531703,4.31753428123063],[73.3481395720988,4.31748840188669],[73.3482085860688,4.31747857085426],[73.348294032022,4.31746983176055],[73.3483805739199,4.31746655504826],[73.348499931275,4.31746984519703],[73.3485382722697,4.31746547565016],[73.3485558001975,4.31746329087669],[73.3485963321831,4.31746656758899],[73.3486456272343,4.31749278486995],[73.3487069731851,4.31752118602749],[73.3488921060837,4.31762168200922],[73.349141057995,4.31772956714945],[73.3493327638665,4.31778964615669],[73.349457646759,4.31782132401393],[73.3496526395662,4.31785737141449],[73.3498507019166,4.31787593973958],[73.3499624388633,4.31787593973958],[73.3501344267143,4.3178508162017],[73.3502845046555,4.31782241416072],[73.3504630663778,4.31777762677255],[73.3506772750472,4.31769351526398],[73.3508821259663,4.31759520316908],[73.3510354899449,4.3175023516512],[73.351153288723,4.31740082193952],[73.3513121297299,4.31723478270789],[73.3514233878744,4.3171109376259],[73.3514869248162,4.3170519496086],[73.351507737883,4.31701808694455],[73.3515186928379,4.31699733292788],[73.3515186919396,4.3169711156298],[73.3515088329293,4.3169558231013],[73.3514902099551,4.31694162340783],[73.3514737788703,4.31693616102253],[73.3514529649052,4.31693288430794],[73.3514299599491,4.31693616102253],[73.3514124329196,4.31694817683694],[73.3513631378683,4.31700716486228],[73.3512831689434,4.31709346122144],[73.3511900558693,4.31719395725982],[73.3510491326591,4.31733052400037],[73.3509768326518,4.3173927878129],[73.3509198695813,4.31743757522375],[73.350878241651,4.31745614535068],[73.3508508556113,4.31745177490795],[73.3508223736269,4.31743538955446],[73.3507949866888,4.31740589735051],[73.3507875432483,4.31738887331476],[73.3508171202791,4.31732551666714],[73.3503471666382,4.31705789301971],[73.3502737715845,4.31718569829363],[73.3502628166297,4.31718569829363],[73.3502507666284,4.31718023591008],[73.3502069477072,4.31714746608679],[73.3501456026547,4.31711251059186],[73.3500864467967,4.31708083270507],[73.3500404377827,4.31704478526763],[73.350014145891,4.31702293841644],[73.3499988098525,4.31699125963013],[73.3499911418332,4.31697159665649],[73.3499900458886,4.31695412024885],[73.3500064778717,4.31693773488464],[73.350018527873,4.31692790294929],[73.3500316738188,4.31690605609473],[73.3500393418381,4.3168831172999],[73.3500400748634,4.31685524820393],[73.3500378838724,4.31682903090095],[73.3500280248622,4.31679516822694],[73.3500148789163,4.31676895181767],[73.3499929699048,4.31674928973406],[73.3499644879204,4.31673181242552],[73.3499184789065,4.31672088944339],[73.3498823289029,4.316723074219],[73.3498582289004,4.31673071958984],[73.3498374149353,4.31674819779419],[73.3498166009701,4.31676130644717],[73.3498001689869,4.31676567510235],[73.3497738779935,4.31676239838702],[73.3497333460079,4.31674601301867],[73.3496763820391,4.31671324317665],[73.3495887450949,4.31664988557684],[73.3495197302266,4.31659089931526],[73.3494758888475,4.31652817501264],[73.3494495978541,4.31648120366757],[73.3494233068607,4.31640583201716],[73.3494101609148,4.31634793678128],[73.3493871559587,4.31626382601003],[73.3493707239755,4.31617534477941],[73.3493619600116,4.3160988811578],[73.3493619600116,4.31601477035896],[73.3493641510026,4.31596452136761],[73.3493663410952,4.31591754998768],[73.3493762001055,4.31587713293897],[73.3493915370423,4.31583890066624],[73.3494287829906,4.3158093483838],[73.3494999879516,4.31575582265922],[73.3495821469692,4.31569246587527],[73.349671974006,4.31562037086682],[73.3497563240146,4.31555264540943],[73.3497661830248,4.31552861284051],[73.3497661830248,4.31550676594571],[73.3497596109502,4.31548710382941],[73.349740987976,4.31547071843353],[73.3497212690572,4.31545870259574],[73.3496971690548,4.3154565178165],[73.349674164997,4.31546088737497],[73.3496445870679,4.31547508799188],[73.3495098460635,4.31559961591616],[73.3493597690206,4.3157405301062],[73.3492150504283,4.31588581293035],[73.3491668504235,4.31594261536464],[73.349142750421,4.31596664702472],[73.3491164594276,4.31598521718762],[73.349074830599,4.3160026954091],[73.3490266305941,4.3160026954091],[73.3489330926169,4.31598084763217],[73.3488052120462,4.3159468487636],[73.3486781390611,4.31589878633727],[73.348546684094,4.31583433672829],[73.3484083677948,4.31574271578038],[73.3482881561418,4.31564099055589],[73.3481315061259,4.31548697035991],[73.3480208246997,4.31536317963467],[73.3480077182797,4.3153296698281],[73.3480055272887,4.31530782292755],[73.3480087746985,4.31529108459495],[73.3480942206517,4.31517201812233],[73.3480317787563,4.31502673516164],[73.3480832665951,4.31500652303075],[73.3480416386649,4.31489510369442],[73.3480284936173,4.31490165803694],[73.3480317796546,4.31491913538761],[73.3479989156883,4.3149278736149],[73.3479682427129,4.3148372092391],[73.3479288066719,4.31484922508672],[73.347920042708,4.31484704030572],[73.3479090877531,4.31483611640069],[73.3479025156785,4.31479897691399],[73.3479014197339,4.31475528218601],[73.3479079927068,4.31469629488142],[73.3479145656797,4.31466428187607],[73.3479529066744,4.31465882037012],[73.3479529066744,4.31463806628896],[73.3479583837026,4.31463041910547],[73.3479770066768,4.31461621757697],[73.3480317796546,4.31457143179122],[73.3480547837124,4.3145670631234],[73.3480745026312,4.3145670631234],[73.348101888671,4.31456924700942],[73.3481336566927,4.31457252463],[73.3481588526398,4.31457143179122],[73.3481884296705,4.31456378639858],[73.3482201976922,4.31455067770767],[73.3482355346291,4.31453975379836],[73.3482464886856,4.3145189988182],[73.3482475846303,4.31450152235407],[73.3482475846303,4.31448185931599],[73.3482388206663,4.31446219717315],[73.3482158157102,4.3144425350298],[73.3481785706603,4.31443707262651],[73.3481113919484,4.31443379590115],[73.3479678878784,4.31443488784433],[73.3478649148956,4.31442942723254],[73.347799186963,4.31442287199016],[73.34771812389,4.31441631764351],[73.3476644459585,4.31441522570029],[73.3476107689253,4.31442068810373],[73.3474979369324,4.31443161111895],[73.3474508328722,4.31444471891617],[73.3474190639522,4.31444581175514],[73.3474124918775,4.31443816456971],[73.3474124918775,4.31443051917575],[73.3474222978872,4.31440808104133],[73.3474244888781,4.3143829573887],[73.3474157258126,4.31435127938799],[73.3473971028384,4.31434035637161],[73.3473784798642,4.31433707875006],[73.3473598568901,4.31434254025831],[73.3473445208515,4.31435674089614],[73.3473357568876,4.31437640304171],[73.3473215158955,4.31439606518677],[73.3472524093989,4.31448345289007],[73.3472240208393,4.31449983920304],[73.3472218298484,4.31450093114615],[73.347191156873,4.31450311592814],[73.3471505323609,4.31449219201816],[73.3471261080666,4.31449423885166],[73.3471022739655,4.31449505579351],[73.3470735548259,4.31450229092436],[73.3470385169365,4.31450334434939]]]},"properties":{"OBJECTID":1555,"FCODE":"LD1785","atoll":"Kaafu","islandName":" ","capital":"N","islandNa_1":" ","longitude":"73° 20' 53.225\" E","latitude":"4° 18' 58.101\" N","Area_ha":10.7631352329,"category":" ","Sector":" ","Usage":" ","PrimAgency":" ","Shape__Area":107631.35302734375,"Shape__Length":2712.00034994911}},{"type":"Feature","id":1556,"geometry":{"type":"Polygon","coordinates":[[[73.3565247802358,4.31124625740816],[73.3565454603519,4.31125375503152],[73.3568966082032,4.31132575012781],[73.3572755220817,4.31139344819308],[73.3576631936358,4.3114349377209],[73.3579942677337,4.31145895698271],[73.3582220508454,4.31145458560971],[73.3583468933137,4.31143711265817],[73.3585155412285,4.31141308712524],[73.3585812467033,4.31140216585816],[73.3586272422425,4.31138469290543],[73.3586491440674,4.31136285305762],[73.3586579044381,4.31133445973171],[73.3586579044381,4.31130170040548],[73.3586469521781,4.31127767576403],[73.3586206692695,4.31126457239104],[73.358587816083,4.31126020370422],[73.3585440106365,4.31126894107784],[73.3585155376352,4.31126675718233],[73.3584914448193,4.31124928512226],[73.3584651619107,4.31121215710526],[73.3584410681965,4.311151004441],[73.3584344970202,4.31108548397974],[73.3584563979468,4.31102869909771],[73.3585023916894,4.31095880993735],[73.3585746683405,4.31087800039178],[73.3587104612721,4.31078626866588],[73.3588615857507,4.31068143444164],[73.3590324228598,4.31057004582309],[73.3591682166897,4.31049797093134],[73.3592514456008,4.31046957667733],[73.3593171537706,4.31045428760102],[73.359375216379,4.31045647329041],[73.3593993082966,4.31045865629249],[73.3594255912052,4.31045647239465],[73.359439437837,4.31047970698909],[73.3594471813147,4.31048301597941],[73.3594538171697,4.31048301508362],[73.3594582422708,4.3104763979988],[73.3594560288219,4.31046978001811],[73.3594449678658,4.31044882337753],[73.359446073692,4.31044220629237],[73.3594538171697,4.31043558831139],[73.359473725633,4.31042345504754],[73.359493635893,4.31039698312267],[73.3595058026752,4.31037823187673],[73.3595146510807,4.31035506983688],[73.3595157569069,4.31033300959897],[73.3595135443563,4.31031205385038],[73.3595102259796,4.31029330260234],[73.3595146501824,4.31027345044689],[73.3595400895729,4.3102546991979],[73.3595931818029,4.31023043266423],[73.3597115348416,4.31020726793258],[73.3598420546625,4.31020616344245],[73.3600699123343,4.31022160122233],[73.3604182888829,4.31030431883746],[73.3605510221527,4.31036056810048],[73.3605941610492,4.31040027419782],[73.3606063278315,4.3104256416328],[73.3606151780336,4.31044770186805],[73.3606218138886,4.31046203963212],[73.3605587674271,4.3105127780802],[73.3605399638915,4.31053925000107],[73.3605322222104,4.31057344170309],[73.3605377531376,4.31059660373629],[73.3605532382965,4.31061094328913],[73.3605775727592,4.31061976576877],[73.3606074381491,4.31061866307078],[73.3606373017424,4.31060873610162],[73.3606649545818,4.31058888216287],[73.3607821308275,4.31047086121773],[73.3609237098079,4.31028666222569],[73.3610751675614,4.31006039670954],[73.3611890919057,4.30982435911569],[73.3612996969751,4.30953628316866],[73.3613328771484,4.30938186669813],[73.3613726931767,4.30915108709808],[73.3613782196124,4.30895475808209],[73.3613804303663,4.30883673957063],[73.3613693658169,4.30867787542804],[73.3613428161087,4.30848706158682],[73.3613029928939,4.3082995566975],[73.361256533824,4.30811315535938],[73.3612167133041,4.30802933032526],[73.3611768927842,4.30797418180005],[73.3611481341187,4.30794991698512],[73.3611149512504,4.30793339885169],[73.3610961468165,4.30793229614981],[73.3610784491071,4.30793560515119],[73.3610552222671,4.30794994385845],[73.3610386312821,4.30797641586851],[73.3610286761522,4.30801060768583],[73.3610364196299,4.30806024180423],[73.3610574366143,4.30811208132261],[73.3611061073364,4.30821134775143],[73.3611226992197,4.30828193676606],[73.361122700118,4.30831723306247],[73.3611094266114,4.30835032216318],[73.3610906239742,4.30838010315878],[73.3609645391358,4.30847081936423],[73.3608498620033,4.30854018293243],[73.3606863066378,4.30861704593521],[73.3605152323734,4.30869390982605],[73.3603497959358,4.30875202690192],[73.3601993990926,4.30879139716714],[73.3600358419305,4.30881202062466],[73.3599098837546,4.30881014934801],[73.3597745256076,4.30878577975395],[73.3596504467073,4.30874266603901],[73.3595865270833,4.30870704817861],[73.3595188471114,4.30865455926284],[73.3594774868791,4.30861519167785],[73.3594511662413,4.30859269604204],[73.3594417662702,4.30857582498661],[73.3594549256908,4.30854957873307],[73.3594925237787,4.30847084265443],[73.3595338831127,4.30837335975111],[73.3595526812583,4.3082852511406],[73.3595639587083,4.30819151793605],[73.3595564371145,4.3080677914141],[73.3595507956945,4.30796280990758],[73.3595263543323,4.30786907755909],[73.3594962733467,4.30777347033672],[73.359462431115,4.30769473507349],[73.3594060303898,4.30761225007672],[73.3593284105594,4.30752170844553],[73.3592475702687,4.30744672288249],[73.3591347697168,4.30734361884093],[73.3590633302955,4.30730612605156],[73.3590388898315,4.30729112893531],[73.3589956503236,4.30727613271451],[73.3589561702652,4.30727238388322],[73.3589317298013,4.30727613361031],[73.3589148100329,4.30728738189565],[73.358907291134,4.30731362729693],[73.3589129307574,4.30734362242407],[73.3589260910763,4.30736799206435],[73.3589524117141,4.30739986115679],[73.3589900115986,4.30742423079526],[73.3590388916282,4.30745235015916],[73.3591328922378,4.30751233771396],[73.3591855326152,4.30757232615979],[73.3592494531375,4.3076473108147],[73.3593490942688,4.30778415875376],[73.3593660149355,4.30785914517934],[73.3593716545589,4.30789851280347],[73.3593678960077,4.30793600556364],[73.3593553222887,4.30796072005919],[73.3592105668655,4.30812944058689],[73.3590319728039,4.30830753538214],[73.3588326977277,4.30849312868209],[73.3586240217822,4.30865060440974],[73.3584247449095,4.30880245462972],[73.3581991456023,4.30896368180364],[73.3580924796454,4.30903851403944],[73.3579966033535,4.30912287374048],[73.3579176459316,4.3092316048043],[73.3578593677275,4.30933846099416],[73.3577747697839,4.30944344320653],[73.3576939330865,4.30954842540445],[73.3575830154034,4.30965903126507],[73.3574514167059,4.30976588918637],[73.3573536584434,4.30983150381775],[73.3572558983843,4.3098727488842],[73.3571412185568,4.3099008708449],[73.357060378266,4.30990274659771],[73.3569945775698,4.30988212675291],[73.3569571618399,4.30986525214296],[73.3569289619265,4.30984275564838],[73.3569252006804,4.30981651123014],[73.3569458807966,4.30977339309478],[73.3570003986528,4.30960842175169],[73.3570116778995,4.30956155568026],[73.3570060382762,4.3095296866784],[73.35698535816,4.30950719106968],[73.3569477582755,4.30949594371294],[73.3569176790865,4.30949781857099],[73.3568969989704,4.30951281564377],[73.3568763197525,4.30953718700608],[73.3568349613168,4.30962904608277],[73.356737204851,4.30986440563557],[73.3566488483563,4.31007249414818],[73.3566206502395,4.31018309903681],[73.3566037295728,4.31026370889855],[73.3565830512533,4.31036681612727],[73.3565529729626,4.31055615684394],[73.3564984586996,4.31101754761128],[73.3564928190763,4.31113565177847],[73.3564947001485,4.31119189202226],[73.356498459598,4.31122001214258],[73.3565078595691,4.31123500918138],[73.3565247802358,4.31124625740816]]]},"properties":{"OBJECTID":1556,"FCODE":"LD1784","atoll":"Kaafu","islandName":" ","capital":"N","islandNa_1":" ","longitude":"73° 21' 32.180\" E","latitude":"4° 18' 34.502\" N","Area_ha":11.3559955574,"category":" ","Sector":" ","Usage":" ","PrimAgency":" ","Shape__Area":113559.95458984375,"Shape__Length":2102.6392978793151}},{"type":"Feature","id":1557,"geometry":{"type":"Polygon","coordinates":[[[73.3468376626222,4.31383014097272],[73.3469945776411,4.313772379906],[73.3470025977999,4.31375295870707],[73.3470212387404,4.31373553328425],[73.3470608499528,4.313721593304],[73.3471260909987,4.31370300517032],[73.3471820120234,4.31369487336556],[73.3472123032148,4.31369951972725],[73.3472519126306,4.3137204305939],[73.3473567648889,4.3138482212015],[73.3473742407144,4.31387842478527],[73.3473835607355,4.31390166017084],[73.3473952109864,4.31391560104355],[73.3474103556838,4.31391908558987],[73.3474255021778,4.31390746924106],[73.3474266672927,4.31388655837959],[73.3474103556838,4.31382963307094],[73.3473835607355,4.31378200227191],[73.3473660858083,4.3137599295927],[73.3473579300038,4.31374598871714],[73.347354434659,4.31373437236572],[73.3473602602337,4.31372507785122],[73.3473730755995,4.31372856329414],[73.347433657084,4.31374134235574],[73.3475245288615,4.31374831324149],[73.3475827801161,4.31374598871714],[73.3476666621024,4.31373553418001],[73.3477435542974,4.31372275511833],[73.3478985029041,4.31369138792248],[73.3480511221793,4.31364840437256],[73.3482036893522,4.31361006807823],[73.348233978747,4.31360774355346],[73.348312036057,4.31360541992447],[73.3483563068308,4.31359844993316],[73.3483959180433,4.31358567086918],[73.3484157240986,4.31356708273217],[73.3484285385662,4.31354268731328],[73.3484297036811,4.31352874643374],[73.3484262092346,4.31350086467387],[73.3484133938688,4.31347995380118],[73.3483924226985,4.31346601292047],[73.3483632984186,4.31346136566161],[73.3483388319036,4.31346136566161],[73.3482957262447,4.31347182199402],[73.348098837094,4.31352874732952],[73.3480813612684,4.31352874732952],[73.3480650505578,4.313517130079],[73.3480522360903,4.31350086556963],[73.3480359253797,4.3134706610751],[73.3480254402437,4.31343464660977],[73.3480073373941,4.31337272824028],[73.3479708909464,4.31322190638282],[73.347934445397,4.3130183862705],[73.3479180448548,4.31286029515694],[73.3479216902182,4.3127658029022],[73.3479399134421,4.31266949490645],[73.3479654246978,4.31258227181648],[73.348029205083,4.31245326005871],[73.3480674733141,4.31235331698011],[73.3481148531572,4.31223883729664],[73.3481604112168,4.31213889418988],[73.3482205471368,4.31197535122159],[73.3483357632586,4.31174337207334],[73.3483886102484,4.31161980557701],[73.3484487461685,4.3115253149596],[73.3484943033298,4.31148170335019],[73.3485872412325,4.31142537175895],[73.3486601332295,4.31139448012387],[73.348709334856,4.31138902844792],[73.3487530711322,4.31139448012387],[73.3487895166816,4.31140901673176],[73.3488223177659,4.31143627421449],[73.348836897423,4.31145989664877],[73.3488441863532,4.31148351908232],[73.3488387192064,4.31150350825943],[73.3488059172238,4.31154530234406],[73.3488022727586,4.31157619397303],[73.3488077399055,4.3116052680774],[73.3488241413459,4.3116252572513],[73.3488423636715,4.31163434218061],[73.3488624086787,4.31163434218061],[73.348882453686,4.31162343883216],[73.3489061440566,4.31160708470499],[73.348966280875,4.31153621562212],[73.3491091651075,4.31135130474851],[73.349218502654,4.31116595579667],[73.3493059743081,4.31099151015732],[73.3493679329099,4.31084795524072],[73.3494025566759,4.31072620612434],[73.3494557360424,4.310417033241],[73.3494940042735,4.31022259821947],[73.3495377396514,4.310084494843],[73.3495705407357,4.31001180898672],[73.3495960537881,4.30995911144545],[73.3496069880817,4.30991368221875],[73.3496051662983,4.30986461883001],[73.3495960537881,4.30983917881853],[73.3495741860991,4.30980465295935],[73.3495482526352,4.30975918699665],[73.3495245631629,4.30972647866172],[73.3495081617224,4.30970285617357],[73.3494771833198,4.30968468537284],[73.3494097566729,4.30964834197858],[73.3490689879564,4.30949206858824],[73.3489013371716,4.30944118943528],[73.3486134154449,4.30938122442702],[73.3484967880699,4.30935941766536],[73.3482744676135,4.30935214934185],[73.3480685476992,4.3093721376792],[73.347877207442,4.30939394264896],[73.3478134261585,4.30940302760498],[73.3477733352457,4.30941393098526],[73.3477532902384,4.30942483436539],[73.3477350670146,4.30943573684958],[73.3477223109375,4.3094575427133],[73.3477277780844,4.30947571441521],[73.347738712378,4.30949570274933],[73.347760580067,4.30951205692197],[73.3477879140044,4.30951750861134],[73.3478352938475,4.30951569197874],[73.3479100094246,4.30951024028934],[73.347946454974,4.30951024028934],[73.3479737889115,4.30951024028934],[73.3479920121353,4.30951205781773],[73.348006590894,4.30951932613972],[73.3480193469711,4.30953204615092],[73.3480321030481,4.30956112122921],[73.3480430373418,4.30961200126992],[73.3480466809085,4.30966651457173],[73.348028458583,4.30980098296874],[73.3479664999813,4.30994453808307],[73.3478790301237,4.31007537227258],[73.3477842704376,4.31017894891278],[73.3476202623213,4.31029161227578],[73.3474963442194,4.31036429900106],[73.3472303431823,4.31054397879327],[73.3469145709869,4.31072871697891],[73.3466339381905,4.31087227012649],[73.346420729346,4.31099765158183],[73.3461710731555,4.31114665725208],[73.3460179993327,4.31121570795121],[73.345968796808,4.31123206298258],[73.3459542180493,4.3112338796111],[73.3459378166088,4.31122661130551],[73.3459068382062,4.31119026798493],[73.3457100281073,4.31092314739209],[73.3456644700476,4.31083047242173],[73.3456043332292,4.31070508825146],[73.3455259956449,4.31052791666527],[73.3455059506377,4.31049520836341],[73.3454859047321,4.31048248836833],[73.345460392578,4.31048430499863],[73.345434880424,4.31049702499367],[73.3454148354167,4.31052791576949],[73.345413012735,4.31056789327768],[73.3454221243469,4.31062059077674],[73.3455241729632,4.31087317396229],[73.3456608453454,4.31109123126314],[73.3458521856027,4.31134199766402],[73.346027126216,4.31152552904936],[73.3461346410808,4.31160548395867],[73.3461869158438,4.31164468119196],[73.3461905612073,4.31164831623855],[73.3462178951447,4.31168284111819],[73.3462342956869,4.31174644099103],[73.3462397619354,4.31183003002705],[73.346236116572,4.31194632729467],[73.3462014937043,4.31214721501924],[73.3461595801097,4.31228350139491],[73.3460994441897,4.31237799191808],[73.3460356629062,4.31243432343869],[73.3459354360733,4.31250700906325],[73.3458497871009,4.31255788890674],[73.3457932947476,4.31258696297355],[73.345762316345,4.31261603793498],[73.3457440931212,4.31261058626782],[73.3457258698973,4.31260331797538],[73.3456566223653,4.31255607228142],[73.3456329319946,4.31253971817431],[73.3456055971589,4.31253789975737],[73.3455855512533,4.31255061971806],[73.3455709733929,4.31256334057429],[73.3455673280294,4.31258696297355],[73.3455709733929,4.31260695212162],[73.3455946628652,4.31263057541527],[73.3456365755614,4.3126596485835],[73.3457550256182,4.31272143174964],[73.3459299689265,4.31279449357079],[73.3459664153742,4.31281993437913],[73.345995571095,4.31284900843587],[73.3460119716372,4.31289988825648],[73.3460137943189,4.31296893879628],[73.3459973928785,4.3130834192655],[73.3459226781996,4.31330794966897],[73.3458552515527,4.3134133442834],[73.3457896475875,4.31348966395633],[73.3456894207547,4.31356961776318],[73.3455928365903,4.31365138997588],[73.3455655017545,4.31366047577675],[73.3455157997664,4.31367137730442],[73.3453299248594,4.31364411900612],[73.3452187646312,4.31361140994261],[73.3450547574132,4.31354781022593],[73.345014665602,4.3135296377256],[73.3449782200527,4.31351691778131],[73.34494541807,4.31351146701638],[73.3449071489406,4.31351691778131],[73.3448925710802,4.31353145524439],[73.3448907483985,4.31355871265097],[73.3448980373287,4.31358415343371],[73.3449144378708,4.31360232414116],[73.3449527070002,4.31362776402665],[73.3450529338331,4.313675009654],[73.3451859617503,4.31371680541072],[73.3453463254016,4.31376405103249],[73.3454465522344,4.31378222173568],[73.3456233164278,4.31380221085231],[73.3457836782825,4.31381311416948],[73.3459185288813,4.31381311506527],[73.3460096441023,4.31380584588856],[73.3460697800224,4.31379857760758],[73.3461189816488,4.31379676098522],[73.3461608952433,4.31380403016198],[73.3461936972259,4.31382401927803],[73.3462264983102,4.31385309329637],[73.3462775226183,4.3138839848315],[73.3463303696082,4.31389670476966],[73.3463686378393,4.3138930706296],[73.346426951976,4.31386399661281],[73.3464652211054,4.31384037425328],[73.3465111151349,4.31382618256348],[73.3465566731946,4.3138316342219],[73.3466131637512,4.31385343995949],[73.3466550773457,4.31385889072196],[73.3467206804126,4.31384617167895],[73.3467662375739,4.31383163511768],[73.3468008613399,4.31382800008156],[73.3468373068893,4.31382981759962],[73.3468376626222,4.31383014097272]]]},"properties":{"OBJECTID":1557,"FCODE":"LD1783","atoll":"Kaafu","islandName":" ","capital":"N","islandNa_1":" ","longitude":"73° 20' 50.586\" E","latitude":"4° 18' 41.973\" N","Area_ha":12.0069720863,"category":" ","Sector":" ","Usage":" ","PrimAgency":" ","Shape__Area":120069.72192382813,"Shape__Length":2295.4541904230978}},{"type":"Feature","id":1558,"geometry":{"type":"Polygon","coordinates":[[[73.2214083815457,-0.579284279745263],[73.2214354405987,-0.579306305310203],[73.2214573190674,-0.579335328393435],[73.2214733090795,-0.579354548662952],[73.2214947716282,-0.579366513610806],[73.2215153960489,-0.57936965216396],[73.2215472574953,-0.579366528881412],[73.221561773372,-0.579361872253032],[73.2215776987054,-0.579348977596374],[73.2215904916134,-0.579348745842878],[73.2216113702572,-0.579357109628877],[73.2216248593595,-0.579370367186366],[73.2216373683998,-0.579380117001964],[73.2216359607398,-0.579399608548699],[73.2216206103282,-0.57942220002289],[73.2216094730153,-0.579456380968062],[73.2216065525923,-0.57949027895819],[73.2216163720767,-0.579512297336183],[73.2216365715942,-0.579529141682729],[73.2216531212567,-0.579536480543187],[73.2216664881881,-0.579536061051408],[73.2216766589137,-0.57953309855913],[73.2216897886899,-0.579542000408203],[73.221697316572,-0.579551325342114],[73.2217061344348,-0.579561921327123],[73.2217119052122,-0.579564981730715],[73.2217181161641,-0.579562348903325],[73.2217278476136,-0.579571250752359],[73.2217417858735,-0.579581279929344],[73.2217615658777,-0.579590704571113],[73.2217767177616,-0.579595133937131],[73.2217939734999,-0.579600271139371],[73.2218133860932,-0.579607295605472],[73.2218268006354,-0.579616026783245],[73.2218377439122,-0.57961773888457],[73.2218534042425,-0.579627647693438],[73.2218743529549,-0.579656193793961],[73.2218896350945,-0.579677235752583],[73.2219105379929,-0.579699880223541],[73.2219279087155,-0.579717388390537],[73.2219542814557,-0.579733188947545],[73.221985866221,-0.579751934031277],[73.2220022802379,-0.579758282998669],[73.2220252789058,-0.579760330154407],[73.2220456374251,-0.579752905958662],[73.2220624745485,-0.579749300305698],[73.2220774970749,-0.579745516795416],[73.2220923659895,-0.579732016706116],[73.2221020498283,-0.579724261048992],[73.2221176248187,-0.57972201717227],[73.2221310923615,-0.579727974494262],[73.2221465712321,-0.57974214828555],[73.2221584451635,-0.579752702949798],[73.2221714824132,-0.579766309933113],[73.2221844522893,-0.579796823242685],[73.2221963396955,-0.579823945585575],[73.2222020556756,-0.579849371097645],[73.2221999679909,-0.579859964387261],[73.2222164951955,-0.579868829406808],[73.2222573209302,-0.579882471422317],[73.2223031817221,-0.579890506440981],[73.2223200368118,-0.579887292433518],[73.2223410870338,-0.579871839507142],[73.2223509163997,-0.579853655842137],[73.2223541440465,-0.579846392436725],[73.2223707556927,-0.579840949823121],[73.2223861339521,-0.579843431741168],[73.2224088667186,-0.579836838444609],[73.2224261260502,-0.5798312619889],[73.2224374897386,-0.579832242898973],[73.2224553482464,-0.579843095788465],[73.2224693422019,-0.579859201756659],[73.2224676354029,-0.579872337148343],[73.2224674844859,-0.579888015540271],[73.2224691930815,-0.579901575813261],[73.2224665080171,-0.579916525708744],[73.2224732399919,-0.579923564546767],[73.2224824998259,-0.579925650327988],[73.2224938662092,-0.579923617544655],[73.2225069142387,-0.579924143032172],[73.2225260842868,-0.579935915749235],[73.2225425387279,-0.579953717649526],[73.2225431657519,-0.579970667990563],[73.2225454798121,-0.579988042314601],[73.2225434909421,-0.580016007233105],[73.2225540245871,-0.580028046735934],[73.2225582745167,-0.580046521439618],[73.2225590632375,-0.580060928780131],[73.222554428829,-0.580082520477999],[73.2225447431936,-0.58009586696241],[73.2225370976322,-0.580104566700057],[73.2225308318831,-0.580110497073578],[73.22253645893,-0.58013041439739],[73.2225365523548,-0.580153296009615],[73.2225395212868,-0.580182958656187],[73.2225341870907,-0.580204332972455],[73.2225242625034,-0.580215157116589],[73.2225422934878,-0.580251181305435],[73.2225379483368,-0.580289830236676],[73.2225552049734,-0.580293835619094],[73.2225560152538,-0.580307966292009],[73.2225459361563,-0.580319264722112],[73.2225441619836,-0.58035796305771],[73.2225383139511,-0.580382962787793],[73.2225560143554,-0.580397664759688],[73.2225703272129,-0.580391983207066],[73.2225837938573,-0.580398312411814],[73.2225901395565,-0.580418148890379],[73.2225828605077,-0.580475350672206],[73.2225842142688,-0.580496538147375],[73.2225800856118,-0.580508824673187],[73.2225828506262,-0.580558826826722],[73.2225948368471,-0.580614339861109],[73.2225833698525,-0.580682558013792],[73.2225849410059,-0.580750355775718],[73.2225963073892,-0.580764763114386],[73.22262198124,-0.580772582547229],[73.222651778358,-0.580795717468765],[73.2226713194104,-0.580822842501641],[73.2226761963641,-0.58087877682164],[73.2226824145024,-0.580927508819391],[73.222658083633,-0.580981315138849],[73.2226681914766,-0.58103471005057],[73.2226656905668,-0.581080472369325],[73.2226302906564,-0.581120642962707],[73.2225982971576,-0.581133700202056],[73.2225469395744,-0.581151257769439],[73.2225166304168,-0.581159919778125],[73.2224435039594,-0.581143114960276],[73.2223871544382,-0.581104960981103],[73.2223407223178,-0.581041840510628],[73.2223354968178,-0.580986297837542],[73.2223354339357,-0.580891804418665],[73.2223228934544,-0.58078840915111],[73.2222936883262,-0.580688251243655],[73.2221847047159,-0.580577430879456],[73.2221045992471,-0.580505284594368],[73.2220900833704,-0.580463330033998],[73.2220821611279,-0.580433666490663],[73.2220229522692,-0.580397205744161],[73.2219961106085,-0.580326008927314],[73.2220035154214,-0.580295079721924],[73.222010887895,-0.580282793195667],[73.2220092978769,-0.580273894940825],[73.2219993041194,-0.580265840160752],[73.2219915462686,-0.580273040686801],[73.221989068715,-0.580282050327008],[73.2219739096446,-0.580299461479148],[73.2219640856687,-0.580306508401097],[73.2219574920345,-0.580304631018469],[73.2219362702342,-0.580300990333324],[73.2219149873485,-0.580279970833769],[73.2219006807793,-0.580262271337186],[73.2218876354447,-0.580251382517731],[73.2218798847804,-0.580239954736734],[73.2218712223261,-0.580246365684155],[73.2218417441101,-0.580241637194985],[73.2218359841125,-0.580234856160626],[73.2218368869194,-0.580220872803675],[73.2218261951709,-0.580207513743783],[73.2218030446877,-0.580207379003388],[73.2217954691949,-0.580203866770694],[73.2217839707592,-0.580180600699456],[73.221772633122,-0.580150088290198],[73.2217597135516,-0.5801315848422],[73.2217252038717,-0.580110773740501],[73.2217024800882,-0.580094835749346],[73.2216780710653,-0.580078941773327],[73.2216686324666,-0.580055562519634],[73.2216658737404,-0.580049728260847],[73.2216317584209,-0.580050042655089],[73.2215762227734,-0.580033999566283],[73.2215311866349,-0.580022552022923],[73.2214747859098,-0.580016310848129],[73.221429748873,-0.580012587522059],[73.2214023879861,-0.580013257630924],[73.2213865084668,-0.580005896314363],[73.2214019603881,-0.580034228624933],[73.2213925559253,-0.580057169523334],[73.221380477178,-0.580087097159816],[73.2213670015504,-0.580109093078755],[73.2213446882971,-0.580122412615027],[73.2213066958488,-0.580146126922866],[73.2212722786953,-0.580156468696546],[73.2212171410015,-0.58014711501902],[73.2211715515008,-0.580135067432023],[73.2210550948057,-0.580117888032883],[73.2210134291462,-0.580101694035014],[73.2209751357623,-0.580067996362569],[73.2209473670402,-0.580050673240117],[73.2209326283813,-0.580047596667921],[73.2209102145167,-0.580053203664588],[73.2208863220251,-0.580066347140212],[73.2208686593499,-0.580088361024616],[73.2208615195401,-0.580109968891254],[73.2208484221032,-0.580121831434827],[73.2208273745761,-0.580126133246213],[73.2208063288456,-0.580123048589631],[73.2207873887662,-0.580118857265359],[73.2207502488191,-0.580078153991216],[73.2207310895507,-0.580012468052258],[73.220723163715,-0.579943820518765],[73.2207277379364,-0.579884922799178],[73.2207352792932,-0.579847706604669],[73.2207681666157,-0.57980103612566],[73.2207907691266,-0.579781974851296],[73.2208258079143,-0.579750021615946],[73.2208653849907,-0.579717063217076],[73.2209094563386,-0.579682858020187],[73.2209563259385,-0.579647201219871],[73.2209748581828,-0.579610432361931],[73.2209905634289,-0.579569322168093],[73.2209891108532,-0.5795388133486],[73.2209854843543,-0.579527371193888],[73.2209818803134,-0.579505335748822],[73.2209584747087,-0.579506507990327],[73.2209614265727,-0.579486638272561],[73.2209644754548,-0.579467193436139],[73.2210376342515,-0.579421657468186],[73.2210923650085,-0.57938662137038],[73.2211058388395,-0.57937190771833],[73.2211588870519,-0.579332507827634],[73.2212338748186,-0.579292700122362],[73.2213036999673,-0.579279475800651],[73.2213590056461,-0.579277485235733],[73.2214083815457,-0.579284279745263]]]},"properties":{"OBJECTID":1558,"FCODE":"LD0707","atoll":"Seenu","islandName":"Hikahera","capital":"N","islandNa_1":"ހިކަހެރަ","longitude":"73° 13' 18.286\" E","latitude":"0° 34' 48.478\" S","Area_ha":1.68049464215,"category":"Uninhabited Island","Sector":" ","Usage":" ","PrimAgency":"Council","Shape__Area":16804.946380615234,"Shape__Length":786.16940442075907}},{"type":"Feature","id":1559,"geometry":{"type":"Polygon","coordinates":[[[73.2363619003602,-0.589801742196395],[73.2259275497203,-0.589377374474113],[73.2257859617567,-0.589642024809368],[73.221535745585,-0.59025646504387],[73.2213346280642,-0.589356689164153],[73.2208403444522,-0.589467108727573],[73.2207496658125,-0.589055462248566],[73.220744812215,-0.58904821861693],[73.2207369250068,-0.589039317681199],[73.2207424774936,-0.589023218027169],[73.2207660690495,-0.589009663165843],[73.2208397380894,-0.58898777866695],[73.2209138248458,-0.588971284673235],[73.2210283241119,-0.588946556258271],[73.2211798654088,-0.588914890520752],[73.2211950002247,-0.588895818498123],[73.2211809200309,-0.58886445727308],[73.2211770123594,-0.588810642046516],[73.2211846606158,-0.588797084489848],[73.2211829636982,-0.588789033315098],[73.2211771219539,-0.58876106394892],[73.2211755984112,-0.58875301277412],[73.2211737056609,-0.588738606354174],[73.2211744180249,-0.588725046102545],[73.221170249842,-0.588710618124101],[73.2211665981903,-0.588700042816526],[73.2211642257397,-0.588685635498189],[73.2211685780772,-0.588669913115665],[73.2211775738065,-0.588664452545272],[73.2211866818251,-0.588656634919989],[73.2211913135387,-0.588655431241004],[73.221206466321,-0.588655222842881],[73.221218672629,-0.588656423827007],[73.221229194596,-0.58865805777629],[73.2212468734407,-0.588660755274688],[73.2212603409835,-0.588664527101494],[73.2212788615497,-0.588664613335237],[73.2212866706045,-0.588668301623109],[73.2213104265522,-0.588680359970992],[73.22132347548,-0.588676724680932],[73.2213394726786,-0.588669027423562],[73.2213537837393,-0.588670438602368],[73.22136262406,-0.588677648998556],[73.2213739086967,-0.588699686204173],[73.2213809946076,-0.5887149432839],[73.2213849166522,-0.588720005921573],[73.2214089088568,-0.588718702534896],[73.2214215382714,-0.588714488760334],[73.2214341667876,-0.588711189422457],[73.2214446905512,-0.58870938570061],[73.221451847429,-0.588707815528357],[73.2214720532347,-0.588701795337155],[73.2214826443719,-0.588695908089537],[73.2214953591264,-0.58868531840966],[73.2215108227257,-0.588669221449382],[73.2215145785819,-0.588664521711892],[73.2215179364845,-0.588642527622993],[73.2215238482974,-0.588633230550473],[73.2215583660622,-0.588629007793173],[73.2215865677722,-0.588627072025892],[73.2216215023553,-0.588633129046188],[73.2216564396333,-0.588633094013752],[73.2216759348716,-0.588615036134583],[73.2217094824559,-0.588609777674407],[73.2217452623536,-0.588606266345245],[73.2217722019307,-0.588602993057103],[73.2217964007478,-0.588605328553583],[73.2218248171552,-0.588604977330845],[73.2218483889483,-0.588605001584089],[73.2218589109152,-0.588607247253791],[73.2218816373936,-0.588617912388334],[73.2218941688918,-0.58862527549014],[73.2219003385212,-0.588639260622744],[73.2219123552847,-0.58864699381089],[73.2219255802823,-0.588657913155158],[73.221944341597,-0.588658570687219],[73.2219548393094,-0.588651990875067],[73.2219542697776,-0.588622753153934],[73.2219548159533,-0.588604108705828],[73.2219582376362,-0.588596058429051],[73.2219894001934,-0.588595639836211],[73.2220774377861,-0.588635504066467],[73.2221227919282,-0.588723395086203],[73.2221468667778,-0.588812647878606],[73.222208755311,-0.589025807733286],[73.2223126733214,-0.589290675466019],[73.2223191717341,-0.589323633808733],[73.2223482124707,-0.589334757956766],[73.2223771516975,-0.589381376256969],[73.2223880680249,-0.589455110565326],[73.2224352996459,-0.589474860778203],[73.2225879090396,-0.589826790390841],[73.222577738314,-0.589856026309082],[73.222562703211,-0.589899232984367],[73.2225765507412,-0.589929332137476],[73.2226090356185,-0.589970868932587],[73.2226615987407,-0.58996574431556],[73.2227832521897,-0.58994544795768],[73.2229975129614,-0.589910907769302],[73.2232025183907,-0.589860487106397],[73.223466599728,-0.589820718101262],[73.2236249816958,-0.589804666057719],[73.22379987919,-0.58979624839119],[73.224013246138,-0.589763218189874],[73.2242119301226,-0.589737051651818],[73.2242645489404,-0.589724017787523],[73.2243116943231,-0.589720360939664],[73.224347471526,-0.589720899002026],[73.2243971456662,-0.589706446772971],[73.2244055727619,-0.589680627864275],[73.2244695525731,-0.589679755646325],[73.2245726836593,-0.589661917846159],[73.2247351646397,-0.589650331989164],[73.2248534529996,-0.589621104154252],[73.2249048060912,-0.589619894187628],[73.2249320609769,-0.589602963637631],[73.2249595611027,-0.589595769411472],[73.2250176192195,-0.589601118595761],[73.2251068354019,-0.589610647419715],[73.2251456650801,-0.58960515091955],[73.2252828099762,-0.589572594104169],[73.2253834158981,-0.589554471552796],[73.225497495651,-0.589524847581261],[73.2255345385801,-0.589516714665188],[73.2255459139465,-0.589485765748552],[73.2255421733617,-0.589457393961942],[73.2255387759332,-0.589428873062684],[73.225527423923,-0.589390802678831],[73.2255208024411,-0.589361622450715],[73.2254790334753,-0.58934004336428],[73.2254504104554,-0.589303124559064],[73.2254495867003,-0.58928321086083],[73.2254579985246,-0.589263295366028],[73.2254664346034,-0.58924804367743],[73.225476776009,-0.589235758069018],[73.2254870859735,-0.589220084194495],[73.2254840406847,-0.589201437951818],[73.2254872871961,-0.589181947337379],[73.2254841889067,-0.589170082118133],[73.2254803423207,-0.589150588808772],[73.2254689418014,-0.589116685487297],[73.2254661264813,-0.589102277271788],[73.225461393258,-0.58909253106612],[73.2254497295324,-0.589075578057844],[73.2254490144735,-0.589064983887317],[73.2254527254139,-0.589048035370303],[73.2254572403465,-0.589040068633085],[73.2254560626552,-0.589024307626045],[73.2254490162701,-0.588961592363402],[73.225444024332,-0.588937013959133],[73.2254421243952,-0.588920435528091],[73.2254181357839,-0.588910785436749],[73.2253988139204,-0.588895472664975],[73.2253969930353,-0.588882336396158],[73.2254085462682,-0.588866661622378],[73.2254232031804,-0.58885802477707],[73.2254434089861,-0.588852267778472],[73.225468245607,-0.588844734006079],[73.225491423938,-0.588835754920697],[73.2255116459134,-0.588809066484712],[73.2255302778707,-0.588771783877511],[73.2255321158237,-0.588727715754614],[73.2255352302828,-0.588663280305688],[73.225519329204,-0.58862431973314],[73.225507482222,-0.58856031275676],[73.2254916862461,-0.588545071845472],[73.2254898599711,-0.588530240544298],[73.2254934882665,-0.588514987955425],[73.2255146606595,-0.58849634979483],[73.2255184416685,-0.588470926118411],[73.2254932924338,-0.588396764221511],[73.2254739669771,-0.588322180137732],[73.2254483587033,-0.588261154509192],[73.2254384889133,-0.588243354431727],[73.2254362053958,-0.588211148831157],[73.2254431556612,-0.588148862931475],[73.2254198677357,-0.588067073836988],[73.225431034693,-0.58804901954906],[73.2254315997334,-0.588004364851475],[73.2254072311347,-0.58793443918024],[73.2253780583458,-0.58786112703777],[73.2253418742061,-0.587764924330476],[73.2253033562434,-0.587664909372008],[73.2252725772668,-0.587618713243405],[73.225236714724,-0.587586669327503],[73.2252086154219,-0.587553437002776],[73.2251789862889,-0.587507239974966],[73.2251585181752,-0.587453842429976],[73.2251463711559,-0.587391549335701],[73.2251457405386,-0.587330954865672],[73.2251442169958,-0.58725511409058],[73.2251488127769,-0.587223750161556],[73.2251384677781,-0.587176288369512],[73.2251319154663,-0.587134759638024],[73.2251282611198,-0.587128019034061],[73.2251196696324,-0.587119925638288],[73.2251084847088,-0.587108969462001],[73.2250933471979,-0.587088560810211],[73.2250895365445,-0.587083897900376],[73.225084848237,-0.587079659871363],[73.2250765046847,-0.587076777328943],[73.2250651391997,-0.587078076224651],[73.2250584036317,-0.58708038926508],[73.2250508272406,-0.587079354460177],[73.2250445138808,-0.587078025921609],[73.2250378043639,-0.58707455950492],[73.2250373444265,-0.587069898391614],[73.2250369464728,-0.587066084345133],[73.225039890252,-0.587060153080687],[73.2250420012929,-0.587057248979806],[73.2250454346539,-0.587052527682505],[73.2250533658796,-0.587039074320694],[73.2250504203038,-0.58703367662745],[73.225027630045,-0.586972435400519],[73.2250180342412,-0.586957346292196],[73.2250107533958,-0.586952513609542],[73.2250024646407,-0.586943073709584],[73.2249819668825,-0.586940640301178],[73.2249865994944,-0.58693386286797],[73.2249988040059,-0.586919035155594],[73.2250054200979,-0.586912208317609],[73.2250155342297,-0.586901244056517],[73.2250201578585,-0.586893892629942],[73.2250224800035,-0.586883448466052],[73.2250159160137,-0.586870735276781],[73.2250226623615,-0.586855482683391],[73.2250303519403,-0.586849128334399],[73.2250365889434,-0.586846199081908],[73.2250523112575,-0.586835576162588],[73.2250609826949,-0.586823714531427],[73.2250685914254,-0.586809953063049],[73.2250723823158,-0.58680022212398],[73.2250679275704,-0.586783037355542],[73.2250597654777,-0.586766383463575],[73.2250412503014,-0.586749561595358],[73.2250276237568,-0.586723278268353],[73.2250092765654,-0.586695798447973],[73.2249965977435,-0.58666479202654],[73.2249844794703,-0.586641906847717],[73.2249790823921,-0.586628345692734],[73.2249698737622,-0.586608850577951],[73.224960573504,-0.586583847282467],[73.224942392501,-0.586559368575509],[73.2249302697362,-0.58652493795486],[73.2249186823674,-0.58647959427337],[73.2249164204095,-0.586471542197023],[73.2249066476375,-0.586456289602527],[73.2249016431231,-0.58644018185667],[73.2248976716712,-0.586432553762829],[73.2248969736802,-0.586430996165713],[73.2248911615803,-0.586418143743856],[73.2248826698059,-0.586409390119904],[73.2248771981675,-0.586405903042624],[73.22486878275,-0.58639521275235],[73.2248683821013,-0.586391440924016],[73.2248668172361,-0.586376186532787],[73.2248708946892,-0.586371970959927],[73.224871404034,-0.586353305844118],[73.224865013419,-0.586335905489924],[73.2248563177271,-0.586327452785731],[73.2248528538233,-0.586318553642191],[73.2248414506091,-0.586307486079049],[73.2248380873167,-0.586295713375358],[73.224821696656,-0.586294390226214],[73.2248108881265,-0.586285065303461],[73.2248035794334,-0.586272089818514],[73.2247981778636,-0.586264722222253],[73.2247989558046,-0.586251163761162],[73.2247981167781,-0.586239540169863],[73.2247999008323,-0.5862202291987],[73.2247972849382,-0.586210209914487],[73.2247954433919,-0.586196922730258],[73.2247931805356,-0.586188023586502],[73.2247895216975,-0.586176158360907],[73.2247897256151,-0.58615478855866],[73.2247834859171,-0.586114714115953],[73.2247909805615,-0.586104970599863],[73.224790409233,-0.586094801304623],[73.2247766964502,-0.586093371261502],[73.2247590158088,-0.586098121304198],[73.2247349346709,-0.586084189163096],[73.2247245061288,-0.586078872313115],[73.2247213602287,-0.586057489036473],[73.2247220375584,-0.586040540510299],[73.2247133104254,-0.58601666813206],[73.224705912799,-0.585993923978726],[73.2247085421679,-0.585980154423903],[73.2247194971228,-0.585967655918727],[73.2247232808268,-0.585961770464764],[73.2247249678629,-0.585950566364176],[73.2247211886504,-0.585923612026975],[73.2247216908087,-0.585918927557737],[73.2247203559122,-0.585904096249553],[73.2247089715626,-0.58588078708498],[73.2247063637533,-0.58586849787609],[73.2247054375903,-0.585857903699494],[73.2247102678315,-0.585848329057435],[73.2247064266354,-0.585837142023703],[73.2247001716661,-0.58582752875606],[73.2246875656077,-0.585820186310736],[73.2246728323387,-0.585798147297227],[73.2246736758568,-0.585782892904369],[73.2246732509536,-0.585770693522104],[73.2246614911083,-0.585754498642217],[73.2246522142063,-0.585741143188526],[73.2246438077719,-0.585725255516329],[73.2246316023621,-0.58569854191395],[73.2246208926473,-0.585659567846703],[73.2246170119253,-0.585646431570252],[73.2246021564854,-0.585639433161469],[73.2245853211587,-0.58563444777209],[73.2245770359968,-0.585629045586186],[73.2245659642609,-0.585617471398341],[73.2245614331586,-0.585606582589242],[73.2245622434391,-0.585593871193614],[73.2245571374149,-0.585578358098929],[73.2245516900311,-0.585561663781272],[73.224549256495,-0.585546408489513],[73.2245412336412,-0.585529455470475],[73.2245314806321,-0.585513777992473],[73.2245234685581,-0.585495552127054],[73.2245142320804,-0.585487484778713],[73.2245070868806,-0.585473511315743],[73.2244936130496,-0.585437913837785],[73.2244885735009,-0.585430112376818],[73.2244811426369,-0.585423926002384],[73.2244759476796,-0.585423330450428],[73.2244633200617,-0.585424142485083],[73.2244526157367,-0.585431544216621],[73.2244472249467,-0.585437051500113],[73.2244430378991,-0.585444676900496],[73.2244397401837,-0.585447569324708],[73.224425429123,-0.585447971748944],[73.2244175185586,-0.585448058880978],[73.2244165923955,-0.58543926483346],[73.2244059716139,-0.585436190959023],[73.2243951262535,-0.585436357138679],[73.224378773322,-0.585434486943889],[73.2243702914291,-0.585437920125665],[73.2243627123431,-0.585444464010895],[73.2243566334435,-0.5854539712835],[73.2243447738852,-0.585454391673137],[73.2243349184682,-0.585454388978317],[73.224311337692,-0.585438279433016],[73.2243084154724,-0.585440292452485],[73.2242928422786,-0.585437655136479],[73.2242838294814,-0.585439541500116],[73.2242755838453,-0.585439783134323],[73.2242621136077,-0.585441443134308],[73.2242461173074,-0.585445857225164],[73.2242389604296,-0.585450194064941],[73.2242299584121,-0.585453930861449],[73.2242158063531,-0.585459275558344],[73.2242051155029,-0.585464516954398],[73.2241964413705,-0.585468443285516],[73.2241845431846,-0.585470019746515],[73.2241720278561,-0.585470015255177],[73.2241651287947,-0.585460267246643],[73.2241581416984,-0.585453406272693],[73.224147196625,-0.585457229302957],[73.2241333059757,-0.585456769389547],[73.2241042634426,-0.5854549809372],[73.2240872511478,-0.585449647917749],[73.2240828287416,-0.585456427149281],[73.2240802308138,-0.585460664281289],[73.2240776993613,-0.585468289681607],[73.224065953889,-0.585472835817924],[73.2240587988077,-0.585470088913185],[73.2240547905249,-0.585476757657679],[73.2240465871098,-0.585486383501668],[73.2240323937283,-0.585489038783011],[73.224014174996,-0.585489510373904],[73.2239942862956,-0.585489027105528],[73.2239826064003,-0.585490275698564],[73.2239758708323,-0.585491094021061],[73.2239682926445,-0.585496583339164],[73.2239578802721,-0.585503421856337],[73.223947665529,-0.585502414897495],[73.2239325136451,-0.585497640601047],[73.2239238754453,-0.585489427733221],[73.2239097862684,-0.585493237289434],[73.2239010142196,-0.585497470828331],[73.2238831871528,-0.585497042354284],[73.2238660077713,-0.585498625103188],[73.2238550644946,-0.585497184280723],[73.2238400024422,-0.585499570081543],[73.223830109296,-0.585499567386722],[73.223816091086,-0.585507614074879],[73.2238041255264,-0.585517273154736],[73.2237973189915,-0.58552582916103],[73.2237940194794,-0.585532128717143],[73.2237847578489,-0.58553540200713],[73.2237780240775,-0.585532120632771],[73.2237670825973,-0.585526035762775],[73.223760212282,-0.585523698468455],[73.2237505509011,-0.585523695773634],[73.2237388916671,-0.5855186070833],[73.2237287802302,-0.585519342765076],[73.2237267823771,-0.585516484475098],[73.2237224677687,-0.585513995373411],[73.2237137424324,-0.585516056001089],[73.2237085753228,-0.585523225979284],[73.2237001104979,-0.585529187786495],[73.2236951005936,-0.585537123987614],[73.2236942220412,-0.585537236271144],[73.2236883659239,-0.585540122407438],[73.2236782625719,-0.585543860102135],[73.2236719483138,-0.585546128229798],[73.2236601606206,-0.585549631476445],[73.2236443439834,-0.585551627428765],[73.2236306940827,-0.585555671432976],[73.2236264854755,-0.585553967417868],[73.2236192405628,-0.585552044225278],[73.2236163848185,-0.585549457212378],[73.2236155439954,-0.585545109593448],[73.2236122184322,-0.585540600286211],[73.2236130224244,-0.58553081365227],[73.2236054478299,-0.585526801985687],[73.2236012383245,-0.585527811639336],[73.223591774573,-0.585532542818887],[73.2235919111169,-0.58554017001566],[73.2235885370447,-0.585545678197315],[73.2235839044328,-0.58555711764507],[73.2235800812029,-0.58556855619447],[73.2235778426013,-0.58557703045827],[73.2235717547186,-0.585588603747926],[73.2235603883353,-0.585592707936094],[73.2235473412041,-0.58558773961375],[73.2235359793124,-0.585579602200601],[73.2235231217257,-0.58557235227662],[73.2235141915735,-0.585567264484576],[73.223508625612,-0.58556114009082],[73.2235052820825,-0.585557515577929],[73.2234993666764,-0.58555514325116],[73.2234884225012,-0.585555717244655],[73.2234811380626,-0.585559203424192],[73.2234721989272,-0.585558776746713],[73.2234642677016,-0.585550722872487],[73.223460644796,-0.585545940491693],[73.2234522617178,-0.585535040903223],[73.2234515637268,-0.585528684756226],[73.2234484465728,-0.58551820555733],[73.2234433971426,-0.585512947992493],[73.2234337186937,-0.585505369302182],[73.2234280179849,-0.585502828999214],[73.2234247687785,-0.585506218165815],[73.2234257173995,-0.585517086314934],[73.223420333796,-0.585524437743316],[73.223406096397,-0.585535025632681],[73.2233962454716,-0.585539158565455],[73.2233805770564,-0.585538407613099],[73.2233672056334,-0.585528447613369],[73.2233562991876,-0.585525688132919],[73.2233368991707,-0.585528191606871],[73.2233179581929,-0.58552474674765],[73.2233103800052,-0.585531146011571],[73.2233019582994,-0.585541716833787],[73.2232825960118,-0.585541367407401],[73.223269128469,-0.585536626346897],[73.2232596674124,-0.585524386542021],[73.2232492936675,-0.585513788771703],[73.2232303742494,-0.585507851217723],[73.2232072641903,-0.585500279713545],[73.2231961385556,-0.585504026390955],[73.2231862067818,-0.585516735091993],[73.2231827617427,-0.585524361390526],[73.2231814627788,-0.585537072786282],[73.223176041446,-0.585539613987541],[73.2231567393455,-0.585544930838018],[73.223141585665,-0.585546450708145],[73.2231272494514,-0.585549689863872],[73.2231201177263,-0.585548742190736],[73.2231104365825,-0.585548666736211],[73.2231088941752,-0.585545948576116],[73.2230999146156,-0.585543683143286],[73.2230973903497,-0.585542326758033],[73.2230944429772,-0.58554198631431],[73.2230900358424,-0.58553831509145],[73.2230877702913,-0.585533653976873],[73.2230843441168,-0.585530669031062],[73.2230780307569,-0.585531498132739],[73.2230691904362,-0.585534215394594],[73.2230642802449,-0.58553830700704],[73.2230620335584,-0.585539952634721],[73.2230607705271,-0.585540070307866],[73.223051932003,-0.585536747613139],[73.2230426730674,-0.585533310838329],[73.2230421691125,-0.58552924976702],[73.2230397149151,-0.585524315578821],[73.2230372822773,-0.585518607981553],[73.2230325769019,-0.585515326607181],[73.2230291399476,-0.585516937202363],[73.2230270360932,-0.585526007018169],[73.2230221672244,-0.58553320843574],[73.223013624246,-0.585548612840096],[73.2230060433633,-0.585562561151379],[73.2229927815348,-0.585576843618468],[73.2229845718314,-0.585577329581652],[73.2229765741304,-0.585578191919285],[73.2229724823043,-0.585575252785179],[73.2229681578145,-0.585568646021324],[73.2229429043753,-0.585564375653487],[73.2229319593019,-0.585567972320061],[73.2229156171502,-0.585561564971756],[73.2229037575918,-0.585567029138262],[73.2228969259041,-0.585575118943176],[73.2228860742555,-0.585582729072812],[73.2228706906062,-0.58557722897558],[73.2228587205551,-0.585562791108104],[73.2228418879233,-0.585548169095506],[73.2228271860953,-0.585550943846549],[73.2228166165177,-0.585564499614512],[73.2228144902054,-0.58557805897556],[73.2228187787626,-0.585595009299663],[73.2228217512879,-0.585617044720887],[73.2228264593583,-0.585652640401133],[73.2228319866922,-0.585675098906535],[73.2228400140376,-0.585697560106656],[73.2228479838908,-0.585743749963243],[73.222850081457,-0.585782894700899],[73.2228526784865,-0.585806888346373],[73.2228565924461,-0.585822568518343],[73.2228616032488,-0.585827654513615],[73.2228649476766,-0.585837163582139],[73.2228662807765,-0.585849426741306],[73.2228650096604,-0.585860707194927],[73.2228590421519,-0.585875867269402],[73.2228459932241,-0.58587880101374],[73.2228342073276,-0.585880400829615],[73.2228241075689,-0.585870710310981],[73.2228164539226,-0.585853911795071],[73.222809930357,-0.585844592261194],[73.2228050902343,-0.585845929782717],[73.2227906480195,-0.58584898479331],[73.222727294334,-0.585865130268166],[73.2227242670115,-0.585865965657685],[73.2227133461926,-0.585869980917086],[73.2227085860199,-0.585875911284552],[73.2227113133051,-0.585884810428791],[73.2227117426998,-0.585912778012816],[73.2227020256234,-0.585918313142178],[73.2226961317769,-0.58592228797949],[73.2226864524297,-0.585915584203056],[73.2226759313611,-0.58590853728813],[73.2226696206962,-0.585899752224],[73.2226616247918,-0.585893651185591],[73.2226514405914,-0.5858932424735],[73.2226437824537,-0.585897501163575],[73.2226275283369,-0.585898320384299],[73.2226153202322,-0.585901371801755],[73.2226032109422,-0.585903226725838],[73.2225917484391,-0.585904225600218],[73.2225858563892,-0.585902962634968],[73.2225814151184,-0.585901511931613],[73.2225770169668,-0.585899074929664],[73.2225702822971,-0.585899538436134],[73.2225618632862,-0.585900270524786],[73.2225602157761,-0.585905948478827],[73.2225454465745,-0.585905391552482],[73.2225391323163,-0.585906721887859],[73.2225206108518,-0.585908175285996],[73.222516337566,-0.585904663955142],[73.222517830566,-0.585901698771441],[73.2225177326496,-0.585898308706816],[73.2225153206731,-0.585894917743901],[73.2225130398506,-0.585891239335138],[73.2225071478006,-0.58588978144565],[73.2225039857308,-0.585893643101168],[73.2224991474047,-0.585896072916972],[73.2224953601075,-0.58589461862057],[73.2224903106773,-0.585888509497738],[73.2224755783066,-0.585889255958693],[73.2224616885557,-0.585889470644836],[73.2224393788956,-0.585890279086317],[73.2224259643535,-0.585895312981953],[73.2224219156465,-0.585906752428995],[73.2224120144154,-0.585905670913945],[73.2224125084888,-0.585902935686892],[73.2224065436753,-0.58589935159632],[73.222401915555,-0.585894624010185],[73.2223936025454,-0.585894666228753],[73.2223833940904,-0.58589656696454],[73.2223787623768,-0.585904794204047],[73.2223690803347,-0.585904588500591],[73.2223572944382,-0.585906589842424],[73.2223476114978,-0.585909777796666],[73.2223389059243,-0.585915200642474],[73.2223274047937,-0.585916013575318],[73.2223109880819,-0.585922336485964],[73.222291624896,-0.585924866009549],[73.2222764415711,-0.585928434829528],[73.2222621574597,-0.585933338476259],[73.2222537088045,-0.585937208216136],[73.2222482605223,-0.585944833615832],[73.2222406850295,-0.585949563896749],[73.2222267952786,-0.585947489795211],[73.2222154297936,-0.58594861083406],[73.2222041927677,-0.585954251959021],[73.2221943804698,-0.585958745097094],[73.2221876449018,-0.585962078570796],[73.2221754394921,-0.585959619112159],[73.2221539715534,-0.585959947878374],[73.2221409217273,-0.58596400086498],[73.2221257671484,-0.585968908104721],[73.2221156889493,-0.585975264251261],[73.2221021908638,-0.585982810603295],[73.2220874584931,-0.585983700787168],[73.2220786190708,-0.585986752204612],[73.2220617801507,-0.585990912085094],[73.2220466273685,-0.585987929834346],[73.2220260029479,-0.585987190559536],[73.2220099320875,-0.585986707291172],[73.2219956964852,-0.585989778470509],[73.2219738045417,-0.585999420482453],[73.2219552821789,-0.586006285048814],[73.2219308659694,-0.586015422233959],[73.2219077136896,-0.586021865512431],[73.2218875069856,-0.586029472946648],[73.2218702458574,-0.586037369623219],[73.2218593016823,-0.58604002670085],[73.2218361503008,-0.586039916213851],[73.2218176297346,-0.58604042014236],[73.2217911123658,-0.586039114958516],[73.2217675396744,-0.586039960229],[73.2217422817435,-0.586049430671609],[73.2217132347188,-0.586059546969127],[73.2216778743343,-0.586071289132216],[73.2216349348637,-0.586088250234023],[73.2215949436639,-0.586099418403606],[73.2215419044346,-0.586110791378353],[73.2215111757637,-0.586113677514342],[73.2214615079116,-0.586110349430331],[73.2214168409807,-0.586097959615904],[73.2213770177659,-0.586078455516601],[73.2213460411599,-0.586053021948224],[73.2213251535329,-0.586032936669205],[73.221309619865,-0.586015297374657],[73.2212956896899,-0.585994529411533],[73.2212756958866,-0.585961471341421],[73.2212562132248,-0.585923753953362],[73.2212442835978,-0.58589874885827],[73.2212285711652,-0.585862726502136],[73.2212179593667,-0.585830519091308],[73.2212047792849,-0.58579788679943],[73.2211896866898,-0.585747881099373],[73.2211666745471,-0.585665245800986],[73.221149544573,-0.585605916972402],[73.2211211137926,-0.585513533663483],[73.2211004534393,-0.58545505100211],[73.2210856240506,-0.585418180677732],[73.2210664845452,-0.585371141056563],[73.2210461457888,-0.5853101162941],[73.2210333088634,-0.585250789258293],[73.2210215076955,-0.585211093878393],[73.2210114043435,-0.58521264788278],[73.220998111074,-0.585182555890384],[73.2209919576143,-0.585152045304754],[73.2209874031558,-0.585118568636573],[73.2209932682563,-0.585092298775935],[73.2209954888917,-0.585078740311994],[73.2210042977713,-0.585058816717756],[73.2210210989621,-0.585035527311565],[73.2210455358328,-0.585011805838152],[73.2210568896396,-0.584999155523422],[73.2210815205464,-0.584976800316189],[73.2211009951235,-0.584956911754095],[73.2211085661247,-0.584953133636902],[73.2211381880712,-0.584941404047245],[73.2211647171181,-0.584932605507576],[73.2211770375123,-0.584928754630652],[73.2211731756548,-0.58490912926101],[73.2212708225263,-0.584884908349803],[73.2215456989184,-0.585910492818233],[73.2224707417771,-0.585649646472723],[73.2221911815691,-0.584084244768102],[73.2205872189681,-0.584615692788745],[73.2205039640058,-0.584335507559067],[73.2205012753482,-0.584335619842634],[73.2204955881141,-0.584318454828558],[73.2205107292182,-0.584312470563324],[73.2205695014957,-0.584294692930015],[73.2205663645787,-0.584276555090976],[73.2205586309825,-0.584240026999181],[73.2205339776178,-0.584200559772325],[73.220491481915,-0.584146173202089],[73.2204338406165,-0.58406740762129],[73.2204212156934,-0.584056610432585],[73.2203968075689,-0.584037974951938],[73.2203766053564,-0.584032024820633],[73.2203618720875,-0.584035797548834],[73.2203458739906,-0.584045893189781],[73.220315143523,-0.58405729311674],[73.2202882003527,-0.584071263888452],[73.2202620971072,-0.584089074758404],[73.2202288378821,-0.584117038758325],[73.2201909451468,-0.58414050243245],[73.2201568450986,-0.584159837663994],[73.2201147464511,-0.584181370060433],[73.2200671779619,-0.584194711145535],[73.2200018596609,-0.584212522015117],[73.2199067945477,-0.584231910244256],[73.2198179727256,-0.584255082878876],[73.2197594573664,-0.584279141206171],[73.2197181986437,-0.584305006849784],[73.2196916444439,-0.584328735512345],[73.219671364078,-0.584358169078422],[73.2196622659408,-0.58439016809937],[73.2196482216796,-0.584419824435759],[73.2196366864131,-0.584438465304736],[73.219621761803,-0.584450403293764],[73.219602817232,-0.584461757408229],[73.2195774559949,-0.584467855753382],[73.219545148984,-0.58446691975755],[73.219478639517,-0.584481358526141],[73.2194386519104,-0.584505352177175],[73.2194074884549,-0.584528268804114],[73.2193471728718,-0.584571849200273],[73.2193084887207,-0.584613787561226],[73.2192874663464,-0.584655306430451],[73.2192757388404,-0.584700218957792],[73.2192686735906,-0.58474852244838],[73.2192620413289,-0.584772249312528],[73.2192386572838,-0.584806140982817],[73.2192358302856,-0.584816365074791],[73.2192049066802,-0.584828587814108],[73.2192045365743,-0.58479638399045],[73.2192057843342,-0.58479185761553],[73.2192001015918,-0.584767992418118],[73.219199179022,-0.584720957282815],[73.2192099219745,-0.584686214053474],[73.2192344513716,-0.584649802739255],[73.2192442654661,-0.584616309000948],[73.2192455967694,-0.584582834126116],[73.2192749366448,-0.58453792698741],[73.2193068897195,-0.58452554345739],[73.2193378851901,-0.584499387674063],[73.2193788932828,-0.584437535596823],[73.2194222630464,-0.584395447223711],[73.2194525829838,-0.584351926111908],[73.2194993528708,-0.584319775283352],[73.2195135345742,-0.58430537334337],[73.2195582500141,-0.584301222444278],[73.2195699263161,-0.584289288946283],[73.2196150864221,-0.584263555348105],[73.2196933853789,-0.584236278524363],[73.2197657940824,-0.584207045271528],[73.2198445134507,-0.584184633470218],[73.2199177584857,-0.584166845955537],[73.2199813214786,-0.58415772134315],[73.2200558313415,-0.584136011987709],[73.2201127539878,-0.584104712716551],[73.2201543441889,-0.584080203457617],[73.2201867625908,-0.584055167813208],[73.2202321373941,-0.584024241323095],[73.2202490409929,-0.584009416297804],[73.2202477429272,-0.584001789098945],[73.2202633933761,-0.583982519440465],[73.2202661287462,-0.583967048559934],[73.220262982846,-0.583949897917042],[73.220256252668,-0.583935906484866],[73.2202596276384,-0.58391063728996],[73.2202605726661,-0.583881451643629],[73.2202573072901,-0.583845432867617],[73.2202520710103,-0.583808990108538],[73.2202412166667,-0.583769155486804],[73.2202245187822,-0.583719572853202],[73.2202039150229,-0.583654310939458],[73.2201810403225,-0.583605574473957],[73.2201654437725,-0.583585673331217],[73.2201507123002,-0.583583458200666],[73.2201369492117,-0.583578017387204],[73.2201082174956,-0.583524553332909],[73.2200887923259,-0.583482661673809],[73.2200754146147,-0.583454690484588],[73.2200648872579,-0.583446186574724],[73.2200450120323,-0.583444088219014],[73.2200195016748,-0.583428824837069],[73.2199991988511,-0.583403314005589],[73.2199961930881,-0.583396189836401],[73.2199532617024,-0.583278378299817],[73.2199008000898,-0.583161833319723],[73.2198841300531,-0.583120301863708],[73.2198617898503,-0.583088091742361],[73.219839388562,-0.583077810158057],[73.2198259183243,-0.583084089056748],[73.2198082367846,-0.583092013583795],[73.2198023959386,-0.583076207646586],[73.2197955849121,-0.583068154667075],[73.2197754716329,-0.583025350363508],[73.2197451975096,-0.582968984895761],[73.2197086028398,-0.582911768766896],[73.2196798953783,-0.582877012950612],[73.2196572569348,-0.58284946304643],[73.219644954507,-0.582809204435027],[73.2196421382886,-0.582778269853609],[73.2196362327639,-0.582734623869959],[73.2196294172458,-0.582686738955342],[73.2196223546911,-0.582647330105087],[73.2196072899438,-0.582581645992555],[73.2195933687518,-0.582543081514264],[73.2195798571916,-0.582514179713814],[73.2195613501001,-0.582475472410349],[73.2195352603293,-0.582451469767976],[73.2195230612078,-0.582426351475543],[73.2195279848739,-0.582378651601729],[73.2195353393811,-0.582342635510881],[73.2195433191157,-0.582320180585244],[73.219560346682,-0.582298151438973],[73.2195740235322,-0.582271884259937],[73.2195900934943,-0.582242227912251],[73.2196131981634,-0.582189268672389],[73.2196371768932,-0.582143512650495],[73.2196470296153,-0.582115125556117],[73.2196574383945,-0.582097779983186],[73.2196754891418,-0.582084201750126],[73.2196932236822,-0.582073310239362],[73.2197054335835,-0.582063504735763],[73.2197210103705,-0.582055884720403],[73.2197365871575,-0.582046540028708],[73.2197534251792,-0.58204486116409],[73.2198068839218,-0.582039008941975],[73.2198632900368,-0.582029093849489],[73.2199251695868,-0.582017793626266],[73.219977786608,-0.582010187983184],[73.2200228263397,-0.582007056617664],[73.220073757223,-0.582008384259149],[73.2201343665552,-0.582019769817914],[73.2201789813838,-0.582027636857274],[73.2202206506366,-0.582033151330245],[73.2202905224977,-0.582035255076104],[73.2204542575262,-0.582047558665681],[73.2205392785763,-0.58206430868644],[73.2206516578184,-0.582086313580383],[73.2207695095971,-0.582105080214726],[73.2208772616171,-0.582118002711454],[73.2209618631539,-0.582128881646342],[73.2210182647774,-0.582133776313694],[73.2210860309875,-0.582140834012596],[73.221165585789,-0.582140285170254],[73.2212257792012,-0.582135381520253],[73.2213049135913,-0.582129519417274],[73.2213651079018,-0.582123149792344],[73.2214303507443,-0.582122745571363],[73.2214939083473,-0.582126838982819],[73.2215578872601,-0.582132785523062],[73.2216079737271,-0.582141958645269],[73.2216589019155,-0.58215137609658],[73.2217123588614,-0.582151325793512],[73.2217557151503,-0.58214750815065],[73.2217931775926,-0.582146071818631],[73.2218296366167,-0.582136158522853],[73.2218706357263,-0.582120872680645],[73.2219106215362,-0.582105674868748],[73.2219649318817,-0.582086643245067],[73.2220002931645,-0.582076195479173],[73.2220411242891,-0.582070312715972],[73.2220752189474,-0.58207056872261],[73.2221248867995,-0.582072737143789],[73.2221880284824,-0.582065023708503],[73.2222507506522,-0.582045030936909],[73.222306737254,-0.582034482564829],[73.222357251319,-0.582023157190085],[73.2224162005646,-0.582004139040123],[73.2224624925479,-0.581989602353869],[73.2224991177603,-0.581974131467867],[73.2225378090979,-0.581950786356258],[73.2225740570179,-0.581927050497528],[73.2226068850517,-0.581900383587078],[73.2226422643008,-0.581866487407933],[73.2226637951216,-0.581842350022621],[73.2226939309044,-0.581808884114002],[73.2227189435952,-0.581776264374513],[73.2227429043587,-0.58174059501163],[73.222763146097,-0.581702971913494],[73.2227744522932,-0.581677551799385],[73.2227947102012,-0.581635557723893],[73.2228170575905,-0.581597902287353],[73.2228414387656,-0.581565282546656],[73.2228583082283,-0.581544948431051],[73.2228720686219,-0.581528850552076],[73.2228919833734,-0.581508250548727],[73.2229088249884,-0.581491313686347],[73.2229311418349,-0.581466983171597],[73.2229496686894,-0.581446248427663],[73.2229736734704,-0.581413202906581],[73.2229850874644,-0.581396257959486],[73.2230080286401,-0.581371688504777],[73.2230263542719,-0.581344998236741],[73.2230392271299,-0.581316210510319],[73.2230457857298,-0.581286529006073],[73.2230516023213,-0.581249241857537],[73.2230612879567,-0.581214922589749],[73.2230730594802,-0.58118314542324],[73.2230861641035,-0.581151369154793],[73.2231000251084,-0.581109000497182],[73.2231072008508,-0.58109417187116],[73.2231518408323,-0.581031996379612],[73.2231998108685,-0.580964538166808],[73.2232415340201,-0.580912345138497],[73.223271433546,-0.580869201272844],[73.2233084890515,-0.580822517328232],[73.2233497531641,-0.580776827767145],[73.2233944704006,-0.580736205341952],[73.2234212581624,-0.580712344618716],[73.2234423829446,-0.580695126595709],[73.2234801175764,-0.580665401073007],[73.2235164813791,-0.580640834309912],[73.2235510027372,-0.580621099336511],[73.223588469671,-0.580606994714145],[73.2236916016556,-0.580588147230598],[73.2238107236521,-0.580583478027475],[73.2239664627763,-0.580591099841337],[73.224119673143,-0.580606038057506],[73.2242749909573,-0.580615444732156],[73.22438501302,-0.580623372855748],[73.2244732401573,-0.580632981640959],[73.2245532126755,-0.580638779070081],[73.2246479184626,-0.580646038881377],[73.22471357992,-0.580654150251864],[73.2247573539255,-0.580656454312251],[73.2247652025061,-0.580637908647262],[73.224778679032,-0.580618420697874],[73.2247795162619,-0.580592573002767],[73.2247826316193,-0.580586835757602],[73.2249131164059,-0.580588415813072],[73.2249202723854,-0.580590438715211],[73.2249324751002,-0.580601501798236],[73.2249863542543,-0.580600440044086],[73.2250621217587,-0.580595492377537],[73.2251185260771,-0.58059184809956],[73.2251875436403,-0.58058592221786],[73.2252869000057,-0.580575333420955],[73.2253925598494,-0.580549927674035],[73.225477590781,-0.580535984739975],[73.2255466272089,-0.580517359128653],[73.2256034591253,-0.580494019400591],[73.2256586093955,-0.580463682155535],[73.2256901842795,-0.580443232159244],[73.2257200775172,-0.580422141696934],[73.2257374733926,-0.580411516070695],[73.2257903796713,-0.580393645903321],[73.2258371046425,-0.580387302326257],[73.2258935125541,-0.580371931143749],[73.2259335064489,-0.580352293182507],[73.2259528723298,-0.580340602208817],[73.2259764450212,-0.580338613440798],[73.2260021179736,-0.580348514163983],[73.2260484153468,-0.580361174370111],[73.2261094468872,-0.580370427441132],[73.2261767944823,-0.580369079139056],[73.2262353026551,-0.58036942317617],[73.226311490571,-0.580365831895878],[73.2264024135525,-0.580356165621021],[73.2265253246429,-0.58034723592688],[73.2266040422146,-0.580332094701198],[73.226680650542,-0.580329051365111],[73.2267458978761,-0.580318126615045],[73.2268258748858,-0.580313943375335],[73.226863758638,-0.580307913294134],[73.2269344758138,-0.580302224555239],[73.2270089802868,-0.58029717897707],[73.2270649650919,-0.580290717726658],[73.2271430080289,-0.580282296452782],[73.2271825150368,-0.580272563705834],[73.2272308147547,-0.580272925708337],[73.2272834308775,-0.580269094590139],[73.2273836136929,-0.580259336691644],[73.2274816917556,-0.58025108968195],[73.2275650356511,-0.58024431763033],[73.2276382797877,-0.580234202220645],[73.2277350957175,-0.580222946009022],[73.227846222708,-0.580211579310285],[73.2279262015144,-0.58020157618418],[73.2279842892756,-0.580199292783811],[73.2280449039977,-0.580193361512114],[73.2280907854509,-0.580189453142708],[73.2281589774624,-0.58018225620963],[73.2282393766803,-0.580172243202546],[73.2283155663929,-0.580163310813305],[73.2283707094766,-0.580156333057911],[73.2284469000874,-0.580148439067879],[73.2285146698907,-0.580140887318418],[73.2285858083764,-0.580134452117627],[73.2286636797351,-0.580131367461058],[73.2286746239102,-0.580131984572022],[73.228719663642,-0.580130271572572],[73.2287778484212,-0.580129054417767],[73.2288396264616,-0.580129131668924],[73.2288972929129,-0.580130225760867],[73.2289587466615,-0.580132528024915],[73.2290050476279,-0.580133641878777],[73.2290328289264,-0.580134354206261],[73.2290753416972,-0.580135039585681],[73.2291144884807,-0.580133262809125],[73.2291527926444,-0.580132340286632],[73.2291643979795,-0.580131820188756],[73.2291746818929,-0.580127399805833],[73.2291906790915,-0.580120559485579],[73.2292142508846,-0.580118070381538],[73.2292378235759,-0.580116731062086],[73.2292599913022,-0.580114633603407],[73.2292727599556,-0.580115993583043],[73.2292821374689,-0.580119210285199],[73.2292941865718,-0.580119469885011],[73.2293165366561,-0.580114360529557],[73.2293279030393,-0.580112616988958],[73.2293676912199,-0.580104043009057],[73.2293731691465,-0.580099098036895],[73.2293687593168,-0.580071976593618],[73.2293651094618,-0.580044008980536],[73.2293666500725,-0.580039479008714],[73.2294849339409,-0.580025133648764],[73.2294912473007,-0.580026659808222],[73.2294938748729,-0.580033456113391],[73.2295038713254,-0.580041148891254],[73.2295409124578,-0.580038691226564],[73.2296439806619,-0.58003026815579],[73.2297863160238,-0.580022996666197],[73.2299264846491,-0.580018057083549],[73.2301125356259,-0.58000811324292],[73.2302926945528,-0.579995848274449],[73.2304648575753,-0.579980162696656],[73.2306113440521,-0.579965105907258],[73.2306580681249,-0.579958056290094],[73.2307633030655,-0.579942817151978],[73.2308197118755,-0.579930733633796],[73.2308904299496,-0.579921988982468],[73.2309611471254,-0.579912632609754],[73.2310432306845,-0.579901643183464],[73.2311257355534,-0.579891339136608],[73.2311914015024,-0.579883076855824],[73.2312318113171,-0.579881467157266],[73.2312642216343,-0.579881935155544],[73.2312789540049,-0.579880465587035],[73.2312995829171,-0.579871148738094],[73.2313248408479,-0.579863500873428],[73.2313505173937,-0.57986130819814],[73.2313561246777,-0.579855225118567],[73.2313541277229,-0.579842512811697],[73.2313529967439,-0.579823443453037],[73.2313658336693,-0.579819209909903],[73.2313854663498,-0.579822363733358],[73.2314763893313,-0.579810362855681],[73.2315357392255,-0.579812447738702],[73.2317185921999,-0.579798133817594],[73.2322176647308,-0.579718436670827],[73.2325796723155,-0.579675787742432],[73.2328528652647,-0.579633543034931],[73.2330936434053,-0.579601653575873],[73.2332858029261,-0.579577011353546],[73.2334442846068,-0.579563280408621],[73.2336012885589,-0.579568249634522],[73.2337734452932,-0.579570762992098],[73.2339674975643,-0.579553106610199],[73.2341501816554,-0.579540908112713],[73.2343244530239,-0.579510820581389],[73.2345058794736,-0.579486767623341],[73.2347016151875,-0.579466672439934],[73.2349756525531,-0.57941657865327],[73.2353250316216,-0.57937900404624],[73.2357186113954,-0.579331040953767],[73.2359311869276,-0.579303780275029],[73.2362464677445,-0.579276167474577],[73.2365470170891,-0.57924474691009],[73.2368530407671,-0.579207241468649],[73.2370353098365,-0.579180627543302],[73.2372070497526,-0.579171931397342],[73.2373430115674,-0.579165229409423],[73.2374448733342,-0.579171942176598],[73.2376334413904,-0.579191038485472],[73.2377557012022,-0.579197471890827],[73.2379125039317,-0.579225122418981],[73.2381086429891,-0.579266159855468],[73.2382134458401,-0.579286891912609],[73.2384088303127,-0.579353188683138],[73.2385017466558,-0.579395961575114],[73.2386465236386,-0.579466360740448],[73.2387812197272,-0.579565598841756],[73.2388758698188,-0.579653765772002],[73.2390164202282,-0.579776396598993],[73.2391165742975,-0.579889865076735],[73.2392360664,-0.580026343617437],[73.2393259635054,-0.580147141068845],[73.2394073859044,-0.580344206064869],[73.2394744487336,-0.580497196578681],[73.2395053938986,-0.5806124642751],[73.2395619895581,-0.580843420050795],[73.2395785868313,-0.581080720291616],[73.2395972241785,-0.581243866615485],[73.2396197557224,-0.581523964866891],[73.2396119224132,-0.581731595254716],[73.2395853637218,-0.582010832940248],[73.2395623120533,-0.58224430560821],[73.2395303751483,-0.582479043927336],[73.2394756506795,-0.582771835554073],[73.2394233669333,-0.5830307238073],[73.2393819635819,-0.58316376549584],[73.2393358665331,-0.583341298431338],[73.2393108206047,-0.583520108699389],[73.2392757809187,-0.58371967974718],[73.2392206243602,-0.583873903492266],[73.2391939982952,-0.584018021711178],[73.2391619517958,-0.584098467054949],[73.2390871751332,-0.58426836288154],[73.2390322512384,-0.584377297707456],[73.2389670119892,-0.584515790057612],[73.2389080025565,-0.584620017951687],[73.2388372916689,-0.584771263911969],[73.2387816572067,-0.584915742313521],[73.2387361269949,-0.585054714325724],[73.2386717339587,-0.585211901421698],[73.2386174056469,-0.58535680289632],[73.238574815621,-0.585454249746736],[73.2385347875903,-0.585555087558516],[73.2384947514747,-0.585654436937839],[73.2384619018814,-0.585709357963153],[73.2384084395455,-0.585840648863246],[73.2383523406544,-0.585973261112923],[73.2383308987668,-0.58603173119313],[73.2382937974473,-0.586122399699364],[73.2382601240989,-0.586205531733333],[73.2382331620639,-0.586273231517483],[73.238178326204,-0.586418556947246],[73.2381317189121,-0.586542274531414],[73.2380681559193,-0.586681241113685],[73.2379941383331,-0.586837153521495],[73.2379139681856,-0.586995184041221],[73.2378855975923,-0.587062125677494],[73.2378261982908,-0.587182447793949],[73.2377816149032,-0.58728259660302],[73.2377247982582,-0.58738962524547],[73.2376768021708,-0.587462069667192],[73.2376075941647,-0.587554423301103],[73.2375361188108,-0.587638724858781],[73.2374845537169,-0.587713709579247],[73.2374573437469,-0.587790111765636],[73.2374300151993,-0.587856915957355],[73.2373878312119,-0.587978206389624],[73.2373276306132,-0.588135704204188],[73.2372316617947,-0.588340340420381],[73.2371000325544,-0.588567423445371],[73.2369900500176,-0.588751715675335],[73.2368938718917,-0.588912281950956],[73.2367712725167,-0.589119027271479],[73.236660897416,-0.589303783887604],[73.236546375692,-0.589492694087655],[73.2364305020035,-0.589686306712714],[73.2363619003602,-0.589801742196395]]]},"properties":{"OBJECTID":1559,"FCODE":"LD0272","atoll":"Seenu","islandName":"Addu Meedhoo","capital":"N","islandNa_1":"އައްޑޫ މީދޫ","longitude":"73° 13' 48.407\" E","latitude":"0° 35' 4.400\" S","Area_ha":189.61898201,"category":"Residential Island","Sector":" ","Usage":" ","PrimAgency":" ","Shape__Area":1896189.8201904297,"Shape__Length":8475.98003322855}},{"type":"Feature","id":1560,"geometry":{"type":"Polygon","coordinates":[[[73.2363619003602,-0.589801742196395],[73.2363194702344,-0.589873140104918],[73.2361786853648,-0.590105152760257],[73.2360751796811,-0.590284513450127],[73.2359398916027,-0.590516465006095],[73.2357440543792,-0.590849251573746],[73.2356383460264,-0.591031872052339],[73.2355160520786,-0.591236477620999],[73.2354230755484,-0.591393654661904],[73.2353082295325,-0.591593623360884],[73.2352164091341,-0.591736817063463],[73.2351084963156,-0.591890600436124],[73.2350133305911,-0.59202277688223],[73.2349156828214,-0.592160036619907],[73.2348458235367,-0.592255355356135],[73.2347601628861,-0.592366771040351],[73.2346588113625,-0.592494328584901],[73.2345734579358,-0.592592987971282],[73.2345198545645,-0.592655716666909],[73.2344486918243,-0.592740107075736],[73.2343926872562,-0.592807834626714],[73.2343594226412,-0.592845592390171],[73.2342983641514,-0.592921007310428],[73.2342688886303,-0.59295414618327],[73.2342098693161,-0.593024661054639],[73.2341071945741,-0.59313928443536],[73.2340257128862,-0.593230963376375],[73.2339413431147,-0.593330938710945],[73.2338499134835,-0.593434725391019],[73.2337278243515,-0.593575791051279],[73.2336440106372,-0.593662270815265],[73.2335741621323,-0.593727864072441],[73.2334836676472,-0.593822752511782],[73.2333513709586,-0.593970174299549],[73.2332626847822,-0.594067178153518],[73.2331194771563,-0.594226033975074],[73.2330621790142,-0.594289153398319],[73.2329991586037,-0.594359897310756],[73.2329437711783,-0.594421430393043],[73.2328818736619,-0.594489662749434],[73.2328317656354,-0.594546998228969],[73.2327366017075,-0.594656481694932],[73.2326839173126,-0.594711921829568],[73.2326334400785,-0.594767811995415],[73.2325978434371,-0.594809778125829],[73.2325728028985,-0.594841648634544],[73.2325478072758,-0.594868441240451],[73.2325185922661,-0.594897466937679],[73.2325041051355,-0.594919544540616],[73.2324969042402,-0.594931359444582],[73.2324847985434,-0.594938652473209],[73.2324751111114,-0.594959367405137],[73.2324637402365,-0.594978727750582],[73.2324468339429,-0.594993208710465],[73.2324367961679,-0.594993762941087],[73.2324226306342,-0.594997014667105],[73.2324161672557,-0.595003885510201],[73.2324026898315,-0.595026325114203],[73.2323925505469,-0.595039377829709],[73.232400576994,-0.595058025849247],[73.2324166056336,-0.59508176075385],[73.2324488937798,-0.59511566942844],[73.2324508278526,-0.595122873528364],[73.2324342260878,-0.595131787030073],[73.232424547639,-0.595124119424468],[73.2323917240968,-0.595096056670473],[73.2323698429331,-0.595074700376513],[73.2323492903778,-0.595066483929799],[73.2323323804908,-0.595074187466181],[73.2323142821328,-0.595087235690185],[73.2322932139444,-0.59512917936148],[73.2323037368097,-0.595138693803692],[73.2323221801208,-0.595147408788421],[73.2323396541497,-0.595163516509037],[73.2323500988615,-0.59517368938076],[73.2323588709102,-0.595182591204935],[73.2323647539771,-0.595194326162618],[73.2323670940884,-0.595203357337153],[73.2323571730944,-0.595206713261983],[73.2323357096473,-0.59519699581157],[73.2323180361924,-0.595178720573205],[73.2323096198765,-0.595169779225294],[73.2322948902008,-0.595163497645447],[73.2322809986532,-0.595167706923773],[73.2322645828397,-0.595170696355717],[73.2322443689492,-0.595195076215412],[73.2321951044407,-0.595247486490721],[73.2321024710669,-0.595338811479611],[73.2319711023381,-0.595464695484555],[73.2317774309527,-0.595634956558718],[73.2317391079244,-0.595670631222313],[73.2317028977336,-0.595702778392214],[73.2315824803664,-0.595805365841652],[73.2315696416443,-0.59581497819374],[73.2315692850132,-0.595825995434986],[73.2315757367136,-0.595832400974878],[73.2315872989296,-0.595831509894318],[73.2316009928477,-0.59582982115292],[73.2316054736444,-0.595833633396816],[73.2315993058117,-0.595842030394014],[73.2315432787857,-0.595890395768234],[73.2314719291959,-0.595954779931937],[73.2313537127012,-0.59606533769687],[73.2312563245446,-0.596141579876728],[73.2312056326131,-0.596184490973194],[73.2311900540295,-0.596195175855037],[73.2311820581251,-0.596190266827774],[73.2311858490156,-0.596181772818303],[73.2311989033334,-0.596164209010403],[73.231182909728,-0.596159997936311],[73.2311572502502,-0.59618222644298],[73.23104859722,-0.596277587328377],[73.2308810218936,-0.596426573830959],[73.2306982901918,-0.596584910386456],[73.2305395408131,-0.596732038367201],[73.2304243758954,-0.596841749051151],[73.230326082237,-0.596928795570136],[73.2302953454812,-0.596958589274363],[73.2302590050347,-0.596990427433084],[73.2302397667146,-0.59701002760856],[73.2302205131231,-0.597034060729183],[73.2302006810166,-0.597056512002424],[73.2301816618854,-0.597065620424821],[73.2301692822025,-0.59708192575849],[73.2301454481013,-0.597108995019615],[73.2301159761735,-0.597133281450986],[73.2300907954978,-0.597150546133035],[73.230054437085,-0.597188246377739],[73.2300393777275,-0.597209429298061],[73.2300179160771,-0.59724077879832],[73.2299863232268,-0.597273819734212],[73.2299408136762,-0.597311673581615],[73.2298919704776,-0.597360603952508],[73.2298498152363,-0.59739750743343],[73.2297976581526,-0.597438634562907],[73.2297703430797,-0.597461596049839],[73.2297661165063,-0.597467820138019],[73.2297681844281,-0.597470523021744],[73.229776666321,-0.59747814750731],[73.2297779509119,-0.597480112914295],[73.2297769268324,-0.597482655008335],[73.2297734799967,-0.597487052920817],[73.2297709494425,-0.597490280392128],[73.2297686111279,-0.597490123195516],[73.2297664937987,-0.597488717408526],[73.229747550126,-0.597496181104356],[73.2297214450839,-0.597522036805505],[73.2296671275519,-0.597578704841531],[73.2295913348947,-0.597661319302336],[73.2295319652376,-0.597722411298951],[73.2294710540715,-0.597788494961209],[73.2294321345617,-0.597820687032069],[73.2293990235587,-0.59785423009536],[73.2294103683824,-0.597864857484898],[73.2294010079372,-0.597875990598381],[73.2293894097885,-0.597866436637193],[73.2293601714227,-0.597897185193502],[73.2293378491862,-0.597936081923882],[73.229275148576,-0.598003689941575],[73.2292358670452,-0.598057068521262],[73.229208154917,-0.598093136609777],[73.2291731457738,-0.598137557676716],[73.2291449907761,-0.598170913898703],[73.2291150948435,-0.598205349836565],[73.2290994327165,-0.598223552305302],[73.2290995692604,-0.59823287451316],[73.229099508175,-0.598242095216923],[73.2290797236792,-0.598247581827573],[73.2290729881112,-0.598249182538176],[73.2290635701737,-0.598249389139401],[73.2290690058795,-0.598264221312798],[73.2290801360059,-0.598273187807127],[73.2290650577839,-0.598301085263916],[73.2290398223109,-0.598326078625612],[73.2290220608211,-0.598370988347501],[73.2289958147434,-0.598416320254234],[73.2289740090382,-0.598440346182592],[73.2289484744263,-0.598469695236827],[73.2289253886218,-0.598478162294775],[73.2289062239635,-0.598491606646151],[73.2288868571843,-0.598503755697513],[73.228858606067,-0.598516700612787],[73.2288392806102,-0.598541312210329],[73.2288135968779,-0.598565044405086],[73.2287719150488,-0.598596807100084],[73.2287613885903,-0.598609222038043],[73.2287500231053,-0.598609874179344],[73.2287411881745,-0.598597732314332],[73.2287332201179,-0.598606916188556],[73.2287327628754,-0.59861659410923],[73.2287323379723,-0.598628452122039],[73.2287146591275,-0.598630695092863],[73.2286919272592,-0.598636509570318],[73.2286868787273,-0.598626556780244],[73.2286717286401,-0.598618401420905],[73.2286577059385,-0.598622570274584],[73.2286367904637,-0.598622610696584],[73.2286254716911,-0.598630610655841],[73.2286225854041,-0.598640355946413],[73.2286136318957,-0.59864742081047],[73.2285954266381,-0.598641825510012],[73.2285949729889,-0.598645855132391],[73.2285850052825,-0.59865877040454],[73.2285749746941,-0.598664917240506],[73.2285681663625,-0.598666522442282],[73.2285647833072,-0.598663642600674],[73.2285603375448,-0.598659249180458],[73.2284992161729,-0.598689153362054],[73.2284869945935,-0.598664888495963],[73.2284317814412,-0.598683459252348],[73.2283825295091,-0.598692794035165],[73.2283729067558,-0.598707225580589],[73.2283666913123,-0.598717816139572],[73.2283387438255,-0.598722418855794],[73.2283231697334,-0.598723016202817],[73.2283073926221,-0.598715418666994],[73.2282772936702,-0.598708793953462],[73.2282575100726,-0.59870876071762],[73.2282293532784,-0.598722433228033],[73.2281821611833,-0.598718580564134],[73.2281232334972,-0.598714091029464],[73.2281093410514,-0.598721489150221],[73.2280987301512,-0.598738039705648],[73.2280811303582,-0.59874837425868],[73.2280638728233,-0.598746864273158],[73.228053666165,-0.598739455373209],[73.2280439796313,-0.598723220109258],[73.2280285241169,-0.59871752330477],[73.2280036156306,-0.598720431890857],[73.2279788526715,-0.598726997318811],[73.2279460165529,-0.59873578415914],[73.2278955042845,-0.598740384180529],[73.2278656182333,-0.598743518231404],[73.2278176293325,-0.598752778458038],[73.2277784816508,-0.598760470311772],[73.2277507668276,-0.598771006974678],[73.2277283853023,-0.598780648066131],[73.2276888127174,-0.598798451702726],[73.2276446129105,-0.598807588866777],[73.2276008353118,-0.598811321162928],[73.2275625320464,-0.598810129163664],[73.2275334895132,-0.598804808732836],[73.2275010414668,-0.598802282808176],[73.2274804538772,-0.59880201243005],[73.2274627750324,-0.59880201422658],[73.2274414517225,-0.598807743368569],[73.2274149235738,-0.598811152288909],[73.2274059458109,-0.598816509548664],[73.2273989667994,-0.598826826136219],[73.2273780252735,-0.598837412203622],[73.2273660094083,-0.598838256573882],[73.2273464899155,-0.598833165200928],[73.2273196500514,-0.598836126784661],[73.2272960746651,-0.59884504836475],[73.2272670330303,-0.598840904662681],[73.2272388304219,-0.598842258349869],[73.2272127208882,-0.598851342516147],[73.2271841068515,-0.598853406731923],[73.2271634824309,-0.598850399336612],[73.2271487491619,-0.598853580097279],[73.2271188622124,-0.598858735247097],[73.2270965480607,-0.59886698222921],[73.2270658337628,-0.598871209470036],[73.2270548779097,-0.598870357913682],[73.2270341726406,-0.598872047552403],[73.2270174127724,-0.598877407506915],[73.2269951013157,-0.5988854200415],[73.2269723721424,-0.598884355596067],[73.2269513264119,-0.598882783630184],[73.2269210199491,-0.598883102514696],[73.2269117574202,-0.59888937241285],[73.2268965597223,-0.598904629464435],[73.2268641799479,-0.598930834584476],[73.2268313438293,-0.598942004524698],[73.2268027199111,-0.598945214029857],[73.2267816741806,-0.598941440413543],[73.2267635767209,-0.598935969074072],[73.2267446986252,-0.598921530343101],[73.226737808547,-0.598911781459965],[73.2267160208081,-0.598909131574674],[73.2266950011287,-0.598902869760918],[73.2266823681209,-0.598904137214541],[73.226662985172,-0.598909026477532],[73.2266499371425,-0.598906971244419],[73.2266423616497,-0.598901070533692],[73.2266331018158,-0.598903626101083],[73.2266107894607,-0.598912527919177],[73.2265961801593,-0.598922752883424],[73.2265741220274,-0.598939695082317],[73.2265493213391,-0.598950585661712],[73.2265152239859,-0.598960596838526],[73.2264870249708,-0.598964666882677],[73.226469759351,-0.598974184911294],[73.2264390306801,-0.598982086060793],[73.2264184026662,-0.59898877365258],[73.2263838489688,-0.599002346454805],[73.2263563641144,-0.599008693603708],[73.2263236878959,-0.599011678542254],[73.2262874893832,-0.599008630725084],[73.2262395067707,-0.598999390260751],[73.2261948901454,-0.598994260262517],[73.2261561664685,-0.598988419735734],[73.2261174445882,-0.598980377558482],[73.2260841961428,-0.59896649575266],[73.2260479994268,-0.598959307826531],[73.2260277954177,-0.598957527462933],[73.2260080136169,-0.598952626522535],[73.2259869678864,-0.598950028736677],[73.2259713946926,-0.598946322490338],[73.2259469802798,-0.598947161470983],[73.225919198083,-0.598953788879004],[73.225884260805,-0.598957307387696],[73.2258665792653,-0.598963151507602],[73.2258564741166,-0.598973811232568],[73.2258403376792,-0.598980982091624],[73.2258160625053,-0.598981419547278],[73.2258080648043,-0.598981804005184],[73.2257937115227,-0.598985627924387],[73.2257869858362,-0.598997914409412],[73.2257739611628,-0.5990103679719],[73.2257602888042,-0.599016125858165],[73.2257450075629,-0.599013579273499],[73.22572723709,-0.599015645285754],[73.2256922935237,-0.599035461037878],[73.2256535626603,-0.599054645308783],[73.2256181986825,-0.599075373699241],[73.2255937779815,-0.599097489910817],[73.2255708242293,-0.59913259235638],[73.2255358761715,-0.59918936187981],[73.2255081101444,-0.599237234974723],[73.2254792248165,-0.599288811620493],[73.2254637198946,-0.599352477131479],[73.2254514560944,-0.599409253838789],[73.225443494326,-0.599466455425395],[73.2254434754614,-0.599532134846901],[73.2254432311196,-0.599580440903064],[73.2254593325228,-0.599627424711084],[73.2254816323014,-0.599655450613034],[73.2255104933749,-0.599680041545329],[73.2255406174796,-0.599693186771161],[73.2255708323142,-0.599697433773155],[73.2256007084839,-0.599702951821693],[73.2256238877132,-0.599707652448072],[73.2256491420507,-0.599710179270564],[73.2256798689251,-0.599714880795183],[73.2257072190322,-0.599743572311823],[73.2257210234432,-0.599761467568481],[73.2257521976785,-0.599799189353618],[73.2257850598482,-0.599837080910772],[73.2258279795558,-0.59988270204702],[73.2258615990053,-0.59992422888627],[73.2258826213796,-0.59996915027255],[73.2258994962322,-0.600007323884054],[73.2259063440896,-0.600072126591438],[73.2259006775168,-0.600114074716019],[73.2258902435848,-0.600161107025844],[73.225879647956,-0.6002051714644],[73.2258661983796,-0.600247540874707],[73.2258531611299,-0.600294148303571],[73.2258473121991,-0.600333130352216],[73.2258525242243,-0.600353894668427],[73.225869880574,-0.600386104689523],[73.2258795841756,-0.600408522713143],[73.2258839625643,-0.60043780528516],[73.2258836894765,-0.600463651989741],[73.2259048600728,-0.600504338047681],[73.2259250038947,-0.600530948278012],[73.2259366191113,-0.600558587022681],[73.2259552905945,-0.600593675086603],[73.2259754865188,-0.600618048634347],[73.2259846574195,-0.600642079044387],[73.2259825652432,-0.600667078683225],[73.2259916768551,-0.600705642137275],[73.2260011100639,-0.600749713757587],[73.2260267866097,-0.600780671593694],[73.2260814976037,-0.600810891055024],[73.2261139061243,-0.600819767718595],[73.2261782982621,-0.600851045336944],[73.2262396055853,-0.600914202411227],[73.2262767922448,-0.600988367733037],[73.2263055958261,-0.601096853995454],[73.2263219972666,-0.601221014096174],[73.2263115336901,-0.601346013174333],[73.2262819359982,-0.601469735813929],[73.2262505335908,-0.601633287554707],[73.2262300502056,-0.601759978057825],[73.2262414812676,-0.601846000475719],[73.2262574488218,-0.601949822027255],[73.2262697027406,-0.602049403762764],[73.2262545212123,-0.602180333171914],[73.2262145380973,-0.602320153611289],[73.2261887816015,-0.602439639109844],[73.2261598253066,-0.602529038097435],[73.2261756410455,-0.602557485271041],[73.2261982776924,-0.602591763984811],[73.2261999997628,-0.602618036457105],[73.2262074997971,-0.602638378579782],[73.2261878931677,-0.602667185059072],[73.226179201069,-0.602684132635927],[73.2261752978891,-0.602694724085452],[73.2261978986033,-0.602716220479157],[73.2262070793855,-0.602728633611236],[73.2262067272459,-0.602748559836555],[73.2262019239541,-0.602781174961262],[73.2261953482862,-0.602792556884296],[73.2261650364336,-0.602807133039682],[73.2261385172681,-0.602814069446389],[73.2261224347296,-0.602801488338849],[73.2261091800876,-0.602827756318788],[73.2261011230977,-0.602857839232418],[73.2261077580544,-0.602910187454126],[73.2261140462614,-0.60298955101143],[73.2261063252416,-0.603029030679916],[73.2261481067837,-0.603075655152049],[73.2262095506509,-0.603128282732256],[73.2262232688235,-0.603163394134541],[73.226236752536,-0.603341791458062],[73.2262683840138,-0.603427143744929],[73.2262623428435,-0.603484176415494],[73.2262136370871,-0.603648145789233],[73.2262011046906,-0.603728651929332],[73.2261786018927,-0.603813377220886],[73.2261882551888,-0.603898859748809],[73.226199857829,-0.603965944004015],[73.2262256727152,-0.604037829486775],[73.2262590226702,-0.604125289093199],[73.2262961356678,-0.604225726835765],[73.2263189681474,-0.604324041975548],[73.2263037497882,-0.604441411117039],[73.2262376831906,-0.604641685649188],[73.2262215368717,-0.604698169466966],[73.2261682335377,-0.604774848981591],[73.2261369020972,-0.604864670115452],[73.2261234992332,-0.604990899733284],[73.2261345682741,-0.605046028963496],[73.2261847212164,-0.6051011312452],[73.2261806222038,-0.605167655866315],[73.2261781185991,-0.605225707151322],[73.2261511951917,-0.605289682494401],[73.2260863422181,-0.605411698340598],[73.2260253079827,-0.605568460875128],[73.2259734347666,-0.605699801604945],[73.2259229072269,-0.605864618873966],[73.225868498965,-0.606039585634579],[73.2258384584036,-0.606181547438434],[73.2258312413386,-0.60622434257984],[73.2257928608181,-0.60635399275902],[73.2257530888072,-0.606434489876369],[73.2257471168072,-0.606519212430814],[73.2257588730593,-0.60663237674668],[73.2257498593638,-0.606700172393855],[73.2257579900154,-0.606736864719304],[73.2257574411448,-0.606775599698899],[73.2257553965792,-0.606817125587277],[73.2257502501309,-0.606847208478808],[73.225759470439,-0.606874331587322],[73.2257735155985,-0.606885668588533],[73.2257617252104,-0.606899537798455],[73.2257604496027,-0.606940234587395],[73.2257552465606,-0.606958229527764],[73.2257497416845,-0.606986618290979],[73.2257583205954,-0.6070145157031],[73.2257570521743,-0.607031935753731],[73.22574689672,-0.607066280012588],[73.2257376979715,-0.607081531651633],[73.2257216351959,-0.607214807207185],[73.2257094225996,-0.607301017275974],[73.2256968219311,-0.607412456907031],[73.2256975819058,-0.607450592739181],[73.2257051367373,-0.607466289916496],[73.2257181820719,-0.607475644446079],[73.225732562303,-0.607480689999403],[73.2257489080479,-0.607481756239712],[73.2257566847633,-0.607501037493452],[73.2257472120286,-0.607518062305993],[73.2257408941772,-0.607531199428471],[73.2257513712284,-0.607553154816304],[73.2257484220593,-0.607576459397736],[73.2257301871574,-0.607587047244647],[73.2257234695557,-0.607613316099696],[73.2257188243674,-0.607643400783304],[73.2257180688842,-0.607690858805501],[73.2257204862506,-0.607742555738602],[73.2257320188222,-0.607795526410625],[73.2257428929288,-0.607855658946827],[73.2257790797633,-0.607893502839794],[73.2258064271755,-0.607932884561686],[73.225811696693,-0.607951064541307],[73.2258190467086,-0.607955838818264],[73.225827888826,-0.607946906473919],[73.225837992178,-0.607943463425273],[73.2258535662701,-0.60794734123404],[73.2258695571804,-0.607957576062217],[73.2258792742569,-0.607967612373848],[73.2258781208201,-0.607978205609573],[73.2258737118886,-0.607993882125292],[73.2258628521552,-0.608001506596126],[73.2258489174885,-0.608004239117366],[73.2258388168314,-0.607999625629801],[73.2258274495498,-0.608002765064962],[73.2258299729175,-0.608010760519128],[73.225839733113,-0.608033278218699],[73.2258461596606,-0.608055315346571],[73.2258328933404,-0.608091278271878],[73.2258232849602,-0.608143444993567],[73.2258408110913,-0.608189638254709],[73.2258526940059,-0.60824684693502],[73.2258214461088,-0.608345701858837],[73.2257856356683,-0.608442345253292],[73.2257523638668,-0.608510801102299],[73.2257481310052,-0.608571859741358],[73.2257742153861,-0.608610230910624],[73.2257757721665,-0.608640472785005],[73.2257893088795,-0.608657426631025],[73.2258057633206,-0.608675144001931],[73.2258280307598,-0.608693456922173],[73.2258323786058,-0.608690491750761],[73.2258436452761,-0.608681537849291],[73.2258515702135,-0.608686684905424],[73.2258622314193,-0.608698552777202],[73.2258558434993,-0.60870703868276],[73.2258448939343,-0.608721900470366],[73.2258317138525,-0.608739984332987],[73.2258141535853,-0.608762408610036],[73.2257913525468,-0.608774802864683],[73.2257541164799,-0.608780031662789],[73.2257103065418,-0.608787063277886],[73.2256899731753,-0.608788144788446],[73.2256722907373,-0.608795968672895],[73.225659664916,-0.608793458023409],[73.2256508254936,-0.60879001048396],[73.2256071287432,-0.608789704175743],[73.2255571473791,-0.608790403025563],[73.2255245484158,-0.608789290974046],[73.2254904537575,-0.608789883828662],[73.2254775755096,-0.608799192544442],[73.225463302178,-0.608801881948582],[73.2254525655138,-0.60880539326478],[73.2254442560974,-0.608802033755286],[73.2254378322448,-0.608806329256477],[73.2254320264331,-0.608813244097154],[73.2254201498067,-0.60881993167688],[73.2254033108867,-0.608822788158204],[73.2253889001129,-0.608822596827866],[73.2253696393349,-0.608818426185443],[73.2253512822621,-0.60881321714923],[73.2253223807645,-0.60880986123277],[73.2252930319058,-0.608813886356318],[73.2252580955261,-0.608814421721989],[73.2252427585893,-0.608815187941695],[73.2252234807433,-0.60881708417818],[73.2252117909665,-0.608823305558588],[73.2252025275393,-0.608833538588582],[73.225179795671,-0.608836163317644],[73.2251435944634,-0.608841300492697],[73.2250951887443,-0.608840916933718],[73.2250716178496,-0.608841423554935],[73.2250458083531,-0.608842353258778],[73.225029521897,-0.60884842013766],[73.2249975319914,-0.60884975136573],[73.2249865914096,-0.608849317503964],[73.2249653372699,-0.608846988303938],[73.2249470996731,-0.608849524104794],[73.2249230302133,-0.608844704017124],[73.2249080157717,-0.608846121478619],[73.2248965083529,-0.608853513297717],[73.2248830390135,-0.60885434778551],[73.224868728851,-0.608849809752941],[73.2248518944226,-0.608840633980378],[73.2248426345887,-0.608840637573463],[73.2248022247739,-0.608842667651379],[73.2247403128846,-0.608847458096292],[73.2246961490102,-0.608852710249198],[73.2246659440571,-0.608861295861914],[73.2246401624085,-0.60886345978126],[73.2245719703969,-0.608869709906071],[73.2245210341237,-0.608883115606367],[73.2244670642398,-0.608877755661753],[73.224453266117,-0.608879634831203],[73.2244292712174,-0.608888957020792],[73.2244008925393,-0.608878581166871],[73.224340003831,-0.608875594437214],[73.2242874209459,-0.608886580212787],[73.2242503591522,-0.608891667084989],[73.2242171205883,-0.608901568655194],[73.2241535611888,-0.60890350351706],[73.224091685232,-0.608903019352468],[73.2240289693504,-0.608897599224125],[73.2240132748841,-0.608895462252741],[73.2239797210116,-0.608896988404235],[73.2239637795086,-0.608910639330679],[73.2239506712919,-0.608917953898951],[73.2239249947462,-0.608916884964126],[73.2239111085885,-0.608902907069397],[73.2238840782816,-0.608900622782607],[73.2238509205662,-0.608889000137511],[73.2238294589157,-0.60887353112352],[73.2238138911118,-0.608854238197221],[73.2237945422989,-0.608812324274213],[73.2237835055973,-0.608784307402176],[73.2237844398452,-0.60875083177611],[73.2238034140607,-0.608715829100044],[73.2238197849584,-0.608676265934389],[73.2238352817954,-0.608641524652858],[73.223845951086,-0.608608476599839],[73.2238645300427,-0.608530939296817],[73.2238784215903,-0.608451704272521],[73.2238863591041,-0.608408062085206],[73.2238922610355,-0.60839111542453],[73.2238957033797,-0.608385380004761],[73.223909178109,-0.608372102755084],[73.2239213862137,-0.608367677005166],[73.2239580078329,-0.608363543191289],[73.2239930897397,-0.608341994720619],[73.2239991443847,-0.608303860691322],[73.2240002690754,-0.608207249631887],[73.2239768392161,-0.608097069384329],[73.2239720296361,-0.607961179900243],[73.2239930214677,-0.607873766167213],[73.2240040869154,-0.607784784960861],[73.2240113111669,-0.607734362665798],[73.2240204596097,-0.607653431705956],[73.2240487313883,-0.607612762768598],[73.2240522285297,-0.607444964211953],[73.2240306815393,-0.607306818270205],[73.2239577805591,-0.607116113052087],[73.2238997251372,-0.606731341288326],[73.2238761452594,-0.60640731915756],[73.2238447176991,-0.606215635697155],[73.2237989117045,-0.605932987623889],[73.2237551385973,-0.605732867641024],[73.2237433796502,-0.605650900951552],[73.2237597487513,-0.605577459695013],[73.2237602302483,-0.605552883161585],[73.2237606299986,-0.605449915030704],[73.2237622882886,-0.605426187357246],[73.2237619990311,-0.60531093005839],[73.2237629826864,-0.605255420864701],[73.2237553838374,-0.605146941871314],[73.2237418812603,-0.605084368718475],[73.2237305391316,-0.605011635287229],[73.2237153144841,-0.604909212393088],[73.2237032492116,-0.604798072731109],[73.2236977883529,-0.60469479558265],[73.2236911794474,-0.604598181764032],[73.2236836084462,-0.604507076106409],[73.2236684314095,-0.604428521908315],[73.2236695004046,-0.604335034048224],[73.2236610382746,-0.604269352887998],[73.2236546144221,-0.604193925548094],[73.2236500312175,-0.604157482024958],[73.223646320277,-0.604104937095128],[73.223646288836,-0.604059598049551],[73.2236412924064,-0.60401171421776],[73.2236412178462,-0.603985865733481],[73.2236394742162,-0.60396213625708],[73.2236355863077,-0.603938829863584],[73.223635288067,-0.603891370012022],[73.2236371098504,-0.603851964007574],[73.2236415187818,-0.603822727265442],[73.2236303203835,-0.603796028122908],[73.2236230691825,-0.603765092760575],[73.2236284267349,-0.603733737908142],[73.2236390052957,-0.603697724651015],[73.2236333297397,-0.603641234535014],[73.2236316768396,-0.603573143320266],[73.2236341705628,-0.603503650810516],[73.2236280862734,-0.603440088648499],[73.2236312204954,-0.603373140024917],[73.2236229757578,-0.603332458479713],[73.2236128328799,-0.603265080483883],[73.2236041856969,-0.603207873547495],[73.223597678301,-0.603126089167838],[73.2235910208865,-0.60310023978107],[73.2235918482348,-0.603058229699156],[73.2235905941867,-0.603031780270685],[73.2235839529418,-0.60301294813381],[73.2235787220519,-0.602990063921037],[73.2235780240609,-0.602981588785715],[73.2235883178558,-0.602973965206072],[73.2235906004749,-0.602961677831739],[73.2235914574677,-0.602948966476045],[73.2235849725297,-0.602940912627175],[73.2235625496818,-0.60292268412444],[73.223551492319,-0.602897028762092],[73.2235515057938,-0.602853532947314],[73.2235530437095,-0.602816748074314],[73.2235549050188,-0.602754899794962],[73.2235504574598,-0.602716321084885],[73.2235387757678,-0.602661655336093],[73.2235356810717,-0.602606568300187],[73.2235289985043,-0.602586227075635],[73.2235457035753,-0.602574372664473],[73.2235692789616,-0.602561752032689],[73.2235680294051,-0.602519107771072],[73.2235723736578,-0.602456153723375],[73.2235594019851,-0.602401911055109],[73.2235545385061,-0.602379028636295],[73.2235348294688,-0.602355494974802],[73.2235196865681,-0.602324899148691],[73.2235192823262,-0.60227498881436],[73.2235221434604,-0.602222659450147],[73.2235369890188,-0.602187334254526],[73.2235281666644,-0.602134359036423],[73.2235172251842,-0.602129048489754],[73.2234987522287,-0.602118836107247],[73.2234992939128,-0.602104851907118],[73.2235109208075,-0.602098533506282],[73.2235315470248,-0.602097379234872],[73.2235521624622,-0.602078598295946],[73.2235587632829,-0.602059955689814],[73.2235538396168,-0.602039191380092],[73.2235269386674,-0.602026357858109],[73.2234903871168,-0.601945524724102],[73.2234858712858,-0.601910352231873],[73.2234893828003,-0.601840861497482],[73.2235063941968,-0.60177982344277],[73.2235085950693,-0.601723069216727],[73.2235119511752,-0.601655271710886],[73.2234736497064,-0.601507378539904],[73.2234587403676,-0.60142304755118],[73.2234347778074,-0.601298036797357],[73.2234081005384,-0.601151397595757],[73.2233898350938,-0.601031915662069],[73.2233699365119,-0.600993348617236],[73.2233378702495,-0.600954978292382],[73.223327394995,-0.600898842064703],[73.223317226066,-0.600840362260714],[73.2233085761881,-0.600770867919626],[73.2233000817188,-0.600662455308537],[73.2232957823818,-0.600627639419628],[73.2232911776177,-0.600590349706153],[73.2232790449714,-0.60055475142714],[73.2232643907542,-0.600513644082863],[73.2232608486971,-0.600469998238712],[73.2232483612163,-0.600448384163339],[73.2232457992211,-0.600432704931057],[73.2232488615779,-0.600419570486224],[73.2232453186224,-0.60039730426955],[73.223236262706,-0.600392268590564],[73.2232225813643,-0.600382272686888],[73.2232175094762,-0.600370830574999],[73.2232176091892,-0.600355999305592],[73.2232298909557,-0.600343269080252],[73.2232277906946,-0.600329058512529],[73.2232080088937,-0.60032147085986],[73.2231973036705,-0.600300058893712],[73.2231911861434,-0.600278814903267],[73.2231942664665,-0.600263194057801],[73.2232088631916,-0.600254723409555],[73.2232180772114,-0.600247098927843],[73.2232192854455,-0.600235658612204],[73.2232177960387,-0.600225488444665],[73.2232131580369,-0.600201891895247],[73.2232087580887,-0.600175907754739],[73.2232085613576,-0.600156119853002],[73.2231848224779,-0.600156554613746],[73.2231853767385,-0.600020787095267],[73.2232177349533,-0.60002075026634],[73.2232175966127,-0.599995444315837],[73.2232132972758,-0.599995585343578],[73.2232063901296,-0.599991004186847],[73.2232009625086,-0.599987973437246],[73.2231951126795,-0.599985999946767],[73.2231901800303,-0.599985576863467],[73.2231849419539,-0.599983268319783],[73.2231830474069,-0.599980652569084],[73.2231823251614,-0.599978848850914],[73.2231777689063,-0.59997875812605],[73.2231759201734,-0.599978712314472],[73.2231740256265,-0.599978352109785],[73.2231721759953,-0.599976909494542],[73.2231707773185,-0.599975239617968],[73.2231696948485,-0.599973120608398],[73.2231695142872,-0.59997244331583],[73.2231688378558,-0.599973074796859],[73.2231680715928,-0.599973570639697],[73.2231666271018,-0.599974337758902],[73.2231645978076,-0.599974564121918],[73.2231624328678,-0.599973751191148],[73.2231606281524,-0.599972578055729],[73.223159951721,-0.599971901661401],[73.2231588243353,-0.59997095488901],[73.2231577858828,-0.599969512273768],[73.2231577418654,-0.599968112775283],[73.2231573807426,-0.599968518791509],[73.2231567043112,-0.599969105359251],[73.2231562084412,-0.599969466462191],[73.2231553505501,-0.599969917391743],[73.2231543129959,-0.599970369219547],[73.2231526888419,-0.599970548872745],[73.2231506595477,-0.599970232683105],[73.2231492617691,-0.599969736840254],[73.2231476367167,-0.599967978035371],[73.223146509331,-0.599966444695239],[73.2231463287697,-0.599965001181744],[73.2231459236295,-0.59996473080363],[73.223144885177,-0.599965497024583],[73.2231439383527,-0.599966128505586],[73.2231430364442,-0.59996657943515],[73.2231411418972,-0.599966759986627],[73.2231386715302,-0.599966061135623],[73.2231363215374,-0.599964863747025],[73.2231344638214,-0.599962969303978],[73.2231295895627,-0.599962874087776],[73.2231260457089,-0.599962804921284],[73.2231222575133,-0.599960101140489],[73.223119732349,-0.599959934961265],[73.2231170544712,-0.599961031744136],[73.2231128737119,-0.59996003017748],[73.223111127387,-0.59995888848136],[73.2231096074375,-0.599956380522598],[73.2231092957221,-0.599954175279475],[73.2230835985151,-0.59995410431644],[73.2230834808358,-0.599986849706438],[73.2230157954741,-0.59998697726023],[73.2230149196166,-0.5999698841559],[73.2230031337201,-0.599969061344216],[73.2229921886467,-0.599970812962979],[73.2229753515233,-0.599974500345028],[73.2229534595799,-0.599984233057499],[73.2229303064018,-0.599990358333554],[73.2228894770738,-0.599991198212311],[73.2228431770057,-0.599987527897296],[73.2227888792367,-0.599982912606433],[73.2227354204941,-0.599987657247618],[73.2227181638575,-0.599983218016868],[73.2227066627269,-0.600001588455443],[73.222689952266,-0.600013344961219],[73.2226753797955,-0.600008357788249],[73.2226482875048,-0.599991694055163],[73.222631403669,-0.600006225304704],[73.2225946994049,-0.600055366744063],[73.2225538242628,-0.600115523619091],[73.222524483489,-0.60015605877092],[73.2225038527802,-0.600172637168223],[73.2224859978656,-0.600169316278818],[73.2224773156484,-0.600152787286139],[73.2224839649781,-0.600133297608603],[73.2225052532537,-0.600107103273492],[73.2225336301352,-0.600073567410138],[73.2225701888723,-0.60002612010066],[73.2225990418609,-0.599985006464559],[73.2226114943074,-0.59996596412293],[73.2226050066744,-0.599951554139173],[73.2225792771281,-0.599928453431461],[73.2225367742387,-0.599897805492343],[73.222470282738,-0.599852600253376],[73.2224122075532,-0.59981530514498],[73.2223482394201,-0.599776173082267],[73.2222514450499,-0.599720479687632],[73.222156332326,-0.599669516561662],[73.2220595370575,-0.599619646625006],[73.2219842034394,-0.599584607959488],[73.2219071845819,-0.599552414102441],[73.2218857175416,-0.599551261627028],[73.2218789837702,-0.599548450952408],[73.2218436314705,-0.599532138439961],[73.221777083376,-0.59950212287796],[73.2217102163795,-0.599479556636675],[73.2216218302404,-0.599452967061362],[73.2215696426139,-0.599433207003257],[73.2215616727607,-0.599426771824742],[73.2215590263239,-0.599412642996867],[73.2215587613209,-0.599388490417231],[73.2215601608961,-0.599370269987036],[73.2215625090922,-0.599364579471102],[73.2215667437505,-0.599361797540873],[73.2215686131446,-0.599361479554665],[73.2215687362138,-0.599354915025777],[73.2213804610084,-0.599352328019315],[73.221381058388,-0.599422592192494],[73.2213361093862,-0.599422965871207],[73.2213356135161,-0.599423513813517],[73.221332664347,-0.599427961129109],[73.2213243495408,-0.599433330065724],[73.221301092158,-0.599438521145632],[73.2212522642308,-0.599441213249198],[73.2211049414225,-0.599441904015817],[73.2209736140162,-0.599440794657186],[73.2209188940389,-0.599440231444334],[73.2208906950239,-0.59943213088043],[73.2208800616659,-0.599408607985458],[73.2208802970245,-0.599352250768425],[73.2208799691394,-0.599268350914218],[73.2208807803181,-0.599138687990581],[73.2208815223265,-0.598981905509279],[73.220880367093,-0.598956904964452],[73.2208319191531,-0.598954524559024],[73.2207604527824,-0.598948815179041],[73.2207342947396,-0.598942874046365],[73.2207358551133,-0.59892973959797],[73.220769230221,-0.598928478432227],[73.2208289834588,-0.598921321945359],[73.220897174572,-0.598917636359102],[73.2209098012916,-0.598920877303586],[73.2209134987574,-0.598928526040334],[73.2209156870534,-0.598941982966314],[73.2209220013115,-0.598942060217203],[73.220935168817,-0.598926414216476],[73.2209409539674,-0.598905108240316],[73.2209599236912,-0.598820581389446],[73.2209719413531,-0.59862345506687],[73.2209634855113,-0.598459466678719],[73.220931433622,-0.598251825237665],[73.2209177468903,-0.598155632591877],[73.2209172743765,-0.598131479108429],[73.2209058469078,-0.598128652264277],[73.2208725948692,-0.59812531520483],[73.2208292421736,-0.598119949860041],[73.2207569691157,-0.59811278349119],[73.2207151776921,-0.59810398407412],[73.2207042622631,-0.598089883987391],[73.2207084502089,-0.598082371785952],[73.2207248651241,-0.598083222444194],[73.220760221017,-0.598087237694753],[73.2207880005189,-0.598093071036371],[73.2208431382127,-0.598101157229956],[73.2208863543644,-0.598103078621651],[73.2208936280233,-0.598096725183824],[73.220892812353,-0.598084416240166],[73.2208827125943,-0.598067907901284],[73.2208754551051,-0.598037819571666],[73.2208708853752,-0.597970868187121],[73.2208711979889,-0.59789417240808],[73.2208690599986,-0.59771959253898],[73.2208696537849,-0.597463231793019],[73.2208677403734,-0.597287805743211],[73.2208686072477,-0.597180861728921],[73.2208663300184,-0.597128056234744],[73.2208737689673,-0.597094792527917],[73.2208872418999,-0.597082859955642],[73.2209049234397,-0.597077115541328],[73.220924749258,-0.597075107915699],[73.2209550009235,-0.597073422767717],[73.2209718506233,-0.597072370897624],[73.220994159385,-0.597072912552333],[73.2210290966631,-0.597072795777683],[73.2210610856703,-0.597074277917449],[73.2211028986536,-0.597075597470924],[73.221140219162,-0.597075134863673],[73.2211684217704,-0.597074135991316],[73.2211928379798,-0.59706637676524],[73.221222724031,-0.597063467279998],[73.2212346186237,-0.597063768199287],[73.2212642612314,-0.597062896880772],[73.2213069096478,-0.597058823242162],[73.2213149073488,-0.597058492680066],[73.2213199576773,-0.597061432706368],[73.221326512684,-0.597065916852772],[73.2213325951767,-0.597073022140864],[73.2213390774198,-0.597080012450823],[73.2213814222057,-0.597081473032166],[73.2213823735216,-0.597082939003099],[73.2213802076834,-0.599296814273603],[73.2215692868811,-0.599299656387662],[73.2215697207674,-0.599240403159425],[73.2224752082007,-0.599241352626777],[73.222478277744,-0.596462819786996],[73.2220604344745,-0.596464114189166],[73.2220598586543,-0.596425705207151],[73.2220563552247,-0.596425865098609],[73.2219427057649,-0.596428797040844],[73.2216055428859,-0.596438209976671],[73.2213795052009,-0.596445960220974],[73.2213780903543,-0.596460839109125],[73.2213763763687,-0.596494736097759],[73.2213733562328,-0.596501091333961],[73.2213466547093,-0.596506512372883],[73.2211694413582,-0.596520730136625],[73.2209838098946,-0.596534919155785],[73.2209042523981,-0.596543592818061],[73.2208875572086,-0.596520001642432],[73.2208957354709,-0.596499664886585],[73.2210137112172,-0.596485234233599],[73.221136623206,-0.596475437738017],[73.2212843718157,-0.596459992941966],[73.2213285698259,-0.596455793545572],[73.2213364812886,-0.596448112467799],[73.2213491924499,-0.596368031100637],[73.2213722180673,-0.596307020831238],[73.2214081893062,-0.596255159406922],[73.2214646044044,-0.596219261976996],[73.2215306934598,-0.596206771579219],[73.2216123548107,-0.596198894678982],[73.2216927531303,-0.596193033489089],[73.2217381746461,-0.596184256525616],[73.2217462271443,-0.596166037881328],[73.2217820115336,-0.596121964427643],[73.2218338021047,-0.596069935923968],[73.2219003852336,-0.595996593347992],[73.221951279286,-0.59594229312666],[73.2219929566236,-0.595924153529029],[73.2220712456989,-0.595935605531133],[73.2221214812862,-0.595933952720398],[73.2221543470492,-0.595971251448239],[73.2222168590132,-0.596015288972432],[73.222275367186,-0.596015238669517],[73.2223536652444,-0.595994663871161],[73.2224631096904,-0.595979842470825],[73.2225797083194,-0.595973945350028],[73.2227009350687,-0.595968946495911],[73.2228360515689,-0.595968518022703],[73.2229728497153,-0.595973600415616],[73.2230852370421,-0.595969083930732],[73.2231378549616,-0.59596202355454],[73.2231883654334,-0.595961409140114],[73.2232278607632,-0.595940244180359],[73.2232519401044,-0.595913073409325],[73.2232873687609,-0.595844922812832],[73.2232957814835,-0.595736025040403],[73.2232897960088,-0.595663139677737],[73.2233547738482,-0.595565701988947],[73.223390984039,-0.595479616593869],[73.2234458782894,-0.595372084179737],[73.2234705810614,-0.595347080923692],[73.2234966726288,-0.595363203016],[73.2235539177703,-0.595367787769683],[73.2235825497733,-0.595337393116366],[73.2236034814178,-0.595274252146669],[73.2236137689244,-0.595202644113299],[73.223628435718,-0.595091206029594],[73.2236129936783,-0.595048403614895],[73.223582087141,-0.595011103982555],[73.2235960667234,-0.594925514422148],[73.2236336387602,-0.594847119079771],[73.2236978350653,-0.594743764492578],[73.2237401726646,-0.594719937065068],[73.2237789071214,-0.594690081368305],[73.223783937687,-0.594717944709103],[73.2238285597021,-0.594740755298537],[73.223880193068,-0.594700178786483],[73.2238820570722,-0.594613584958824],[73.2238588661648,-0.594510338159306],[73.2238668306281,-0.594382371949815],[73.2239136454309,-0.5943230638743],[73.2240126559449,-0.594261294546696],[73.2240848023402,-0.594203201825117],[73.2241533878139,-0.594165934524693],[73.2242046187345,-0.594194386233032],[73.2242749110072,-0.594200193529036],[73.2243154843153,-0.594187174945741],[73.2243859221151,-0.594088467081346],[73.2244778467181,-0.594041759892247],[73.2245978212159,-0.594006087912938],[73.2247841228227,-0.593945372248993],[73.2248811633312,-0.593911750114403],[73.2249935057423,-0.593952682345978],[73.2250309618964,-0.59397152170009],[73.2249942989547,-0.594041205661498],[73.2248920194714,-0.594088683563713],[73.2247630330747,-0.594103419633725],[73.2246657437328,-0.594144915077274],[73.2245782963331,-0.594191497406421],[73.224584276418,-0.594241304513572],[73.224617125113,-0.594328376225094],[73.2246498857731,-0.594409822987638],[73.2246849236624,-0.59447416405181],[73.2246700439681,-0.594558598447975],[73.224586270678,-0.594585500643837],[73.2244891735755,-0.594635967973646],[73.2243791398347,-0.594700006319239],[73.2242812396384,-0.594808785540907],[73.2242069318964,-0.594860476308121],[73.2241271471261,-0.595005348786899],[73.2240944798908,-0.595062510895556],[73.2240183701284,-0.595184554816191],[73.2239816020838,-0.595283553699394],[73.2239584084815,-0.595415373452488],[73.2239036408935,-0.595567924300873],[73.2238247517436,-0.595673907201116],[73.2237381658283,-0.595727592112339],[73.2237331325678,-0.595778540902646],[73.2237679135389,-0.595859486410968],[73.2238256868898,-0.595836198846535],[73.2239443911698,-0.595813242742462],[73.2240824748054,-0.595750310176104],[73.2241914494325,-0.595721908778746],[73.2243447154947,-0.595730515072281],[73.224582569619,-0.595630419413422],[73.2247871905693,-0.595464585896037],[73.2249495933963,-0.595349690388712],[73.2251218875729,-0.595269334135929],[73.225064245376,-0.595192979660646],[73.2250369033537,-0.595136224468173],[73.2250778925818,-0.595094641900224],[73.2252592786073,-0.594896814795933],[73.2253084811321,-0.594880749293071],[73.2254225186642,-0.59482483307866],[73.2255014814759,-0.594732484057011],[73.2255503839634,-0.594578682797954],[73.2255781275326,-0.594432503329617],[73.2256454338053,-0.594208310269419],[73.2256876941495,-0.59407702226157],[73.2257231731116,-0.593938895743775],[73.2257650992826,-0.593823603170686],[73.2257775445425,-0.593733400990547],[73.2257925068819,-0.593674100992496],[73.2258068008747,-0.593618153326508],[73.2258226875805,-0.593576209643724],[73.2257729397784,-0.593558396109282],[73.2257424464661,-0.593584032651714],[73.225691086188,-0.593603579841554],[73.225639990913,-0.593624880448595],[73.2255828912985,-0.593660237138641],[73.2255734994123,-0.593686724339507],[73.2255926191548,-0.593713002244022],[73.2255908557619,-0.593766216482413],[73.2255631301589,-0.593813417720721],[73.2255430734736,-0.593865955563105],[73.2254977732304,-0.593949294981033],[73.2254711786065,-0.594036698157661],[73.2254535536606,-0.594108304409627],[73.2254288419054,-0.594172280780929],[73.2253768977224,-0.594170238121808],[73.225335907596,-0.594160809013293],[73.2253287713794,-0.594099788838539],[73.2253432135942,-0.59401207935386],[73.225368491288,-0.593925222323202],[73.2254119365101,-0.593849494819697],[73.2254469438567,-0.593751938527692],[73.2255010098604,-0.593693057122264],[73.2255228613797,-0.593647300296365],[73.225518830639,-0.593616789757095],[73.2255149750698,-0.593589246193832],[73.225531874177,-0.593531199276795],[73.2255690572432,-0.593483948631407],[73.2256018987517,-0.59345425641256],[73.2256667427421,-0.593447766432783],[73.2256375196476,-0.593395214214178],[73.2255938965591,-0.593353249869556],[73.225553539745,-0.59330885391554],[73.2255181910385,-0.593280813608998],[73.2254694439596,-0.593248122973381],[73.2254117990679,-0.593176916439176],[73.2252902120942,-0.5931103494539],[73.225199190298,-0.593091352001831],[73.2250779680403,-0.59308177557566],[73.2250038785889,-0.593106062923031],[73.2248948581477,-0.593107934013491],[73.2247972022932,-0.593111880101107],[73.2247134379862,-0.593114972834936],[73.2245505365943,-0.593128290543725],[73.2243388063767,-0.593148665039194],[73.2241569577188,-0.59317942619756],[73.2239940410555,-0.593239048678806],[73.2238576525409,-0.593270682054067],[73.2237456847272,-0.59327817000884],[73.2236808560081,-0.593296569214361],[73.2236261360309,-0.59327888323296],[73.2236151774828,-0.593246251882972],[73.2236194256157,-0.593220756366906],[73.2236051181482,-0.593208477055164],[73.2235891245429,-0.593205749916109],[73.2235613423461,-0.593207247327449],[73.2235441512865,-0.593214449633336],[73.2235253172083,-0.593238595952165],[73.223502400287,-0.593246234815861],[73.2234573569621,-0.593262709035062],[73.2234081993531,-0.593271185981926],[73.2233942476184,-0.593294910114983],[73.2233686869553,-0.593322444697084],[73.2233365587092,-0.593360146764449],[73.2233062064324,-0.593383794544435],[73.2232813913709,-0.59340716386149],[73.2232576066772,-0.593459699911173],[73.2232497787578,-0.593459615474062],[73.2232026333751,-0.593467646880163],[73.223165590446,-0.593474586891723],[73.2231580616656,-0.593530855240508],[73.2231529403702,-0.593546531797663],[73.2231335699977,-0.593565922689156],[73.2230961030638,-0.593581070166879],[73.2230607453743,-0.593583293377922],[73.2230060289903,-0.593570613439836],[73.2229643615342,-0.593561306494621],[73.2229146909871,-0.593564288741362],[73.2228502844762,-0.593583038270071],[73.2228038020502,-0.59361548816813],[73.2227025080187,-0.593683664841902],[73.2225812624048,-0.593745426091558],[73.2224739119317,-0.59379248001427],[73.2223807296873,-0.593825100581847],[73.2222937296487,-0.59387978528228],[73.22220532195,-0.593922991027902],[73.2221337504764,-0.59397112556432],[73.2221242975046,-0.593999173951749],[73.2221282671599,-0.59400441713628],[73.2221400009541,-0.594024602992466],[73.2221341115991,-0.594049600864888],[73.2221189866647,-0.594067435057924],[73.2220794149781,-0.594082587923863],[73.2220301702325,-0.594073676216993],[73.221994393928,-0.594065172323324],[73.221962391446,-0.594064300106061],[73.2219379941012,-0.59405434281638],[73.2219068504086,-0.594039012991731],[73.2218677081168,-0.594028577823951],[73.221836142216,-0.594019800857056],[73.2218146742773,-0.594020374849685],[73.2218037004578,-0.594020679362174],[73.2217797352027,-0.594031177408668],[73.2217439553049,-0.594034732749455],[73.2217077576906,-0.594029204814329],[73.2216543025412,-0.594022775019094],[73.2216080042698,-0.594012134148151],[73.2215663790345,-0.594003653609333],[73.2215195660284,-0.593998553249239],[73.2215092416908,-0.59399515959649],[73.2214993386632,-0.593990915284864],[73.2214897338761,-0.593985792468081],[73.2214674287077,-0.59397396229155],[73.2214585928785,-0.593963670846369],[73.2214550589062,-0.593962577655413],[73.2213913593694,-0.593944993180283],[73.2216201351194,-0.593102505785077],[73.2216273773372,-0.593100872735421],[73.2216276495268,-0.59309983793165],[73.2216465878096,-0.593095819982683],[73.2215674740808,-0.592724428719799],[73.2220625544985,-0.592613346299903],[73.221535745585,-0.59025646504387],[73.2257859617567,-0.589642024809368],[73.2259275497203,-0.589377374474113],[73.2363619003602,-0.589801742196395]]]},"properties":{"OBJECTID":1560,"FCODE":"LD0299","atoll":"Seenu","islandName":"Addu Hulhudhoo","capital":"N","islandNa_1":"އައްޑޫ ހުޅުދޫ","longitude":"73° 13' 40.418\" E","latitude":"0° 35' 50.624\" S","Area_ha":146.97394468,"category":"Residential Island","Sector":" ","Usage":" ","PrimAgency":" ","Shape__Area":1469739.4469909668,"Shape__Length":10094.357499348267}},{"type":"Feature","id":1561,"geometry":{"type":"Polygon","coordinates":[[[72.9363101478596,4.12162618481426],[72.9363172867711,4.1215309184598],[72.9363477450492,4.12142065139218],[72.9363578978085,4.12134638976109],[72.9363421045275,4.12126537771633],[72.9363217990088,4.1212631269834],[72.9362778031195,4.12126087714647],[72.9362574976008,4.12122712152785],[72.9362236553691,4.12122374632432],[72.9361841717174,4.12124624917434],[72.9361356635904,4.12124399933736],[72.9360916685993,4.12124287397088],[72.936033007713,4.12126087714647],[72.9359269669836,4.12128000479212],[72.935573875178,4.12145665683896],[72.9353076450705,4.12155004609893],[72.9350842834667,4.12161418120941],[72.9349680899779,4.1216344342125],[72.9347932356028,4.12166818981381],[72.9346048445147,4.12167944168062],[72.9344209656642,4.12167944168062],[72.9342393433818,4.12168619208381],[72.9341457119797,4.12168169151637],[72.934026133639,4.12167831631473],[72.9339505520859,4.12164118551208],[72.9338524084462,4.12159955413976],[72.9337249339141,4.12155454756312],[72.9336290459441,4.1215129161863],[72.933548951255,4.12148816171556],[72.9334756253716,4.12146453350624],[72.9334000438186,4.12146003293751],[72.9333289736049,4.1214667833426],[72.9332127801161,4.12149828821877],[72.9331315580414,4.12150053895103],[72.9330153645526,4.12150841472183],[72.9329138360609,4.12152079195699],[72.9328202046589,4.1215432956946],[72.9326814499818,4.12155004609893],[72.932581049774,4.12154779626281],[72.9325223888877,4.12153541902809],[72.9324129642046,4.1215174167547],[72.9323520467502,4.12149491301639],[72.9322753369132,4.12146115740771],[72.9321963705081,4.12143527846514],[72.9321151484334,4.12143190326249],[72.9320260283707,4.12141502545701],[72.931992186139,4.12139139724551],[72.9319662400986,4.12135764163244],[72.9319527024873,4.12131488487889],[72.9318838897399,4.12129575723407],[72.9318709566948,4.12130218149931],[72.9318579454962,4.12130690069106],[72.9318416805997,4.12132223828801],[72.9318206842765,4.12134082116887],[72.9318017576718,4.12136058317514],[72.9317766219119,4.12139125836669],[72.9317630187235,4.12141426565559],[72.9317568086699,4.12142901368758],[72.931746753827,4.1214520200794],[72.9317402482277,4.12147355166743],[72.9317381776109,4.12149095452307],[72.9317325586488,4.12151691051916],[72.9317210260772,4.12153667252105],[72.9317115623257,4.12155702498122],[72.9316938197005,4.12158386621525],[72.9316766672685,4.12160362821548],[72.9316482778106,4.12161719622252],[72.9316101299537,4.12164816708152],[72.9315861763767,4.12166674905879],[72.9315548296648,4.12169417985178],[72.9315308760878,4.12171895671591],[72.9314888843398,4.12177234349486],[72.931447482785,4.1218257311662],[72.9313788748535,4.12193368562316],[72.9313398394611,4.12202040327408],[72.9313223923817,4.12206169683554],[72.9313076061121,4.12209709208308],[72.9312999174316,4.12213042206884],[72.9313046488582,4.12214635010826],[72.9313067185766,4.12216316249086],[72.9313185475923,4.12217525568656],[72.9313354044786,4.12219265763084],[72.9313498943041,4.12220504650321],[72.9313732567897,4.12222067886399],[72.931405194593,4.12222628328971],[72.9314318098782,4.12222628328971],[72.9314681835624,4.12221772926055],[72.9314909540582,4.12221654924],[72.9315350164229,4.12221006047078],[72.9315604486269,4.12220947090844],[72.9315867683664,4.12221006047078],[72.9316465036379,4.12221654924],[72.9316849479388,4.12222569283145],[72.9317047611807,4.12223778602619],[72.9317443876645,4.12224781485676],[72.9317786916303,4.12226344811272],[72.9318236415305,4.12227996571171],[72.9318526220798,4.12229618763325],[72.9318718442303,4.12230562690091],[72.9318898832995,4.12231595051179],[72.9319289186919,4.1223330576719],[72.9319546464416,4.12234308650132],[72.9319723899651,4.12234839524905],[72.9320194284483,4.12235991679956],[72.9320582419568,4.12237696930327],[72.9320928962655,4.1224129173633],[72.9321252410056,4.12242996986589],[72.9321589718462,4.12244517841847],[72.9321880826513,4.12245716050696],[72.9322250474269,4.12247928252587],[72.9322680192369,4.12249633502702],[72.9323091432123,4.12252076063767],[72.9323437984193,4.12254196068009],[72.932372446592,4.12256039569393],[72.9324010947647,4.12257837016799],[72.9324320534044,4.12260694331794],[72.9324676320795,4.12263229179578],[72.9324948941518,4.12265533488839],[72.9325286249924,4.1226714654112],[72.9325452590965,4.12267930085084],[72.9325674385009,4.12269174347509],[72.9326039415424,4.12271939643846],[72.9326427550509,4.12273921396187],[72.9326797207248,4.12276225705139],[72.9327208447002,4.12279129162992],[72.9327462580396,4.1227995876076],[72.9327776784133,4.1228046571228],[72.9328049404856,4.12283138721189],[72.93284329226,4.12285120473251],[72.9328636229315,4.12286503076357],[72.9328978155062,4.12288991779801],[72.9329246158443,4.12290789226465],[72.9329444847818,4.1229249438606],[72.9329842217584,4.12294660532735],[72.9330276562007,4.1229650403318],[72.9330539939065,4.12298716144057],[72.9330835664456,4.12300928344474],[72.9331038971172,4.12302449198623],[72.9331413245252,4.12304569201524],[72.9331593447298,4.12306873599185],[72.9332004687052,4.12309224050684],[72.9332249585764,4.123112979099],[72.9332420553129,4.12312726656049],[72.9332716269538,4.12314754461274],[72.9333076682613,4.12316413566458],[72.9333432469364,4.12318118815104],[72.9333788265099,4.12319777920216],[72.9334633849276,4.12322220568725],[72.9335128255059,4.12323372722508],[72.933561342616,4.12325538778744],[72.9336394313671,4.12326460573414],[72.9336805553425,4.12326414429921],[72.9337429343558,4.12326322322133],[72.9337877548986,4.12326322322133],[72.9338427407771,4.12326045819571],[72.933869540217,4.12326184070853],[72.9339143607598,4.12326783129864],[72.9339439332989,4.12327244027196],[72.9339799746064,4.12328350127011],[72.9340271047178,4.12329732729363],[72.9340733113611,4.12330055375402],[72.9341278355056,4.12330562326602],[72.9341832831181,4.12330470129219],[72.9342239453595,4.12330931026528],[72.9342692276364,4.12330700577876],[72.9343279100823,4.12330101429291],[72.9343764271924,4.123289953295],[72.9344300269705,4.12328027480966],[72.9344637578111,4.12326829273358],[72.9345034947877,4.12325170078794],[72.9345289090254,4.12324017925037],[72.9345483153305,4.12323326668611],[72.9345765017692,4.12322451017401],[72.9346386876447,4.12321980174554],[72.9347029881544,4.12321867727784],[72.9347864676955,4.12320067414658],[72.9349139413292,4.1231736698969],[72.9349726022156,4.12316129358346],[72.9350278791483,4.12315004173767],[72.9351034607014,4.12313766452789],[72.9351700177791,4.12312528821391],[72.9352038609091,4.12311178563989],[72.9352298069494,4.12310278452109],[72.9352602652275,4.12308703211496],[72.9353211826818,4.12307803099587],[72.9353505126759,4.12307352954031],[72.9353922519972,4.12304427545442],[72.9354464006459,4.12300489488358],[72.9355485148392,4.12295475704893],[72.9355889462135,4.12291515068403],[72.9356171030078,4.12288058516018],[72.9356459820475,4.12284241954451],[72.9356986871036,4.12278337107227],[72.9357492254231,4.12272000123221],[72.9357744941338,4.12268039485561],[72.9358178126934,4.12261630552668],[72.9358712390966,4.1225594163758],[72.9359457220101,4.12248204128225],[72.9359950754518,4.12244336314057],[72.9360497172756,4.12237128244744],[72.936125510831,4.12230271672139],[72.936169576789,4.12224470039104],[72.9362171686344,4.12221481280878],[72.9362859113132,4.12220602223778],[72.9363476040136,4.12219195786158],[72.9363846199932,4.12215503764091],[72.936404008332,4.12212515095127],[72.9364304484458,4.1220776822198],[72.9364427868062,4.12201966587303],[72.9364163332177,4.12197180648289],[72.9363961175306,4.1219509236063],[72.9363802344181,4.1219336408236],[72.936369404329,4.12190627634222],[72.9363762467965,4.12184045141485],[72.9363597222869,4.12176628211011],[72.9363184105636,4.1216756310269],[72.9363101478596,4.12162618481426]]]},"properties":{"OBJECTID":1561,"FCODE":"LD1786","atoll":"Alifu Alifu","islandName":" ","capital":"N","islandNa_1":" ","longitude":"72° 56' 2.220\" E","latitude":"4° 7' 20.106\" N","Area_ha":8.25100146724,"category":"Tourism Island","Sector":"Tourism","Usage":"Resort","PrimAgency":"MoT","Shape__Area":82510.01953125,"Shape__Length":1395.5973134645344}}]}