{"type":"FeatureCollection","name":"ProtectedAreaEPA_25","crs":{"type":"name","properties":{"name":"urn:ogc:def:crs:OGC:1.3:CRS84"}},"features":[{"type":"Feature","properties":{"OBJECTID":"1","Atoll":"K","Name_Engli":"K. Kaashidhoo Wetland Area","Name_Dhive":"ކ. ކާށިދޫ  ޗަސްބިން ސަރަޙައްދު","About_PA":"ކ. ކާށިދޫ ޗަސްބިން ސަރަޙައްދަކީ ޙިމާޔަތްކޮށްފައިވާ، ކަންޒުކަހަނބު  ރާއްޖެއިން ފެންނަ ތިން ރަށުގެ ތެރެއިން އެންމެ ގިނަ އަދަދަކަށް ކަންޒު","Category":"Category 7: Protected Area with Sustainable Use","Type":"Wetland","Area_Ha":"43","Original_D":"(IUL)438-ENV/438/2021/24","Date_Decla":"2021-02-13","Amended_De":"-","Amended_Da":null,"Internatio":null,"Manag_Plan":null,"AmendManag":null,"PA_HandOve":null,"HandOver_D":null,"Related_Li":"https://drive.google.com/drive/folders/1lsMy1TnuJ3z3vgzNn4Ay04GqZMUr3xxD?usp=drive_link","Manag_Pl_1":null,"Date_Manag":null,"ManagPlanA":null,"HandOver_1":null,"Shape_Leng":2859.10077,"Shape_Le_1":2859.10077,"Shape_Area":427446.17209},"geometry":{"type":"MultiPolygon","coordinates":[[[[73.46928806972596,4.964741953156717],[73.46950806057363,4.965087387121047],[73.4698127600327,4.964939553494946],[73.47004475999668,4.964746815994361],[73.47042309964107,4.964343496557642],[73.47084426002576,4.963647505485199],[73.47136565918642,4.962522316349189],[73.47163334997887,4.961552686819597],[73.47171068034463,4.960362957588559],[73.47172257976342,4.959833527690289],[73.47158575957536,4.959107790481908],[73.47121693978244,4.958096519802321],[73.4705923394742,4.956990069398884],[73.47017593054865,4.956276232384617],[73.46974762981814,4.955693264349168],[73.46888296993943,4.954688389268039],[73.46587626971777,4.957296970572796],[73.46667618030523,4.958257855508774],[73.46571732998957,4.959060994318619],[73.46945549966308,4.963744597619509],[73.46928806972596,4.964741953156717]]]]}},{"type":"Feature","properties":{"OBJECTID":"2","Atoll":"K","Name_Engli":"K. Maldives Victory Wreck","Name_Dhive":"ކ. 'މޯލްޑިވްސް ވިކްޓްރީ' އޭ ކިޔާ އާގުބޯޓު ފެތިފައިވާ ސަރަހައްދު","About_PA":"ސިންގަޕޫރުން ރާއްޖެއަށް ކުރި ދަތުރެއްގައި، 13 ފެބުރުއަރީ 1981 ވަނަ ދުވަހު މާލެއަތޮޅު ހުޅުލޭ ފަރުގައި ޖެހުމަށްފަހު، އެފަރުގައި ހުޅަނގު ދެކ","Category":"Category 7: Protected Area with Sustainable Use","Type":"MPA","Area_Ha":"5","Original_D":"(IUL)438-ENV/438/2021/24","Date_Decla":"2021-02-13","Amended_De":"-","Amended_Da":null,"Internatio":null,"Manag_Plan":null,"AmendManag":null,"PA_HandOve":null,"HandOver_D":null,"Related_Li":"https://drive.google.com/drive/folders/1lsMy1TnuJ3z3vgzNn4Ay04GqZMUr3xxD?usp=drive_link","Manag_Pl_1":null,"Date_Manag":null,"ManagPlanA":null,"HandOver_1":null,"Shape_Leng":968.2705,"Shape_Le_1":968.2705,"Shape_Area":47460.39404},"geometry":{"type":"MultiPolygon","coordinates":[[[[73.52482481001083,4.180773121270797],[73.52593881981491,4.1809951903068],[73.52680474007987,4.177998376816777],[73.52551219008146,4.177687633064444],[73.52482481001083,4.180773121270797]]]]}},{"type":"Feature","properties":{"OBJECTID":"3","Atoll":"K","Name_Engli":"K. Lions Head (Thilafalhu Miyaruvani)","Name_Dhive":"ކ.  ތިލަފަޅުގެ މިޔަރުވަނި / ލަޔަންސް ހެޑް","About_PA":"ކ. އަތޮޅު ދެކުނު ތިލަފަޅުގެ ދެކުނު ފަރާތުގައިވާ ލަޔަންސް ހެޑް އަކީ ދިރުންތަކުގެ ނަސްލުތައް މުއްސަނދި ސަރަޙައްދެކެވެ. މި ސަރަޙައްދުގައި","Category":"Not Assigned","Type":"MPA","Area_Ha":"150","Original_D":"E/95/32","Date_Decla":"1995-09-27","Amended_De":"-","Amended_Da":null,"Internatio":null,"Manag_Plan":null,"AmendManag":null,"PA_HandOve":null,"HandOver_D":null,"Related_Li":"https://drive.google.com/drive/folders/1lsMy1TnuJ3z3vgzNn4Ay04GqZMUr3xxD?usp=drive_link","Manag_Pl_1":null,"Date_Manag":null,"ManagPlanA":null,"HandOver_1":null,"Shape_Leng":4941.03942,"Shape_Le_1":4941.03942,"Shape_Area":1497672.03488},"geometry":{"type":"MultiPolygon","coordinates":[[[[73.42154791846035,4.181292497588482],[73.42525319842575,4.181705720311539],[73.42939708771941,4.181657057237007],[73.43234651836018,4.18138963753161],[73.43563723638468,4.180806199479815],[73.43488152562891,4.17222453075223],[73.42127991465085,4.173148218633176],[73.42154791846035,4.181292497588482]]]]}},{"type":"Feature","properties":{"OBJECTID":"4","Atoll":"K","Name_Engli":"K. Guraidhoo Kanduolhi","Name_Dhive":"ކ. ގުރައިދޫ ކަނޑުއޮޅި","About_PA":"ކ. ގުރައިދޫ ކަނޑުއޮޅިއަކީ ކ. ގުރައިދޫ ގެ ދެކުނަށް އޮންނަ، ފުންމިނުގައި 10 މީޓަރާއި 30 މީޓަރު ހުންނަ ކަނޑު އޮޅިއެކެވެ. މިއީ ޑައިވަރުން މެދުގ","Category":"Category 7: Protected Area with Sustainable Use","Type":"MPA","Area_Ha":"351","Original_D":"E/95/32","Date_Decla":"1995-09-27","Amended_De":"(IUL)438-/ENV/438/2020/150","Amended_Da":"2020-09-03","Internatio":null,"Manag_Plan":null,"AmendManag":null,"PA_HandOve":null,"HandOver_D":null,"Related_Li":"https://drive.google.com/drive/folders/1lsMy1TnuJ3z3vgzNn4Ay04GqZMUr3xxD?usp=drive_link","Manag_Pl_1":null,"Date_Manag":null,"ManagPlanA":null,"HandOver_1":null,"Shape_Leng":10363.97972,"Shape_Le_1":10363.97972,"Shape_Area":3511777.93706},"geometry":{"type":"MultiPolygon","coordinates":[[[[73.45128600012686,3.900766999534004],[73.46275400005223,3.897257000256802],[73.46247300003859,3.896226000021236],[73.47002099965808,3.894386999401546],[73.47398600011283,3.898500999966025],[73.48149532856044,3.895979841147171],[73.4766243977714,3.880996994988616],[73.46703400024154,3.883256000270075],[73.46785999944753,3.88714500023463],[73.46764899957427,3.888579999925847],[73.4664859998864,3.889745000059742],[73.46436999952194,3.890608000024137],[73.46189900031318,3.890035000276337],[73.46040899994384,3.890661000044445],[73.45981200032752,3.89146700009136],[73.44791699983844,3.895369000176528],[73.45128600012686,3.900766999534004]]]]}},{"type":"Feature","properties":{"OBJECTID":"5","Atoll":"K","Name_Engli":"K. Hans Hass Place (Gulhi Falhu)","Name_Dhive":"ކ. ހާންސް ހާސް ޕެލޭސް / ގުޅީފަޅު ކޮއްލަވާނި","About_PA":"ކ. ގުޅިފަޅު ދެކުނު އުރަފަށުގައި މެދެއްހާތަނުގައި އޮންނަ ކޮށްލަވާނި /ހާންސް ހާސް ޕްލޭސް އަކީ ތިމާވެށި ގޮތުންނާއި ތާރީޚީ ގޮތުން ޚާއްސަ ސަރ","Category":"Category 7: Protected Area with Sustainable Use","Type":"MPA","Area_Ha":"11","Original_D":"E/95/32","Date_Decla":"1995-09-27","Amended_De":"(IUL)438-/ENV/438/2020/102","Amended_Da":"2020-05-05","Internatio":null,"Manag_Plan":null,"AmendManag":null,"PA_HandOve":null,"HandOver_D":null,"Related_Li":"https://drive.google.com/drive/folders/1lsMy1TnuJ3z3vgzNn4Ay04GqZMUr3xxD?usp=drive_link","Manag_Pl_1":null,"Date_Manag":null,"ManagPlanA":null,"HandOver_1":null,"Shape_Leng":1405.16126,"Shape_Le_1":1405.16126,"Shape_Area":107804.87699},"geometry":{"type":"MultiPolygon","coordinates":[[[[73.45961237981355,4.17523619458031],[73.46380294042889,4.17431955541746],[73.46334395994559,4.172324389031426],[73.45915341018413,4.17324105664034],[73.45961237981355,4.17523619458031]]]]}},{"type":"Feature","properties":{"OBJECTID":"6","Atoll":"K","Name_Engli":"K. Giravaru Kuda Haa","Name_Dhive":"ކ. ގިރާވަރު ކުޑަހުރާ","About_PA":"ކ. ގިރާވަރު ތިލަ އަކީ ފަރުގައި ދިރިއުޅޭ ގިނަ އަދަދެއްގެ މަސްމަހާމެއްސަށް ހިމާޔަތާއި ރައްކާތެރިކަން ފޯރުކޮށްދޭ ސަރަޙައްދެކެވެ. މި ސަރަޙަ","Category":"Not Assigned","Type":"MPA","Area_Ha":"258","Original_D":"E/95/32","Date_Decla":"1995-09-27","Amended_De":"-","Amended_Da":null,"Internatio":null,"Manag_Plan":null,"AmendManag":null,"PA_HandOve":null,"HandOver_D":null,"Related_Li":"https://drive.google.com/drive/folders/1lsMy1TnuJ3z3vgzNn4Ay04GqZMUr3xxD?usp=drive_link","Manag_Pl_1":null,"Date_Manag":null,"ManagPlanA":null,"HandOver_1":null,"Shape_Leng":6432.47149,"Shape_Le_1":6432.47149,"Shape_Area":2579173.96524},"geometry":{"type":"MultiPolygon","coordinates":[[[[73.40529568860629,4.216736985593108],[73.41657185874328,4.226751227949317],[73.42634443874229,4.215773053269225],[73.41565913527062,4.206830311345629],[73.40529568860629,4.216736985593108]]]]}},{"type":"Feature","properties":{"OBJECTID":"7","Atoll":"K","Name_Engli":"K. Embudhoo Kanduolhi","Name_Dhive":"ކ. އެނބޫދޫ ކަނޑުއޮޅި","About_PA":"ކ. އެނބުދޫ ކަނޑުއޮޅި އަކީ ވަށައިގެންވާ ފަރާއި މެދުގައިވާ ތިލައިގައި ހޮހޮޅަތަކާއި ގިނަ ހަރު އަދި މަޑު މުރަކަތަކުން ފުރިފައިވާ ސަރަޙައްދަ","Category":"Not Assigned","Type":"MPA","Area_Ha":"631","Original_D":"E/95/32","Date_Decla":"1995-09-27","Amended_De":"-","Amended_Da":null,"Internatio":null,"Manag_Plan":null,"AmendManag":null,"PA_HandOve":null,"HandOver_D":null,"Related_Li":"https://drive.google.com/drive/folders/1lsMy1TnuJ3z3vgzNn4Ay04GqZMUr3xxD?usp=drive_link","Manag_Pl_1":null,"Date_Manag":null,"ManagPlanA":null,"HandOver_1":null,"Shape_Leng":17686.5662,"Shape_Le_1":17686.5662,"Shape_Area":6306581.41769},"geometry":{"type":"MultiPolygon","coordinates":[[[[73.51593583293761,4.096316960503411],[73.52183249212125,4.096852897569219],[73.52094380263199,4.089511520544652],[73.52338491342537,4.086639710890108],[73.52876749991263,4.087263980732885],[73.53421263721437,4.090572744631009],[73.53264796638973,4.097440339180951],[73.54704436804296,4.098377325553705],[73.54848295425384,4.074528160175409],[73.5394287322647,4.073706799404226],[73.53619011866992,4.085893172351839],[73.52262587498754,4.082307144454919],[73.52939340438706,4.075964479722971],[73.53070771410017,4.073280036568049],[73.51706334979171,4.072592902842343],[73.51593583293761,4.096316960503411]]]]}},{"type":"Feature","properties":{"OBJECTID":"8","Atoll":"K","Name_Engli":"K. Banana Reef (Gaathu Giri)","Name_Dhive":"ކ. ގާތުގިރި / ބަނާނާ ރީފް","About_PA":"މި ސަރަޙައްދަކީ މަސްމަހާމެހީގެ ނަސްލުތަކާއި މަޑު އަދި ހަރު މުރަކަ އާއި ދިރޭ ގައު މުއްސަނދި ސަރަޙައްދެކެވެ. މި ފަރުގެ ކޮންމެ ތަންނަކުންވ","Category":"Not Assigned","Type":"MPA","Area_Ha":"177","Original_D":"E/95/32","Date_Decla":"1995-09-27","Amended_De":"-","Amended_Da":null,"Internatio":null,"Manag_Plan":null,"AmendManag":null,"PA_HandOve":null,"HandOver_D":null,"Related_Li":"https://drive.google.com/drive/folders/1lsMy1TnuJ3z3vgzNn4Ay04GqZMUr3xxD?usp=drive_link","Manag_Pl_1":null,"Date_Manag":null,"ManagPlanA":null,"HandOver_1":null,"Shape_Leng":5572.92827,"Shape_Le_1":5572.92827,"Shape_Area":1774843.75563},"geometry":{"type":"MultiPolygon","coordinates":[[[[73.52150522453668,4.24118858415997],[73.5313975779187,4.24733884679447],[73.53205493391202,4.244529031147239],[73.5333384240263,4.243436359662244],[73.53668812221542,4.242687124641379],[73.53950566669091,4.239565169382931],[73.53092792738633,4.230698991131403],[73.52150522453668,4.24118858415997]]]]}},{"type":"Feature","properties":{"OBJECTID":"9","Atoll":"K","Name_Engli":"K. Nassimo Thila (Lankan Thila)","Name_Dhive":"ކ.  ލަންކަން ތިލަ / ނަސީމޯ ތިލަ","About_PA":"މި ސަރަޙައްދަކީ ކަނޑުގެ ދިރުންތައް މުއްސަނދި ސަރަޙައްދެކެވެ. އެގޮތުން މި ސަރަޙައްދަކީ ތަފާތު އެކި ބާވަތްތަކުގެ މަސްމަހާމެހި އުޅޭ ކަމަށ","Category":"Not Assigned","Type":"MPA","Area_Ha":"264","Original_D":"10-C/99/38","Date_Decla":"1999-10-21","Amended_De":"-","Amended_Da":null,"Internatio":null,"Manag_Plan":null,"AmendManag":null,"PA_HandOve":null,"HandOver_D":null,"Related_Li":"https://drive.google.com/drive/folders/1lsMy1TnuJ3z3vgzNn4Ay04GqZMUr3xxD?usp=drive_link","Manag_Pl_1":null,"Date_Manag":null,"ManagPlanA":null,"HandOver_1":null,"Shape_Leng":6500.56888,"Shape_Le_1":6500.56888,"Shape_Area":2638274.82549},"geometry":{"type":"MultiPolygon","coordinates":[[[[73.52678083840495,4.290622484133258],[73.53891106274926,4.299870395652901],[73.54735652258904,4.287897741481828],[73.53638559462152,4.279310901214576],[73.52678083840495,4.290622484133258]]]]}},{"type":"Feature","properties":{"OBJECTID":"10","Atoll":"K","Name_Engli":"K. Makunudhoo Kanduolhi","Name_Dhive":"ކ. މަކުނުދޫ ކަނޑުއޮޅި","About_PA":"ކ. އަތޮޅު މަކުނުދޫ ކަނޑުއޮޅިއަކީ މަސްމަހާމެހީގެ ދިރުންތައް މުއްސަނދި، ޑައިވަރުންގެ މެދުގައި މަޤުބޫލުކަން ލިބިފައިވާ ސަރަޙައްދެކެވެ. މި","Category":"Not Assigned","Type":"MPA","Area_Ha":"308","Original_D":"E/95/32","Date_Decla":"1995-09-27","Amended_De":"-","Amended_Da":null,"Internatio":null,"Manag_Plan":null,"AmendManag":null,"PA_HandOve":null,"HandOver_D":null,"Related_Li":"https://drive.google.com/drive/folders/1lsMy1TnuJ3z3vgzNn4Ay04GqZMUr3xxD?usp=drive_link","Manag_Pl_1":null,"Date_Manag":null,"ManagPlanA":null,"HandOver_1":null,"Shape_Leng":8035.29204,"Shape_Le_1":8035.29204,"Shape_Area":3083748.99801},"geometry":{"type":"MultiPolygon","coordinates":[[[[73.37340234612714,4.572069520744914],[73.39833031812124,4.562851357125407],[73.39545835476609,4.553747679842128],[73.37007106281607,4.563538482113572],[73.37340234612714,4.572069520744914]]]]}},{"type":"Feature","properties":{"OBJECTID":"11","Atoll":"K","Name_Engli":"K. Huraa Mangrove","Name_Dhive":"ކ. ހުރާ ކަނޑޫ ފައު","About_PA":"ކ. ހުރާ ކަނޑޫފަލުގެ މި ސަރަޙައްދު ހިމާޔަތްކުރުމުގެ ބޭނުމަކީ، މާލެއާ ކައިރި އެހެން ރަށެއްގައި މިފަދަ އެހެން މާހައުލެއް ނެތުމާއި އާންމު ގ","Category":"Not Assigned","Type":"Mangrove","Area_Ha":"5","Original_D":"174-AB1/2006/13","Date_Decla":"2006-06-14","Amended_De":"-","Amended_Da":null,"Internatio":null,"Manag_Plan":null,"AmendManag":null,"PA_HandOve":"K. Huraa Council","HandOver_D":"Agreement (AGR)203/334/2021/1","Related_Li":"https://drive.google.com/drive/folders/1lsMy1TnuJ3z3vgzNn4Ay04GqZMUr3xxD?usp=drive_link","Manag_Pl_1":null,"Date_Manag":null,"ManagPlanA":null,"HandOver_1":"2021-12-28","Shape_Leng":1051.36877,"Shape_Le_1":1051.36877,"Shape_Area":53433.9802},"geometry":{"type":"MultiPolygon","coordinates":[[[[73.60141013942079,4.336871180420093],[73.60250284341141,4.336357407054543],[73.60202510672143,4.335194510951097],[73.60174437870488,4.334415822846423],[73.60182047660322,4.334291110672971],[73.60187391237237,4.334230661080667],[73.60196014333903,4.334092747858954],[73.60203191289293,4.33389742655327],[73.60205184190585,4.3336906769902],[73.6020199559234,4.333498340079757],[73.60189022336726,4.333354921641455],[73.60167993079689,4.333271887208809],[73.60141504233117,4.333289406280394],[73.60114166377562,4.333441882044049],[73.60111509506199,4.333463015950595],[73.6008677740449,4.333665542920037],[73.60079932361343,4.333726507256614],[73.60070731760332,4.333850070155139],[73.6006671331183,4.333964961703362],[73.60045143426584,4.334200637628237],[73.6004458383891,4.334347074892892],[73.60049489589706,4.334444643227171],[73.60070740395909,4.3347696898712],[73.60041885895572,4.334906365018921],[73.60141013942079,4.336871180420093]]]]}},{"type":"Feature","properties":{"OBJECTID":"12","Atoll":"K","Name_Engli":"K. Rasfari Region","Name_Dhive":"ކ. ރަސްފަރީ ސަރަހައްދު","About_PA":"ކ. ރަސްފަރި ސަރަޙައްދުގެ ފަރަކީ ބޮޑުފަރެކެވެ. މިފަރުގެ ރީފްކްރެސްޓްގައި އެވަރޭޖްކޮށް 25 މީޓަރު ހުރެއެވެ. މި ސަރަޙައްދުގެ ކުޑަ ތިލައަކީ ހި","Category":"Not Assigned","Type":"Island/MPA","Area_Ha":"2424","Original_D":"E/95/32","Date_Decla":"1995-09-27","Amended_De":"-","Amended_Da":null,"Internatio":null,"Manag_Plan":null,"AmendManag":null,"PA_HandOve":null,"HandOver_D":null,"Related_Li":"https://drive.google.com/drive/folders/1lsMy1TnuJ3z3vgzNn4Ay04GqZMUr3xxD?usp=drive_link","Manag_Pl_1":null,"Date_Manag":null,"ManagPlanA":null,"HandOver_1":null,"Shape_Leng":21174.11366,"Shape_Le_1":21174.11366,"Shape_Area":24244618.1857},"geometry":{"type":"MultiPolygon","coordinates":[[[[73.35610248725669,4.4541873340087],[73.36479509480604,4.451356143400709],[73.3793406715261,4.428187554790533],[73.37366573226069,4.422352335738126],[73.37880902323853,4.406792414421624],[73.36799144362402,4.390525284068256],[73.35433516905876,4.380798793045674],[73.33358113697781,4.385040001142979],[73.35610248725669,4.4541873340087]]]]}},{"type":"Feature","properties":{"OBJECTID":"13","Atoll":"K","Name_Engli":"K. Thanburudhoo Region","Name_Dhive":"ކ. ތަނބުރުދޫ ސަރަޙައްދު","About_PA":"ކ. ތަނބުރުދޫއަކީ މާލެއާ 17 ކިލޯމީޓަރުން، ކ. އަތޮޅުގެ އިރު އުތުރުކޮޅުގައި އޮންނަ 3.5 ހެކްޓަރުގެ ގާމަތީ ރަށެކެވެ. މި ރަށުގެ ތިމާވެށީގެ ޚާއްސަ","Category":"Category 7: Protected Area with Sustainable Use","Type":"Island/MPA","Area_Ha":"316","Original_D":"E/95/32","Date_Decla":"1995-09-27","Amended_De":"(IUL)438-ENV/438/2020/209","Amended_Da":"2020-11-05","Internatio":null,"Manag_Plan":null,"AmendManag":null,"PA_HandOve":null,"HandOver_D":null,"Related_Li":"https://drive.google.com/drive/folders/1lsMy1TnuJ3z3vgzNn4Ay04GqZMUr3xxD?usp=drive_link","Manag_Pl_1":null,"Date_Manag":null,"ManagPlanA":null,"HandOver_1":null,"Shape_Leng":9314.41058,"Shape_Le_1":9314.41058,"Shape_Area":3162890.01317},"geometry":{"type":"MultiPolygon","coordinates":[[[[73.58254806898213,4.317029981784],[73.57475773513981,4.327225079216794],[73.579714232476,4.330948705060466],[73.58802242677189,4.320283714187136],[73.58630529291004,4.318943090804351],[73.59485159135384,4.307403437532456],[73.58495573375444,4.3006927619662],[73.57617340983582,4.314104623420825],[73.58254806898213,4.317029981784]]]]}},{"type":"Feature","properties":{"OBJECTID":"14","Atoll":"Lh","Name_Engli":"Lh. Kurehdhoo Kanduolhi (Kurehdhoo Express)","Name_Dhive":"ޅ. ކުރެއްދޫ  ކަނޑުއޮޅި / ކުރެއްދޫ އެކްސްޕްރެސް","About_PA":"ކުރެއްދޫ ކަނޑުއޮޅިއަކީ ފާދިއްޕޮޅުގައި ޑައިވަރުންގެ މެދުގައި އެންމެ މަޝްހޫރު އެއް ސަރަހައްދެވެ. ފާދިއްޕޮޅަކީ ޖުމްލަގޮތެއްގައި ވެލާކަހަ","Category":"Category 6: Habitat/Species Management Area","Type":"MPA","Area_Ha":"918","Original_D":"10-C/99/38","Date_Decla":"1999-10-21","Amended_De":"(IUL)438/ENV/438/2020/182","Amended_Da":"2020-10-13","Internatio":null,"Manag_Plan":null,"AmendManag":null,"PA_HandOve":null,"HandOver_D":null,"Related_Li":"https://drive.google.com/drive/folders/1lsMy1TnuJ3z3vgzNn4Ay04GqZMUr3xxD?usp=drive_link","Manag_Pl_1":null,"Date_Manag":null,"ManagPlanA":null,"HandOver_1":null,"Shape_Leng":16972.36513,"Shape_Le_1":16972.36513,"Shape_Area":9179698.02305},"geometry":{"type":"MultiPolygon","coordinates":[[[[73.4946499303054,5.538854279711171],[73.47737847020582,5.522416553748633],[73.46266377037337,5.543862087452109],[73.46422945996294,5.544328605028712],[73.46612155973324,5.545363125412796],[73.46843790991527,5.546870975319075],[73.47063957959364,5.548414603567393],[73.47200295985677,5.549865543409124],[73.47341574984094,5.552361896413465],[73.47369752003641,5.554149568010124],[73.47342442036093,5.5550489238092],[73.47262864956895,5.55552154125574],[73.45900945986214,5.550290460023311],[73.45464251043165,5.558199328655387],[73.47655067961772,5.566793673830117],[73.48210937004792,5.55787369741202],[73.4801417004102,5.557636336055736],[73.47877604973834,5.556408269866016],[73.47944537009904,5.553412250562172],[73.48183812022438,5.550793704616647],[73.48544604993415,5.548088432848959],[73.48730984021897,5.545643573439025],[73.49097298038036,5.542551088594365],[73.4946499303054,5.538854279711171]]]]}},{"type":"Feature","properties":{"OBJECTID":"15","Atoll":"Lh","Name_Engli":"Lh. Fushifaru Region","Name_Dhive":"ޅ. ފުށިފަރު ސަރަހައްދު","About_PA":"ފުށިފަރު ތިލައަކީ ޅ.އަތޮޅުގައި މިހާތަނަށް ކޮށްފައިވާ ދިރާސާތަކަށް ބަލާއިރު، ގިނައަދަދަކަށް އެންމަޑި ފެންނަ، ފަރުގެ ދިރުން މުއްސަނދި ސަ","Category":"Category 6: Habitat/Species Management Area","Type":"MPA","Area_Ha":"884","Original_D":"E/95/32","Date_Decla":"1995-09-27","Amended_De":"(IUL)438/ENV/438/2020/182","Amended_Da":"2020-10-13","Internatio":null,"Manag_Plan":null,"AmendManag":null,"PA_HandOve":null,"HandOver_D":null,"Related_Li":"https://drive.google.com/drive/folders/1lsMy1TnuJ3z3vgzNn4Ay04GqZMUr3xxD?usp=drive_link","Manag_Pl_1":null,"Date_Manag":null,"ManagPlanA":null,"HandOver_1":null,"Shape_Leng":16884.34314,"Shape_Le_1":16884.34314,"Shape_Area":8840297.49407},"geometry":{"type":"MultiPolygon","coordinates":[[[[73.51880083031806,5.491109260789635],[73.5214642302154,5.496389788005348],[73.52161781007821,5.496933609803809],[73.5212983395836,5.497760891133879],[73.51954467964993,5.499483012762679],[73.51924002019128,5.499647284927904],[73.51865675999665,5.499696618606128],[73.51828945003413,5.49956876009081],[73.52396675974494,5.507380388688677],[73.54105879957405,5.495329876946954],[73.53672433995402,5.488233479927258],[73.53373323039459,5.49023907591365],[73.53104836006366,5.491724156608082],[73.52844336985827,5.493030421641483],[73.52768826032114,5.493187672320254],[73.5273924296441,5.493117755367109],[73.5270531699525,5.492716059813849],[73.52685562984786,5.491712124585612],[73.52758044040269,5.489970179879944],[73.52884533966042,5.488349817276915],[73.53444847964364,5.484252216305051],[73.52300451044232,5.465278812353231],[73.4988322596341,5.480692180143602],[73.5061585800866,5.488913210442741],[73.50627174965607,5.486816487633276],[73.5066151002789,5.486497177553792],[73.50727725039168,5.486544568336833],[73.50860126023899,5.486753693401741],[73.50986817038364,5.486217268114478],[73.51172334968682,5.485049254886402],[73.51339081039443,5.485909457439721],[73.51564158000697,5.487494571082572],[73.51759864984383,5.489694394748282],[73.51880083031806,5.491109260789635]]]]}},{"type":"Feature","properties":{"OBJECTID":"16","Atoll":"Lh","Name_Engli":"Lh. Sehlhifushi - Hiriyadhoo Region","Name_Dhive":"ޅ. ސެއްޅިފުށި - ހިރިޔަދޫ ސަރަޙައްދު","About_PA":"ސެއްޅިފުށި އަދި ހިރިޔަދޫ އަކީ ފާދިއްޕޮޅުގައިވާ އެންމެ ބޮޑު އެއްފަޅުރަށް އިދާރީ ގޮތުން 5 ރަށަކަށް ބަހާލާފައިވާ އިރު، މި ރަށުގެ އެންމެ އުތ","Category":"Category 7: Protected Area with Sustainable Use","Type":"Island/Mangrove/MPA","Area_Ha":"492","Original_D":"(IUL)438-ENV/438/2020/179","Date_Decla":"2020-10-08","Amended_De":"-","Amended_Da":null,"Internatio":null,"Manag_Plan":null,"AmendManag":null,"PA_HandOve":null,"HandOver_D":null,"Related_Li":"https://drive.google.com/drive/folders/1lsMy1TnuJ3z3vgzNn4Ay04GqZMUr3xxD?usp=drive_link","Manag_Pl_1":null,"Date_Manag":null,"ManagPlanA":null,"HandOver_1":null,"Shape_Leng":9349.19582,"Shape_Le_1":9349.19582,"Shape_Area":4920010.36929},"geometry":{"type":"MultiPolygon","coordinates":[[[[73.64066987099626,5.435385086339313],[73.65505324857773,5.409717497876501],[73.63841562942645,5.402429899936275],[73.6314268699779,5.420576177776291],[73.64066987099626,5.435385086339313]]]]}},{"type":"Feature","properties":{"OBJECTID":"17","Atoll":"Lh","Name_Engli":"Lh. Vavvaru, Dhandifalhu Finolhu and Dhandifalhu Kanduolhi","Name_Dhive":"ޅ. ވައްވަރާއި، ދަނޑިފަޅު ފިނޮޅާއި އަދި ދަނޑިފަޅު ކަނޑުއޮޅި","About_PA":"ޅ. ވައްވަރަކީ ނައިފަރުގެ ދެކުނަށް އޮންނަ ފަޅު ރަށެކެވެ. މި ރަށުގެ ވަށައިގެންވާ ފަރަކީ ޤުދުރަތީ ދިރުންތަކުން މުއްސަނދި ފަރެކެވެ. މި ފަރުތ","Category":"Category 6: Habitat/Species Management Area","Type":"Island/MPA","Area_Ha":"687","Original_D":"(IUL)438-ENV/438/2020/179","Date_Decla":"2020-10-08","Amended_De":"-","Amended_Da":null,"Internatio":null,"Manag_Plan":null,"AmendManag":null,"PA_HandOve":null,"HandOver_D":null,"Related_Li":"https://drive.google.com/drive/folders/1lsMy1TnuJ3z3vgzNn4Ay04GqZMUr3xxD?usp=drive_link","Manag_Pl_1":null,"Date_Manag":null,"ManagPlanA":null,"HandOver_1":null,"Shape_Leng":10812.3708,"Shape_Le_1":10812.3708,"Shape_Area":6874747.66218},"geometry":{"type":"MultiPolygon","coordinates":[[[[73.3488349502394,5.428020867710907],[73.36671689205062,5.419073304626213],[73.35528107472959,5.392628199299809],[73.33884183678887,5.398086419341268],[73.3488349502394,5.428020867710907]]]]}},{"type":"Feature","properties":{"OBJECTID":"18","Atoll":"Lh","Name_Engli":"Lh. Dhashugiri Finolhu","Name_Dhive":"ޅ. ދަށުގިރި ފިނޮޅު ސަރަހައްދު","About_PA":"ޅ. ދަށުގިރި ފިނކޮޅަކީ މާފިލާފުށީގެ އުތުރުގައި، ވޭވަށުގެ އިރުމައްޗަށްވާހެން އުފެދިފައިވާ ބޮޑު ވެލިގަނޑެކެވެ. މި ފިނޮޅުގެ ވެލިގަނޑަކީ މޫ","Category":"Category 2: Strict Nature Reserve","Type":"Sandbank/MPA","Area_Ha":"330","Original_D":"(IUL)438-ENV/438/2020/179","Date_Decla":"2020-10-08","Amended_De":"-","Amended_Da":null,"Internatio":null,"Manag_Plan":null,"AmendManag":null,"PA_HandOve":null,"HandOver_D":null,"Related_Li":"https://drive.google.com/drive/folders/1lsMy1TnuJ3z3vgzNn4Ay04GqZMUr3xxD?usp=drive_link","Manag_Pl_1":null,"Date_Manag":null,"ManagPlanA":null,"HandOver_1":null,"Shape_Leng":7331.99779,"Shape_Le_1":7331.99779,"Shape_Area":3303716.39771},"geometry":{"type":"MultiPolygon","coordinates":[[[[73.41938824253688,5.433417976624918],[73.43382770611542,5.433513037495254],[73.43393446496044,5.414333635573658],[73.41943532336313,5.415329604729295],[73.41938824253688,5.433417976624918]]]]}},{"type":"Feature","properties":{"OBJECTID":"19","Atoll":"Lh","Name_Engli":"Lh. Maagandu Thila (Anemone Thila)","Name_Dhive":"ޅ. މާގަނޑު ތިލަ (އެނެމޮނީ ތިލަ) ސަރަހައްދު","About_PA":"މާގަނޑު ތިލަ (އެނިމޯން ތިލަ) ސަރަޙައްދަކީ ފާދިއްޕޮޅު އުތުރަށް ވާގޮތަށް، އަތޮޅުގެ މެދުގައި އޮންނަ، ގިނަ އަދަދަކަށް މާގަނޑު ހެދިފައި ހުން","Category":"Category 6: Habitat/Species Management Area","Type":"MPA","Area_Ha":"1556","Original_D":"(IUL)438-ENV/438/2020/179","Date_Decla":"2020-10-08","Amended_De":"-","Amended_Da":null,"Internatio":null,"Manag_Plan":null,"AmendManag":null,"PA_HandOve":null,"HandOver_D":null,"Related_Li":"https://drive.google.com/drive/folders/1lsMy1TnuJ3z3vgzNn4Ay04GqZMUr3xxD?usp=drive_link","Manag_Pl_1":null,"Date_Manag":null,"ManagPlanA":null,"HandOver_1":null,"Shape_Leng":15793.9646,"Shape_Le_1":15793.9646,"Shape_Area":15564674.8826},"geometry":{"type":"MultiPolygon","coordinates":[[[[73.478635327954,5.459018884374249],[73.51572018781857,5.459112371165283],[73.51580368094504,5.424859511290112],[73.47872088342123,5.424767659665573],[73.478635327954,5.459018884374249]]]]}},{"type":"Feature","properties":{"OBJECTID":"20","Atoll":"Lh","Name_Engli":"Lh. Maakoa Area","Name_Dhive":"ޅ. މާކޯ ސަރަހައްދު","About_PA":"ޅ. މާކޯ އަކީ މާފިލާފުށީގެ އިރުން އޮންނަ، ބޮޑު ކަކުންޏާއި ބޮނޑު ދިރިއުޅޭކަމަށް ފާހަގަ ކުރެވިފައިވާ ގަސް ބޯ ރަށެކެވެ. މިރަށް ޚާއްސަވަނި މި","Category":"Category 7: Protected Area with Sustainable Use","Type":"Island/Mangrove/Wetland","Area_Ha":"62","Original_D":"(IUL)438-ENV/438/2020/179","Date_Decla":"2020-10-08","Amended_De":"-","Amended_Da":null,"Internatio":null,"Manag_Plan":null,"AmendManag":null,"PA_HandOve":null,"HandOver_D":null,"Related_Li":"https://drive.google.com/drive/folders/1lsMy1TnuJ3z3vgzNn4Ay04GqZMUr3xxD?usp=drive_link","Manag_Pl_1":null,"Date_Manag":null,"ManagPlanA":null,"HandOver_1":null,"Shape_Leng":3048.28031,"Shape_Le_1":3048.28031,"Shape_Area":615379.16453},"geometry":{"type":"MultiPolygon","coordinates":[[[[73.42684836049497,5.357995785457587],[73.43011563991988,5.36177061392733],[73.43356098026614,5.359184214310187],[73.43638858025516,5.355795766597584],[73.43503871973314,5.353240264282936],[73.42884807011295,5.353720256604241],[73.42684836049497,5.357995785457587]]]]}},{"type":"Feature","properties":{"OBJECTID":"21","Atoll":"S","Name_Engli":"S. Eedhigali Kilhi Koattey Area","Name_Dhive":"ސ. އީދިގަލި ކިޅި ކޯއްޓޭ ސަރަހައްދު","About_PA":"މިއީ އައްޑޫ ސިޓީ ހިތަދޫގެ އުތުރު ފަރާތުގައި އޮންނަ ސަރަޙައްދެކެވެ. އީދިގަލި ކިޅި އަދި ކޯއްޓޭ ސަރަޙައްދަކީ އައްޑޫ ނޭޗަރ ޕާކްގައި ހިމެނިގ","Category":"Not Assigned","Type":"Mangrove/MPA","Area_Ha":"771","Original_D":"20-H3/2004/67","Date_Decla":"2004-12-07","Amended_De":"2018/R-105","Amended_Da":"2018-09-13","Internatio":"UNESCO Biosphere Reserve","Manag_Plan":"2018/R-105 Addu City Management Regulation","AmendManag":null,"PA_HandOve":null,"HandOver_D":null,"Related_Li":"https://drive.google.com/drive/folders/1lsMy1TnuJ3z3vgzNn4Ay04GqZMUr3xxD?usp=drive_link","Manag_Pl_1":"2018/R-105 Addu City Management Regulation","Date_Manag":"2018-09-13","ManagPlanA":null,"HandOver_1":null,"Shape_Leng":13845.14175,"Shape_Le_1":13845.14175,"Shape_Area":7706234.82069},"geometry":{"type":"MultiPolygon","coordinates":[[[[73.06208900026841,-0.583807600291789],[73.08986209991546,-0.568732799790774],[73.08987412337427,-0.568752107181517],[73.09094787063682,-0.570597609340262],[73.09167705999845,-0.571850906833057],[73.0918770082488,-0.572194570418747],[73.0921749717874,-0.572706697941261],[73.0925448838386,-0.573342485465597],[73.0927548656735,-0.573703392708402],[73.09301624212092,-0.574152635768527],[73.09330480200073,-0.574648600418191],[73.09365561870945,-0.575251570616122],[73.09397487826897,-0.575800301230524],[73.09432935390764,-0.576409560178995],[73.09457869548744,-0.576838120261912],[73.09488060312768,-0.57735702957437],[73.09503961923089,-0.577630338870306],[73.10311710853287,-0.590018174450337],[73.10313633538738,-0.590049049703083],[73.08847617333649,-0.599562801650161],[73.08566662891467,-0.594951018036357],[73.08416170162214,-0.592479376216265],[73.08410659388319,-0.592388868885335],[73.08380401344097,-0.591891922024109],[73.08314010808232,-0.592355836584098],[73.08174300446437,-0.590002774369831],[73.08158759332932,-0.589741023769602],[73.08243688205506,-0.589231308285233],[73.082161480975,-0.588745853580522],[73.08281831683698,-0.588365355326316],[73.08248089342143,-0.587759618802893],[73.08242687923186,-0.587764944070818],[73.08202917758973,-0.588009283291383],[73.08186928904286,-0.587738240425132],[73.08172765814498,-0.587628819693645],[73.08148451161905,-0.587636149308626],[73.08087291970556,-0.586594372591237],[73.08111177673473,-0.586443170969448],[73.08053545607096,-0.585468343676838],[73.08010993890755,-0.585714125610018],[73.08006744065533,-0.585640749836945],[73.07909996636378,-0.586249007670531],[73.07926943142003,-0.586541234670312],[73.07883631844997,-0.586804404261951],[73.07911541036118,-0.587291179306662],[73.07868775189773,-0.587575965901705],[73.07885823413449,-0.587834758941429],[73.07840388093037,-0.588118866959839],[73.07856856333412,-0.588414297841487],[73.07837516501648,-0.588528438054018],[73.07843883055264,-0.5886380803379],[73.07818577800825,-0.588789788156459],[73.07854049024175,-0.589388162952158],[73.07718600442024,-0.590195144129665],[73.07736877727719,-0.590514024085055],[73.07630428210147,-0.591015406969514],[73.06821474712703,-0.594825601837989],[73.06409608984477,-0.587416718281427],[73.06208900026841,-0.583807600291789]]]]}},{"type":"Feature","properties":{"OBJECTID":"22","Atoll":"S","Name_Engli":"S. Kandihera-Maakandu Channel (Manta Point Addu)","Name_Dhive":"ސ. ކަނޑިހެރަ - މާކަނޑު ކަނޑުއޮޅި / މަންޓާ ޕޮއިންޓް އައްޑޫ","About_PA":"ކަނޑިހެރަ- މާކަނޑު ކަނޑުއޮޅި (އައްޑޫ މަންޓާ ޕޮއިންޓް) ސަރަހައްދަކީ މުޅި ރާއްޖޭގައިވެސް މުޅި އަހަރުތެރޭގައި އެންމަޑި ފެންނަ ހަމައެކަނި ސ","Category":"Not Assigned","Type":"Sandbank/MPA","Area_Ha":"735","Original_D":"2018/R-105","Date_Decla":"2018-09-13","Amended_De":"-","Amended_Da":null,"Internatio":"UNESCO Biosphere Reserve","Manag_Plan":"2018/R-105 Addu City Management Regulation","AmendManag":null,"PA_HandOve":null,"HandOver_D":null,"Related_Li":"https://drive.google.com/drive/folders/1lsMy1TnuJ3z3vgzNn4Ay04GqZMUr3xxD?usp=drive_link","Manag_Pl_1":"2018/R-105 Addu City Management Regulation","Date_Manag":"2018-09-13","ManagPlanA":null,"HandOver_1":null,"Shape_Leng":11595.05985,"Shape_Le_1":11595.05985,"Shape_Area":7350052.09517},"geometry":{"type":"MultiPolygon","coordinates":[[[[73.13417152422002,-0.609202953442131],[73.16102050707433,-0.597219512411032],[73.16909608147262,-0.612237811855161],[73.1350250044125,-0.629148995863079],[73.13417152422002,-0.609202953442131]]]]}},{"type":"Feature","properties":{"OBJECTID":"23","Atoll":"S","Name_Engli":"S. Kuda Kandu Area","Name_Dhive":"ސ. ކުޑަ ކަނޑު ސަރަހައްދު","About_PA":"އައްޑޫ އަތޮޅު ގައިވާ ކުޑަ ކަނޑު ސަރަޙައްދަކީ ގަލާއި މުރަކަ ގިނަ އަދި އެކި މަހުގެ ބާވަތްތަކާއި ދިރުންތައް ގިނަ، ޤުދުރަތީގޮތުން މުއްސަނދި","Category":"Category 7: Protected Area with Sustainable Use","Type":"MPA","Area_Ha":"462","Original_D":"(IUL)438-ENV/438/2020/162","Date_Decla":"2020-09-22","Amended_De":"-","Amended_Da":null,"Internatio":"UNESCO Biosphere Reserve","Manag_Plan":null,"AmendManag":null,"PA_HandOve":null,"HandOver_D":null,"Related_Li":"https://drive.google.com/drive/folders/1lsMy1TnuJ3z3vgzNn4Ay04GqZMUr3xxD?usp=drive_link","Manag_Pl_1":null,"Date_Manag":null,"ManagPlanA":null,"HandOver_1":null,"Shape_Leng":9012.98522,"Shape_Le_1":9012.98522,"Shape_Area":4620626.30977},"geometry":{"type":"MultiPolygon","coordinates":[[[[73.12675095581919,-0.604339684771821],[73.13927111309341,-0.602087044968574],[73.13834455179294,-0.622179320935904],[73.14012197981009,-0.630114898261918],[73.13308429758085,-0.631072632070807],[73.12224849496899,-0.624277863293116],[73.12675095581919,-0.604339684771821]]]]}},{"type":"Feature","properties":{"OBJECTID":"24","Atoll":"S","Name_Engli":"S. Maafishi Kilhi","Name_Dhive":"ސ. މާފިށި ކިޅި ސަރަހައްދު","About_PA":"މި ކުޅިއަކީ އައްޑޫ ސިޓީގެ ހުޅުދޫގެ ދެކުނު ފަރާތު ކޮޅުގައިވާ ޗަސްބިން ސަރަޙައްދުގައިވާ ކުޅިއެކެވެ. މި ސަރަޙައްދަކީ ބޮޑު ޗަސްބިމެއްވާ ސަރ","Category":"Category 7: Protected Area with Sustainable Use","Type":"Mangrove/Wetland","Area_Ha":"6","Original_D":"(IUL)438-ENV/438/2020/162","Date_Decla":"2020-09-22","Amended_De":"-","Amended_Da":null,"Internatio":"UNESCO Biosphere Reserve","Manag_Plan":null,"AmendManag":null,"PA_HandOve":"Addu City Council","HandOver_D":"Agreement (AGR)203-ERC/426/2021/1","Related_Li":"https://drive.google.com/drive/folders/1lsMy1TnuJ3z3vgzNn4Ay04GqZMUr3xxD?usp=drive_link","Manag_Pl_1":null,"Date_Manag":null,"ManagPlanA":null,"HandOver_1":"2021-06-05","Shape_Leng":1105.42285,"Shape_Le_1":1105.42285,"Shape_Area":58608.912},"geometry":{"type":"MultiPolygon","coordinates":[[[[73.22490753625154,-0.604902728342828],[73.22627889281505,-0.604903179855793],[73.22607013617316,-0.608609164502962],[73.22486837029027,-0.608596464368796],[73.22490753625154,-0.604902728342828]]]]}},{"type":"Feature","properties":{"OBJECTID":"25","Atoll":"S","Name_Engli":"S. Mathi kilhi","Name_Dhive":"ސ. މަތިކިޅި ސަރަހައްދު","About_PA":"މިއީ އައްޑޫ ސިޓީގެ ހުޅުދޫ އާއި މީދޫ (ހުޅުމީދޫ) ގެ އިރުމަތީ ފަރާތުގައި އޮންނަ ޗަސްބިން ސަރަޙައްދެކެވެ. މި ސަރަޙާއްދަކީ ބޮޑު ޗަސްބިމުގެ ސަރ","Category":"Category 7: Protected Area with Sustainable Use","Type":"Wetland","Area_Ha":"56","Original_D":"(IUL)438-ENV/438/2020/162","Date_Decla":"2020-09-22","Amended_De":"-","Amended_Da":null,"Internatio":"UNESCO Biosphere Reserve","Manag_Plan":null,"AmendManag":null,"PA_HandOve":null,"HandOver_D":null,"Related_Li":"https://drive.google.com/drive/folders/1lsMy1TnuJ3z3vgzNn4Ay04GqZMUr3xxD?usp=drive_link","Manag_Pl_1":null,"Date_Manag":null,"ManagPlanA":null,"HandOver_1":null,"Shape_Leng":2900.4972,"Shape_Le_1":2900.4972,"Shape_Area":561221.03961},"geometry":{"type":"MultiPolygon","coordinates":[[[[73.23145026092006,-0.584753303075706],[73.23373773906748,-0.585160775063054],[73.23539648931335,-0.585834825898318],[73.23687548725702,-0.587065582133282],[73.23364141590451,-0.592486244094719],[73.23042022512885,-0.592601279998693],[73.22890704464812,-0.59265456515737],[73.22892202037193,-0.590492313816417],[73.22892945928946,-0.58941811094469],[73.22862293391366,-0.589188321791212],[73.22882276667869,-0.587769964157817],[73.23145026092006,-0.584753303075706]]]]}},{"type":"Feature","properties":{"OBJECTID":"26","Atoll":"Gn","Name_Engli":"Gn. Farikede Area","Name_Dhive":"ޏ. ފަރިކެޑެ ސަރަހައްދު","About_PA":"ޏ. ފުވައްމުލަކުގައިވާ ފަރިކެޑެ ސަރަހައްދަކީ އެކި ބާވަތްތަކުގެ މިޔަރު ސާފުވުމަށާއި ވިހެއުމަށް ޖަމާވެއުޅޭ ސަރަހައްދެކެވެ. މި ސަރަހައްދުނ","Category":"Category 6: Habitat/Species Management Area","Type":"MPA","Area_Ha":"637","Original_D":"(IUL)438-ENV/438/2020/129","Date_Decla":"2020-07-22","Amended_De":"-","Amended_Da":null,"Internatio":"UNESCO Biosphere Reserve","Manag_Plan":null,"AmendManag":null,"PA_HandOve":null,"HandOver_D":null,"Related_Li":"https://drive.google.com/drive/folders/1lsMy1TnuJ3z3vgzNn4Ay04GqZMUr3xxD?usp=drive_link","Manag_Pl_1":null,"Date_Manag":null,"ManagPlanA":null,"HandOver_1":null,"Shape_Leng":10809.84674,"Shape_Le_1":10809.84674,"Shape_Area":6367541.50861},"geometry":{"type":"MultiPolygon","coordinates":[[[[73.42073410220429,-0.308139451740614],[73.42556839224208,-0.306079184916326],[73.42858477280954,-0.310159320934966],[73.43087399222834,-0.311344310174634],[73.43556015586776,-0.312313848121712],[73.43740499682278,-0.312031065905264],[73.44983410570039,-0.319975879467212],[73.45360458188988,-0.331475649000811],[73.44539032847662,-0.337642966632888],[73.42519134460788,-0.323719364882864],[73.42073410220429,-0.308139451740614]]]]}},{"type":"Feature","properties":{"OBJECTID":"27","Atoll":"Gn","Name_Engli":"Gn. Bandaara kilhi and sorrounding wetlands","Name_Dhive":"ޏ. ބަންޑާރަ ކިޅި، ކޮޑަކިޅި އަދި ވަށައިގެންވާ ޗަސްބިން ސަރަހައްދު","About_PA":"ބަންޑާރަ ކިޅި އަދި ކިޅިއާއި ގުޅިފައިވާ ޗަސްބިމުގެ ސަރަހައްދަކީ ވެށީގެ ގޮތުން ޙާއްސަ ސިފަތަކެއްލިބިފައިވާ ސަރަޙައްދުތަކެކެވެ. މިގޮތުން","Category":null,"Type":"Mangrove/Wetland","Area_Ha":"41","Original_D":"(IUL)438-PPIRS/438/2012/2","Date_Decla":"2012-06-18","Amended_De":"2018/R-106","Amended_Da":"2018-09-13","Internatio":"UNESCO Biosphere Reserve","Manag_Plan":"2018/R-106 Fuvahmulah City Management Regulation","AmendManag":null,"PA_HandOve":null,"HandOver_D":null,"Related_Li":"https://drive.google.com/drive/folders/1lsMy1TnuJ3z3vgzNn4Ay04GqZMUr3xxD?usp=drive_link","Manag_Pl_1":"2018/R-106 Fuvahmulah City Management Regulation","Date_Manag":"2018-09-13","ManagPlanA":null,"HandOver_1":null,"Shape_Leng":2944.96314,"Shape_Le_1":2944.96314,"Shape_Area":413244.05717},"geometry":{"type":"MultiPolygon","coordinates":[[[[73.42718329973654,-0.295974999552835],[73.42779439899019,-0.295711100386673],[73.42858609989312,-0.295991700344343],[73.42982499971184,-0.297280599905498],[73.43007220003639,-0.297297200090889],[73.43113060029367,-0.297611099732961],[73.43126110034211,-0.298355600319255],[73.43210559965162,-0.299013899586983],[73.43436669989757,-0.30322779987781],[73.43408610028537,-0.304102799794901],[73.43040280021184,-0.305241701320932],[73.43002220044241,-0.304847199642291],[73.43017219964845,-0.302516700019584],[73.42962780004346,-0.302186099968159],[73.42873610003758,-0.30083059992961],[73.42805829977728,-0.300236099614731],[73.42767779995859,-0.299327800012387],[73.42771110039905,-0.298205600128221],[73.42709999968538,-0.297000000162737],[73.42718329973654,-0.295974999552835]]]]}},{"type":"Feature","properties":{"OBJECTID":"28","Atoll":"Gn","Name_Engli":"Gn. Dhandimagu Kilhi","Name_Dhive":"ޏ. ދަނޑިމގި ކިޅިއާއި، އެކުޅިއާއި އިންވެގެންވާ ޗަސްބިން ސަރަހައްދު","About_PA":"ފުވައްމުލަކުގެ އުތުރުކޮޅުން ދަނޑިމަގު އަވަށާއި ދިގުވާގަނޑު އަވަށާއި ހޯދަނޑު އަވަށުގެ މެދުގައި އޮންނަ ދަނޑިމަގުކިޅި އަދި ކިޅިއާއި ގުޅި","Category":null,"Type":"Mangrove/Wetland","Area_Ha":"69","Original_D":"(IUL)438-PPIRS/438/2012/2","Date_Decla":"2012-06-18","Amended_De":"2018/R-106","Amended_Da":"2018-09-13","Internatio":"UNESCO Biosphere Reserve","Manag_Plan":"2018/R-106 Fuvahmulah City Management Regulation","AmendManag":null,"PA_HandOve":null,"HandOver_D":null,"Related_Li":"https://drive.google.com/drive/folders/1lsMy1TnuJ3z3vgzNn4Ay04GqZMUr3xxD?usp=drive_link","Manag_Pl_1":"2018/R-106 Fuvahmulah City Management Regulation","Date_Manag":"2018-09-13","ManagPlanA":null,"HandOver_1":null,"Shape_Leng":3377.19783,"Shape_Le_1":3377.19783,"Shape_Area":690424.9725},"geometry":{"type":"MultiPolygon","coordinates":[[[[73.41481109958424,-0.28223330132767],[73.41632780036669,-0.281230599889902],[73.41752500009054,-0.281452799553599],[73.41783059984641,-0.281855599635367],[73.41923609975314,-0.282330600020752],[73.42005829965818,-0.283902800288501],[73.42091939985126,-0.284611100333269],[73.42156110031705,-0.286086099620027],[73.42179720038129,-0.287297200571338],[73.42244999982671,-0.287966699725981],[73.42250559984149,-0.289025000024319],[73.42267499999794,-0.289788899809092],[73.42228330002176,-0.290611099842195],[73.41879169999491,-0.289469400013767],[73.41778889972782,-0.288883299809866],[73.41706670025755,-0.28875830044616],[73.41526939961936,-0.28884170009625],[73.41283609992215,-0.287463899817203],[73.41265280006529,-0.286741700104708],[73.4131278010847,-0.285113899893044],[73.41369719995767,-0.284527800028245],[73.41454719964295,-0.283122199825445],[73.41481109958424,-0.28223330132767]]]]}},{"type":"Feature","properties":{"OBJECTID":"29","Atoll":"Gn","Name_Engli":"Gn. Thoondi Area","Name_Dhive":"ޏ. ތޫނޑި ސަރަހައްދު","About_PA":"ފުވައްމުލަކު ދަނޑިމަގު ސަރަހައްދުގައި އޮންނަ ތުނޑިއަކީ ރާއްޖޭގެ އެއްވެސް ރަށެއްގައި ނުވާ ފަދަ ހާއްސަ ކަމެއް ލިބިފައިވާ ތަނެކެވެ. މިތުނ","Category":"??? Category 5: Natural Monument","Type":"Terrestrial/MPA","Area_Ha":"32","Original_D":"(IUL)438-PPIRS/438/2012/2","Date_Decla":"2012-06-18","Amended_De":"2018/R-106","Amended_Da":"2018-09-13","Internatio":"UNESCO Biosphere Reserve","Manag_Plan":"2018/R-106 Fuvahmulah City Management Regulation","AmendManag":null,"PA_HandOve":null,"HandOver_D":null,"Related_Li":"https://drive.google.com/drive/folders/1lsMy1TnuJ3z3vgzNn4Ay04GqZMUr3xxD?usp=drive_link","Manag_Pl_1":"2018/R-106 Fuvahmulah City Management Regulation","Date_Manag":"2018-09-13","ManagPlanA":null,"HandOver_1":null,"Shape_Leng":2599.11594,"Shape_Le_1":2599.11594,"Shape_Area":317793.50473},"geometry":{"type":"MultiPolygon","coordinates":[[[[73.41323890031546,-0.277069401222615],[73.41639719889444,-0.274983299599497],[73.4184860999971,-0.274647199969926],[73.419891701082,-0.274772200411568],[73.4216583004301,-0.27798890013826],[73.41958330106483,-0.278961100117999],[73.41841669976321,-0.27754170033827],[73.41826110038063,-0.277430600216239],[73.41547780044712,-0.280422199669036],[73.41323890031546,-0.277069401222615]]]]}},{"type":"Feature","properties":{"OBJECTID":"30","Atoll":"ADh","Name_Engli":"ADh. Hurasdhoo","Name_Dhive":"އދ. ހުރަސްދޫ އާއި އެރަށުގެ ވަށައިގެންވާ ފަޅާއި ފަރުގެ ސަރަހައްދު","About_PA":"އދ. ހުރަސްދޫ އާއި އެރަށުގެ ވަށައިގެންވާ ފަޅުގެ ސަރަޙައްދަކީ އާދަޔާޚިލާފު ގޮތްތަކެއް ހުރި ތިމާވެށީގެ ގޮތުން ނާޒުކު ސަރަޙައްދަކެވެ. މީގެ","Category":"Not Assigned","Type":"Island/MPA","Area_Ha":"22","Original_D":"174-AB1/2006/13","Date_Decla":"2006-06-14","Amended_De":"-","Amended_Da":null,"Internatio":null,"Manag_Plan":null,"AmendManag":null,"PA_HandOve":"Adh. Atoll Council","HandOver_D":"Letter 203-PROREC/234/2019/1","Related_Li":"https://drive.google.com/drive/folders/1lsMy1TnuJ3z3vgzNn4Ay04GqZMUr3xxD?usp=drive_link","Manag_Pl_1":null,"Date_Manag":null,"ManagPlanA":null,"HandOver_1":"2019-01-22","Shape_Leng":1959.29804,"Shape_Le_1":1959.29804,"Shape_Area":215554.63359},"geometry":{"type":"MultiPolygon","coordinates":[[[[72.77588987526505,3.666390492138146],[72.77583112113166,3.666268495342521],[72.77564139109421,3.666008416351986],[72.7754477143417,3.665773517873483],[72.77522566881056,3.665575390784239],[72.77503524393319,3.665450159060343],[72.77471298041817,3.665218921896583],[72.77443405609074,3.66503544611207],[72.77419679529203,3.664922334167967],[72.77398230165393,3.664875566653698],[72.77380233094438,3.664865471573338],[72.77370648688185,3.664862952380853],[72.77361495528183,3.664880605228293],[72.77348972632387,3.664894178194853],[72.77335960526358,3.664898197077499],[72.7732363042344,3.66487811121554],[72.77309182137012,3.664838010954835],[72.77292792189175,3.664810001260412],[72.77257311442531,3.664822850656503],[72.7723369223202,3.664872972101367],[72.77213895500955,3.66490590878802],[72.77202784870234,3.664944277687418],[72.77174802982219,3.664998646364795],[72.7714149488166,3.665133589209496],[72.77136643441595,3.665149368605268],[72.77127600032205,3.665165707669336],[72.77121042200865,3.665149370097525],[72.77115178123006,3.665120361167323],[72.77108957097853,3.6650531515693],[72.77102722434783,3.664973432834818],[72.77099144893285,3.664951722184489],[72.7709284611782,3.664946310625091],[72.77080835079289,3.664987051553849],[72.77074354312066,3.665000725422408],[72.77068557925811,3.664995245947172],[72.77065326758097,3.664973413769587],[72.77062308370346,3.664932806093107],[72.77054993539461,3.66472313777509],[72.77050052157207,3.664657395738365],[72.77039221024589,3.664587856967227],[72.77030036668783,3.664563327549838],[72.77021132461323,3.664553560385897],[72.77012643323403,3.664578015858755],[72.77006570924011,3.66460757883906],[72.77000381195076,3.664652366025546],[72.76993177575545,3.664685045755206],[72.76986514768234,3.664702758649721],[72.76973478438775,3.664753831930145],[72.76966709322902,3.664800391814301],[72.76961344677869,3.664826503760529],[72.76955346889436,3.664860716969951],[72.76949285462788,3.664914983134488],[72.76947901434038,3.664927374130433],[72.76939336308372,3.665033685681787],[72.76931004709863,3.665168575184921],[72.76925731182584,3.6653229629165],[72.76921327130749,3.66542516131135],[72.76917858977006,3.665595989307958],[72.769195466996,3.66577197440866],[72.76924817472187,3.665921287773494],[72.76929667994233,3.666018469951723],[72.76937701404681,3.666156542392736],[72.76957660111832,3.666425947655764],[72.76966879096828,3.666537321828148],[72.76976928116059,3.666630410571964],[72.76990907881532,3.66673495655369],[72.76999453086935,3.666758114132709],[72.77008105978791,3.666749421602989],[72.77028073065898,3.666637361912083],[72.7703721533717,3.66661174857003],[72.77045190693678,3.666634513070247],[72.7705550380487,3.666691739061272],[72.7707351612965,3.666819263638346],[72.77088917895013,3.666943122242756],[72.77100010688007,3.667040758919563],[72.77114710577936,3.66717014336346],[72.77183620564166,3.66771776634262],[72.77206049192166,3.667879816128027],[72.77235125408838,3.66802147398613],[72.77273683227627,3.668185248632885],[72.77312976269026,3.668293266747236],[72.77361931259932,3.668402661644985],[72.77396829723475,3.668411589356015],[72.7742986898135,3.668367026159366],[72.77479211986099,3.668240628368014],[72.77492630996207,3.668202668613386],[72.7754959836035,3.667959089044443],[72.77567301966582,3.667835029369119],[72.77579044771039,3.667716297355981],[72.7758872621487,3.66756529481032],[72.77600690639672,3.667334115276546],[72.77607600982371,3.667103314914177],[72.7760469813268,3.666786667693171],[72.77588987526505,3.666390492138146]]]]}},{"type":"Feature","properties":{"OBJECTID":"31","Atoll":"ADh","Name_Engli":"ADh. South Ari Marine Park (SAMPA)","Name_Dhive":"އ.ދ ސައުތް އަރި މެރިން ޕާކް  (ސަމްޕާ) ސަރަހައްދު","About_PA":"މި ސަރަޙައްދަކީ ދުނިޔޭގެ ފެންވަރުގައި ފާހަގަކުރެވޭ ސަރަޙައްދެކެވެ. މި ސަރަހާއްދުގެ އެންމެ ޚާއްސަ ސިފައަކީ މުޅި އަހަރު ތެރޭގައި ވެސް މި","Category":"Category 6: Habitat/Species Management Area, Category 7: Protected Area with Sustainable Use","Type":"MPA","Area_Ha":"5143","Original_D":"138-EE/2009/19","Date_Decla":"2009-06-05","Amended_De":"(IUL)438-ENV/438/2019/175","Amended_Da":"2019-07-11","Internatio":null,"Manag_Plan":"Maldives Whale-shark Management Plan","AmendManag":null,"PA_HandOve":null,"HandOver_D":null,"Related_Li":"https://drive.google.com/drive/folders/1lsMy1TnuJ3z3vgzNn4Ay04GqZMUr3xxD?usp=drive_link","Manag_Pl_1":"Maldives Whale-shark Management Plan","Date_Manag":"2005-06-05","ManagPlanA":null,"HandOver_1":null,"Shape_Leng":103207.74447,"Shape_Le_1":103207.74447,"Shape_Area":51434122.5725},"geometry":{"type":"MultiPolygon","coordinates":[[[[72.93303851115886,3.537677729403628],[72.93328002356587,3.538691174555439],[72.93336800462559,3.539267937949813],[72.93343596459943,3.539713456813734],[72.93328104208749,3.540330271838251],[72.93303295201589,3.540671429593103],[72.93281402885135,3.540890826598536],[72.93256527526916,3.541046268746764],[72.93242448408162,3.541079921571054],[72.93225463019368,3.541107975201294],[72.93220193620934,3.541148965118243],[72.93204421643719,3.541151319493317],[72.9305521853315,3.541758483058061],[72.92889098565114,3.54216852341629],[72.92708284238553,3.542509035825305],[72.92601823657134,3.542644463642521],[72.92348361604914,3.542737777718591],[72.93084563069658,3.552785678778362],[72.94776175900819,3.541574582427775],[72.9240072414226,3.50782464210141],[72.91423709866376,3.49661960274814],[72.89163276783833,3.478560761154443],[72.87400476505225,3.468188464383313],[72.85840779165018,3.461561666653443],[72.829571233658,3.459428227083029],[72.81827654775425,3.459638489437442],[72.80233479271932,3.463106275081886],[72.78827941087752,3.469101593186086],[72.76943964309366,3.481063735973038],[72.74889660474321,3.48232456575198],[72.73697420461366,3.484603638903652],[72.72863465004268,3.488012144427022],[72.72287282094118,3.49271175904379],[72.71468879899204,3.507625613819752],[72.7043821670437,3.54885900924899],[72.70593876993968,3.573402625373578],[72.71193955327624,3.592843804390968],[72.70481778438781,3.606989951085553],[72.68203319519276,3.632689051372432],[72.70498959629052,3.64841820840627],[72.71174530381296,3.635806253550539],[72.70977613626725,3.636739970008013],[72.70963515472752,3.63679639284111],[72.70905319438042,3.636855136475307],[72.70904370219836,3.636856103028167],[72.70841713295391,3.637086134650072],[72.70774192434014,3.637461486992989],[72.7073514265962,3.637504038492359],[72.70724645753856,3.637515711171909],[72.70724435032157,3.637515705794155],[72.7064071297859,3.637513815546924],[72.70600112731097,3.637450536929241],[72.70568381134466,3.637401082173021],[72.70568269077211,3.637400519753599],[72.70555071834617,3.637334316721452],[72.70512511210636,3.637119315992773],[72.70473581500063,3.636894661334632],[72.70345770612849,3.6362769578004],[72.70345639229741,3.636276322568553],[72.7031786283392,3.635996034996535],[72.70311825083948,3.635898497928711],[72.70290128385055,3.635548002636633],[72.70267921541424,3.635267861994969],[72.70217909524231,3.634819260424339],[72.70190189480662,3.634315315508251],[72.7013465106502,3.633698827110939],[72.70067902833372,3.633361628642572],[72.70023503100268,3.632745425146738],[72.69962437263894,3.631961050198353],[72.69940315652495,3.631345421138563],[72.69940528047691,3.630506700044637],[72.69952029929975,3.629419888066705],[72.69991468389078,3.627631609436196],[72.70041974892267,3.626123184712657],[72.70114787027374,3.624503499317731],[72.70220971796556,3.623052413108113],[72.70349448904051,3.621545971295075],[72.70477896925918,3.620151353420225],[72.7062303830374,3.618813072164788],[72.7066213641109,3.618366740366948],[72.70695650985459,3.61797618518912],[72.70745873902077,3.61758604924106],[72.70790555822343,3.61708394264478],[72.70846389238156,3.616526206716313],[72.70868709169774,3.616359026118544],[72.70913390598875,3.615856914460721],[72.70946905324055,3.615466357062596],[72.70991614634252,3.614852417299733],[72.71092115422101,3.613848485920522],[72.71187731410652,3.612593248157],[72.71232426003522,3.612035223870613],[72.71265996524794,3.611420998796692],[72.71316274757147,3.610807200022964],[72.71349816709932,3.610304801408216],[72.71377803648242,3.609746353023723],[72.7141694296659,3.609132267722274],[72.7146167912484,3.608406493106869],[72.7147298555609,3.607735784506229],[72.7155691679569,3.606172260934245],[72.71624237510774,3.604216902947283],[72.71646626366471,3.603770143342977],[72.7168016762203,3.603267740622679],[72.71736083997445,3.602374496058379],[72.71741764869819,3.601927310649952],[72.71758570166627,3.601536325161546],[72.71758639833878,3.601256744393146],[72.7176429279233,3.600921392062918],[72.71803500832593,3.600027724569565],[72.71831500702957,3.599413351991662],[72.7185945840305,3.598966725851577],[72.71898568783699,3.598464465750442],[72.7194323447125,3.598018259471442],[72.71971178147011,3.597627549500138],[72.72077175330054,3.596903299135414],[72.72151219599564,3.596881855450154],[72.72261125247654,3.597806075193982],[72.72371131819028,3.593610482734415],[72.72218222865502,3.591994426747129],[72.7212356985943,3.590966070249775],[72.72050782935177,3.590084833138007],[72.72014552863075,3.588984661976372],[72.71996282419752,3.588289961101194],[72.71985623322313,3.587884669457879],[72.71971204473985,3.587151465249028],[72.7197140434211,3.586345340446564],[72.71978977313232,3.585246261892779],[72.72015733535673,3.584221201426665],[72.72037780300747,3.583635475130923],[72.7206710935738,3.583123215434568],[72.72103720263064,3.582684421321405],[72.72157020831166,3.582494834790472],[72.71938868291356,3.573187752163059],[72.71929789799742,3.573172328940846],[72.71918157230327,3.573152567089032],[72.7191125071926,3.573152394832537],[72.71859443464754,3.573185771060541],[72.71816273439154,3.573202033207135],[72.71795541064662,3.573253524508075],[72.71778266364862,3.573287762815353],[72.71757538277521,3.57332191850323],[72.71741994379131,3.573338865223016],[72.71660838398961,3.573354173790191],[72.71640149275943,3.573232310709182],[72.71612548927067,3.573127605184341],[72.71590145367486,3.572953686157124],[72.71574644830368,3.572797275125468],[72.71560861420602,3.572675579964744],[72.71543633933123,3.572519128521757],[72.7151434188694,3.572275691503405],[72.71500575651831,3.572084654472236],[72.71483365434133,3.571858861181316],[72.71476510337773,3.571650657627499],[72.71467984582527,3.571217049903844],[72.7146802747135,3.571043691624698],[72.71473279893696,3.570749112620089],[72.71476789098756,3.570523838687428],[72.71495205408497,3.570150634006009],[72.71534079658971,3.56967599735136],[72.7157722834966,3.569331176020905],[72.71635422893205,3.569094823699631],[72.71674233040092,3.568879608796336],[72.71708721155461,3.568729136394797],[72.71728142282205,3.56855667133545],[72.7175400671108,3.568449222779767],[72.71775592267225,3.568233574143582],[72.71806975230227,3.568123242676597],[72.71706193640478,3.554757697476725],[72.71700473122937,3.553999068138161],[72.71666144854292,3.554113011927996],[72.71626008962082,3.554169565918592],[72.71603067302782,3.554226547790129],[72.7156294549371,3.554225550928843],[72.71488433554292,3.554223698246528],[72.71442579774588,3.554222559287659],[72.71408189652115,3.554221704245792],[72.7134824426102,3.55413022442662],[72.71311472472723,3.55379294281537],[72.71293768387997,3.553355616020217],[72.7128839112644,3.551916753937182],[72.71323107068481,3.550593986185611],[72.71386467052055,3.549329471655228],[72.71396804510353,3.549097481237487],[72.7143257483194,3.548294733375377],[72.71472965531038,3.547202299696628],[72.71524804762117,3.546167696333046],[72.71559477302343,3.545017569212899],[72.71576885468895,3.544295197549381],[72.71640230033464,3.543088227548244],[72.71703588555289,3.541823713564],[72.71749667337622,3.540904061925529],[72.71795703345467,3.540157057709748],[72.71853174846636,3.539525433779731],[72.71927840697968,3.538894233727755],[72.71990987297963,3.53849294680194],[72.72065596726112,3.538091944725553],[72.72111478403038,3.537977973918731],[72.72123791720824,3.537962828696438],[72.72136478712146,3.535060067368582],[72.72125638109429,3.535115687899954],[72.72011234691186,3.535024227681113],[72.7194105779818,3.534183422254701],[72.71911811735913,3.532048451028106],[72.71965130910799,3.526484596289781],[72.72000470698379,3.523615927866129],[72.72024555676354,3.521098646416958],[72.72154560992102,3.516090916120016],[72.72165777535415,3.515658854207694],[72.72245066805725,3.513202545629861],[72.72333248110571,3.510131893094265],[72.72465146089989,3.507062299073987],[72.7259700026716,3.50416828738479],[72.72737511893617,3.501625661698169],[72.72895403536083,3.499522423350203],[72.7298449451949,3.498424572199122],[72.73133367464604,3.497462440242937],[72.73334890671958,3.49571142950631],[72.73396067874272,3.495333205214239],[72.73518779234996,3.49457454651988],[72.73685074659346,3.493876210953475],[72.73738347394614,3.493761273703857],[72.7388628196013,3.49344209796239],[72.7418371026635,3.492834713470288],[72.7447237337832,3.492314900140118],[72.74918526734504,3.49135988666332],[72.75167320751486,3.491279632771634],[72.75386015772278,3.49084590310025],[72.75630899452348,3.490588386808823],[72.75901994034623,3.490419285124948],[72.76103118910594,3.490336302530389],[72.76356727034445,3.490166772911574],[72.76550089258338,3.490171390308894],[72.76601549642157,3.490172618485643],[72.76785167498315,3.490176998487954],[72.76986293458619,3.49009399154451],[72.77143701175632,3.490009943063779],[72.77222456183044,3.489748424728942],[72.77283724811626,3.489486489532733],[72.77405821832768,3.488917887875931],[72.77411705353452,3.488918027720646],[72.77481564071901,3.488869556597382],[72.77506532767164,3.488769887213306],[72.77541538792596,3.488419788676139],[72.77601537042835,3.487869752442792],[72.7761444396909,3.487669047095445],[72.77619287662598,3.487639755310565],[72.77663382212289,3.487316668366127],[72.77691481553263,3.487270294602456],[72.77746431780527,3.486970799048293],[72.78231098737344,3.483874039003254],[72.78295523455817,3.483229703345492],[72.78319856765843,3.483090844923939],[72.78474740757405,3.4820896967756],[72.78617594359355,3.481166307227816],[72.78880398030834,3.479065335618735],[72.79064261568587,3.478016080460795],[72.79239340767099,3.477142207291432],[72.79651713277845,3.474938480691481],[72.80080118606236,3.47322939609301],[72.80457082853074,3.471862906439889],[72.80886836361785,3.470754798531371],[72.80919608851713,3.470670294301232],[72.81540392210329,3.469700558123263],[72.81602086869222,3.469288070251145],[72.81672367473413,3.469242441019401],[72.8174967909485,3.46919462726364],[72.81825758166408,3.468970929883309],[72.81885340806673,3.468664325008935],[72.81912075909314,3.468639004332718],[72.81940627130024,3.468638545221618],[72.81985350582706,3.468729157621632],[72.82010435726983,3.468811762999938],[72.82031563884276,3.468866149248377],[72.82061613267128,3.468911953682442],[72.82091516090796,3.468824701023643],[72.82155090780303,3.468697746638173],[72.82204542616626,3.468620476955485],[72.82227170738919,3.468721178271362],[72.82245504830269,3.468815349817985],[72.82269132566097,3.468851281267812],[72.82327629412897,3.46876369329943],[72.82399847214629,3.468545614537802],[72.82456259608662,3.468531753945391],[72.82468662181225,3.468528706242262],[72.82546438518276,3.468724873023766],[72.82585542755517,3.46886138188869],[72.82624691347984,3.468803518760883],[72.82685008925796,3.468628623968427],[72.82765764085869,3.468470864303032],[72.82823259103935,3.468504207809401],[72.82864144015605,3.468539656067153],[72.82913947672226,3.46853345223191],[72.82961459907801,3.468496028226077],[72.83031362418076,3.468437868189961],[72.83066818873036,3.468465079424703],[72.83105382168698,3.468469381113505],[72.83152020384875,3.468486200689298],[72.83164653432523,3.468561225752208],[72.83193445135382,3.468661253609486],[72.83212297080806,3.468690419147762],[72.83245865646553,3.468659156614162],[72.83279848658549,3.468600809965213],[72.83408910617008,3.468653747213657],[72.83529274996603,3.468571282692968],[72.83619064432249,3.46873499495038],[72.8367562692376,3.468847564173166],[72.83760503720573,3.468858629623599],[72.83803569075351,3.468901758003695],[72.83864351689392,3.468899451784971],[72.83912160568461,3.468949884837909],[72.83942994205881,3.468998100292798],[72.83976570315562,3.469026173830395],[72.84191816204427,3.469415922757823],[72.84303155399556,3.469905052625738],[72.8441241706366,3.470682574058025],[72.84536968521438,3.472201438203216],[72.84547154739974,3.472442104993985],[72.85274902454783,3.473058282837194],[72.85278975839516,3.472776604616616],[72.8528526461097,3.472464626624424],[72.85299857038603,3.472090417908487],[72.85316494915081,3.47184110149493],[72.85337253834315,3.471695922244639],[72.8534271655703,3.471625740526047],[72.85366355350378,3.471322044108553],[72.85382955603127,3.471239190899196],[72.85397130483122,3.47115794040003],[72.85409448259023,3.470973361829433],[72.85427896869949,3.470819725325368],[72.85454258326132,3.470660341132535],[72.85470628066396,3.470569514875173],[72.85483363185077,3.470478622931476],[72.85503375410144,3.470351390621618],[72.85537431446045,3.470184617014469],[72.85570714559708,3.470185374164034],[72.85623930387463,3.470353658131241],[72.85657175497306,3.470521486353985],[72.85697062747965,3.470756296986214],[72.85726919803105,3.471191364009435],[72.85756746658001,3.471760084830873],[72.85753229928797,3.472595365404788],[72.85739781215615,3.47319651705609],[72.85733156748566,3.473654652547321],[72.86913809722259,3.478547940658186],[72.86921128186776,3.478280671999795],[72.86940912897344,3.478068626554437],[72.86962091605281,3.477927440417459],[72.8699029643455,3.477885584903659],[72.87010039778862,3.477857696157125],[72.87024153821915,3.477787184684801],[72.87036873400989,3.477645811027952],[72.87052428611159,3.477433664719801],[72.8706941924732,3.477108225232392],[72.87093449173548,3.476825440205425],[72.87118825077111,3.476826015070644],[72.87142785076814,3.476854889672151],[72.87169555015797,3.476926326584105],[72.8721040350712,3.477083082431847],[72.87224482594266,3.477168401425774],[72.87249826673232,3.477310641977577],[72.872737740043,3.477396178950497],[72.87300543987539,3.47746762106771],[72.87320252420393,3.477595561681987],[72.87358265649702,3.477823084624255],[72.87400514733795,3.478022371462443],[72.87418816906629,3.478136116946088],[72.87439934845706,3.478264093907838],[72.87493424161278,3.478633633763919],[72.87532975091104,3.478833467793368],[72.87569467182634,3.479017846994953],[72.87596628148901,3.479157399819051],[72.87641798420633,3.479429193286457],[72.88214801207845,3.482901537248587],[72.89435284998014,3.491552522539453],[72.89699302014817,3.493750644888542],[72.90600677032432,3.501255122766729],[72.90668488587421,3.50182553447776],[72.90753906036875,3.502686991237684],[72.90797572253707,3.503112190002372],[72.90808618612499,3.503224419855937],[72.90865788177294,3.503805257702598],[72.90936543558507,3.504564375094135],[72.90980183087326,3.505125921018672],[72.91032869295866,3.505702824331317],[72.91090095518376,3.506234385991592],[72.91169872484757,3.507264825729598],[72.91250368763764,3.508116549098327],[72.91315003669231,3.508914793305884],[72.91379639119407,3.509713044048618],[72.91433718503684,3.510404814235014],[72.91454182471925,3.510726003513033],[72.91457443530626,3.510777187985984],[72.91470877928072,3.51094005045014],[72.9153150411612,3.511675007218939],[72.91569760464908,3.512127377708556],[72.91574032604629,3.512196754539312],[72.91601674540719,3.51241140029514],[72.91638851165624,3.512786628796456],[72.91679112385927,3.513255526961337],[72.91716275321555,3.513693157111456],[72.91750326394369,3.514161915409151],[72.91753362070034,3.514473982960668],[72.91756336961579,3.514842632273315],[72.9176743557422,3.515001049604242],[72.91812183792923,3.515255291307099],[72.91849333006067,3.515755317954745],[72.91976368143447,3.516974957020871],[72.92010398759996,3.517537311577033],[72.92063024952394,3.518256085359089],[72.92090838458961,3.518849504251301],[72.92149667655545,3.519599619615413],[72.92165647953298,3.520023961652412],[72.92216174002432,3.520755746089342],[72.92284989747525,3.521579820526185],[72.92386430444746,3.522913529057668],[72.92396518367228,3.523100175621393],[72.92443773359668,3.52353738203665],[72.92474720090033,3.524006073284084],[72.92499456617375,3.524474625621089],[72.92527332584876,3.52478724506912],[72.92558293298619,3.525193539144196],[72.92589135838014,3.52613022643012],[72.92626299571178,3.526567853870036],[72.9266965283816,3.527099224604734],[72.92687768743595,3.527335879058069],[72.92694371504439,3.527648894293092],[72.92712932755676,3.527961311048376],[72.92728388795153,3.528273658344008],[72.92753166971934,3.528555009994926],[72.92805814850826,3.529180185740228],[72.92822321298992,3.529322990679933],[72.92907933117634,3.530754950304535],[72.92925692187424,3.531089833675721],[72.92954315582296,3.531629585773786],[72.92988381495708,3.532035950278665],[72.93044106985352,3.532785994937026],[72.93173946614453,3.535378500402162],[72.93303851115886,3.537677729403628]]]]}},{"type":"Feature","properties":{"OBJECTID":"32","Atoll":"ADh","Name_Engli":"ADh. Rangali Kandu (Madivaru)","Name_Dhive":"އ.ދ ރަންގަލި  ކަނޑު / މަޑިވަރު","About_PA":"މި ސަރަޙައްދަކީ އިރުވައި މޫސުމްގައި ގިނަ އަދަދަކަށް އެމްމަޑި އާއި ފެހުރިހި އަރާ ސަރަހައްދެކެވެ. މި ސަރަހައްދުގެ ފަރަކީ ވެސް ގިނަ އަދަދެ","Category":"Not Assigned","Type":"MPA","Area_Ha":"861","Original_D":"10-C/99/38","Date_Decla":"1999-10-21","Amended_De":"-","Amended_Da":null,"Internatio":null,"Manag_Plan":null,"AmendManag":null,"PA_HandOve":null,"HandOver_D":null,"Related_Li":"https://drive.google.com/drive/folders/1lsMy1TnuJ3z3vgzNn4Ay04GqZMUr3xxD?usp=drive_link","Manag_Pl_1":null,"Date_Manag":null,"ManagPlanA":null,"HandOver_1":null,"Shape_Leng":12213.29328,"Shape_Le_1":12213.29328,"Shape_Area":8613824.46598},"geometry":{"type":"MultiPolygon","coordinates":[[[[72.7334843174233,3.605433387732246],[72.74601449710455,3.58744972275535],[72.72129250958446,3.574574995790595],[72.71040385715199,3.575250302129318],[72.70807270655524,3.595880535217151],[72.72073559958352,3.596121275955516],[72.72586584728678,3.601386483216947],[72.7334843174233,3.605433387732246]]]]}},{"type":"Feature","properties":{"OBJECTID":"33","Atoll":"AA","Name_Engli":"AA. Fish Head (Mushimasmigili Thila)","Name_Dhive":"އ.އ.މުށިމަސްތިލަ / ފިޝްހެޑް","About_PA":"އއ. މުށިމަސްމިގިލިތިލައަކީ އެމުގެ ބާވަތެއް ކަމުގައިވާ މުގުރާން ގިނަ އަދަދަކަށް އުޅޭ ސަރަޙައްދެކެވެ. މި ސަރަޙައްދަކީ ވައްބޯ މިޔަރު އަދި","Category":"Not Assigned","Type":"MPA","Area_Ha":"269","Original_D":"E/95/32","Date_Decla":"1995-09-27","Amended_De":"-","Amended_Da":null,"Internatio":null,"Manag_Plan":null,"AmendManag":null,"PA_HandOve":null,"HandOver_D":null,"Related_Li":"https://drive.google.com/drive/folders/1lsMy1TnuJ3z3vgzNn4Ay04GqZMUr3xxD?usp=drive_link","Manag_Pl_1":null,"Date_Manag":null,"ManagPlanA":null,"HandOver_1":null,"Shape_Leng":6564.53283,"Shape_Le_1":6564.53283,"Shape_Area":2692464.91746},"geometry":{"type":"MultiPolygon","coordinates":[[[[72.91072047523316,3.94508333019976],[72.92549372986485,3.942173170615792],[72.92210604544319,3.927575853812717],[72.90775670252722,3.930955230788228],[72.91072047523316,3.94508333019976]]]]}},{"type":"Feature","properties":{"OBJECTID":"34","Atoll":"AA","Name_Engli":"AA. Karibeyru Region","Name_Dhive":"އ.އ ކަރިބޭރު ސަރަހައްދު","About_PA":"ކަރިބޭރު ސަރަޙައްދު ނުވަތަ ކަރިބޭރު ތިލައަކީ ޚާއްސަ ސިފަތަކެއް ލިބިފައިވާ މަސްމަހާމެހީގެ ދިރުންތައް މުއްސަނދި ސަރަޙައްދެކެވެ. މި ސަރަޙ","Category":"Not Assigned","Type":"MPA","Area_Ha":"1317","Original_D":"10-C/99/38","Date_Decla":"1999-10-21","Amended_De":"-","Amended_Da":null,"Internatio":null,"Manag_Plan":null,"AmendManag":null,"PA_HandOve":null,"HandOver_D":null,"Related_Li":"https://drive.google.com/drive/folders/1lsMy1TnuJ3z3vgzNn4Ay04GqZMUr3xxD?usp=drive_link","Manag_Pl_1":null,"Date_Manag":null,"ManagPlanA":null,"HandOver_1":null,"Shape_Leng":14529.97709,"Shape_Le_1":14529.97709,"Shape_Area":13173497.282},"geometry":{"type":"MultiPolygon","coordinates":[[[[72.92887078053978,4.107452707899034],[72.96079932063117,4.108292777050911],[72.95987131168353,4.074093825110073],[72.92836598578673,4.07400996068899],[72.92887078053978,4.107452707899034]]]]}},{"type":"Feature","properties":{"OBJECTID":"35","Atoll":"ADh","Name_Engli":"ADh. Kudarah Thila","Name_Dhive":"އ.ދ. ކުޑަރަށް ތިލަ","About_PA":"އަރިއަތޮޅު އުތުރުބުރީ ކުޑަރަށް ތިލައަކީ ދިގުމިނުގައި 100 މީޓަރު ހުންނަ އަދި ގިނަ އަދަދެއްގެ ކަނޑުގެ ދިރުންތައް ބޭނުންކުރާ ސަރަޙައްދެކެވ","Category":"Not Assigned","Type":"MPA","Area_Ha":"269","Original_D":"E/95/32","Date_Decla":"1995-09-27","Amended_De":"-","Amended_Da":null,"Internatio":null,"Manag_Plan":null,"AmendManag":null,"PA_HandOve":null,"HandOver_D":null,"Related_Li":"https://drive.google.com/drive/folders/1lsMy1TnuJ3z3vgzNn4Ay04GqZMUr3xxD?usp=drive_link","Manag_Pl_1":null,"Date_Manag":null,"ManagPlanA":null,"HandOver_1":null,"Shape_Leng":6564.50124,"Shape_Le_1":6564.50124,"Shape_Area":2692403.76777},"geometry":{"type":"MultiPolygon","coordinates":[[[[72.9141364989416,3.570249756859341],[72.92867334027042,3.566866604568347],[72.92499011758949,3.55261821503846],[72.9106165271706,3.555838754221374],[72.9141364989416,3.570249756859341]]]]}},{"type":"Feature","properties":{"OBJECTID":"36","Atoll":"AA","Name_Engli":"AA. Orimas Thila Region","Name_Dhive":"އ.އ އޮރިމަސް ތިލަ ސަރަހައްދު","About_PA":"އޮރިމަސް ތިލައަކީ ވަރަށް އާދަޔާ ޚިލާފު ސިފަތަކެއް ލިބިފައިވާ ސަރަޙައްދެކެވެ. މި ސަރަޙައްދު ބަންދުވެފައިވުމުގެ ސަބަބުން ގިނަ އަދަދެއްގެ","Category":"Not Assigned","Type":"MPA","Area_Ha":"1307","Original_D":"E/95/32","Date_Decla":"1995-09-27","Amended_De":"-","Amended_Da":null,"Internatio":null,"Manag_Plan":null,"AmendManag":null,"PA_HandOve":null,"HandOver_D":null,"Related_Li":"https://drive.google.com/drive/folders/1lsMy1TnuJ3z3vgzNn4Ay04GqZMUr3xxD?usp=drive_link","Manag_Pl_1":null,"Date_Manag":null,"ManagPlanA":null,"HandOver_1":null,"Shape_Leng":14702.6822,"Shape_Le_1":14702.6822,"Shape_Area":13067244.4385},"geometry":{"type":"MultiPolygon","coordinates":[[[[72.92725226990774,3.984440115200563],[72.96611671090822,3.983470865680735],[72.96623036174519,3.956559520009541],[72.92696723845158,3.956901738972874],[72.92725226990774,3.984440115200563]]]]}},{"type":"Feature","properties":{"OBJECTID":"37","Atoll":"AA","Name_Engli":"AA. Maaya Thila","Name_Dhive":"އ.އ މާޔާތިލަ","About_PA":"މި ތިލައަކީ ކަނޑުގެ ދިރުންތައް މުއްސަނދި، ފާހަގަކޮށްލެވޭ ތަފާތު ބާވަތްތަކުގެ މަސްމަހާ މެހި ދިރިއުޅޭ ސަރަޙައްދެކެވެ. މި ސަރަޙައްދުން ފެ","Category":"Not Assigned","Type":"MPA","Area_Ha":"1024","Original_D":"E/95/32","Date_Decla":"1995-09-27","Amended_De":"-","Amended_Da":null,"Internatio":null,"Manag_Plan":null,"AmendManag":null,"PA_HandOve":null,"HandOver_D":null,"Related_Li":"https://drive.google.com/drive/folders/1lsMy1TnuJ3z3vgzNn4Ay04GqZMUr3xxD?usp=drive_link","Manag_Pl_1":null,"Date_Manag":null,"ManagPlanA":null,"HandOver_1":null,"Shape_Leng":12807.25661,"Shape_Le_1":12807.25661,"Shape_Area":10240819.9904},"geometry":{"type":"MultiPolygon","coordinates":[[[[72.85533403881752,4.103105675891506],[72.87390234164252,4.081028782581083],[72.85193534164358,4.063169330603667],[72.83245504761882,4.084501525592038],[72.85533403881752,4.103105675891506]]]]}},{"type":"Feature","properties":{"OBJECTID":"38","Atoll":"AA","Name_Engli":"AA. Rasdhoo Madivaru Area","Name_Dhive":"އއ. ރަސްދޫ  މަޑިވަރު ސަރަހައްދު","About_PA":"ރަސްދޫއަތޮޅަކީ ގުދުރަތީގޮތުންނާއި ތިމާވެށީގެ ގޮތުން ޚާއްޞަ ސިފަތަކެއް ލިބިގެންވާ، ދިރޭތަކެތީގެ ހާއްސަ ބާވަތްތަކުން މުއްސަނދި، އަދި ދި","Category":"Category 1: Internationally Recognised Area, Category 6: Habitat/Species Management Area","Type":"MPA/Sandbanks","Area_Ha":"553","Original_D":"(IUL)438-ENV/438/2018/262","Date_Decla":"2018-10-07","Amended_De":"(IUL)438-ENV/438/2023/352","Amended_Da":"2023-07-20","Internatio":"Ecologically & Biologically Significant Marine Areas","Manag_Plan":null,"AmendManag":null,"PA_HandOve":"AA. Rasdhoo Council","HandOver_D":"Letter 203-PROREC/340/2019/1","Related_Li":"https://drive.google.com/drive/folders/1lsMy1TnuJ3z3vgzNn4Ay04GqZMUr3xxD?usp=drive_link","Manag_Pl_1":null,"Date_Manag":null,"ManagPlanA":null,"HandOver_1":"2019-02-21","Shape_Leng":10240.34396,"Shape_Le_1":10240.34396,"Shape_Area":5526858.94337},"geometry":{"type":"MultiPolygon","coordinates":[[[[72.99041500039854,4.272004000126271],[73.00004003109817,4.281076696863012],[73.00492000031448,4.288622999816408],[73.01865599983707,4.280735999779987],[73.01640499984575,4.275404000399879],[73.01385293199736,4.272099041787068],[73.0044491013255,4.261366384451208],[72.99589276360473,4.255551035627008],[72.99421599990319,4.259189999604428],[72.99520599963404,4.259929999688516],[72.99670299988615,4.261660000032682],[72.99393299991527,4.268041000337189],[72.99041500039854,4.272004000126271]]]]}},{"type":"Feature","properties":{"OBJECTID":"39","Atoll":"GA","Name_Engli":"GA. Hithaadhoo Island","Name_Dhive":"ގއ. ހިތާދޫ އާއި އެރަށުގެ ވަށައިގެންވާ ފަޅާއި ފަރުގެ ސަރަހައްދު","About_PA":"ގއ. ހިތާދޫ އަކީ ގިނަ އަދަދަކަށް ހޯރާ އަރާ ރަށެކެވެ. އަދި ހޯރައަކީ ދިވެހިރާއްޖޭގައި ހިމާޔަތްކޮށްފައިވާ ދޫންޏެކެވެ. އެހެންކަމުން، މި ސަރަޙ","Category":"Not Assigned","Type":"Island/MPA","Area_Ha":"53","Original_D":"174-AB1/2006/13","Date_Decla":"2006-06-14","Amended_De":"-","Amended_Da":null,"Internatio":null,"Manag_Plan":null,"AmendManag":null,"PA_HandOve":"GA. Kolamaafushi Council","HandOver_D":"Letter 203-PROREC/406/2019/1","Related_Li":"https://drive.google.com/drive/folders/1lsMy1TnuJ3z3vgzNn4Ay04GqZMUr3xxD?usp=drive_link","Manag_Pl_1":null,"Date_Manag":null,"ManagPlanA":null,"HandOver_1":"2019-01-14","Shape_Leng":2883.32212,"Shape_Le_1":2883.32212,"Shape_Area":529734.27318},"geometry":{"type":"MultiPolygon","coordinates":[[[[73.24037359393134,0.847408695794089],[73.24007688436524,0.847566577446901],[73.23998457739658,0.847642492785358],[73.239884635847,0.847693517384472],[73.23938843359286,0.848004015744136],[73.23931236015639,0.84803921603378],[73.23925242194302,0.848110105559476],[73.23919788333404,0.848197661079771],[73.23911536367983,0.848261977747326],[73.2389915435949,0.84837175360346],[73.23892044199012,0.848445818405647],[73.23884793123258,0.848519100336011],[73.23884148374948,0.848533130297495],[73.23875251143075,0.84861298073762],[73.23870511299941,0.84868033834505],[73.23857930685472,0.848761872865463],[73.23853263542246,0.848810828306077],[73.23850535015016,0.84890770692514],[73.23849425534688,0.848979678622277],[73.23838939710554,0.84906451888656],[73.23834545697888,0.849152392075693],[73.23830033085474,0.84922875298902],[73.23825274458545,0.849345824310984],[73.23820999593238,0.849409272916177],[73.23816585710483,0.849451861415229],[73.23811478336371,0.849533415682912],[73.23807762923784,0.8496551516254],[73.23805895269872,0.849744224632458],[73.23801059395139,0.849833243311583],[73.23793889925263,0.849909555814262],[73.23788859633747,0.850042471871499],[73.23786708115063,0.850139146904717],[73.2377722217525,0.85029062129068],[73.23776124088614,0.85035288173622],[73.2377258014299,0.850449330612841],[73.23773453243736,0.850663191336723],[73.23765114123604,0.850931493690302],[73.23756034040562,0.85118601380915],[73.23747837534661,0.851318599626814],[73.23748709383392,0.851385746908959],[73.23742886209956,0.851577752438002],[73.23742052244496,0.851673345621354],[73.23734779749309,0.85184794756234],[73.23729919778239,0.851994458620032],[73.23722710694439,0.852181093422491],[73.2372095160786,0.852278690775859],[73.23720528833385,0.852286879963425],[73.23720089867271,0.852307391951933],[73.23718351180591,0.852369256946162],[73.23717503565045,0.852381691665333],[73.23715401220109,0.852398301173252],[73.23711140590598,0.852454618425106],[73.2371100491575,0.852528227693571],[73.23713812630591,0.852604671942568],[73.23713261486867,0.852681867552703],[73.23711019298891,0.852751127380404],[73.23709931816872,0.852773605938215],[73.2370611322075,0.852852536295315],[73.2370343537788,0.852901103760869],[73.2370252551247,0.852923276578677],[73.23699393715663,0.852972276915654],[73.23695688415711,0.853066645967486],[73.2369666650638,0.853189595269698],[73.23698644657215,0.853272593667834],[73.2370112813217,0.8533377290803],[73.23703084529747,0.853450597262048],[73.23705317325262,0.853632984662598],[73.2370332350866,0.853761774681442],[73.23703414626895,0.853922873150455],[73.23706777686527,0.854074389411316],[73.23709985499791,0.854354242994438],[73.23714770784105,0.854610915855179],[73.23716277288152,0.854668529341837],[73.23716026317734,0.85474474607389],[73.2371947362867,0.854872813383841],[73.23720287940748,0.854918955360789],[73.23721719243953,0.854972818377911],[73.2372257303824,0.855017973948646],[73.23722788259992,0.855063743299127],[73.23722180836512,0.855100315747771],[73.23719730575091,0.855197272345311],[73.23719893588905,0.855253181352735],[73.23724935234814,0.855378344206568],[73.2373047586171,0.855453432034624],[73.23736382655392,0.855510790978103],[73.23742052484423,0.855557894986561],[73.23748373339436,0.855616935132926],[73.23753615836371,0.855653960569392],[73.23760142025284,0.855711657882755],[73.23767229140552,0.855743805025134],[73.23777502533369,0.855808934022835],[73.23785776109293,0.855832915413006],[73.2380087387867,0.855890524880686],[73.23809040128074,0.855911998155107],[73.23816166508851,0.855924345860633],[73.23822827724267,0.855936730299117],[73.2382885642523,0.85594296257856],[73.23834651736883,0.855949172979129],[73.2384168182617,0.855955392707129],[73.2384777490149,0.855958516302215],[73.23857322330916,0.855986572025847],[73.23867662212919,0.855976788301755],[73.23877845505038,0.855951441763878],[73.23888908106626,0.855927913310371],[73.23894512444083,0.855900378890814],[73.23899573418144,0.855867880970577],[73.23908860217077,0.855847209114861],[73.23927262524695,0.855834891708142],[73.23942784903,0.855783374967359],[73.23962031003637,0.855692860312637],[73.239821692708,0.855576355653883],[73.24004442027534,0.855463455408057],[73.2401907732685,0.855369737139009],[73.24031281956547,0.855260467233491],[73.24045723100095,0.855159353566662],[73.24061264511225,0.855027303421587],[73.24072341158872,0.85491639056366],[73.24083859480324,0.854832083335713],[73.24096936206242,0.854725172155317],[73.24138724881493,0.854339149842231],[73.24153013669003,0.854148978874426],[73.24158056721514,0.854058165109384],[73.24162453584718,0.853953670815219],[73.24169795365732,0.853824490007853],[73.24177764961439,0.8537317716757],[73.2418494319165,0.853684757572784],[73.24193615766787,0.853589561058198],[73.24228119555987,0.853131796316814],[73.24245574680754,0.852917131321554],[73.2426485716697,0.852717559324248],[73.24275730960723,0.852592624023876],[73.2428323489373,0.852488948718401],[73.24288972606722,0.852386742917506],[73.24292410674305,0.852277775033138],[73.24303446798241,0.852047728959226],[73.24311136017704,0.851867584023453],[73.24319752932428,0.851725717886355],[73.24324130181559,0.851623514835953],[73.24332483241666,0.851384586072436],[73.24338388672729,0.851252524552736],[73.24353392063489,0.850782280574298],[73.24359170621061,0.850551371033977],[73.24361763217676,0.850500519563959],[73.24368588382283,0.850334404394112],[73.24374657797568,0.850217253686533],[73.24376763942917,0.850049000817997],[73.24385379196751,0.849834152849881],[73.24388810875143,0.849639503134144],[73.24389284915641,0.849528502261102],[73.2439178137908,0.849445962687578],[73.24395912587529,0.849374887189908],[73.24398677575705,0.849316020747916],[73.24401230901192,0.849211638920297],[73.24402329807378,0.849105113572933],[73.2440463051548,0.849016669809283],[73.24412505171411,0.848827385695481],[73.24413380688702,0.848789833136006],[73.244223049569,0.848652664197533],[73.24423385687844,0.848576569415491],[73.24421677022157,0.848526940751342],[73.24421579230724,0.848448389925605],[73.24433049213265,0.848337593899267],[73.24435259818,0.848298851944342],[73.24436614142724,0.848227659720978],[73.24438347239808,0.848167779331788],[73.24438097816136,0.848108922600213],[73.24436330054442,0.848066897942702],[73.24433520808711,0.848003593921121],[73.24429461632475,0.847933624009659],[73.24427065519939,0.847894617759083],[73.24426113703055,0.847865096997052],[73.24425754884945,0.847833596712953],[73.24427726186234,0.847782497279243],[73.24427986196767,0.847730019110221],[73.2442868766823,0.847691212384857],[73.24428443683594,0.847689070788307],[73.24427632238377,0.847678380947738],[73.24424809177935,0.847646526684511],[73.24422922773223,0.847631770717256],[73.24421624629358,0.84760454620745],[73.24421337924836,0.847577553294524],[73.24421266465836,0.847540557071842],[73.2441907336332,0.847495926996079],[73.24418587363535,0.84745789074331],[73.24415434609662,0.847445977549583],[73.2441128702733,0.847443998093325],[73.24405285792083,0.847436087903375],[73.24400786866755,0.847436090880942],[73.24398743212842,0.847430170131956],[73.24397202808957,0.847418362866553],[73.24397145491542,0.84741443703074],[73.24394112290915,0.847392935166709],[73.24391164464485,0.847404646888947],[73.24388282578691,0.847422299269957],[73.2438325677534,0.84742623717067],[73.24373646609668,0.847422311134493],[73.24366544686362,0.84738325086241],[73.24364736837711,0.847371600630082],[73.24360773577847,0.847358093070341],[73.24356792811083,0.847352322635546],[73.24350984509452,0.847391014697209],[73.24349183968509,0.847408587004153],[73.24347716174923,0.847434145812828],[73.24345856780593,0.847449981591145],[73.24343272593859,0.847448001127636],[73.24337307426235,0.847433187656653],[73.24318464563423,0.847387954367163],[73.24295414567034,0.847326694827962],[73.24275414799638,0.847265920360563],[73.24236851305528,0.847149783903831],[73.24198953621618,0.847070716885401],[73.2418277700457,0.847070727997938],[73.24169356960324,0.847062873429024],[73.24142366059107,0.847074689596821],[73.24106607858498,0.847165807184804],[73.24063065504177,0.847302500207947],[73.24037359393134,0.847408695794089]]]]}},{"type":"Feature","properties":{"OBJECTID":"40","Atoll":"B","Name_Engli":"B. The Wreck Of \"CORBIN\"","Name_Dhive":"ބ. \"ކޯބިން\" ނައު އުރަވެފައިވާ ސަރަހައްދު","About_PA":"ކޯބިން ނަވަކީ 1602 ވަނަ އަހަރު ބ.ފުޅަދޫގެ ހުޅަނގުއުތުރު ފަރާތަށް އުރިފައިވާ ފަރަންސޭސި ވިލާތުގެ އުޅަނދެކެވެ.  މި ނައު އަދި ނައު އުރިފައިވާ","Category":"Not Assigned","Type":"MPA","Area_Ha":"328","Original_D":"138-FS2/1/2011/35","Date_Decla":"2011-06-05","Amended_De":"-","Amended_Da":null,"Internatio":"UNESCO Biosphere Reserve, Ecologically & Biologically Significant Marine Areas","Manag_Plan":null,"AmendManag":null,"PA_HandOve":null,"HandOver_D":null,"Related_Li":"https://drive.google.com/drive/folders/1lsMy1TnuJ3z3vgzNn4Ay04GqZMUr3xxD?usp=drive_link","Manag_Pl_1":null,"Date_Manag":null,"ManagPlanA":null,"HandOver_1":null,"Shape_Leng":8590.5847,"Shape_Le_1":8590.5847,"Shape_Area":3284141.90134},"geometry":{"type":"MultiPolygon","coordinates":[[[[72.88439650770374,4.892472561902214],[72.91374661305657,4.895731423235604],[72.91488026698087,4.886736915309281],[72.8850944811992,4.883564908795084],[72.88439650770374,4.892472561902214]]]]}},{"type":"Feature","properties":{"OBJECTID":"41","Atoll":"B","Name_Engli":"B. Mendhoo Region","Name_Dhive":"ބ. މެންދޫ ސަރަހައްދު","About_PA":"ބ. އަތޮޅު މެންދޫ ސަރަހައްދުގައި ހިމެނެނީ ބ. އަތޮޅު މެންދޫއާއި، މެންދޫ ވަށައިގެންވާ ފަރު، ބ. އަތޮޅު މެންދޫ ބިންމަތީފަރު، ބ. އަތޮޅު ކަނބުރު","Category":"Category 1: Internationally Recognized Area, Category 7: Protected Area with Sustainable Use","Type":"Island/MPA","Area_Ha":"1185","Original_D":"138-FS2/1/2011/35","Date_Decla":"2011-06-05","Amended_De":"B. Mendhoo Management Plan","Amended_Da":"2018-10-28","Internatio":"UNESCO Biosphere Reserve, Ecologically & Biologically Significant Marine Areas","Manag_Plan":"B. Mendhoo Management Plan","AmendManag":null,"PA_HandOve":null,"HandOver_D":null,"Related_Li":"https://drive.google.com/drive/folders/1lsMy1TnuJ3z3vgzNn4Ay04GqZMUr3xxD?usp=drive_link","Manag_Pl_1":"B. Mendhoo Management Plan","Date_Manag":"2018-10-28","ManagPlanA":null,"HandOver_1":null,"Shape_Leng":17352.25493,"Shape_Le_1":17352.25493,"Shape_Area":11850953.5334},"geometry":{"type":"MultiPolygon","coordinates":[[[[72.95999311225323,5.175215765017524],[72.9688111877902,5.180543600885724],[72.97735479581019,5.184125713892621],[72.97793046889606,5.184370593556033],[72.97833099876442,5.184469472085085],[72.97858861531599,5.184491346033574],[72.978854017635,5.184465404332935],[72.99415537915954,5.181854047878323],[72.99499714597441,5.181630661613015],[72.9956026573603,5.181420878134717],[72.99605424967798,5.181217781346264],[72.99664214742886,5.180918235022076],[72.99717653125059,5.180564695950586],[72.99771813799629,5.180189648570565],[72.99831391640197,5.179660481754269],[72.99887054880992,5.179059424584351],[72.99941312570968,5.178375794803891],[72.9999633437495,5.177537895267187],[73.00034157979032,5.176760450122668],[73.00061236567241,5.176007784051628],[73.00074654616398,5.17544844662576],[73.00084885195152,5.174781364867118],[73.00085688819227,5.174501510561544],[73.00085897155327,5.173837699899808],[73.00078243259952,5.173137758725176],[73.0007296606841,5.172846947270861],[73.00064847332555,5.172487870688978],[73.00056707017225,5.172196969825558],[73.00043218737085,5.171841313182412],[73.00025443580007,5.171460402356354],[73.0001369739323,5.171255504428195],[72.9999837790245,5.171032551650483],[72.99978426200929,5.170744865670869],[72.99956667966742,5.170510947156857],[72.99901689408819,5.170075040435636],[72.9984845513911,5.169782715304773],[72.99806632780934,5.169619925097165],[72.97524226415197,5.166725544099138],[72.96927790758555,5.161390082408006],[72.9680574254001,5.160298973620291],[72.96759307635419,5.160017613690367],[72.96716399997474,5.159897832230697],[72.96034652792297,5.15985444768179],[72.95993465132909,5.159953591893839],[72.9368024786978,5.168492983078193],[72.93556814660093,5.169490032846529],[72.93490839380583,5.170107722051578],[72.93427137985067,5.170840001573165],[72.93385190399154,5.171441428138031],[72.93354657783931,5.172156847785178],[72.93339280340813,5.172857212177424],[72.9333236975701,5.173566226154167],[72.93335548089853,5.174065068999881],[72.93344823858466,5.174889427648553],[72.93351132007999,5.175228106428337],[72.93356909543097,5.17551103440996],[72.93363929422286,5.175769781876927],[72.93376324886664,5.176171331636001],[72.93392946415294,5.176563690190676],[72.93405327467133,5.176789423168256],[72.93417715980159,5.176992193794542],[72.93440653533166,5.177331654946948],[72.93470604375158,5.177674216286424],[72.9348886832794,5.177858519413109],[72.93504858829257,5.177989646573886],[72.93531283710779,5.178169911597318],[72.93551707413168,5.178315534623446],[72.93591846119858,5.178585232326193],[72.93620858127994,5.178734004877581],[72.93659056590909,5.17892393481223],[72.93695264479419,5.179102126272555],[72.93733858323489,5.179280396282634],[72.93752446296256,5.179347978887241],[72.93899249877019,5.179768021262744],[72.93958619527183,5.179889556238254],[72.94003934855603,5.179941265054608],[72.94079789044424,5.17999635885559],[72.94221392078279,5.179973377902921],[72.94256436039655,5.179915194556491],[72.94335887784233,5.179764687023312],[72.94372565932015,5.179670196659846],[72.95250000000918,5.175555599604715],[72.95991795066315,5.175170372661451],[72.95999311225323,5.175215765017524]]]]}},{"type":"Feature","properties":{"OBJECTID":"42","Atoll":"B","Name_Engli":"B. Maahuruvalhi Reef Region","Name_Dhive":"ބ. މާހުރުވަޅިފަރުގެ ސަރަހައްދު","About_PA":"މާޅޮސްމަޑުލު ދެކުނުބުރީ ހުޅަނގު ބިތުގައިވާ މާހުރުވަޅިފަރު ސަރަޙައްދަކީ ދިރުންތަކުގެ ނަސްލުތައް މުއްސަނދި، ތިމާވެށީގެގޮތުން ޚާއްސަ ސަ","Category":"Not Assigned","Type":"MPA","Area_Ha":"1851","Original_D":"138-FS2/1/2011/35","Date_Decla":"2011-06-05","Amended_De":"-","Amended_Da":null,"Internatio":"UNESCO Biosphere Reserve, Ecologically & Biologically Significant Marine Areas","Manag_Plan":null,"AmendManag":null,"PA_HandOve":null,"HandOver_D":null,"Related_Li":"https://drive.google.com/drive/folders/1lsMy1TnuJ3z3vgzNn4Ay04GqZMUr3xxD?usp=drive_link","Manag_Pl_1":null,"Date_Manag":null,"ManagPlanA":null,"HandOver_1":null,"Shape_Leng":18140.33283,"Shape_Le_1":18140.33283,"Shape_Area":18509355.9404},"geometry":{"type":"MultiPolygon","coordinates":[[[[72.84357770379903,5.212276350688993],[72.84364302275056,5.212711900205496],[72.84370887857804,5.212989585820786],[72.84378431198036,5.213257736128832],[72.84383149242916,5.213415763721894],[72.84384512100378,5.213616729396993],[72.84389140173764,5.21403786325189],[72.84400415960077,5.214554897830243],[72.84411717871524,5.214995395207638],[72.84428731160095,5.215479141709321],[72.84452905408635,5.21595356664111],[72.84469524884696,5.216193326638936],[72.84510856197949,5.2167305296644],[72.84542714227139,5.217061704589655],[72.84561270325192,5.217220206903696],[72.84576968014147,5.217364258906533],[72.84619809436771,5.217671890810466],[72.84642664683324,5.217816189069012],[72.84666007298917,5.217931800336721],[72.84731775982539,5.218173244979283],[72.84789004506639,5.218270881724938],[72.84832896574483,5.218296306000409],[72.84918316188805,5.218284880287094],[72.84960328898975,5.218224129105126],[72.85061075195544,5.21804579144763],[72.85109292865491,5.217980468267335],[72.85150839958612,5.217886212767309],[72.85197637498878,5.217787353282042],[72.852334339692,5.217764657628679],[72.85308828042996,5.217767234921125],[72.85424692207606,5.217685085206075],[72.85489850200344,5.217619141440252],[72.85583330006237,5.217499999717099],[72.85661758820092,5.217259044769844],[72.85709423068535,5.217066927288039],[72.85746343456246,5.21689596789442],[72.85786869664835,5.216646199350957],[72.85820239224057,5.21639259565233],[72.85857924126937,5.216078148298783],[72.85883432418434,5.215788398746551],[72.85897422668398,5.215692003087382],[72.85913577283297,5.215545450434753],[72.85941565058587,5.215331129593282],[72.85957006456267,5.215177378062164],[72.85972810435003,5.215009284597715],[72.8598826032636,5.214830417409602],[72.86007680744822,5.214551223907607],[72.86033928925016,5.21418974086078],[72.86076716229842,5.213602784383729],[72.8610332586899,5.213230548702299],[72.86141071158784,5.212736705928642],[72.86155095391352,5.212539848881035],[72.8618027218713,5.212171152774264],[72.86201184713539,5.211712614231339],[72.86227891334416,5.211053350183194],[72.86261779568683,5.210322573073324],[72.86294975111244,5.209523602368344],[72.86340516584946,5.208197628011479],[72.86375260775202,5.207050682576451],[72.8640573462273,5.205831832901046],[72.86435462105753,5.204702653733235],[72.86451065091751,5.204068126660306],[72.86488097528884,5.202501472276159],[72.86495743618484,5.202114237677122],[72.86504187555806,5.201483054548345],[72.86511920671762,5.200837495692848],[72.86520010524448,5.200195536950591],[72.86541179487133,5.198972779778154],[72.86575986083689,5.196573654760845],[72.86622878504981,5.194061321437395],[72.86647163135848,5.192794416641583],[72.866902190622,5.19033576881901],[72.86758523335452,5.187288358734392],[72.86806008689376,5.185488833813794],[72.868334909369,5.184643015120963],[72.86872547279908,5.183431620046581],[72.86907219055875,5.182489168594585],[72.86935380506141,5.181751008654804],[72.86960690776449,5.180976871917062],[72.86976611069865,5.180457162136307],[72.86994336472853,5.179890870022836],[72.87013157114787,5.179260030987801],[72.87035590859969,5.178525264812111],[72.87071333032546,5.177590023428634],[72.87102022903458,5.176780187025359],[72.87134878904358,5.175913017374259],[72.87146796406252,5.175590505129849],[72.87161599588084,5.175199919807104],[72.87177835393413,5.174805796189571],[72.87198038908363,5.174318517909558],[72.87226972459713,5.173408160005375],[72.87248653613891,5.172425199634301],[72.87259046692549,5.171666107987901],[72.87266629224605,5.170839645919833],[72.87279192616113,5.169385466959532],[72.87291260526085,5.168968777526322],[72.87302674068668,5.168725479973463],[72.87321313129713,5.168277615258066],[72.87337311065953,5.167701096389306],[72.87347598116236,5.167258929726587],[72.87363662864598,5.16648208642347],[72.8736517574465,5.165522367675103],[72.8736031741876,5.164888340278577],[72.87340525394774,5.164322580140879],[72.8730967751814,5.163822227560287],[72.87270176626197,5.163336536028229],[72.8721539298218,5.162758039663841],[72.8714934807754,5.162280428047301],[72.87121669132205,5.162115053365274],[72.87052279129756,5.161831673119583],[72.87007315791195,5.161629839789123],[72.8698765166251,5.161575361762039],[72.86947135578761,5.16145141472014],[72.86923311476075,5.161351949415151],[72.86886095804194,5.161168314339603],[72.86845002388402,5.160987540425736],[72.86810751015496,5.160857822854833],[72.86792882234413,5.160785464941],[72.86770838414279,5.160712965900206],[72.86710974693142,5.160480731603722],[72.86657659562763,5.160284596322438],[72.86639193642027,5.160215206796949],[72.86605851936189,5.160040671575013],[72.86546603573221,5.159751649077595],[72.86457291336991,5.159297168782873],[72.86389119013431,5.15894206776177],[72.86332249919732,5.158674053390706],[72.862545371021,5.158312648607839],[72.86203325989264,5.158068743725552],[72.86180102592733,5.15795733464793],[72.86155985840033,5.157842905810753],[72.86129477088983,5.157746337857239],[72.86097021360592,5.15759873943243],[72.86048189125275,5.157375843130581],[72.8602497189909,5.157246494271236],[72.85991028242053,5.15708987558844],[72.85919579215465,5.156725691379509],[72.8590289353253,5.156683269856751],[72.85891880860507,5.156620111077434],[72.85856115771978,5.156559107924513],[72.85837940198343,5.156513647333363],[72.85692880185191,5.155938493597728],[72.8566179422219,5.155797517646986],[72.85631073370652,5.155635028033175],[72.85606419219279,5.155522971808435],[72.85578903318124,5.155407230894437],[72.85546381215453,5.155280559435638],[72.85522424601174,5.155222344360619],[72.8545553701233,5.155130390314045],[72.85427276616527,5.155100732631446],[72.85376829636886,5.155070327630246],[72.85338196575842,5.15502596791069],[72.85295645133188,5.15492765879628],[72.85256662675827,5.15485817292011],[72.85169336976875,5.154887512630707],[72.85072338530857,5.154948815961748],[72.84990687759067,5.155129037277299],[72.84962623682404,5.155225556592745],[72.84903754928752,5.155418207295853],[72.8487873316041,5.155503768314957],[72.84802264485162,5.155880895308592],[72.84717423935057,5.156323514326175],[72.8465197665727,5.156736890092136],[72.8446007574267,5.158072241675915],[72.84261051361813,5.159658491403378],[72.8420599859839,5.160197188648745],[72.84172732107488,5.160509397730113],[72.84144011190499,5.160783489243863],[72.84111214429645,5.161117240281185],[72.84075053413282,5.161522633310616],[72.84037687485866,5.161963861944658],[72.84023298994512,5.162183428439558],[72.8399398193013,5.162809105668008],[72.83972589070007,5.163281972549125],[72.83955026332825,5.163716699689767],[72.8394710402888,5.164003935742316],[72.83941923375633,5.164648613669355],[72.83941569884783,5.165128893407156],[72.83943807391108,5.165621575042374],[72.83946298250206,5.165818876524299],[72.83957498971101,5.166558831094306],[72.83974024961363,5.167353503094736],[72.8399271867671,5.167947328573846],[72.84021126432236,5.168598892178043],[72.84065899706397,5.169392611999127],[72.84135773855951,5.170458907741925],[72.8420683555574,5.17140086420082],[72.84275291109988,5.172304731388938],[72.84306724399023,5.172829029091287],[72.84348707109702,5.173903822824495],[72.84373897802698,5.175250124412123],[72.8440613150769,5.177813543761036],[72.84374932305745,5.182754741908276],[72.84367533594961,5.18358348126821],[72.84364123818116,5.183789069035225],[72.84342499536803,5.184238006783461],[72.84287378762394,5.184968047940413],[72.84216732422159,5.186453397132508],[72.84189074826344,5.187806263964342],[72.84188093373326,5.189289204729012],[72.8419969266732,5.191662362357202],[72.84278120111243,5.198166216963211],[72.84280045812507,5.203720266077838],[72.84278069841196,5.20531798458947],[72.84289684963284,5.207638521055314],[72.84357770379903,5.212276350688993]]]]}},{"type":"Feature","properties":{"OBJECTID":"43","Atoll":"B","Name_Engli":"B. Bathalaa Region","Name_Dhive":"ބ. ބަތަލާ ސަރަހައްދު","About_PA":"ބ. އަތޮޅު ބަތަލާހުރާ، ބަތަލާހުރާގެ ވަށައިގެންވާ ފަރު، ގާގަނޑުހުރާ، (ގާގަނޑުހުރާ އާއި ބަތަލާހުރާއާ ދެމެދުގައިވާ ކަނޑުއޮޅި ހިމެނޭގޮތަށް)","Category":"Not Assigned","Type":"Sandbank/MPA","Area_Ha":"692","Original_D":"138-FS2/1/2011/35","Date_Decla":"2011-06-05","Amended_De":"-","Amended_Da":null,"Internatio":"UNESCO Biosphere Reserve, Ecologically & Biologically Significant Marine Areas","Manag_Plan":null,"AmendManag":null,"PA_HandOve":null,"HandOver_D":null,"Related_Li":"https://drive.google.com/drive/folders/1lsMy1TnuJ3z3vgzNn4Ay04GqZMUr3xxD?usp=drive_link","Manag_Pl_1":null,"Date_Manag":null,"ManagPlanA":null,"HandOver_1":null,"Shape_Leng":10589.8507,"Shape_Le_1":10589.8507,"Shape_Area":6920265.8212},"geometry":{"type":"MultiPolygon","coordinates":[[[[73.06826946820478,5.36748613659847],[73.06881915645918,5.366844959716542],[73.0702646159513,5.365128450056846],[73.07176960308368,5.36334620866183],[73.07261332236446,5.362361361211178],[73.07317536602092,5.361691395431288],[73.07534732176838,5.35910888738814],[73.07646845107674,5.357794773086446],[73.07772914594507,5.356268662643358],[73.07983630587918,5.353327086759244],[73.08046918424566,5.352439158951273],[73.08107757935554,5.351594213301523],[73.08225403710937,5.349978830718407],[73.0829488360537,5.348977699159186],[73.08321343229927,5.348164687020618],[73.08320711592573,5.347893388308917],[73.08259386263478,5.346621191357535],[73.07270063426645,5.338589621107167],[73.07217569829695,5.338392765687885],[73.07166501911394,5.338216052958277],[73.0712970506142,5.338196236905267],[73.06888465826798,5.33893359492926],[73.065606285912,5.340001209603245],[73.06447574868297,5.341128685994998],[73.06440804855681,5.341254781169252],[73.06312612384643,5.34544189266609],[73.05604144693476,5.356012148841287],[73.05360691168204,5.359648686423768],[73.05237572377294,5.360884883401115],[73.05182602389858,5.362173482284313],[73.05239181733377,5.363487163858619],[73.06189650731397,5.372080520156215],[73.0620222847485,5.372158426922482],[73.06277180508232,5.372442129568215],[73.06316952280712,5.372569701167353],[73.06392246065167,5.372224741815487],[73.06446889824255,5.371968115650773],[73.06826946820478,5.36748613659847]]]]}},{"type":"Feature","properties":{"OBJECTID":"44","Atoll":"B","Name_Engli":"B. Goidhoo Koaru","Name_Dhive":"ބ. ގޮއިދޫ ކޯރުގެ ސަރަހައްދު","About_PA":"ބ. އަތޮޅު ގޮއިދޫ އުތުރު ފަރާތުގައިވާ ގޮއިދޫ ކޯރު އަދި ކޯރުގެ ވަށައިގެންވާ ކަނޑޫފަލާއި އެތަންތަނާ ގުޅިފައިވާ ސަރަޙައްދުތަކަކީ މުޅި އަތޮޅ","Category":"Not Assigned","Type":"Mangrove","Area_Ha":"15","Original_D":"138-FS2/1/2011/35","Date_Decla":"2011-06-05","Amended_De":"-","Amended_Da":null,"Internatio":"UNESCO Biosphere Reserve, Ecologically & Biologically Significant Marine Areas","Manag_Plan":null,"AmendManag":null,"PA_HandOve":null,"HandOver_D":null,"Related_Li":"https://drive.google.com/drive/folders/1lsMy1TnuJ3z3vgzNn4Ay04GqZMUr3xxD?usp=drive_link","Manag_Pl_1":null,"Date_Manag":null,"ManagPlanA":null,"HandOver_1":null,"Shape_Leng":1479.85154,"Shape_Le_1":1479.85154,"Shape_Area":147198.72611},"geometry":{"type":"MultiPolygon","coordinates":[[[[72.99779420771998,4.87975410598986],[73.00027924762583,4.881714348577319],[73.00245441022412,4.880603509798322],[73.00221931202701,4.879785916738454],[73.00194212609942,4.878983841632868],[73.00170117529139,4.878757514930316],[73.0015008211464,4.87866452204375],[73.00130872173233,4.878602650886728],[73.0011243378416,4.878552764160329],[73.0009607950385,4.878512207574876],[73.00078524730547,4.87846175036539],[73.00064884498701,4.878392568748588],[73.00038380998194,4.878256144432751],[73.00015553956268,4.878147099591361],[72.99987256890142,4.878027846102067],[72.99961779214803,4.877930922365431],[72.99932041406613,4.877844278038938],[72.99914876563831,4.877822594858074],[72.99901211208869,4.877822548402024],[72.99883463374898,4.877836730419947],[72.99848606526409,4.877882698443408],[72.99821940785222,4.877932137256385],[72.99809698501747,4.877958326226609],[72.99797912391621,4.878014666633803],[72.99788077084541,4.878127402564141],[72.99782746362023,4.878249962219965],[72.99780714680624,4.878345708275275],[72.99779273772779,4.878620521600217],[72.99775901290793,4.87901548517623],[72.99775251594228,4.879035200878901],[72.99775381467404,4.879079340158984],[72.99779420771998,4.87975410598986]]]]}},{"type":"Feature","properties":{"OBJECTID":"45","Atoll":"B","Name_Engli":"B. Mathifaru Hura","Name_Dhive":"ބ. މަތިފަރުހުރާ ސަރަހައްދު","About_PA":"ބ. އަތޮޅު ދޮރުކަނޑުގެ ހުޅަނގު ފަރާތުގައި މަތިފަރުހުރާގެ ސަރަޙައްދަކީ ދިރުންތަކުގެ ނަސްލުތައް މުއްސަނދި ސަރަޙައްދެކެވެ. މި ސަރަޙައްދުގަ","Category":"Not Assigned","Type":"Island/MPA","Area_Ha":"55","Original_D":"138-FS2/1/2011/35","Date_Decla":"2011-06-05","Amended_De":"-","Amended_Da":null,"Internatio":"UNESCO Biosphere Reserve, Ecologically & Biologically Significant Marine Areas","Manag_Plan":null,"AmendManag":null,"PA_HandOve":null,"HandOver_D":null,"Related_Li":"https://drive.google.com/drive/folders/1lsMy1TnuJ3z3vgzNn4Ay04GqZMUr3xxD?usp=drive_link","Manag_Pl_1":null,"Date_Manag":null,"ManagPlanA":null,"HandOver_1":null,"Shape_Leng":2765.36298,"Shape_Le_1":2765.36298,"Shape_Area":547171.89694},"geometry":{"type":"MultiPolygon","coordinates":[[[[72.88717447269478,4.813292308295535],[72.8870404069153,4.813465309957453],[72.88690269678057,4.813659828547545],[72.88676370095344,4.813885440823339],[72.8866533722569,4.814093201084856],[72.88654655393563,4.814322501407739],[72.88644681184158,4.814576936550426],[72.8863528558013,4.814887602950721],[72.88626456378225,4.81529516287189],[72.88621794440236,4.815720792358499],[72.88620981060312,4.816037704819595],[72.88624885942913,4.816519811191924],[72.88635690285969,4.817051168102952],[72.88659926711314,4.817714502787472],[72.8868399222711,4.818158964671207],[72.88718064395636,4.818630049360863],[72.8875633171193,4.819029504958215],[72.88796885358029,4.81936086025007],[72.88844842532204,4.819655369238776],[72.88888059909665,4.819855247717713],[72.88941363592355,4.820017166962422],[72.88998142962603,4.820120590061442],[72.89063712396607,4.820136977999542],[72.89097821226156,4.820104548716706],[72.89170360599702,4.819942948307148],[72.8922097369168,4.819744788318586],[72.89276868390155,4.819430777205268],[72.89363224608634,4.818848371931697],[72.89361110017637,4.813333299825698],[72.88717447269478,4.813292308295535]]]]}},{"type":"Feature","properties":{"OBJECTID":"46","Atoll":"B","Name_Engli":"B. Anga Faru Area","Name_Dhive":"ބ.އަނގަފަރު ސަރަހައްދު","About_PA":"ބ. އަތޮޅު އަނގަފަރު ހިމާޔަތްކޮށްފައިވަނީ 2009 ވަނަ އަހަރުގެ ޖޫން މަހުގެ 6 ވަނަ ދުވަހުއެވެ. މި ސަރަޙައްދު ހިމާޔަތްކޮށްފައިވަނީ ބ. ދޮންފަނުތި","Category":"Not Assigned","Type":"MPA","Area_Ha":"769","Original_D":"138-EE/2009/19","Date_Decla":"2009-06-05","Amended_De":"-","Amended_Da":null,"Internatio":"UNESCO Biosphere Reserve, Ecologically & Biologically Significant Marine Areas","Manag_Plan":null,"AmendManag":null,"PA_HandOve":null,"HandOver_D":null,"Related_Li":"https://drive.google.com/drive/folders/1lsMy1TnuJ3z3vgzNn4Ay04GqZMUr3xxD?usp=drive_link","Manag_Pl_1":null,"Date_Manag":null,"ManagPlanA":null,"HandOver_1":null,"Shape_Leng":11384.58043,"Shape_Le_1":11384.58043,"Shape_Area":7688614.88141},"geometry":{"type":"MultiPolygon","coordinates":[[[[73.09388949371576,5.195722900883442],[73.09563178058104,5.195598979727148],[73.09698815821001,5.195258585779599],[73.09778122703462,5.194973904696815],[73.09861270234437,5.194612786168223],[73.09994178993024,5.193822556442576],[73.10046786327804,5.193450944356795],[73.10095590197997,5.193031372376066],[73.10144408234079,5.192563955398479],[73.10211932664835,5.191781319460176],[73.1040059105524,5.189681782690183],[73.10700662367702,5.186848750726849],[73.10897870687374,5.184873842844611],[73.11116081416851,5.182880413001048],[73.11349567881612,5.180868286570314],[73.11506560639248,5.179313189757742],[73.11645483192014,5.177537458294873],[73.117035558963,5.176429160870363],[73.11749231901058,5.17528221637258],[73.11786905061531,5.173761832550176],[73.1179882514114,5.172183269734854],[73.11788591923157,5.171283460764788],[73.1176112243727,5.170574524778772],[73.11729784109716,5.170037720030403],[73.1168030590151,5.169519513372916],[73.1158791777403,5.168866063990826],[73.1145825883442,5.168374181995926],[73.11330404015968,5.168236410998606],[73.1105835354328,5.168352710924266],[73.10882709420589,5.168443167221935],[73.10665059117757,5.16857063877331],[73.10493139164734,5.168976977375658],[73.10307754582233,5.169727394256397],[73.10129027984733,5.170554554714014],[73.098719177339,5.171781262140136],[73.09781106672226,5.172247422866496],[73.09693161663559,5.172704098213361],[73.09570791159736,5.173379825827916],[73.09492381792965,5.173865491034273],[73.09426411411967,5.174246269257782],[73.0929824793967,5.17514190425947],[73.09207129089225,5.175836503861123],[73.09050429743291,5.177201349676058],[73.08982841364632,5.177803357101404],[73.08852364308022,5.178850815954679],[73.08696486090058,5.179860423072434],[73.086065416059,5.180613655647348],[73.08440160876299,5.181632504268104],[73.08294786327058,5.182623277266114],[73.08248834506286,5.183081195201902],[73.08232545518128,5.18329121758284],[73.08199961729413,5.183730404695638],[73.08117426259952,5.185230230632591],[73.08081924018401,5.185851137977091],[73.08051176492313,5.186529603082406],[73.08037663892767,5.187026780429468],[73.08031838899757,5.187351948032395],[73.08003144767547,5.187552025356693],[73.07971555461214,5.187857271575636],[73.07931277810009,5.188487599552754],[73.07914916077327,5.188936846184879],[73.07907109757156,5.189501176780161],[73.07905012708251,5.190123097435723],[73.07908624761379,5.190802603688002],[73.07919884180299,5.191444068890177],[73.07934990422673,5.19198996007726],[73.07965347398824,5.192603298629692],[73.08013865215266,5.19313106811417],[73.08057677501255,5.193438608778081],[73.08131072066965,5.193766186089952],[73.08420168173163,5.194119452417125],[73.08649215004799,5.194202954272943],[73.08671124336462,5.19434715360432],[73.08746422744554,5.194693921324053],[73.08789336042841,5.194819619607883],[73.08888556544188,5.194966159966748],[73.09001174384957,5.194998278112196],[73.09077543032357,5.194962313716808],[73.09132829715169,5.195203212684496],[73.0923294758713,5.195541157094219],[73.09335975136108,5.195726083962148],[73.09388949371576,5.195722900883442]]]]}},{"type":"Feature","properties":{"OBJECTID":"47","Atoll":"B","Name_Engli":"B. Hanifaru Area","Name_Dhive":"ބ. ހަނިފަރު ސަރަހައްދު","About_PA":"ބ. އަތޮޅު ހަނިފަރު ސަރަޙައްދަކީ، ޤުދުރަތީ ވަޞީލަތްތަކާއި ދިރުންތަކުގެ މުއްސަނދިކަމުގެ ސަބަބުން ދުނިޔޭގެ ފެންވަރުގައި ފާހަގަކުރެވޭ ތަނ","Category":"Not Assigned","Type":"Island/MPA","Area_Ha":"529","Original_D":"138-EE/2009/19","Date_Decla":"2009-06-05","Amended_De":"138-FS2/1/2011/35","Amended_Da":"2011-06-05","Internatio":"UNESCO Biosphere Reserve, Ecologically & Biologically Significant Marine Areas","Manag_Plan":"2012/R-23 B. Hanifaru Management Regulation","AmendManag":"2014/R-1, 2014/R-414, 2020/R-110","PA_HandOve":null,"HandOver_D":null,"Related_Li":"https://drive.google.com/drive/folders/1lsMy1TnuJ3z3vgzNn4Ay04GqZMUr3xxD?usp=drive_link","Manag_Pl_1":"2012/R-23 B. Hanifaru Management Regulation","Date_Manag":"2012-04-26","ManagPlanA":"2020-11-19","HandOver_1":null,"Shape_Leng":9570.12495,"Shape_Le_1":9570.12495,"Shape_Area":5289490.72813},"geometry":{"type":"MultiPolygon","coordinates":[[[[73.13180439729153,5.176697191563164],[73.1316903174243,5.176948049123717],[73.13164203333793,5.177139291939985],[73.13161739778913,5.177402373908559],[73.13174616058197,5.178246046591785],[73.13215531296433,5.179084564897423],[73.13182676094725,5.179239096191385],[73.13138400413426,5.179390703180092],[73.13109299795651,5.179498320201966],[73.1302680556993,5.17982659091254],[73.12949121782512,5.180278835312838],[73.12918633440923,5.18049922196335],[73.12888132491669,5.180761474244709],[73.12859396512424,5.181107510034824],[73.12836027740353,5.181459683721178],[73.12821620761224,5.18176427778283],[73.12810767867919,5.182155697672317],[73.12805290736055,5.18252335383663],[73.12809800561735,5.183414622776296],[73.12818637714538,5.183791674824333],[73.12847093758222,5.184396575845998],[73.12893465595259,5.18493622003177],[73.12933351209342,5.185218496358964],[73.12982792164394,5.185465171091476],[73.13071011979264,5.185701031150763],[73.13137196700778,5.185810642646148],[73.13202205982904,5.185860410827681],[73.13397900884512,5.185770498252904],[73.13680147690123,5.185503707898282],[73.13705799200295,5.185504463970497],[73.13726074818368,5.185528984409556],[73.13876246697569,5.18607168183532],[73.13944800625191,5.186241164378811],[73.13998486440501,5.186254705170048],[73.14096900967861,5.186311427877137],[73.14208434737237,5.186386478379338],[73.14363986820533,5.186404057035533],[73.14446478663372,5.186321702064222],[73.14545530415977,5.186240877133342],[73.14645785570498,5.186124201325646],[73.14791413487745,5.185889235651881],[73.14895891743512,5.185611198214982],[73.15079831155725,5.184922803063754],[73.1517779406564,5.184483084442547],[73.15346882070112,5.183578932590789],[73.15426958711808,5.18310279990425],[73.15530947579062,5.182453920085662],[73.15596691229251,5.18203119465093],[73.1566660880923,5.181614571994944],[73.15854237133165,5.180543478304018],[73.15903868271204,5.180138222095466],[73.16026511973854,5.178927668926454],[73.16073087705637,5.178773519971834],[73.16128616833267,5.178601686933884],[73.16163859800564,5.178441226651816],[73.16187171795193,5.178280419647549],[73.16213490705569,5.178035967608374],[73.16244025227975,5.177654076896277],[73.1626141832886,5.177331612614466],[73.16286687392544,5.176590713706163],[73.16291571994005,5.17620209776728],[73.16290484216405,5.175837231787134],[73.16284617144852,5.175496150409526],[73.16265689958824,5.174933397050026],[73.162431627744,5.174442309926883],[73.16214068505104,5.173968975198776],[73.16179012198896,5.173483505885358],[73.16115411837046,5.172686200918537],[73.16041659980245,5.171924487821025],[73.15854861190621,5.170136759025503],[73.15782287620961,5.16942890591931],[73.15726387526612,5.168823212826848],[73.15682957958875,5.168415252254145],[73.15632957772466,5.168037002259719],[73.15601400318465,5.167832736153497],[73.15578766527055,5.167712458667023],[73.15554936321503,5.167604110625384],[73.15530504183293,5.167513686924461],[73.15506068774012,5.167435224630512],[73.15481626359939,5.167380686104724],[73.15459561493161,5.167356121046331],[73.15439281060932,5.16734954973851],[73.15412433514024,5.167360730059253],[73.15384991220861,5.16736591262235],[73.1535515580956,5.167394947620088],[73.15313970590458,5.167477481278072],[73.15270982064416,5.167607808334441],[73.1523873437261,5.16772648638222],[73.14915547678402,5.169307970721701],[73.14863633496496,5.169360283329496],[73.1482902063059,5.16940711867028],[73.14799771241098,5.169472054114817],[73.14757992930966,5.169542603667534],[73.14679793005165,5.169725724183657],[73.14615323915407,5.169873359658222],[73.14556825115721,5.17000322810551],[73.14509672800389,5.170091561306131],[73.14449998356527,5.170161584906347],[73.14358699230243,5.170260586976795],[73.14293643831684,5.17037231707366],[73.14255435955725,5.170472871663096],[73.14180194415167,5.170739803950233],[73.14080438785716,5.171197403337775],[73.13806236498799,5.172535036614654],[73.13703396609814,5.173339423985973],[73.13607160336932,5.174000463023272],[73.13450588891618,5.174785066378137],[73.13321946518047,5.175440215974964],[73.13269597259927,5.175766818283932],[73.13230733031263,5.176070692372614],[73.13210987743989,5.176273457635427],[73.1319422503487,5.176476309881298],[73.13180439729153,5.176697191563164]]]]}},{"type":"Feature","properties":{"OBJECTID":"48","Atoll":"B","Name_Engli":"B. Olhugiri","Name_Dhive":"ބ. އޮޅުގިރި އާއި އެރަށުގެ ވަށައިގެންވާ ފަޅާއި ފަރުގެ ސަރަހައްދު","About_PA":"މާޅޮސްމަޑުލު ދެކުނުބުރީ އޮޅުގިރި ސަރަޙައްދަކީ، ޤާނޫނު ނަންބަރު 4/93 (ދިވެހިރާއްޖޭގެ ތިމާވެށި ރައްކައުތެރިކޮށް ދެމެހެއްޓުމާބެހޭ ޤާނޫނު) ގ","Category":"Category1: Strict Nature Reserve, Category 7: Protected Area with Sustainable Use","Type":"Island/MPA","Area_Ha":"52","Original_D":"174-AB1/2006/13","Date_Decla":"2006-06-14","Amended_De":"B. Olhugiri Management Plan","Amended_Da":"2018-10-28","Internatio":"UNESCO Biosphere Reserve, Ecologically & Biologically Significant Marine Areas","Manag_Plan":"B. Olhugiri Management Plan","AmendManag":null,"PA_HandOve":"B. Hithaadhoo Council & B. Atoll Council","HandOver_D":"Agreement (AGR)230-IED/322/2018/1 & B. Olhugiri Management Plan","Related_Li":"https://drive.google.com/drive/folders/1lsMy1TnuJ3z3vgzNn4Ay04GqZMUr3xxD?usp=drive_link","Manag_Pl_1":"B. Olhugiri Management Plan","Date_Manag":"2018-02-26","ManagPlanA":null,"HandOver_1":"2018-05-22","Shape_Leng":2786.2628,"Shape_Le_1":2786.2628,"Shape_Area":518411.04241},"geometry":{"type":"MultiPolygon","coordinates":[[[[72.90490464385793,5.003849717493411],[72.9052957909122,5.004050778690841],[72.90583101356405,5.004244040211718],[72.90606688742027,5.004272111859641],[72.9063933242905,5.004257995629329],[72.90666473660451,5.004155174660566],[72.90713320037139,5.003809179127848],[72.90768880202918,5.003318479422241],[72.90803888462288,5.002892655314485],[72.90852570137129,5.002074776811475],[72.90860932886237,5.002014956991202],[72.90872823824097,5.001960177864921],[72.90885521888474,5.001849952857115],[72.90898497461838,5.001645615353805],[72.90909942243178,5.001417293801962],[72.90951988189093,5.000398035433616],[72.90960994892802,5.000081727213143],[72.90965742163442,4.999837235828348],[72.90968556604395,4.999263134605178],[72.90965606214358,4.999081501423859],[72.90959599715163,4.998881027682244],[72.90945901319226,4.998740672147234],[72.9092259875711,4.998600589743524],[72.908825141062,4.9984807472912],[72.90827313674963,4.998343415912344],[72.90781246136385,4.998220893154246],[72.90735628390446,4.998112248327743],[72.90688833981608,4.998010928368965],[72.90627537057217,4.997938838894865],[72.90573933023556,4.997891319414467],[72.90510939923092,4.997769903323885],[72.90434371710475,4.997689873783797],[72.90386248365262,4.997630086411909],[72.90342778992823,4.997531600928924],[72.90280562831238,4.997415395292932],[72.90172779802617,4.997410810826557],[72.9013397226564,4.99744234169329],[72.90102677340417,4.997540058659526],[72.90087502620726,4.997710215999633],[72.90078979441077,4.997970504143603],[72.90079932266244,4.998313178102349],[72.90086965476894,4.998756399334609],[72.90097293298678,4.999174829197904],[72.90113570561955,4.999569183768115],[72.90130285102273,5.000076334861192],[72.90142361518515,5.00034145417293],[72.90148079259872,5.000596264235142],[72.90151325225854,5.000832649930199],[72.90159313997819,5.001146312086846],[72.90168583308338,5.001342029909439],[72.90180941913886,5.001485148079939],[72.90235345002199,5.001928614837823],[72.90397499133125,5.003213591980634],[72.9045296989721,5.003625064067684],[72.90490464385793,5.003849717493411]]]]}},{"type":"Feature","properties":{"OBJECTID":"49","Atoll":"HDh","Name_Engli":"HDh. Finey Thila","Name_Dhive":"ހދ. ފިނޭ ތިލަ ސަރަހައްދު","About_PA":"މި ތިލައަކީ ހދ. ފިނޭގެ ދެކުނުފަރާތު ރަށާއި ގާތްގަނޑަކަށް 250 (ދުވިސައްތަ ފަންސާސް) މީޓަރު ދުރުގައި އޮންނަ ތިލައެކެވެ. މި ސަރަޙައްދު އެކުލެ","Category":"Category 7: Protected Area with Sustainable Use","Type":"MPA","Area_Ha":"97","Original_D":"(IUL)438-ENV/438/2019/150","Date_Decla":"2019-06-17","Amended_De":"-","Amended_Da":null,"Internatio":null,"Manag_Plan":null,"AmendManag":null,"PA_HandOve":null,"HandOver_D":null,"Related_Li":"https://drive.google.com/drive/folders/1lsMy1TnuJ3z3vgzNn4Ay04GqZMUr3xxD?usp=drive_link","Manag_Pl_1":null,"Date_Manag":null,"ManagPlanA":null,"HandOver_1":null,"Shape_Leng":4724.16693,"Shape_Le_1":4724.16693,"Shape_Area":974918.99571},"geometry":{"type":"MultiPolygon","coordinates":[[[[73.06276839522613,6.744622810645223],[73.06444084118557,6.744604229482718],[73.06485826825654,6.74459959119705],[73.06098231515908,6.734496017873204],[73.05214721607697,6.732837800036099],[73.05246316906819,6.738893370934827],[73.05393798366356,6.738769782557905],[73.05562662088731,6.738628270224488],[73.05644457364902,6.738984236784317],[73.05716014496834,6.739517873987463],[73.0575318656267,6.739808841548468],[73.05776069984654,6.739987962324352],[73.05820778676635,6.740559521416668],[73.05866755476629,6.74130882403017],[73.0588204273344,6.742197596212685],[73.05878155898412,6.743060867750682],[73.05879397746695,6.74367026195285],[73.05872396575414,6.744673635938394],[73.0593430969829,6.744660851771687],[73.06276839522613,6.744622810645223]]]]}},{"type":"Feature","properties":{"OBJECTID":"50","Atoll":"HDh","Name_Engli":"HDh. Innafushi","Name_Dhive":"ހދ. އިންނަފުށި ރަށާއި، ފަޅާއި، ފަރުގެ ސަރަހައްދު","About_PA":"އިންނަފުއްޓަކީ މަކުނުދޫ އަތޮޅުގެ އެންމެ ހުޅަނގު ބިތުގައި އޮންނަ 3 ހެކްޓަރުގެ ކުޑަ، ގާމަތީ ރަށެކެވެ. މިރަށަކީ ގިނަ އަދަދަކަށް ކަނޑުމަތީ ދ","Category":"Category 7: Protected Area with Sustainable Use","Type":"Island/MPA","Area_Ha":"1362","Original_D":"(IUL)438-ENV/438/2019/150","Date_Decla":"2019-06-17","Amended_De":"-","Amended_Da":null,"Internatio":null,"Manag_Plan":null,"AmendManag":null,"PA_HandOve":null,"HandOver_D":null,"Related_Li":"https://drive.google.com/drive/folders/1lsMy1TnuJ3z3vgzNn4Ay04GqZMUr3xxD?usp=drive_link","Manag_Pl_1":null,"Date_Manag":null,"ManagPlanA":null,"HandOver_1":null,"Shape_Leng":15929.67459,"Shape_Le_1":15929.67459,"Shape_Area":13617112.9759},"geometry":{"type":"MultiPolygon","coordinates":[[[[72.63357751526802,6.406424582404021],[72.63536180092791,6.412109271250887],[72.63721130459514,6.418001686552162],[72.67019033870315,6.41837829951171],[72.67319554388547,6.412532003984625],[72.67549921696073,6.408050321792685],[72.67781264967513,6.403549524847142],[72.65602398186502,6.396727364999574],[72.65207774700106,6.382329955845708],[72.64555879070105,6.383812785601675],[72.63880397574718,6.385349158670892],[72.62775153447116,6.38786279550508],[72.63357751526802,6.406424582404021]]]]}},{"type":"Feature","properties":{"OBJECTID":"51","Atoll":"HDh","Name_Engli":"HDh. Neykurendhoo","Name_Dhive":"ހދ. ނޭކުރެންދޫ  ކުޅި، ފާ، ޗަސްބިން  ސަރަހައްދު","About_PA":"ހދ. ނޭނުރެންދޫއަކީ އުފެދިފައިވާ ގޮތުން އެރަށުގެ އިރުދެކުނު ފަރާތުގެ ބޮޑުބައެއްގައި ކުޅި، ފާ، ޗަސްބިން ހިމެނޭ ރަށެކެވެ. 168 ހެކްޓަރުގެ މިރ","Category":"Category 7: Protected Area with Sustainable Use","Type":"Mangrove/Wetland","Area_Ha":"74","Original_D":"(IUL)438-ENV/438/2018/322","Date_Decla":"2018-12-30","Amended_De":"-","Amended_Da":null,"Internatio":null,"Manag_Plan":null,"AmendManag":null,"PA_HandOve":"HDh. Neykurendhoo Council","HandOver_D":"Letter 203-PROREC/268/2019/1","Related_Li":"https://drive.google.com/drive/folders/1lsMy1TnuJ3z3vgzNn4Ay04GqZMUr3xxD?usp=drive_link","Manag_Pl_1":null,"Date_Manag":null,"ManagPlanA":null,"HandOver_1":"2019-01-02","Shape_Leng":4408.15503,"Shape_Le_1":4408.15503,"Shape_Area":742179.0457},"geometry":{"type":"MultiPolygon","coordinates":[[[[72.97745372075694,6.539658660122658],[72.9836767542159,6.542936983020499],[72.9840813231058,6.546398306599294],[72.98267004167259,6.54736529728527],[72.98260555627073,6.547412692349524],[72.98258531332353,6.547436101316022],[72.98256935724218,6.547462619398409],[72.98255815760209,6.547491470084879],[72.98255119036361,6.547552745734262],[72.98256521857508,6.547612800256441],[72.98258720666723,6.547664681474898],[72.98296839686502,6.548581717165168],[72.98300153233629,6.548671126549527],[72.98303006942446,6.548721997119872],[72.98305011745208,6.548743309584232],[72.98307334538931,6.548761100836366],[72.98309914583152,6.548774901939168],[72.9831268368231,6.548784349431503],[72.98315569165601,6.548789193584562],[72.98318494967027,6.548789310198138],[72.9832138415908,6.548784694373987],[72.98669337113529,6.546604875607107],[72.98671500340876,6.546588888929908],[72.98672187411388,6.546582019351622],[72.98673402537437,6.546569868592986],[72.98828039260805,6.54411401064325],[72.9882895394174,6.544086606128023],[72.98829420509314,6.544058095175655],[72.98829427011097,6.544029205081642],[72.98828973423433,6.544000672659589],[72.98744740355554,6.540523090562597],[72.98744448274698,6.540514297674193],[72.98743794889671,6.540494626157565],[72.98742391863186,6.540468115204609],[72.98740570125688,6.540444288840227],[72.9873837931427,6.540423802691028],[72.98735880131221,6.54040722061175],[72.97861110382793,6.53559901143288],[72.97858069707827,6.535590730109925],[72.9785222416483,6.535589787365581],[72.9784665413949,6.535607547157894],[72.97843049582856,6.535632546085066],[72.9784006669509,6.535664709362279],[72.97838580637955,6.535689995918673],[72.97674397823181,6.5390878657487],[72.97673298224635,6.539116661036311],[72.97672631391835,6.53917772338268],[72.97674047006355,6.539237492634798],[72.97677381783329,6.539289075090022],[72.97682250769168,6.539326514675218],[72.97745372075694,6.539658660122658]]]]}},{"type":"Feature","properties":{"OBJECTID":"52","Atoll":"HDh","Name_Engli":"HDh. Keylakunu","Name_Dhive":"ހދ. ކޭލަކުނު","About_PA":"ހދ. އަތޮޅަށް ނިސްބަތްވާ ކޭލަކުނަކީ ޤުދުރަތީ ގޮތުންނާއި ތިމާވެށީގެ ގޮތުން ޚާއްސަ ސިފަތަކެއް ލިބިގެންވާ، ދިރޭތަކެތީގެ ޚާއްސަ ބާވަތްތަކުނ","Category":"Category 6: Habitat/Species Management Area, Category 7: Protected Area with Sustainable Use","Type":"Island/ Mangrove/Wetland/MPA","Area_Ha":"235","Original_D":"(IUL)438-ENV/438/2018/322","Date_Decla":"2018-12-30","Amended_De":"-","Amended_Da":null,"Internatio":null,"Manag_Plan":null,"AmendManag":null,"PA_HandOve":"HDh. Atoll Council","HandOver_D":"Letter 203-PROREC/226/2019/1","Related_Li":"https://drive.google.com/drive/folders/1lsMy1TnuJ3z3vgzNn4Ay04GqZMUr3xxD?usp=drive_link","Manag_Pl_1":null,"Date_Manag":null,"ManagPlanA":null,"HandOver_1":null,"Shape_Leng":5585.49855,"Shape_Le_1":5585.49855,"Shape_Area":2352637.30266},"geometry":{"type":"MultiPolygon","coordinates":[[[[73.00282316876589,6.600961630336931],[73.00246651714099,6.601714600258271],[73.00207392268257,6.602515370180863],[73.00180271061575,6.603236174828051],[73.00170108424852,6.603710357909641],[73.00162478464671,6.604721457874651],[73.00159603587389,6.605270008390729],[73.00163616755529,6.606207093565366],[73.0016947858296,6.606526930950521],[73.00190951240646,6.607282033033414],[73.00242054666468,6.608348594913433],[73.00287423164711,6.609038904878663],[73.00327055395954,6.609620357553914],[73.00356701109864,6.609956613667531],[73.00393901980566,6.61021060564525],[73.00466712231342,6.610584292062208],[73.00565428931104,6.611002522185109],[73.00669784857658,6.611327219752524],[73.00709888037723,6.611401212143155],[73.00737608460439,6.611399196302091],[73.00843164735218,6.611309486302914],[73.0087855704049,6.61123611162107],[73.00915602762419,6.611119202863694],[73.00995679712251,6.610870639634496],[73.01048790146419,6.610703839833783],[73.01085663730491,6.610517383814967],[73.01113154477112,6.610293616314928],[73.01184514992735,6.609461498734974],[73.01273553491626,6.608492787567614],[73.01328945335979,6.607920403216923],[73.01418826220285,6.606990306541173],[73.01488808271809,6.606060319711629],[73.0153549058815,6.605206671406393],[73.0158033050723,6.604262942206101],[73.01650168503144,6.601778177126409],[73.0166845433771,6.6009117873988],[73.01672239414442,6.600602071810632],[73.01673664504058,6.59930969158714],[73.0165517646568,6.59816328821822],[73.0160161131125,6.596882675277572],[73.01514377816233,6.595551490770164],[73.01498853840134,6.595373051222052],[73.01481133667264,6.595216396618085],[73.01440074382344,6.594935488191219],[73.01398896209014,6.594663111138381],[73.01367489788146,6.594518388439952],[73.01280075996752,6.594213084025413],[73.01263010787575,6.594164621691065],[73.01245588163198,6.594131219663238],[73.01221993355921,6.594114810546245],[73.0110823717391,6.59420359062871],[73.0098050008678,6.594256548391049],[73.00965104123766,6.594269536722676],[73.00941888615986,6.594314753332142],[73.00913825134785,6.594414093201658],[73.00782024879152,6.595006838993341],[73.00766407209252,6.595086390274233],[73.00671764085666,6.595737905144905],[73.00638152148927,6.596025095023672],[73.00610709044851,6.596277885315447],[73.00460060609448,6.598147126231493],[73.00441881763187,6.598492061973746],[73.00431997378315,6.598741705845026],[73.00417032970334,6.598911472942575],[73.00282316876589,6.600961630336931]]]]}},{"type":"Feature","properties":{"OBJECTID":"53","Atoll":"HA","Name_Engli":"HA. Gallandhoo","Name_Dhive":"ހއ. ގައްލަންދޫ ރަށާއި، ފަޅާއި، ފަރުގެ ސަރަހައްދު","About_PA":"ގައްލަންދޫ އަކީ އިހަވަންދިއްޕޮޅު އަތޮޅުގެ ދެކުނު ބިތުގައި އޮންނަ 12 ހެކްޓަރުގެ ގާމަތީ ރަށެކެވެ. މިރަށަކީ ޤުދުރަތީ ގޮތުންނާއި ތިމާވެށީގެ","Category":"Category 2: Strict Nature Reserve","Type":"Island/Mangrove/Wetland/MPA","Area_Ha":"251","Original_D":"(IUL)438-ENV/438/2019/150","Date_Decla":"2019-06-17","Amended_De":"-","Amended_Da":null,"Internatio":null,"Manag_Plan":null,"AmendManag":null,"PA_HandOve":null,"HandOver_D":null,"Related_Li":"https://drive.google.com/drive/folders/1lsMy1TnuJ3z3vgzNn4Ay04GqZMUr3xxD?usp=drive_link","Manag_Pl_1":null,"Date_Manag":null,"ManagPlanA":null,"HandOver_1":null,"Shape_Leng":6508.0288,"Shape_Le_1":6508.0288,"Shape_Area":2505792.78661},"geometry":{"type":"MultiPolygon","coordinates":[[[[72.97359090028118,6.951932700300229],[72.98298100043046,6.957596999738416],[72.99283140063355,6.942616300762944],[72.98301640029395,6.936275799879948],[72.97359090028118,6.951932700300229]]]]}},{"type":"Feature","properties":{"OBJECTID":"54","Atoll":"HA","Name_Engli":"HA. Bileydhoo Thila","Name_Dhive":"ހއ. ބިލެއްދޫ ތިލަ ސަރަހައްދު","About_PA":"އިހަވަންދިއްޕޮޅު އަތޮޅު އުތުރު ބިތުގައި އޮންނަ 227 ހެކްޓަރުގެ ބިލެތްދޫ ތިލައަކީ ރާއްޖޭގެ އެންމެ އުތުރުން ފީނާ މީހުންގެ މެދުގައި މަޤްބޫލު","Category":"Category 6: Habitat/Species Management Area","Type":"Island/MPA","Area_Ha":"4338","Original_D":"(IUL)438-ENV/438/2019/150","Date_Decla":"2019-06-17","Amended_De":"-","Amended_Da":null,"Internatio":null,"Manag_Plan":null,"AmendManag":null,"PA_HandOve":null,"HandOver_D":null,"Related_Li":"https://drive.google.com/drive/folders/1lsMy1TnuJ3z3vgzNn4Ay04GqZMUr3xxD?usp=drive_link","Manag_Pl_1":null,"Date_Manag":null,"ManagPlanA":null,"HandOver_1":null,"Shape_Leng":28014.35522,"Shape_Le_1":28014.35522,"Shape_Area":43376990.5474},"geometry":{"type":"MultiPolygon","coordinates":[[[[72.78312860028657,7.090528699996364],[72.86803960023727,7.112485600444852],[72.87283209976853,7.076824499609334],[72.81635360007462,7.054450299704631],[72.78463330039595,7.053324600035445],[72.78312860028657,7.090528699996364]]]]}},{"type":"Feature","properties":{"OBJECTID":"55","Atoll":"HA","Name_Engli":"HA. Kelaa Kandoofaa","Name_Dhive":"ހއ. ކެލާ ކަނޑޫފާ ސަރަހައްދު","About_PA":"ކެލާއަކީ ހއ. އަތޮޅުގެ އެންމެ އުތުރު ބިތުގައިވާ، ރާއްޖޭގެ އެންމެ އުތުރުން ޗަސްބިން ފެންނަ ރަށްތަކުގެ ތެރެއިން ރަށެކެވެ. މުޅި ރަށުގެ ބޮޑުމ","Category":"Category 7: Protected Area with Sustainable Use","Type":"Mangrove/Wetland","Area_Ha":"112","Original_D":"(IUL)438-ENV/438/2019/150","Date_Decla":"2019-06-17","Amended_De":"-","Amended_Da":null,"Internatio":null,"Manag_Plan":null,"AmendManag":null,"PA_HandOve":null,"HandOver_D":null,"Related_Li":"https://drive.google.com/drive/folders/1lsMy1TnuJ3z3vgzNn4Ay04GqZMUr3xxD?usp=drive_link","Manag_Pl_1":null,"Date_Manag":null,"ManagPlanA":null,"HandOver_1":null,"Shape_Leng":4962.92903,"Shape_Le_1":4962.92903,"Shape_Area":1115552.90108},"geometry":{"type":"MultiPolygon","coordinates":[[[[73.217514400125,6.952196699871385],[73.21772813684284,6.95241418610181],[73.21844005951846,6.953138417821601],[73.21857230367712,6.953617826715774],[73.21747414938805,6.953801794528541],[73.21778462963148,6.954749195045939],[73.21838834771775,6.956438520971447],[73.2205904343259,6.956284407980055],[73.22102975456474,6.957719143210423],[73.221727265323,6.957517231251827],[73.2220712584742,6.957417653432006],[73.22368458005674,6.956950631492528],[73.2242815258339,6.956777826439663],[73.22432771090998,6.956764457016779],[73.22630021852903,6.956193445170331],[73.22274613257689,6.946872539164541],[73.22256914978462,6.946408380908486],[73.22207052595249,6.945100673410684],[73.22163634743781,6.943961977918917],[73.22084980072766,6.941899139547736],[73.21741986104416,6.943251271940953],[73.21715917923319,6.943354034581508],[73.21612570424205,6.943761438258498],[73.21684801451191,6.945763929942113],[73.2175430942606,6.947690913451467],[73.21778456933174,6.947725153965415],[73.21791105741373,6.947770810190303],[73.21798005339402,6.948010513103841],[73.21777307682572,6.948484213647242],[73.21779813404393,6.948543525659579],[73.21784782069757,6.948661136308413],[73.21763509384466,6.94895791495506],[73.21668071961527,6.950396092622094],[73.2167890004348,6.950745399661945],[73.217514400125,6.952196699871385]]]]}},{"type":"Feature","properties":{"OBJECTID":"56","Atoll":"HA","Name_Engli":"HA. Baarah","Name_Dhive":"ހއ. ބާރަށު ކުޅި، ފާ، ޗަސްބިމުގެ ސަރަހައްދު","About_PA":"ހއ. ބާރަށަކީ އުފެދިފައިވާ ގޮތަށް ބަލާއިރު އެހެން ރަށްރަށާއި ޚިލާފު ގޮތަކަށް އުފެދިފައިވާ، ތިމާވެށީގެގޮތުން ޚާއްސަ ސިފަތަކެއް ލިބިފައިވ","Category":"Category 7: Protected Area with Sustainable Use","Type":"Mangrove/Wetland","Area_Ha":"51","Original_D":"(IUL)438-ENV/438/2018/322","Date_Decla":"2018-12-30","Amended_De":"-","Amended_Da":null,"Internatio":null,"Manag_Plan":null,"AmendManag":null,"PA_HandOve":"HA. Baarah Council","HandOver_D":"Letter 203-PROREC/257/2019/1","Related_Li":"https://drive.google.com/drive/folders/1lsMy1TnuJ3z3vgzNn4Ay04GqZMUr3xxD?usp=drive_link","Manag_Pl_1":null,"Date_Manag":null,"ManagPlanA":null,"HandOver_1":"2019-01-02","Shape_Leng":5104.91276,"Shape_Le_1":5104.91276,"Shape_Area":508111.22235},"geometry":{"type":"MultiPolygon","coordinates":[[[[73.19834850510678,6.814495555624585],[73.1983402968523,6.814528991800909],[73.1983387428034,6.814559506124552],[73.1983410365773,6.8145825899007],[73.19834629199026,6.814605184721989],[73.19835441818053,6.814626914116421],[73.19843087163778,6.814799305516996],[73.19866592371093,6.815329865435184],[73.19920058310855,6.816536697398255],[73.19927526382466,6.816705265711001],[73.19936018781686,6.81689695378854],[73.1995160990322,6.817242245111554],[73.19953026864347,6.817258950896248],[73.19955085084347,6.817278585683923],[73.1995742250932,6.817294701922607],[73.19959983360674,6.817306963894199],[73.19962704609969,6.817315070872628],[73.19965519302592,6.817318819635536],[73.19968357998673,6.817318121697063],[73.19971524765765,6.817311675546752],[73.19973856889884,6.817304190122861],[73.20536906815265,6.814807820777965],[73.20539666694313,6.814792585011365],[73.20542119984088,6.814772789877704],[73.20544192283346,6.814749039310246],[73.20545820455077,6.814722053394648],[73.2054695525619,6.814692651287419],[73.20547562161045,6.814661725929671],[73.20547622728054,6.814630217876932],[73.20547134973961,6.814599081858657],[73.20430435965122,6.811964125285694],[73.20428356700226,6.811935874097919],[73.20426201441288,6.81191591402649],[73.20423751339466,6.811899704337799],[73.20421071095252,6.811887670587326],[73.20418231327864,6.811880133667001],[73.20415554337451,6.811877346969832],[73.2041286545626,6.8118785598722],[73.20410224395832,6.811883748372621],[73.20407825957295,6.811892308494318],[73.19844628593661,6.814388886129227],[73.19841942043563,6.814403459620896],[73.19839541710769,6.814422378359493],[73.1983749709233,6.814445091588419],[73.19835867683364,6.814470944198948],[73.19834850510678,6.814495555624585]]],[[[73.21732895792309,6.823790122712947],[73.2177161986887,6.820718907603609],[73.21750774025,6.818130720449523],[73.217503534372,6.818102677298953],[73.21749470924264,6.818075705717169],[73.21748177088044,6.818050446824511],[73.21746503903138,6.818027521161484],[73.21744492410095,6.818007495352756],[73.21742192180666,6.81799086038729],[73.21739659962597,6.817978027047412],[73.21736958056707,6.817969311382176],[73.21734153143596,6.817964927430664],[73.21731314023178,6.817964984426042],[73.2160844156734,6.818066869950301],[73.21605471005883,6.818077451122893],[73.2160272936119,6.818093026371271],[73.21600300121968,6.818113123185601],[73.21598256696372,6.818137131249241],[73.21596661500413,6.818164321392572],[73.2159556287465,6.81819386627502],[73.21594994259343,6.818224869287949],[73.21615571568783,6.820809625458865],[73.21595158201805,6.822278106801813],[73.2133576785565,6.824748796024062],[73.21296281376819,6.82374874108594],[73.21103657556127,6.824507266270696],[73.21190788865216,6.826719205804478],[73.21192155468718,6.826746746036092],[73.21194207919342,6.826773891265575],[73.21196177062046,6.8267929763272],[73.21198715943441,6.82681032842554],[73.21201512068221,6.826823132132013],[73.21204484882476,6.826831015556216],[73.21207548259466,6.826833753981217],[73.2121061402959,6.826831264569566],[73.21386526538102,6.826537723784527],[73.21732895792309,6.823790122712947]]]]}},{"type":"Feature","properties":{"OBJECTID":"57","Atoll":"Sh","Name_Engli":"Sh.  Bolissafaru","Name_Dhive":"ށ. ބޮލިއްސަފަރު ރަށާއި، ފަޅާއި، ފަރުގެ ސަރަހައްދު","About_PA":"ބޮލިއްސަފަރަކީ، ށ. ކީކިމިނީގެ ދެކުނަށް އޮންނަ، ދިގު ފިނޮޅެއްލާފައިވާ 26 ހެކްޓަރުގެ ރަށެކެވެ. މިރަށަކީ އައިންމަތީ ދޫނި ގިނަ އަދަދަކަށް ޖަ","Category":"Category 7: Protected Area with Sustainable Use","Type":"Island/MPA","Area_Ha":"950","Original_D":"(IUL)438-ENV/438/2019/150","Date_Decla":"2019-06-17","Amended_De":"-","Amended_Da":null,"Internatio":null,"Manag_Plan":null,"AmendManag":null,"PA_HandOve":null,"HandOver_D":null,"Related_Li":"https://drive.google.com/drive/folders/1lsMy1TnuJ3z3vgzNn4Ay04GqZMUr3xxD?usp=drive_link","Manag_Pl_1":null,"Date_Manag":null,"ManagPlanA":null,"HandOver_1":null,"Shape_Leng":11995.00685,"Shape_Le_1":11995.00685,"Shape_Area":9503223.44549},"geometry":{"type":"MultiPolygon","coordinates":[[[[73.09471389974048,6.004366800358689],[73.09802970007885,6.004425999901549],[73.11373910042606,6.004417300216107],[73.1164084002961,6.003466300160274],[73.1222741986818,5.992002399572702],[73.11784149969739,5.968836101305989],[73.10977650042094,5.968158399761602],[73.09504129982199,5.984074999612552],[73.09471389974048,6.004366800358689]]]]}},{"type":"Feature","properties":{"OBJECTID":"58","Atoll":"Sh","Name_Engli":"Sh. Naalaa Huraa Finolhu","Name_Dhive":"ށ. ނާލާހުރާ ފިނޮޅާއި، ފަޅުގެ ސަރަހައްދު","About_PA":"ނާލާހުރާއަކީ ށ. ހުރަސްފަރުހުރާގެ ދެކުނަށް އޮންނަ، 2 ހެކްޓަރުގެ ކުޑަ ދޮންވެލި ފިނޮޅެކެވެ. މިފިނޮޅަކީ ޤުދުރަތީގޮތުންނާއި ތިމާވެށީގެ ގޮތުނ","Category":"Category 7: Protected Area with Sustainable Use","Type":"Sandbank/MPA","Area_Ha":"159","Original_D":"(IUL)438-ENV/438/2019/150","Date_Decla":"2019-06-17","Amended_De":"-","Amended_Da":null,"Internatio":null,"Manag_Plan":null,"AmendManag":null,"PA_HandOve":null,"HandOver_D":null,"Related_Li":"https://drive.google.com/drive/folders/1lsMy1TnuJ3z3vgzNn4Ay04GqZMUr3xxD?usp=drive_link","Manag_Pl_1":null,"Date_Manag":null,"ManagPlanA":null,"HandOver_1":null,"Shape_Leng":5160.1836,"Shape_Le_1":5160.1836,"Shape_Area":1586639.17582},"geometry":{"type":"MultiPolygon","coordinates":[[[[73.03328510016168,6.136479801259659],[73.04385219955282,6.127874499692044],[73.03818879950356,6.120348201167617],[73.02715350032001,6.129960700825487],[73.03328510016168,6.136479801259659]]]]}},{"type":"Feature","properties":{"OBJECTID":"59","Atoll":"Sh","Name_Engli":"Sh. Farukolhu","Name_Dhive":"ށ. ފަރުކޮޅުރަށުގެ ސަރަހައްދު","About_PA":"ށ.ފަރުކޮޅަކީ އުފެދިފައިވާ ގޮތަށް ބަލާއިރުވެސް އެހެންރަށްރަށާއި ޚިލާފުގޮތަކަށް އުފެދިފައިވާ ތިމާވެށީގެ ގޮތުން ޚާއްޞަ ސިފަތަކެއް ލިބިފަ","Category":"Category 7: Protected Area with Sustainable Use","Type":"Island/Wetland/Mangrove/MPA","Area_Ha":"509","Original_D":"(IUL)438-ENV/438/2018/262","Date_Decla":"2018-10-07","Amended_De":"-","Amended_Da":null,"Internatio":null,"Manag_Plan":null,"AmendManag":null,"PA_HandOve":"Sh. Atoll Council","HandOver_D":"Letter 203-PROREC/227/2018/4","Related_Li":"https://drive.google.com/drive/folders/1lsMy1TnuJ3z3vgzNn4Ay04GqZMUr3xxD?usp=drive_link","Manag_Pl_1":null,"Date_Manag":null,"ManagPlanA":null,"HandOver_1":"2018-10-28","Shape_Leng":9168.05865,"Shape_Le_1":9168.05865,"Shape_Area":5092015.22797},"geometry":{"type":"MultiPolygon","coordinates":[[[[73.28867666407622,6.190866003649886],[73.28897364396896,6.197466334577985],[73.28930147919583,6.198770912811699],[73.28967796359474,6.199707739998796],[73.28991961005238,6.200416961700559],[73.29016952242756,6.201082723022769],[73.29083471766525,6.202414642814533],[73.29167297863076,6.203674929858107],[73.29224929695891,6.204253283112363],[73.29279150995244,6.204737525032609],[73.29302352559363,6.204898375127177],[73.29345006273259,6.205156165328185],[73.29369434086762,6.205284128089114],[73.29407841658444,6.205456309583181],[73.29438277386691,6.205567277137564],[73.294790270926,6.205643904884393],[73.29537941125544,6.205696024751138],[73.29661843087732,6.205701798152499],[73.29691921356843,6.20568261038757],[73.29749317140107,6.205565382377364],[73.29793527033006,6.205419478883412],[73.298351869191,6.205175894617837],[73.29920696672855,6.204443935045436],[73.30011607127368,6.203443535063864],[73.3015138991186,6.201305581223185],[73.30273322382122,6.199091825581799],[73.3030384346621,6.19832941300161],[73.30339698089048,6.197391374623954],[73.30379379625647,6.195953752042392],[73.30402511187465,6.194327660250317],[73.30403266796162,6.193816240417097],[73.30393882490223,6.193037853505553],[73.30375965402344,6.192146760266681],[73.30356051282493,6.190761929382865],[73.30351774540952,6.190542275869071],[73.30187517683153,6.184052332156012],[73.30156860878364,6.182637915125651],[73.30139206426486,6.181299238413112],[73.30140615085429,6.17732231233526],[73.30139366866003,6.177153542171873],[73.30136720960682,6.176986394783565],[73.30134036296862,6.176876769084998],[73.30130673679278,6.176769034194417],[73.30126646075738,6.176663608282378],[73.3011666116708,6.176461314003012],[73.30104236963841,6.176273038844276],[73.30089567056876,6.176101712368909],[73.3007287981448,6.17595000030619],[73.30054434780733,6.175820265555913],[73.30034519164822,6.175714527387246],[73.30013443062117,6.175634431447695],[73.29980374117028,6.175564979333043],[73.28658018167579,6.175666531392745],[73.28641519738365,6.175708165077619],[73.28625427096048,6.175763465623383],[73.28615039890768,6.175809206859781],[73.28604960059454,6.17586138161105],[73.28595227330185,6.175919786802634],[73.2858588008488,6.175984191285882],[73.28576955267512,6.176054340356258],[73.28568488022134,6.176129957550071],[73.28560511692011,6.176210747357107],[73.28546155703673,6.176386540395844],[73.28534113794795,6.1765789490034],[73.28524575499337,6.176784942912143],[73.28517691391824,6.17700127358429],[73.28513569725143,6.177224533780911],[73.28512275693318,6.177451201843994],[73.28515668358608,6.177789779953216],[73.28524488298629,6.178238646311654],[73.28528912806088,6.178415963370107],[73.28551774758749,6.179168195253006],[73.28577048464257,6.180099716610122],[73.28580785000187,6.18022055062193],[73.286032450134,6.180866039129945],[73.28636079726476,6.181814722554908],[73.28674374609743,6.182954641027691],[73.28694758376356,6.183848151385753],[73.28732581783751,6.185391435758898],[73.28768586929147,6.186651424793189],[73.2879236503155,6.188123973751777],[73.28867666407622,6.190866003649886]]]]}},{"type":"Feature","properties":{"OBJECTID":"60","Atoll":"GDh","Name_Engli":"GDh. Dhigulaabadhoo","Name_Dhive":"ގދ. ދިގުލާބަދޫ ރަށް","About_PA":"ގދ. ދިގުލާބަދޫ އަކީ އުފެދިފައިވާ ގޮތަށް ބަލާއިރުވެސް އެހެންރަށްރަށާއި ޚިލާފުގޮތަކަށް އުފެދިފައިވާ ތިމާވެށީގެ ގޮތުން ޚާއްޞަ ސިފަތަކެއް","Category":"Category 7: Protected Area with Sustainable Use","Type":"Island/Wetland/Mangrove/MPA","Area_Ha":"485","Original_D":"(IUL)438-ENV/438/2018/262","Date_Decla":"2018-10-07","Amended_De":"-","Amended_Da":null,"Internatio":null,"Manag_Plan":null,"AmendManag":null,"PA_HandOve":"GDh. Fiyoari Council","HandOver_D":"Letter 203-PROREC/422/2019/1","Related_Li":"https://drive.google.com/drive/folders/1lsMy1TnuJ3z3vgzNn4Ay04GqZMUr3xxD?usp=drive_link","Manag_Pl_1":null,"Date_Manag":null,"ManagPlanA":null,"HandOver_1":"2019-01-22","Shape_Leng":8389.07833,"Shape_Le_1":8389.07833,"Shape_Area":4853860.14897},"geometry":{"type":"MultiPolygon","coordinates":[[[[73.16942565377795,0.206039360567437],[73.16933575534118,0.205820790789297],[73.16921828540151,0.205615903919694],[73.16899490628825,0.205341820353277],[73.16872270610699,0.205116872663464],[73.16846568098612,0.204974139931315],[73.16818964031164,0.204873644207264],[73.16784218739858,0.204815850564553],[73.1674126461733,0.204839423235764],[73.1664678038054,0.205007089002264],[73.16536545625166,0.205006960945224],[73.16392904256452,0.204814070340229],[73.16287243813117,0.204459517065483],[73.16221006019346,0.204086991172296],[73.16102943392443,0.2035505581965],[73.16058351503288,0.203395475797484],[73.16010701329766,0.20329297006006],[73.15997700832489,0.203270810679227],[73.1598173155648,0.203256888429703],[73.15918174711526,0.203230155156603],[73.15808739744926,0.203348533786408],[73.15747878277122,0.203499640800385],[73.15720272100982,0.20360007325644],[73.15630703678647,0.204124932707022],[73.15555554108334,0.204766326612205],[73.15420925394604,0.206356810399564],[73.15265495742918,0.208589563305927],[73.15149394999298,0.210358533033617],[73.15049445210589,0.212594659726671],[73.14997196212659,0.214126154898616],[73.14954552086012,0.21570252286244],[73.14932045168163,0.217497303601897],[73.1494665730213,0.219159255063865],[73.15017699343797,0.22255552319421],[73.15066649809299,0.223821750747999],[73.151224473893,0.224792845438224],[73.15220107498716,0.225942489329088],[73.1529620176603,0.226628085775532],[73.1531356029623,0.226801344927089],[73.15342182969951,0.227007888063481],[73.15421876580963,0.227452980728053],[73.15434300725805,0.227532214313621],[73.15455374424525,0.227636872345188],[73.15596342462796,0.228033284201795],[73.15641479607663,0.228087013855972],[73.15730263167926,0.228095557871516],[73.158558502787,0.227915309759221],[73.15886277174444,0.227840405585749],[73.16003463153746,0.227259753621974],[73.16095768966277,0.226479501045884],[73.1615983353249,0.225812828608414],[73.16219398478283,0.224808710747676],[73.16246438048465,0.2240511427358],[73.16286998712245,0.223705354024201],[73.16322356278192,0.223352224115385],[73.16360399428324,0.223107183136806],[73.16412277140954,0.223098144205389],[73.16443094715046,0.223198667438088],[73.16480891817636,0.223261830761282],[73.16526818710835,0.223251425239256],[73.16553320312943,0.223218754910495],[73.16582199414118,0.223135165701721],[73.16611227644763,0.223238398643766],[73.16641460459023,0.223292636438823],[73.16690033321379,0.223336567861514],[73.16757591044745,0.223336651789217],[73.16780888890906,0.223305803984196],[73.16878681606491,0.223001380727878],[73.16909741677748,0.222834294052321],[73.16928386184088,0.222690304833851],[73.1695246301176,0.222431572766341],[73.16965520521008,0.222234890307418],[73.16975916344336,0.22202273340327],[73.1698347240906,0.221798728852939],[73.16989213274903,0.221448936725771],[73.16989540183225,0.221284029640304],[73.16942565377795,0.206039360567437]]]]}},{"type":"Feature","properties":{"OBJECTID":"61","Atoll":"Dh","Name_Engli":"Dh. Fushi Kandu","Name_Dhive":"ދ. ފުށިކަނޑު","About_PA":"ހިމާޔަތްކޮށްފައިވާ ދ. ފުށިކަނޑު ސަރަޙައްދަކީ މީދުއްފުށީގެ ހުޅަނގުން އޮންނަ ދިގު ތިލައެކެވެ. މި ސަރަޙައްދަކީ މަސްމަހާމެހީގެ ދިރުންތައް","Category":"Not Assigned","Type":"MPA","Area_Ha":"2358","Original_D":"10-C/99/38","Date_Decla":"1999-10-21","Amended_De":"-","Amended_Da":null,"Internatio":null,"Manag_Plan":null,"AmendManag":null,"PA_HandOve":null,"HandOver_D":null,"Related_Li":"https://drive.google.com/drive/folders/1lsMy1TnuJ3z3vgzNn4Ay04GqZMUr3xxD?usp=drive_link","Manag_Pl_1":null,"Date_Manag":null,"ManagPlanA":null,"HandOver_1":null,"Shape_Leng":24692.90491,"Shape_Le_1":24692.90491,"Shape_Area":23575159.9385},"geometry":{"type":"MultiPolygon","coordinates":[[[[72.86106451001444,2.984923627863574],[72.9389807292484,3.011228978198201],[72.94120324729423,3.003593458681739],[72.93458598287916,3.002375811256508],[72.93441139126129,2.998116243533459],[72.93684879981265,2.994900009635646],[72.94207290324393,2.995595624844867],[72.94520699941175,2.987771885205243],[72.87123461160157,2.96195914191181],[72.86106451001444,2.984923627863574]]]]}},{"type":"Feature","properties":{"OBJECTID":"62","Atoll":"B","Name_Engli":"B. Dhigali Giri & Dhigali Haa","Name_Dhive":"ބ. ދިގަލިގިރި އަދި ގިގަލި ހާ ސަރަހައްދު","About_PA":"ބ. އަތޮޅު ދިގަލި ގިރިއަކީ އާދަޔާ ޚީލާފު ރީތިކަމަކާ ދިރުންތަކުގެ މުއްސަނދިކަމެއް ލިބިފައިވާ ސަރަޙައްދެކެވެ. މި ސަރަޙައްދަކީ ގިނަ އަދަދަކ","Category":"Not Assigned","Type":"MPA","Area_Ha":"89","Original_D":"10-C/99/38","Date_Decla":"1999-10-21","Amended_De":"138-FS2/1/2011/35","Amended_Da":"2011-06-05","Internatio":"UNESCO Biosphere Reserve, Ecologically & Biologically Significant Marine Areas","Manag_Plan":null,"AmendManag":null,"PA_HandOve":null,"HandOver_D":null,"Related_Li":"https://drive.google.com/drive/folders/1lsMy1TnuJ3z3vgzNn4Ay04GqZMUr3xxD?usp=drive_link","Manag_Pl_1":null,"Date_Manag":null,"ManagPlanA":null,"HandOver_1":null,"Shape_Leng":3612.40802,"Shape_Le_1":3612.40802,"Shape_Area":889288.91844},"geometry":{"type":"MultiPolygon","coordinates":[[[[73.03205145477781,5.152209097188271],[73.03220665912036,5.152326315846265],[73.03242287501466,5.15246477407224],[73.03268491407069,5.152599546810001],[73.03300899428078,5.152731640737125],[73.03328264994585,5.152812864154083],[73.03358307766815,5.152877904042288],[73.03376817565133,5.152894744311125],[73.03405160037411,5.15290327391094],[73.0343856600006,5.152893782325831],[73.03477601376251,5.152889245550194],[73.03502946357483,5.152868500359946],[73.0352714834121,5.15284101923718],[73.03546819685437,5.152804308843044],[73.03560195424313,5.152757836423128],[73.03572805402197,5.152718035413094],[73.03586370596537,5.152675395059829],[73.03596403286244,5.152637431162196],[73.03605388992318,5.152589863777992],[73.03618772391192,5.152517554967049],[73.04110121389473,5.149598918964549],[73.04134789691108,5.149450405570208],[73.041530527336,5.149338055624798],[73.0417839870832,5.149157985925529],[73.04204717631893,5.148917661891615],[73.04223772975162,5.148710606152848],[73.04232107443931,5.148608476410168],[73.04243037245193,5.148445185762046],[73.04253685616443,5.148265620121003],[73.04263097233395,5.1480735773181],[73.04267040588257,5.147974183091492],[73.04271853695224,5.147839412366547],[73.04274650933708,5.147742851710178],[73.0427783769548,5.147620470065391],[73.0428102688633,5.147490433173509],[73.04282290238012,5.147416792199966],[73.04283567857867,5.147295308429364],[73.04285048032907,5.146824568757177],[73.04280314489837,5.146387129089464],[73.04271073682405,5.146020360999281],[73.04262643713541,5.14581150340445],[73.04254775832713,5.145637108842988],[73.0423178867061,5.14528139993824],[73.04217812937523,5.145106817662769],[73.04201162225093,5.144940766857284],[73.04186695657584,5.144810188203643],[73.04172960703926,5.144706421548675],[73.04150168897894,5.14457080224643],[73.04134876005536,5.144489952677604],[73.04119150628868,5.144419139245707],[73.0410563994246,5.144362029143021],[73.04093913212124,5.144322914621471],[73.04082113128084,5.144289539986051],[73.04064518164385,5.14424665644549],[73.04051499941443,5.144217549787973],[73.04034044579379,5.144186153881009],[73.0402195336708,5.144168558191277],[73.04004206833216,5.144153659127979],[73.03980660193075,5.144145757675586],[73.03953744863166,5.144152824388378],[73.03939854864201,5.144166032189475],[73.03926821937667,5.144185007584635],[73.03916293511874,5.144206213681197],[73.03904186929512,5.1442388527736],[73.03334225721936,5.145918179225272],[73.03302022322059,5.146052581831171],[73.0328047121431,5.146150952781412],[73.03253758117177,5.146276433623274],[73.03232010509846,5.146392980332964],[73.03210492145051,5.146539673187995],[73.03187912567891,5.146723651988088],[73.03160253330579,5.14697780315234],[73.03147516468977,5.147119505090272],[73.03134917919992,5.14727795663687],[73.03126580593221,5.147389652657797],[73.03114066898432,5.14758207578506],[73.03101009386637,5.14783619879924],[73.03081119426366,5.148273352947863],[73.03077171936185,5.148385663799458],[73.03074086989126,5.148486517984479],[73.03071815876065,5.148578307228937],[73.03068068888597,5.148776024667995],[73.03066474441412,5.148949017479772],[73.03067377596642,5.14902594611056],[73.03205145477781,5.152209097188271]]]]}},{"type":"Feature","properties":{"OBJECTID":"63","Atoll":"N","Name_Engli":"N. Bodulhaimendhoo","Name_Dhive":"ނ. ބޮޑުޅައިމެންދޫ ރަށާއި، ފަޅާއި، ފަރުގެ ސަރަޙައްދު","About_PA":"ބޮޑުޅައިމެންދޫ އަކީ ނ. އަތޮޅުގެ އެންމެ ދެކުނު ބިތުގައިވާ 40 ހެކްޓަރުގެ ފަޅު ރަށެކެވެ. މިރަށަކީ އުފެދުމުގައި ވަރަށް ޚާއްސަ ސިފަތަކެއް ލިބި","Category":"Category 2: Strict Nature Reserve","Type":"Island/Mangrove/Wetland/MPA","Area_Ha":"320","Original_D":"(IUL)438-ENV/438/2019/150","Date_Decla":"2019-06-17","Amended_De":"-","Amended_Da":null,"Internatio":null,"Manag_Plan":null,"AmendManag":null,"PA_HandOve":null,"HandOver_D":null,"Related_Li":"https://drive.google.com/drive/folders/1lsMy1TnuJ3z3vgzNn4Ay04GqZMUr3xxD?usp=drive_link","Manag_Pl_1":null,"Date_Manag":null,"ManagPlanA":null,"HandOver_1":null,"Shape_Leng":7206.46169,"Shape_Le_1":7206.46169,"Shape_Area":3201072.60613},"geometry":{"type":"MultiPolygon","coordinates":[[[[73.30495969973055,6.01000930011412],[73.3155476997997,6.000382800333199],[73.30247430023175,5.988578999980291],[73.29113080030217,6.000223900323831],[73.30495969973055,6.01000930011412]]]]}},{"type":"Feature","properties":{"OBJECTID":"64","Atoll":"N","Name_Engli":"N. Orimas Thila","Name_Dhive":"ނ. އޮރިމަސް ތިލަ","About_PA":"އޮރިމަސް ތިލައަކީ ނ. ފެލިވަރާއި 5 ކިލޯމީޓަރު ހުޅަނގުން އޮންނަ ފުންތިލަ އެކެވެ. މި ސަރަޙާއްދަކީ ނ. އަތޮޅުގައި ފީނުމަށް ބޭނުންކުރާ މުހިންމު","Category":"Category 7: Protected Area with Sustainable Use","Type":"MPA","Area_Ha":"46","Original_D":"(IUL)438-ENV/438/2019/150","Date_Decla":"2019-06-17","Amended_De":"-","Amended_Da":null,"Internatio":null,"Manag_Plan":null,"AmendManag":null,"PA_HandOve":null,"HandOver_D":null,"Related_Li":"https://drive.google.com/drive/folders/1lsMy1TnuJ3z3vgzNn4Ay04GqZMUr3xxD?usp=drive_link","Manag_Pl_1":null,"Date_Manag":null,"ManagPlanA":null,"HandOver_1":null,"Shape_Leng":2718.86138,"Shape_Le_1":2718.86138,"Shape_Area":460802.80339},"geometry":{"type":"MultiPolygon","coordinates":[[[[73.25009899998805,5.851435799575799],[73.256433699855,5.851178300040016],[73.25647210019969,5.84539779928836],[73.2499575001026,5.845507500085151],[73.25009899998805,5.851435799575799]]]]}},{"type":"Feature","properties":{"OBJECTID":"65","Atoll":"N","Name_Engli":"N. Kendhikulhudhoo Mangrove Area","Name_Dhive":"ނ. ކެނދިކުޅުދޫ ކުޅި ސަރަހައްދު","About_PA":"ކެނދިކުޅުދޫ އަކީ ނ. އަތޮޅުގެ ހެނބަދޫ އިރުމަތީގައި އޮންނަ 247 ހެކްޓަރުގެ ރުއްގަސްގިނަ ރަށެކެވެ. މިރަށުގެ ޤުދުރަތީ މުއްސަނދިކަން އެންމެ ބޮޑ","Category":"Category 7: Protected Area with Sustainable Use","Type":"Mangrove/Wetland","Area_Ha":"307","Original_D":"(IUL)438-ENV/438/2019/150","Date_Decla":"2019-06-17","Amended_De":"(IUL)438-ENV/438/2020/20, (IUL)438-ENV/438/2024/347","Amended_Da":"2024-08-15","Internatio":null,"Manag_Plan":null,"AmendManag":null,"PA_HandOve":"N. Kendhikulhudhoo Council","HandOver_D":"Letter 203-PROREC/286/2019/6","Related_Li":"https://drive.google.com/drive/folders/1lsMy1TnuJ3z3vgzNn4Ay04GqZMUr3xxD?usp=drive_link","Manag_Pl_1":null,"Date_Manag":null,"ManagPlanA":null,"HandOver_1":"2019-06-19","Shape_Leng":12548.61596,"Shape_Le_1":12548.61596,"Shape_Area":3072530.50601},"geometry":{"type":"MultiPolygon","coordinates":[[[[73.40577305829957,5.976616176139884],[73.43036914947321,5.940397789997879],[73.42599715987052,5.937629596545881],[73.42397123524,5.940996089371755],[73.42420393942491,5.941134565910522],[73.42387382493862,5.941714330618638],[73.42409980425296,5.941843338188462],[73.42303576432867,5.943636313503488],[73.42362457449359,5.943986110999511],[73.4232950955974,5.944559510268372],[73.42304689422227,5.944405429481094],[73.42277469551577,5.94488255125387],[73.42263729680364,5.944797693119204],[73.42191504829569,5.94603358232055],[73.42167549758373,5.945894972750329],[73.4206266530573,5.947703971360499],[73.42050038512737,5.947639594176811],[73.42024465653107,5.948067807667835],[73.420040672288,5.947968166549514],[73.41985114271958,5.94830908045474],[73.4197018021714,5.948230572537812],[73.41944126415217,5.948659114373366],[73.418679337392,5.94923336569167],[73.41857360902402,5.949167218397279],[73.41833913328034,5.949580291922782],[73.41824292384095,5.949518105516471],[73.41742767718311,5.950867738472238],[73.41719243310098,5.950729919478586],[73.41561201737886,5.953230078556749],[73.41556700736797,5.953203387474107],[73.41477508078995,5.954391805947491],[73.4146743459125,5.954341726038062],[73.4130705669216,5.956990974782982],[73.41330494415156,5.957128989674708],[73.40941426541552,5.963869415534292],[73.40919286228598,5.964484158738953],[73.4089829508851,5.965505777585554],[73.40863118196879,5.966164689596955],[73.40874804892754,5.966234494091887],[73.40840134016511,5.966821854004494],[73.40665120323196,5.965807767461765],[73.40686392773083,5.965460736580613],[73.40304201063405,5.963380745594755],[73.39719510571764,5.97122270747072],[73.40577305829957,5.976616176139884]]]]}},{"type":"Feature","properties":{"OBJECTID":"66","Atoll":"N","Name_Engli":"N. Fohdhipparu Finolhu","Name_Dhive":"ނ. ފޮއްދިއްޕަރު ފިނޮޅާއި ފަޅުގެ ސަރަހައްދު","About_PA":"ފޮއްދިއްޕަރާއި އެރަށުގެ ފަރަކީ  ނ. އަތޮޅު ފޮއްދޫގެ އުތުރުގައި އޮންނަ 82.4 ހެކްޓަރުގެ ފިނޮޅެކެވެ. މި ފިނޮޅަކީ އައިންމަތީ ދޫނި ގިނަ އަދަދަކަ","Category":"Category 7: Protected Area with Sustainable Use","Type":"Island/MPA","Area_Ha":"321","Original_D":"(IUL)438-ENV/438/2019/150","Date_Decla":"2019-06-17","Amended_De":"-","Amended_Da":null,"Internatio":null,"Manag_Plan":null,"AmendManag":null,"PA_HandOve":null,"HandOver_D":null,"Related_Li":"https://drive.google.com/drive/folders/1lsMy1TnuJ3z3vgzNn4Ay04GqZMUr3xxD?usp=drive_link","Manag_Pl_1":null,"Date_Manag":null,"ManagPlanA":null,"HandOver_1":null,"Shape_Leng":7263.10617,"Shape_Le_1":7263.10617,"Shape_Area":3210789.1002},"geometry":{"type":"MultiPolygon","coordinates":[[[[73.20484580008923,5.765738000382034],[73.21848890031407,5.752973000270282],[73.20754869987779,5.742960998914909],[73.19494920004718,5.757408700354131],[73.20484580008923,5.765738000382034]]]]}},{"type":"Feature","properties":{"OBJECTID":"67","Atoll":"R","Name_Engli":"R. Villingilee Thila","Name_Dhive":"ރ. ވިލިނގިލީ ތިލަ","About_PA":"ރ. އަތޮޅު ވިލިނގިލީ ތިލަ ނުވަތަ ފެންފުށި ގިރި ސަރަޙައްދަކީ ހަރު އަދި މަޑު މުރަކަތަކުން ފުރިފައިވާ، ގިނަ އަދަދެއްގެ ހިމާޔަތްކޮށްފައިވާ ދ","Category":"Not Assigned","Type":"MPA","Area_Ha":"263","Original_D":"10-C/99/38","Date_Decla":"1999-10-21","Amended_De":"-","Amended_Da":null,"Internatio":null,"Manag_Plan":null,"AmendManag":null,"PA_HandOve":null,"HandOver_D":null,"Related_Li":"https://drive.google.com/drive/folders/1lsMy1TnuJ3z3vgzNn4Ay04GqZMUr3xxD?usp=drive_link","Manag_Pl_1":null,"Date_Manag":null,"ManagPlanA":null,"HandOver_1":null,"Shape_Leng":6494.53289,"Shape_Le_1":6494.53289,"Shape_Area":2633553.56016},"geometry":{"type":"MultiPolygon","coordinates":[[[[72.90534879464136,5.38748288296919],[72.9205198841782,5.386806465420256],[72.9189914360045,5.372322684460304],[72.90461327766984,5.372998700309915],[72.90534879464136,5.38748288296919]]]]}},{"type":"Feature","properties":{"OBJECTID":"68","Atoll":"V","Name_Engli":"V. Miyaru Kandu Region","Name_Dhive":"ވ. މިޔަރު ކަނޑު ސަރަހައްދު","About_PA":"މި ސަރަޙައްދަކީ ގިނަ އަދަދެއްގެ ތިލާކޮޅު މިޔަރު/ވައްބޯ މިޔަރު އަދި ކާލިގަނޑު މިޔަރު ގެ އައިންތައް ފެންނަކަމަށް ރެކޯޑުކުރެވިފައިވާ ސަރަ","Category":"Not Assigned","Type":"MPA","Area_Ha":"1383","Original_D":"E/95/32","Date_Decla":"1995-09-27","Amended_De":"-","Amended_Da":null,"Internatio":null,"Manag_Plan":null,"AmendManag":null,"PA_HandOve":null,"HandOver_D":null,"Related_Li":"https://drive.google.com/drive/folders/1lsMy1TnuJ3z3vgzNn4Ay04GqZMUr3xxD?usp=drive_link","Manag_Pl_1":null,"Date_Manag":null,"ManagPlanA":null,"HandOver_1":null,"Shape_Leng":16445.32965,"Shape_Le_1":16445.32965,"Shape_Area":13825371.5303},"geometry":{"type":"MultiPolygon","coordinates":[[[[73.51160988331247,3.594383050407548],[73.51559462635447,3.557801969333231],[73.48202261550871,3.555813813895141],[73.48335140013772,3.579798648145393],[73.47519950909613,3.579617913633821],[73.4751384517332,3.588115297359104],[73.50345765116109,3.591128051851001],[73.51160988331247,3.594383050407548]]]]}},{"type":"Feature","properties":{"OBJECTID":"69","Atoll":"V","Name_Engli":"V. Vattaru","Name_Dhive":"ވ. ވައްޓަރު","About_PA":"ވ. އަތޮޅު ވައްޓަރު ކަނޑަކީ  އާދަޔާޚިލާފު ސަފަތަކެއް ލިބިފައިވާ ސަރަޙައްދެކެވެ. އެގޮތުން މުޅި މިސަރަޙައްދު ޒީނަތްތެރިކޮށްފައިވަނީ ރީތި ނ","Category":"Not Assigned","Type":"MPA","Area_Ha":"9719","Original_D":"10-C/99/38","Date_Decla":"1999-10-21","Amended_De":"-","Amended_Da":null,"Internatio":null,"Manag_Plan":null,"AmendManag":null,"PA_HandOve":null,"HandOver_D":null,"Related_Li":"https://drive.google.com/drive/folders/1lsMy1TnuJ3z3vgzNn4Ay04GqZMUr3xxD?usp=drive_link","Manag_Pl_1":null,"Date_Manag":null,"ManagPlanA":null,"HandOver_1":null,"Shape_Leng":39641.4997,"Shape_Le_1":39641.4997,"Shape_Area":97185041.4342},"geometry":{"type":"MultiPolygon","coordinates":[[[[73.38875030386713,3.291681634794769],[73.48530095527578,3.289327231938213],[73.48633167163459,3.207637223344172],[73.3869399146515,3.211958921029925],[73.38875030386713,3.291681634794769]]]]}},{"type":"Feature","properties":{"OBJECTID":"70","Atoll":"M","Name_Engli":"M. Lazikuraadi","Name_Dhive":"މ. ޅަޒިކުރާޑީ / ހަކުރާ ތިލަ","About_PA":"މ އަތޮޅު މުލީ ކައިރީ އޮންނަ ލަޒިކުރާޑީ ތިލަ އަކީ މަސްމަހާމެހީގެ ދިރުންތައް މުއްސަނދި ސަރަޙައްދެކެވެ. މި ސަރަޙައްދުގައި ހޮހަޅައިގެ އިތުރ","Category":"Not Assigned","Type":"MPA","Area_Ha":"487","Original_D":"10-C/99/38","Date_Decla":"1999-10-21","Amended_De":"-","Amended_Da":null,"Internatio":null,"Manag_Plan":null,"AmendManag":null,"PA_HandOve":null,"HandOver_D":null,"Related_Li":"https://drive.google.com/drive/folders/1lsMy1TnuJ3z3vgzNn4Ay04GqZMUr3xxD?usp=drive_link","Manag_Pl_1":null,"Date_Manag":null,"ManagPlanA":null,"HandOver_1":null,"Shape_Leng":8915.67957,"Shape_Le_1":8915.67957,"Shape_Area":4869703.34839},"geometry":{"type":"MultiPolygon","coordinates":[[[[73.55093067059022,2.962076277903224],[73.55003846287293,2.939278703119289],[73.53244132059794,2.939845591564779],[73.53406303973422,2.962926621503952],[73.55093067059022,2.962076277903224]]]]}},{"type":"Feature","properties":{"OBJECTID":"71","Atoll":"F","Name_Engli":"F. Filitheyo Kandu","Name_Dhive":"ފ. ފިލިތެޔޮ ކަނޑު","About_PA":"ފ. ފިލިތެޔޮ ކަނޑު ސަރަޙައްދަކީ މަސްމަހާމެހީގެ ދިރުންތައް މުއްސަނދި އަދި ގިނަ އަދަދެއްގެ ހިމާޔަތްކޮށްފައިވާ ދިރުންތައް ދިރިއުޅޭ މުހިންމ","Category":"Not Assigned","Type":"MPA","Area_Ha":"167","Original_D":"10-C/99/38","Date_Decla":"1999-10-21","Amended_De":"-","Amended_Da":null,"Internatio":null,"Manag_Plan":null,"AmendManag":null,"PA_HandOve":null,"HandOver_D":null,"Related_Li":"https://drive.google.com/drive/folders/1lsMy1TnuJ3z3vgzNn4Ay04GqZMUr3xxD?usp=drive_link","Manag_Pl_1":null,"Date_Manag":null,"ManagPlanA":null,"HandOver_1":null,"Shape_Leng":5285.57525,"Shape_Le_1":5285.57525,"Shape_Area":1673392.53161},"geometry":{"type":"MultiPolygon","coordinates":[[[[73.03627816567979,3.20992411699532],[73.05031174296508,3.210642684552438],[73.05050215884171,3.200900091223631],[73.03600304267792,3.200583093535903],[73.03627816567979,3.20992411699532]]]]}},{"type":"Feature","properties":{"OBJECTID":"72","Atoll":"L","Name_Engli":"L. Gaadhoo Turtle Nesting Area, Mangrove and Seagrass Area","Name_Dhive":"ލ. ގާދޫ ރަށުގެ ވެލާއަރާ ސަރަހައްދާއި ޗަސްބިމާއި، ވަށައިގެންވާ ފަރާއި ފަޅު އަދި މޫދުވިނަ ސަރަހައްދު","About_PA":"ލ. ގާދޫއަކީ 2016 ވަނަ އަހަރު ފަޅު ރަށެއް ކަމުގައި ކަނޑައަޅާފައިވާ އޭގެ ކުރިން މީހުން ދިރިއުޅުނު ރަށެކެވެ. ގާދޫގެ ދެކުނު ފަރާތުގެ ގޮނޑުދޮށަ","Category":"Category 6: Habitat/Species Management Area","Type":"Mangrove/Wetland/MPA","Area_Ha":"615","Original_D":"(IUL)438-ENV/438/2021/371","Date_Decla":"2021-12-23","Amended_De":"-","Amended_Da":null,"Internatio":null,"Manag_Plan":null,"AmendManag":null,"PA_HandOve":null,"HandOver_D":null,"Related_Li":"https://drive.google.com/drive/folders/1lsMy1TnuJ3z3vgzNn4Ay04GqZMUr3xxD?usp=drive_link","Manag_Pl_1":null,"Date_Manag":null,"ManagPlanA":null,"HandOver_1":null,"Shape_Leng":18116.56162,"Shape_Le_1":18116.56162,"Shape_Area":6148833.48218},"geometry":{"type":"MultiPolygon","coordinates":[[[[73.45852753479616,1.825299375075326],[73.45685476348255,1.824355735445589],[73.45648777447528,1.8250641530006],[73.4581316085233,1.825969039566606],[73.45852753479616,1.825299375075326]]],[[[73.47047964688191,1.827994547994305],[73.46957606246679,1.811770494651706],[73.45907781364461,1.813028712083292],[73.45898149325394,1.816035535408376],[73.45317510261825,1.820813362411821],[73.45385622615291,1.822263622581184],[73.45456135188972,1.823045536189079],[73.45508225794192,1.823342412143832],[73.45744618280256,1.824064606195925],[73.45885629995068,1.824853034796204],[73.4597191681513,1.825807282563999],[73.45957031714092,1.826188823733659],[73.45846532335919,1.826400568432157],[73.4547914338328,1.825308439520284],[73.45578262354529,1.830413969614219],[73.47047964688191,1.827994547994305]]],[[[73.44599537869331,1.817090699331155],[73.45180195102174,1.817001777057316],[73.45176510317303,1.818813858733218],[73.45217443736462,1.819349975698062],[73.45366356221909,1.818177036083823],[73.4535379160685,1.813692642578222],[73.43398259643982,1.816036100423816],[73.43693556797528,1.833209791425582],[73.4513293664427,1.831255437170243],[73.45070457221172,1.827737375499563],[73.45107657226444,1.826546048771561],[73.45228968458295,1.826202526731458],[73.45345586419066,1.824031230147049],[73.45067372665031,1.82154434474656],[73.44959383391428,1.821000485337187],[73.44803432845659,1.820398946434294],[73.44636153895524,1.820202059613563],[73.44574658204432,1.8190987647911],[73.44599537869331,1.817090699331155]]]]}},{"type":"Feature","properties":{"OBJECTID":"73","Atoll":"L","Name_Engli":"L. Gan Boda Fengan’du Area","Name_Dhive":"ލ. ގަމު ބޮޑަ ފެންގަނޑު ސަރަހައްދު","About_PA":"ލ.ގަމު ބޮޑަފެންގަނޑަކީ ކުޑަ ހިންނައިގެ އިރުމަތީ ފަރާތުގައި އޮންނަ \"ރަން\" ކުލައިގެ ފެންގަނޑެކެވެ.  މިތަނަށް ބޮޑަ ފެންގަނޑަ، ޕަރީ ފެންގަނޑ","Category":"Category 7: Protected Area with Sustainable Use","Type":"Mangrove/Wetland/MPA","Area_Ha":"15","Original_D":"(IUL)438-ENV/438/2021/371","Date_Decla":"2021-12-23","Amended_De":"-","Amended_Da":null,"Internatio":null,"Manag_Plan":null,"AmendManag":null,"PA_HandOve":null,"HandOver_D":null,"Related_Li":"https://drive.google.com/drive/folders/1lsMy1TnuJ3z3vgzNn4Ay04GqZMUr3xxD?usp=drive_link","Manag_Pl_1":null,"Date_Manag":null,"ManagPlanA":null,"HandOver_1":null,"Shape_Leng":1709.91952,"Shape_Le_1":1709.91952,"Shape_Area":150289.20761},"geometry":{"type":"MultiPolygon","coordinates":[[[[73.53303648955055,1.887257316347757],[73.53452027647873,1.88646634804416],[73.53776627087692,1.885589526356134],[73.53721929523638,1.883124803342098],[73.53373669265507,1.88442889310496],[73.53205922319216,1.885213670475389],[73.53303648955055,1.887257316347757]]]]}},{"type":"Feature","properties":{"OBJECTID":"74","Atoll":"L","Name_Engli":"L. Bodu Finolhu and Vadinolhu Kandu Olhi Area","Name_Dhive":"ލ. ބޮޑު ފިނޮޅާއި ވަޑިނޮޅު ކަނޑުއޮޅި ސަރަހައްދު","About_PA":"ލ. ވަޑިނޮޅު ކަނޑުއޮޅިއަކީ ދިރޭތަކެތީގެ ނަސްލުތަކުން މުއްސަނދިވެގެންވާ، ޑައިވަރުންގެ މެދުގައި މަޤުބޫލު ސަރަހައްދެކެވެ. ފާނައާއި މާހުޅު","Category":"Category 7: Protected Area with Sustainable Use","Type":"Sandbank/MPA","Area_Ha":"706","Original_D":"(IUL)438-ENV/438/2021/371","Date_Decla":"2021-12-23","Amended_De":"-","Amended_Da":null,"Internatio":null,"Manag_Plan":null,"AmendManag":null,"PA_HandOve":null,"HandOver_D":null,"Related_Li":"https://drive.google.com/drive/folders/1lsMy1TnuJ3z3vgzNn4Ay04GqZMUr3xxD?usp=drive_link","Manag_Pl_1":null,"Date_Manag":null,"ManagPlanA":null,"HandOver_1":null,"Shape_Leng":12640.17996,"Shape_Le_1":12640.17996,"Shape_Area":7060217.20792},"geometry":{"type":"MultiPolygon","coordinates":[[[[73.35460858429447,2.031496270867219],[73.36642605609748,2.040916768198337],[73.38263509994842,2.02048194340253],[73.35806592553371,1.999605054715866],[73.35201607751176,2.006480957056966],[73.35779333886923,2.010933104713776],[73.36168548513454,2.015596327574099],[73.36178945276282,2.018566063621501],[73.35947309842607,2.0256203570977],[73.35460858429447,2.031496270867219]]]]}},{"type":"Feature","properties":{"OBJECTID":"75","Atoll":"L","Name_Engli":"L. Maabaidhoo Koaru and Fushi Kan'du Area","Name_Dhive":"ލ. މާބައިދޫ ކޯރު އަދި ފުށި ކަނޑު ސަރަހައްދު","About_PA":"ލ. މާބައިދޫ ކޯރު އަދި ފުށިކަނޑު ސަރަހައްދު ތިން ޒޯން އަކަށް ބަހާލެވިފައިވެއެވެ. އެއީ މާބައިދޫ ކޯރު ސަރަހައްދާއި، ފުށިކަނޑު ސަރަހައްދު އަ","Category":"Category 6: Habitat/Species Management Area, Category 7: Protected Area with Sustainable Use","Type":"Island/Mangrove/Wetland/MPA","Area_Ha":"521","Original_D":"(IUL)438-ENV/438/2021/371","Date_Decla":"2021-12-23","Amended_De":"-","Amended_Da":null,"Internatio":null,"Manag_Plan":null,"AmendManag":null,"PA_HandOve":null,"HandOver_D":null,"Related_Li":"https://drive.google.com/drive/folders/1lsMy1TnuJ3z3vgzNn4Ay04GqZMUr3xxD?usp=drive_link","Manag_Pl_1":null,"Date_Manag":null,"ManagPlanA":null,"HandOver_1":null,"Shape_Leng":9277.07153,"Shape_Le_1":9277.07153,"Shape_Area":5210785.09063},"geometry":{"type":"MultiPolygon","coordinates":[[[[73.5329634976031,2.028727987453913],[73.5329045684037,2.028183457087382],[73.5322984609031,2.028227597151201],[73.53223738451688,2.027807498052682],[73.5320214459226,2.027854657491796],[73.53200468374568,2.027716668130368],[73.5302133207238,2.028154268598073],[73.5257258147654,2.026728668711145],[73.52383357143557,2.035609178540317],[73.51982855565002,2.050360098160906],[73.52947560919759,2.052590397221104],[73.53733248886397,2.051977287175745],[73.54230068466688,2.051162370908529],[73.54105902651098,2.04019713996993],[73.54067682175196,2.032061424820543],[73.5334096246821,2.029875252526869],[73.5329634976031,2.028727987453913]]]]}},{"type":"Feature","properties":{"OBJECTID":"76","Atoll":"L","Name_Engli":"L. Gaadhoo - Hithadhoo Kan'du Area","Name_Dhive":"ލ.ގާދޫ - ހިތަދޫ ކަނޑު ސަރަހައްދު","About_PA":"ހައްދުންމަތީ ދެކުނު ބިތުގައި، ގާދޫ އަދި ހިތަދޫގެ މެދަށް ވާގޮތަށް އޮންނަ ގާދޫ – ހިތަދޫ ކަނޑަކީ ދިރޭތަކެތީގެ ނަސްލުތަކުން މުއްސަނދި ސަރަ","Category":"Category 6: Habitat/Species Management Area","Type":"MPA","Area_Ha":"776","Original_D":"(IUL)438-ENV/438/2021/371","Date_Decla":"2021-12-23","Amended_De":"-","Amended_Da":null,"Internatio":null,"Manag_Plan":null,"AmendManag":null,"PA_HandOve":null,"HandOver_D":null,"Related_Li":"https://drive.google.com/drive/folders/1lsMy1TnuJ3z3vgzNn4Ay04GqZMUr3xxD?usp=drive_link","Manag_Pl_1":null,"Date_Manag":null,"ManagPlanA":null,"HandOver_1":null,"Shape_Leng":11842.67095,"Shape_Le_1":11842.67095,"Shape_Area":7760325.23731},"geometry":{"type":"MultiPolygon","coordinates":[[[[73.43398333343517,1.816036111014526],[73.45353888844754,1.813692778168535],[73.45317027835614,1.804607500199643],[73.42289722263178,1.791306389075518],[73.4115613890347,1.809485278405952],[73.43398333343517,1.816036111014526]]]]}},{"type":"Feature","properties":{"OBJECTID":"77","Atoll":"L","Name_Engli":"L. Hithadhoo Wetland and Surrounding Marine Area","Name_Dhive":"ލ. ހިތަދޫ ކުޅިއާއި ވަށައިގެންވާ ކަނޑުގެ ސަރަހައްދު","About_PA":"ލ. ހިތަދޫ ކުޅި ސަރަހައްދަކީ ހިތަދޫގެ ހުޅަނގު ދެކުނުގައި އޮންނަ މޫދާއި ގުޅިފައިވާ ކުޅިއެއްކަމުން، ފަރުގެ ދިރުންތައް ވިހާ އާލާވާ ނާސަރީއެ","Category":"Category 7: Protected Area with Sustainable Use","Type":"Mangrove/Wetland/MPA","Area_Ha":"43","Original_D":"(IUL)438-ENV/438/2021/371","Date_Decla":"2021-12-23","Amended_De":"(IUL)438-ENV/438/2023/219","Amended_Da":"2023-04-26","Internatio":null,"Manag_Plan":null,"AmendManag":null,"PA_HandOve":null,"HandOver_D":null,"Related_Li":"https://drive.google.com/drive/folders/1lsMy1TnuJ3z3vgzNn4Ay04GqZMUr3xxD?usp=drive_link","Manag_Pl_1":null,"Date_Manag":null,"ManagPlanA":null,"HandOver_1":null,"Shape_Leng":3216.95354,"Shape_Le_1":3216.95354,"Shape_Area":433031.13302},"geometry":{"type":"MultiPolygon","coordinates":[[[[73.39016138919503,1.793666666946641],[73.38554444414945,1.789105833348299],[73.37827638977903,1.794325000277506],[73.37964666705474,1.794583333158349],[73.38269527715836,1.793474999880422],[73.38635027791472,1.795984444798232],[73.39016138919503,1.793666666946641]]]]}},{"type":"Feature","properties":{"OBJECTID":"78","Atoll":"S","Name_Engli":"S. Maa Killhi And Feheli Kilhi Area","Name_Dhive":"ސ. މާ ކިޅި އަދި ފެހެލި ކިޅި ސަރަހައްދު\r\n","About_PA":"މި ދެކިޅި އަކީ އައްޑޫ ސިޓީގެ ހިތަދޫ އިރުދެކުނު ފަރާތުގައި އޮންނަ ޗަސްބިމުގައި ހެދިފައިވާ ދެކުޅިއެވެ. މި ސަރަޙައްދަކީ ޗަސްބިން ސަރަޙައްދ","Category":"Category 7: Protected Area with Sustainable Use","Type":"Wetland","Area_Ha":"26","Original_D":"(IUL)438-ENV/438/2020/162","Date_Decla":"2020-09-22","Amended_De":"-","Amended_Da":null,"Internatio":"UNESCO Biosphere Reserve","Manag_Plan":null,"AmendManag":null,"PA_HandOve":null,"HandOver_D":null,"Related_Li":"https://drive.google.com/drive/folders/1lsMy1TnuJ3z3vgzNn4Ay04GqZMUr3xxD?usp=drive_link","Manag_Pl_1":null,"Date_Manag":null,"ManagPlanA":null,"HandOver_1":null,"Shape_Leng":2584.43316,"Shape_Le_1":2584.43316,"Shape_Area":256052.30111},"geometry":{"type":"MultiPolygon","coordinates":[[[[73.09084687091139,-0.613713658797468],[73.09228306033887,-0.612859335287242],[73.09291016004207,-0.614011744749259],[73.09263825362027,-0.614174642812267],[73.09235317733918,-0.614960374835225],[73.09258011340813,-0.615366270306891],[73.09385630049528,-0.614651992920313],[73.09447103138345,-0.615802362231595],[73.09505324429621,-0.616121775684149],[73.09527963079222,-0.615997356859058],[73.09692885861605,-0.6189833350673],[73.0937206998216,-0.620818272416084],[73.09196822179413,-0.617803255779018],[73.09200243136388,-0.617217093151936],[73.09216081066894,-0.616312428411402],[73.09194150857877,-0.615712929231477],[73.09084687091139,-0.613713658797468]]]]}},{"type":"Feature","properties":{"OBJECTID":"79","Atoll":"B","Name_Engli":"B. Innafushi Area","Name_Dhive":"ބ. އިންނަފުށި ސަރަހައްދު","About_PA":"ބ. އިންނަފުށި ސަރަހައްދަކީ ބ. ފުޅަދޫގެ އިރު-އުތުރަށް އޮންނަ ރަށަކާއި ފިނޮޅުތަކަކާއި ވަށައިގެންވާ ކަނޑުގެ ސަރަހައްދެވެ. މި ސަރަހައްދުގެ އ","Category":"Category 1: Internationally Recognized Area, Category 7: Protected Area with Sustainable Use","Type":"Sandbank/MPA","Area_Ha":"859","Original_D":"(IUL)438-ENV/438/2023/484","Date_Decla":"2023-11-02","Amended_De":"-","Amended_Da":null,"Internatio":"UNESCO Biosphere Reserve, Ecologically & Biologically Significant Marine Areas","Manag_Plan":null,"AmendManag":null,"PA_HandOve":null,"HandOver_D":null,"Related_Li":"https://drive.google.com/drive/folders/1lsMy1TnuJ3z3vgzNn4Ay04GqZMUr3xxD?usp=drive_link","Manag_Pl_1":null,"Date_Manag":null,"ManagPlanA":null,"HandOver_1":null,"Shape_Leng":14260.42808,"Shape_Le_1":14260.42808,"Shape_Area":8585996.20279},"geometry":{"type":"MultiPolygon","coordinates":[[[[72.8747335740809,4.869501601445314],[72.87123752229195,4.883957750110924],[72.92242440573989,4.89062527164159],[72.92315460342864,4.87761354692467],[72.8747335740809,4.869501601445314]]]]}},{"type":"Feature","properties":{"OBJECTID":"80","Atoll":"B","Name_Engli":"B. Nelivaru Area","Name_Dhive":"ބ.ނެލިވަރު ސަރަހައްދު","About_PA":"ބ. ނެލިވަރު ސަރަހައްދަކީ ބ.ކުންފުނަދޫގެ އިރުއުތުރަށް އޮންނަ އެންމަޑި އެއްވާ ސަރަހައްދެކެވެ. ބ. އަތޮޅަކީ ދުނިޔޭގެ ފެންވަރުގައި އެންމަޑީގ","Category":"Category 1: Internationally Recognized Area, Category 6: Habitat/Species Management Area","Type":"Sandbank/MPA","Area_Ha":"665","Original_D":"(IUL)438-ENV/438/2023/486","Date_Decla":"2023-11-02","Amended_De":"(IUL)438-ENV/438/2024/24","Amended_Da":"2024-06-13","Internatio":"UNESCO Biosphere Reserve, Ecologically & Biologically Significant Marine Areas","Manag_Plan":null,"AmendManag":null,"PA_HandOve":null,"HandOver_D":null,"Related_Li":"https://drive.google.com/drive/folders/1lsMy1TnuJ3z3vgzNn4Ay04GqZMUr3xxD?usp=drive_link","Manag_Pl_1":null,"Date_Manag":null,"ManagPlanA":null,"HandOver_1":null,"Shape_Leng":10698.67252,"Shape_Le_1":10698.67252,"Shape_Area":6652808.13383},"geometry":{"type":"MultiPolygon","coordinates":[[[[73.07414743968536,5.1220462093776],[73.08433790663292,5.135929050155322],[73.1107439171247,5.122156259562654],[73.10064585914249,5.106334648594407],[73.07414743968536,5.1220462093776]]]]}},{"type":"Feature","properties":{"OBJECTID":"81","Atoll":"B","Name_Engli":"B. Dharavandhoo Thila Area","Name_Dhive":"ބ.ދަރަވަންދޫ ތިލަ ސަރަހައްދު","About_PA":"ބ. ދަރަވަންދޫ ތިލައަކީ ބ. ދަރަވަންދޫގެ ހުޅަނގު ފަރާތުގައި އޮންނަ ޤުދުރަތީގޮތުން ރީތި ސިފަތަކެއް ލިބިގެންވާ ތިލައެކެވެ. މި ސަރަހައްދުން އ","Category":"Category 1: Internationally Recognized Area, Category 7: Protected Area with Sustainable Use","Type":"MPA","Area_Ha":"132","Original_D":"(IUL)438-ENV/438/2023/483","Date_Decla":"2023-11-02","Amended_De":"-","Amended_Da":null,"Internatio":"UNESCO Biosphere Reserve, Ecologically & Biologically Significant Marine Areas","Manag_Plan":null,"AmendManag":null,"PA_HandOve":null,"HandOver_D":null,"Related_Li":"https://drive.google.com/drive/folders/1lsMy1TnuJ3z3vgzNn4Ay04GqZMUr3xxD?usp=drive_link","Manag_Pl_1":null,"Date_Manag":null,"ManagPlanA":null,"HandOver_1":null,"Shape_Leng":4760.63106,"Shape_Le_1":4760.63106,"Shape_Area":1323822.60862},"geometry":{"type":"MultiPolygon","coordinates":[[[[73.11385785191585,5.16076636084255],[73.12323707855934,5.170106371188928],[73.12889214560141,5.165259623794323],[73.1200469625013,5.154793058035994],[73.11385785191585,5.16076636084255]]]]}},{"type":"Feature","properties":{"OBJECTID":"82","Atoll":"B","Name_Engli":"B. Huraafaru Area","Name_Dhive":"ބ. ހުރާފަރު ސަރަހައްދު","About_PA":"ބ. ހުރާފަރު ސަރަހައްދަކީ ބ. އަތޮޅުގައި ޙިމާޔަތްކޮށްފައިވާ ހަނިފަރު ސަރަހައްދުގެ އުތުރަށް އޮންނަ ހަނިފަރާއި އެއްގޮތް ސިފަތަކެއް ހުންނަ ސ","Category":"Category 1: Internationally Recognized Area, Category 6: Habitat/Species Management Area","Type":"Sandbank/MPA","Area_Ha":"694","Original_D":"(IUL)438-ENV/438/2023/485","Date_Decla":"2023-11-02","Amended_De":"-","Amended_Da":null,"Internatio":"UNESCO Biosphere Reserve, Ecologically & Biologically Significant Marine Areas","Manag_Plan":null,"AmendManag":null,"PA_HandOve":null,"HandOver_D":null,"Related_Li":"https://drive.google.com/drive/folders/1lsMy1TnuJ3z3vgzNn4Ay04GqZMUr3xxD?usp=drive_link","Manag_Pl_1":null,"Date_Manag":null,"ManagPlanA":null,"HandOver_1":null,"Shape_Leng":11791.80849,"Shape_Le_1":11791.80849,"Shape_Area":6943598.30986},"geometry":{"type":"MultiPolygon","coordinates":[[[[73.13968704198578,5.205522332216963],[73.14552732898485,5.21470036295974],[73.1649498652592,5.210450976740275],[73.18319304118563,5.196854531964259],[73.17565683175033,5.186954566004597],[73.13968704198578,5.205522332216963]]]]}},{"type":"Feature","properties":{"OBJECTID":"83","Atoll":"V","Name_Engli":"V. Huraafalhu Area","Name_Dhive":"ވ. ހުރާފަޅު ސަރަހައްދު","About_PA":"ވ. އަތޮޅު ފުލިދޫ ކައިރީގައިވާ މި ފަޅަކީ އެންމަޑި އެއްވެއުޅޭ ސަރަހައްދެކެވެ. މި ސަރަހައްދުގެ ފަރުތައް އުފެދިފައިވާ ގޮތުން މި ތަނަކީ އެންމ","Category":"Category 7: Protected Area with Sustainable Use","Type":"MPA","Area_Ha":"9","Original_D":"(IUL)438-ENV/438/2023/494","Date_Decla":"2023-11-01","Amended_De":"-","Amended_Da":null,"Internatio":null,"Manag_Plan":null,"AmendManag":null,"PA_HandOve":null,"HandOver_D":null,"Related_Li":"https://drive.google.com/drive/folders/1lsMy1TnuJ3z3vgzNn4Ay04GqZMUr3xxD?usp=drive_link","Manag_Pl_1":null,"Date_Manag":null,"ManagPlanA":null,"HandOver_1":null,"Shape_Leng":1231.94528,"Shape_Le_1":1231.94528,"Shape_Area":88373.3371},"geometry":{"type":"MultiPolygon","coordinates":[[[[73.39081959756663,3.668573129776722],[73.39233365607315,3.670034978648886],[73.39497074474136,3.667500320358597],[73.39306604738299,3.666379695320486],[73.39081959756663,3.668573129776722]]]]}},{"type":"Feature","properties":{"OBJECTID":"84","Atoll":"V","Name_Engli":"V. Fussarufaru Region","Name_Dhive":"ވ. ފުއްސަރުފަރު ސަރަހައްދު","About_PA":"ވ. ފުއްސަރު ފަރު ސަރަހައްދަކީ ގިނަ ފަރުތަކަކާއި ފަޅުތަކާއި ފިނޮޅުތައް ހިމެނޭ ސަރަހައްދެކެވެ. ފަރުމަސްތަކުގެ ތެރެއިން ގިނަ ބާވަތެއްގެ މަ","Category":"Category 7: Protected Area with Sustainable Use","Type":"Sandbank/MPA","Area_Ha":"3690","Original_D":"(IUL)438-ENV/438/2023/493","Date_Decla":"2023-11-01","Amended_De":"-","Amended_Da":null,"Internatio":null,"Manag_Plan":null,"AmendManag":null,"PA_HandOve":null,"HandOver_D":null,"Related_Li":"https://drive.google.com/drive/folders/1lsMy1TnuJ3z3vgzNn4Ay04GqZMUr3xxD?usp=drive_link","Manag_Pl_1":null,"Date_Manag":null,"ManagPlanA":null,"HandOver_1":null,"Shape_Leng":29509.93974,"Shape_Le_1":29509.93974,"Shape_Area":36903821.3623},"geometry":{"type":"MultiPolygon","coordinates":[[[[73.29430939927224,3.548833918233836],[73.32111193404546,3.53992890868051],[73.30527409374837,3.473153771660387],[73.32096789666444,3.456225644010003],[73.31671870517562,3.447378673594771],[73.26756464044931,3.471403867730343],[73.29430939927224,3.548833918233836]]]]}},{"type":"Feature","properties":{"OBJECTID":"85","Atoll":"V","Name_Engli":"V. Rakeedhoo Corner","Name_Dhive":"ވ. ރަކީދޫ ކޯނަރ","About_PA":"ވ. ރަކީދޫކަނޑަކީ ރަކީދޫގެ ދެކުނު ފަރާތުގައިވާ ފުން ކަނޑެކެވެ. މި ކަނޑުގެ ބޭރު ފަރާތާއި ރަކީދޫގެ ފަރު ގުޅޭ ހިސާބަކީ މުރަކައިގެ ދިރުން މުއ","Category":"Category 7: Protected Area with Sustainable Use","Type":"MPA","Area_Ha":"6","Original_D":"(IUL)438-ENV/438/2023/492","Date_Decla":"2023-11-01","Amended_De":"-","Amended_Da":null,"Internatio":null,"Manag_Plan":null,"AmendManag":null,"PA_HandOve":null,"HandOver_D":null,"Related_Li":"https://drive.google.com/drive/folders/1lsMy1TnuJ3z3vgzNn4Ay04GqZMUr3xxD?usp=drive_link","Manag_Pl_1":null,"Date_Manag":null,"ManagPlanA":null,"HandOver_1":null,"Shape_Leng":1080.0921,"Shape_Le_1":1080.0921,"Shape_Area":63393.12951},"geometry":{"type":"MultiPolygon","coordinates":[[[[73.47174318965025,3.311816339655128],[73.47332563183485,3.311546299079755],[73.47239865120578,3.308155604302039],[73.4709899806752,3.308849459931688],[73.47174318965025,3.311816339655128]]]]}},{"type":"Feature","properties":{"OBJECTID":"86","Atoll":"V","Name_Engli":"V. Ruh huri huraa","Name_Dhive":"ވ. ރުއްހުރި ހުރާ","About_PA":"ވ. ރުއްހުރި ހުރާ އަކީ އަތޮޅުގެ އެތެރެވަރީގައި ވަކިން އޮތް ފަރެއްގައި ހެދިފައިއޮތް މީހުން ދިރިނޫޅޭ ރަށެކެވެ. މި ރަށަކީ 0.5 ހެކްޓަރުގެ ރަށެކ","Category":"Category 7: Protected Area with Sustainable Use","Type":"Island/MPA","Area_Ha":"106","Original_D":"(IUL)438-ENV/438/2023/491","Date_Decla":"2023-11-01","Amended_De":"-","Amended_Da":null,"Internatio":null,"Manag_Plan":null,"AmendManag":null,"PA_HandOve":null,"HandOver_D":null,"Related_Li":"https://drive.google.com/drive/folders/1lsMy1TnuJ3z3vgzNn4Ay04GqZMUr3xxD?usp=drive_link","Manag_Pl_1":null,"Date_Manag":null,"ManagPlanA":null,"HandOver_1":null,"Shape_Leng":4170.0494,"Shape_Le_1":4170.0494,"Shape_Area":1064901.5938},"geometry":{"type":"MultiPolygon","coordinates":[[[[73.49016978112219,3.3592779683772],[73.49838243425306,3.366193212403895],[73.503551635187,3.359992770748379],[73.49533895759686,3.353077578321919],[73.49016978112219,3.3592779683772]]]]}},{"type":"Feature","properties":{"OBJECTID":"87","Atoll":"V","Name_Engli":"V. Thun'duhuraa","Name_Dhive":"ވ. ތުޑުހުރާ","About_PA":"ވ. ތުނޑުހުރާ އަކީ ބޮޑު މޮހޮރާގެ ކައިރީގައިވާ ގާމަތީ ރަށެކެވެ. މި ރަށުގައި ކުރެދި ގަސްތައް ހެދިފައިވާކަމަށް ރެކޯޑުކުރެވިފައިވެއެވެ. މި ރަ","Category":"Category 7: Protected Area with Sustainable Use","Type":"Island/MPA","Area_Ha":"4","Original_D":"(IUL)438-ENV/438/2023/490","Date_Decla":"2023-11-01","Amended_De":"-","Amended_Da":null,"Internatio":null,"Manag_Plan":null,"AmendManag":null,"PA_HandOve":null,"HandOver_D":null,"Related_Li":"https://drive.google.com/drive/folders/1lsMy1TnuJ3z3vgzNn4Ay04GqZMUr3xxD?usp=drive_link","Manag_Pl_1":null,"Date_Manag":null,"ManagPlanA":null,"HandOver_1":null,"Shape_Leng":928.23597,"Shape_Le_1":928.23597,"Shape_Area":35749.61822},"geometry":{"type":"MultiPolygon","coordinates":[[[[73.5050794205634,3.343076804777765],[73.50592040020048,3.343626896194179],[73.5080781068131,3.341602495555119],[73.50776026817258,3.340781809570192],[73.5050794205634,3.343076804777765]]]]}},{"type":"Feature","properties":{"OBJECTID":"88","Atoll":"V","Name_Engli":"V. Hingaakulhee Finolhu Area\r\n","Name_Dhive":"ވ. ހިނގާކުޅީފިނޮޅު ސަރަހައްދު","About_PA":"މި ސަރަހައްދަކީ ވ. ދިއްގަރުފަޅުގެ ދެކުނުފަޅީގައި ކުދިކުދި ގިނަ ފިނޮޅުތަކެއް އުފެދޭ ސަރަހައްދެކެވެ. މި ފިނޮޅުތަކަކީ ކަނޑުމަތީ ދޫންޏާއި ހ","Category":"Category 7: Protected Area with Sustainable Use","Type":"Sandbank/MPA","Area_Ha":"1176","Original_D":"(IUL)438-ENV/438/2023/489","Date_Decla":"2023-11-01","Amended_De":"-","Amended_Da":null,"Internatio":null,"Manag_Plan":null,"AmendManag":null,"PA_HandOve":null,"HandOver_D":null,"Related_Li":"https://drive.google.com/drive/folders/1lsMy1TnuJ3z3vgzNn4Ay04GqZMUr3xxD?usp=drive_link","Manag_Pl_1":null,"Date_Manag":null,"ManagPlanA":null,"HandOver_1":null,"Shape_Leng":15887.64803,"Shape_Le_1":15887.64803,"Shape_Area":11757971.2883},"geometry":{"type":"MultiPolygon","coordinates":[[[[73.5522818400693,3.362127477250338],[73.60569230560206,3.375289245776404],[73.60756064789659,3.355399669701332],[73.55592850271354,3.346721203224577],[73.5522818400693,3.362127477250338]]]]}},{"type":"Feature","properties":{"OBJECTID":"89","Atoll":"V","Name_Engli":"V. Kashavaru Falhu Area","Name_Dhive":"ވ.ކަށަވަރުފަޅު ސަރަހައްދު","About_PA":"ކަށަވަރުފަޅަކީ ވ. ކެޔުދޫގެ ދެކުނުގައިވާ ފަޅެކެވެ. މި ފަޅުގެ ދެކުނުފަޅީގެ ބޭރުފަރާތުގައިވާ ފަރުގެ ފާރަކީ ގިނަ އަދަދެއްގެ ފަތުރުވެރިން ޒި","Category":"Category 7: Protected Area with Sustainable Use","Type":"MPA","Area_Ha":"979","Original_D":"(IUL)438-ENV/438/2023/487","Date_Decla":"2023-11-01","Amended_De":"-","Amended_Da":null,"Internatio":null,"Manag_Plan":null,"AmendManag":null,"PA_HandOve":null,"HandOver_D":null,"Related_Li":"https://drive.google.com/drive/folders/1lsMy1TnuJ3z3vgzNn4Ay04GqZMUr3xxD?usp=drive_link","Manag_Pl_1":null,"Date_Manag":null,"ManagPlanA":null,"HandOver_1":null,"Shape_Leng":14096.12743,"Shape_Le_1":14096.12743,"Shape_Area":9786244.23832},"geometry":{"type":"MultiPolygon","coordinates":[[[[73.55363891363123,3.440632391140383],[73.56003892486038,3.454112355191825],[73.56424805411673,3.458897989886083],[73.56788430381918,3.455161422426336],[73.60104527014042,3.450104857152086],[73.60601960131906,3.438552678016795],[73.59839408312914,3.433704164292483],[73.56037687286774,3.438637727739175],[73.55363891363123,3.440632391140383]]]]}},{"type":"Feature","properties":{"OBJECTID":"90","Atoll":"V","Name_Engli":"V. Huralhu Kandu Area","Name_Dhive":"ވ. ހުރަޅުކަނޑު ސަރަހައްދު","About_PA":"މި ސަރަހައްދަކީ ގިނަ އަދަދަކަށް ފަރުގެ ދިރުންތައް ފެންނަ ސަރަހައްދެކެވެ. މި ގޮތުން މިޔަރުތަކުގެ ތެރެއިން ފަރުގައި ދިރިއުޅޭ ބަވަތްތަކާއ","Category":"Category 7: Protected Area with Sustainable Use","Type":"Sandbank/MPA","Area_Ha":"258","Original_D":"(IUL)438-ENV/438/2023/488","Date_Decla":"2023-11-01","Amended_De":"-","Amended_Da":null,"Internatio":null,"Manag_Plan":null,"AmendManag":null,"PA_HandOve":null,"HandOver_D":null,"Related_Li":"https://drive.google.com/drive/folders/1lsMy1TnuJ3z3vgzNn4Ay04GqZMUr3xxD?usp=drive_link","Manag_Pl_1":null,"Date_Manag":null,"ManagPlanA":null,"HandOver_1":null,"Shape_Leng":6252.93194,"Shape_Le_1":6252.93194,"Shape_Area":2577272.85847},"geometry":{"type":"MultiPolygon","coordinates":[[[[73.69293638836929,3.486682436011953],[73.69923097718089,3.492124030237941],[73.70802939329418,3.495260110319127],[73.70964926418337,3.483665521877283],[73.70347483334486,3.475105408714991],[73.69684934122971,3.478501494160829],[73.69293638836929,3.486682436011953]]]]}},{"type":"Feature","properties":{"OBJECTID":"91","Atoll":"S","Name_Engli":"S. British Loyalty Shipwreck","Name_Dhive":"ސ. ބްރިޓިޝް ލޯޔަލްޓީ ޝިޕްރެކް","About_PA":"ބްރިޓިޝް ލޯޔަލްޓީ ޝިޕްރެކްއަކީ ދެވަނަބޮޑުހަނގުރާމަޔާއި އައްޑޫ އަތޮޅުގެ ތާރީހާ ގުޅުންހުރި ތަރިކައެކެވެ. އެހެން ޝިޕްރެކްތަކާއި ޚިލާފަށް","Category":"Not Assigned","Type":"MPA","Area_Ha":"65","Original_D":"2018/R-105","Date_Decla":"2018-09-13","Amended_De":"-","Amended_Da":null,"Internatio":null,"Manag_Plan":"2018/R-105 Addu City Management Regulation","AmendManag":null,"PA_HandOve":null,"HandOver_D":null,"Related_Li":"https://drive.google.com/drive/folders/1lsMy1TnuJ3z3vgzNn4Ay04GqZMUr3xxD?usp=drive_link","Manag_Pl_1":"2018/R-105 Addu City Management Regulation","Date_Manag":"2018-09-13","ManagPlanA":null,"HandOver_1":null,"Shape_Leng":3242.79776,"Shape_Le_1":3242.79776,"Shape_Area":647328.39555},"geometry":{"type":"MultiPolygon","coordinates":[[[[73.1115595382821,-0.638903372231569],[73.11906571822948,-0.636558101344752],[73.12066048615807,-0.642907117462757],[73.11276988184893,-0.645342705001609],[73.1115595382821,-0.638903372231569]]]]}},{"type":"Feature","properties":{"OBJECTID":"92","Atoll":"K","Name_Engli":"K. Boduhithi Thila Area","Name_Dhive":"ކ. ބޮޑުހިތި ތިލަ ސަރަހައްދު","About_PA":"ކ. ބޮޑުހިތި ތިލަ ސަރަހައްދަކީ މާލެ އަތޮޅުގެ ހުޅަނގު ފަރާތުގައިވާ ސަރަހައްދެކެވެ. ކ. ބޮޑުހިތި ތިލަ އަކީ ކ. ރަސްފަރީ އާއި ކ. އުލާނީ ފަޅާއި ދޭ","Category":"Category 7: Protected Area with Sustainable Use","Type":"MPA","Area_Ha":"127","Original_D":"(IUL)438-ENV/438/2024/282","Date_Decla":"2024-08-01","Amended_De":"-","Amended_Da":null,"Internatio":null,"Manag_Plan":null,"AmendManag":null,"PA_HandOve":null,"HandOver_D":null,"Related_Li":"https://drive.google.com/drive/folders/1lsMy1TnuJ3z3vgzNn4Ay04GqZMUr3xxD?usp=drive_link","Manag_Pl_1":null,"Date_Manag":null,"ManagPlanA":null,"HandOver_1":null,"Shape_Leng":5550.651,"Shape_Le_1":5550.651,"Shape_Area":1274827.33738},"geometry":{"type":"MultiPolygon","coordinates":[[[[73.35610199965069,4.454187000133214],[73.3584049999014,4.459798000383145],[73.3672599996484,4.456406000024353],[73.37379399965035,4.446317000335829],[73.36926299969666,4.44424199984823],[73.36479509480604,4.451356143400709],[73.35610199965069,4.454187000133214]]]]}},{"type":"Feature","properties":{"OBJECTID":"93","Atoll":"K","Name_Engli":"K. Okkobe Thila Area","Name_Dhive":"ކ. އޮއްކޮބޭ ތިލަ ސަރަހައްދު","About_PA":"ކ. އޮއްކޮބޭ ތިލައަކީ މާލެ އަތޮޅުގެ އިރުމަތީފަރާތުގައި އޮންނަ ސަރަހައްދެކެވެ. މިސަރަހައްދަކީ ގިނައަދަދެއްގެ ކުދި ހޮހޮޅައާއި \"އޯވަރހޭންގ","Category":"Category7:ProtectedAreawithSustainableUse","Type":"MPA","Area_Ha":"379","Original_D":"(IUL)438-ENV/438/2024/283","Date_Decla":"2024-08-01","Amended_De":"-","Amended_Da":null,"Internatio":null,"Manag_Plan":null,"AmendManag":null,"PA_HandOve":null,"HandOver_D":null,"Related_Li":"https://drive.google.com/drive/folders/1lsMy1TnuJ3z3vgzNn4Ay04GqZMUr3xxD?usp=drive_link","Manag_Pl_1":null,"Date_Manag":null,"ManagPlanA":null,"HandOver_1":null,"Shape_Leng":10398.22562,"Shape_Le_1":10398.22562,"Shape_Area":3792351.92767},"geometry":{"type":"MultiPolygon","coordinates":[[[[73.53302000017915,4.295379999770935],[73.52678083840495,4.290622484133258],[73.53638559462152,4.279310901214576],[73.50342999962827,4.292320000260117],[73.50801000001627,4.301189999582826],[73.53302000017915,4.295379999770935]]]]}}]}