{"type":"FeatureCollection","name":"Road_9","crs":{"type":"name","properties":{"name":"urn:ogc:def:crs:OGC:1.3:CRS84"}},"features":[{"type":"Feature","properties":{"OBJECTID":"1","roadEN":"Majeedhee Magu","roadDI":"މަޖީދީ މަގު","deadEnd":0,"SHAPE_Leng":51.59322},"geometry":{"type":"MultiLineString","coordinates":[[[73.51786389756826,4.174312146392794],[73.51753805002913,4.174351123570888],[73.51749246007175,4.174356576931466],[73.51741233562974,4.17436616121673],[73.51729233320367,4.174380515590223],[73.51722664013302,4.174384976075528],[73.51722659680739,4.17438497901728],[73.51716094706357,4.174389436555058],[73.5170680241396,4.174399696834577],[73.51658610211133,4.174452909077796],[73.51652224852884,4.174459959556414],[73.51646181570236,4.174464440273807],[73.51642158470129,4.174467423149059],[73.51631638877987,4.174478365423365],[73.51608127496783,4.174502821448717],[73.51607671830432,4.174503295422157],[73.51582865147596,4.174534354862701],[73.51536616649345,4.174580104152952],[73.51480048955706,4.174636060861171],[73.5146954665399,4.174651568636643],[73.51459373529094,4.1746665903325],[73.51440484300713,4.174686420228196],[73.51407821115836,4.174720709897675],[73.51398446777463,4.174729812046668],[73.51388603432045,4.174739369572071],[73.51376291723737,4.174751323768496],[73.51366579321119,4.174761656468547],[73.51358153503023,4.174775633776878],[73.5135726045046,4.17477711523131],[73.51352566989911,4.174784901051334],[73.51324283946333,4.174810707064949],[73.51318627130422,4.174816643249399],[73.51310609212591,4.174825057134147],[73.51291099476755,4.174844965743717],[73.51291085290825,4.17484498021965],[73.51273911181958,4.174862505408107],[73.51265264333237,4.174870691069898],[73.51261199570877,4.174874539031244],[73.51243351914636,4.174891434726226],[73.51234930354401,4.174901613552168],[73.5120182524453,4.174941626370497],[73.51190974053878,4.174952999572877],[73.51147854132898,4.174998193680739],[73.51126199285345,4.175018204811237],[73.51112012505942,4.175031314705154],[73.51100703214343,4.175042913815953],[73.51100610757578,4.175043008642016],[73.51080808375147,4.175063318451216],[73.51054818936039,4.175090921010345],[73.51045923607725,4.175100368435463],[73.51033367184736,4.17511420291679],[73.51023453700493,4.17512512543215],[73.50981847261998,4.175169164743255],[73.50961431541396,4.175190774156071],[73.50961408618068,4.175190798419696],[73.50953321339718,4.175199358539632],[73.50940312208606,4.175213765496226],[73.50910822387127,4.175246423900974],[73.50888561333191,4.175271076752876],[73.50884434980193,4.17527564644685],[73.50867719934142,4.175292658541934],[73.50845219003656,4.175315559284885],[73.50839760586044,4.175321114681214],[73.50823629572534,4.175337532268007],[73.50800584921707,4.175362094789069],[73.50785410011262,4.175378269178271],[73.50766679355603,4.175398233464944],[73.50749310196865,4.175417035203891],[73.50738535365619,4.175428698705284],[73.50732017917915,4.175435753681509],[73.50710114954511,4.175459463056303],[73.506967460905,4.175473934463709],[73.5065643851357,4.175522256227318],[73.50648920821331,4.175531268606199],[73.50604838177797,4.175579620680707],[73.5058325513298,4.175603293960383],[73.5057214574821,4.175613338031887],[73.50568813624149,4.175616350625016],[73.50548062079669,4.175635112186146],[73.50525487825166,4.175659478958885],[73.50518747874555,4.175666754084765],[73.50508191668415,4.175679065711504],[73.50500323340148,4.175688242475922],[73.50491047250618,4.175699061089354],[73.50480965174285,4.175710819704142],[73.50471566208475,4.17571817708621]],[[73.50471475320704,4.175718248231884],[73.5046222884166,4.175725486237779],[73.5045572544897,4.175730576989838],[73.50446604900087,4.175740596861925],[73.50436973048487,4.175751178441064],[73.50409787803399,4.175779424096856],[73.50398258423417,4.17579140317142],[73.50386692691926,4.175803940923926],[73.50375996984836,4.175815536886485],[73.50358909105208,4.17583362802151],[73.50335992732184,4.17585788978746],[73.5032636300455,4.175867738693988],[73.50314254653713,4.17588012262096],[73.50297020375595,4.175899214325719],[73.50288939073992,4.175908166576713],[73.50276677613755,4.175921749479422],[73.50263849408272,4.175931861346275]],[[73.50263818097103,4.175931879943868],[73.50251021203208,4.17594197319093],[73.50184721986547,4.176008888919798]]]}},{"type":"Feature","properties":{"OBJECTID":"4","roadEN":null,"roadDI":null,"deadEnd":1,"SHAPE_Leng":25.16027},"geometry":{"type":"MultiLineString","coordinates":[[[73.51634206688384,4.174704444413448],[73.51631638877987,4.174478365423332]]]}},{"type":"Feature","properties":{"OBJECTID":"5","roadEN":"Dhillee Magu","roadDI":null,"deadEnd":0,"SHAPE_Leng":53.94563},"geometry":{"type":"MultiLineString","coordinates":[[[73.51516100626435,4.174119021841459],[73.51604633188975,4.174002710165835]]]}},{"type":"Feature","properties":{"OBJECTID":"6","roadEN":null,"roadDI":null,"deadEnd":1,"SHAPE_Leng":14.86134},"geometry":{"type":"MultiLineString","coordinates":[[[73.51627784698839,4.174670063453306],[73.51614577499409,4.174691975763658]]]}},{"type":"Feature","properties":{"OBJECTID":"7","roadEN":null,"roadDI":null,"deadEnd":1,"SHAPE_Leng":15.05131},"geometry":{"type":"MultiLineString","coordinates":[[[73.51656304705085,4.174899839817821],[73.51643034348103,4.174927703379456]]]}},{"type":"Feature","properties":{"OBJECTID":"8","roadEN":"Dheyliyaa Hin'gun","roadDI":null,"deadEnd":0,"SHAPE_Leng":19.31897},"geometry":{"type":"MultiLineString","coordinates":[[[73.51660260553714,4.175069982210289],[73.51656304705085,4.174899839817821]]]}},{"type":"Feature","properties":{"OBJECTID":"9","roadEN":"Filigas Hin'gun","roadDI":null,"deadEnd":0,"SHAPE_Leng":68.84406},"geometry":{"type":"MultiLineString","coordinates":[[[73.5172946140543,4.175003834200901],[73.51722659680739,4.17438497901728]]]}},{"type":"Feature","properties":{"OBJECTID":"10","roadEN":"Abadhah Ufaa Hin'gun","roadDI":null,"deadEnd":0,"SHAPE_Leng":22.01658},"geometry":{"type":"MultiLineString","coordinates":[[[73.5172946140543,4.175003834200901],[73.51793029558768,4.174934341373528]]]}},{"type":"Feature","properties":{"OBJECTID":"11","roadEN":null,"roadDI":null,"deadEnd":1,"SHAPE_Leng":26.74589},"geometry":{"type":"MultiLineString","coordinates":[[[73.5174917627152,4.174982281930085],[73.51751783944174,4.175222745245606]]]}},{"type":"Feature","properties":{"OBJECTID":"12","roadEN":null,"roadDI":null,"deadEnd":1,"SHAPE_Leng":25.69991},"geometry":{"type":"MultiLineString","coordinates":[[[73.5175631070092,4.174582182869737],[73.51753805002913,4.174351123570888]]]}},{"type":"Feature","properties":{"OBJECTID":"13","roadEN":"Abadhahufaa Magu","roadDI":null,"deadEnd":0,"SHAPE_Leng":34.15644},"geometry":{"type":"MultiLineString","coordinates":[[[73.51629691837894,4.175104937550781],[73.51660260553714,4.175069982210289]],[[73.51588973403376,4.17514701744004],[73.51596863646586,4.175138760168839],[73.51629673059588,4.175104424480357]],[[73.51588995029626,4.175149186570099],[73.51558698057168,4.175181853166265]],[[73.51481267996333,4.175265322986754],[73.51525299966065,4.175217896499265],[73.5154570286732,4.175195905346976],[73.51558701671523,4.17518189462962]]]}},{"type":"Feature","properties":{"OBJECTID":"16","roadEN":null,"roadDI":null,"deadEnd":1,"SHAPE_Leng":22.34681},"geometry":{"type":"MultiLineString","coordinates":[[[73.51565069743205,4.175560074348567],[73.51566283960048,4.175551610522913],[73.51567444949227,4.175543519769211],[73.5156885642121,4.175533654961984],[73.51570918469776,4.175519053144543],[73.51573573365661,4.175500673217798],[73.51574945206194,4.175491407267542],[73.51576307985995,4.1754821720124],[73.51578345762664,4.175467164816595],[73.51581526654522,4.175443739351284]]]}},{"type":"Feature","properties":{"OBJECTID":"17","roadEN":null,"roadDI":null,"deadEnd":1,"SHAPE_Leng":35.57947},"geometry":{"type":"MultiLineString","coordinates":[[[73.51560266839418,4.175411153378937],[73.5155552613195,4.175331614555325],[73.51551077159037,4.175336058637776],[73.51547173930948,4.1753399575731],[73.5154570286732,4.175195905346976]]]}},{"type":"Feature","properties":{"OBJECTID":"18","roadEN":"Gulfaam Hin'gun","roadDI":null,"deadEnd":0,"SHAPE_Leng":68.3236},"geometry":{"type":"MultiLineString","coordinates":[[[73.51588995029626,4.175149186570099],[73.51588973403376,4.17514701744004],[73.51582865147596,4.174534354862701]]]}},{"type":"Feature","properties":{"OBJECTID":"19","roadEN":"Than'di Raiymaa Goalhi","roadDI":null,"deadEnd":0,"SHAPE_Leng":38.47587},"geometry":{"type":"MultiLineString","coordinates":[[[73.51558701671523,4.17518189462962],[73.51604789617501,4.175710608327837]]]}},{"type":"Feature","properties":{"OBJECTID":"21","roadEN":"Asrafee Magu","roadDI":null,"deadEnd":0,"SHAPE_Leng":53.1587},"geometry":{"type":"MultiLineString","coordinates":[[[73.51608127496783,4.174502821448717],[73.51610580943903,4.174582779765421],[73.51614577499409,4.174691975763658],[73.51629673059588,4.175104424480357],[73.51629691837894,4.175104937550781],[73.51646207634455,4.175556190441137]],[[73.51645658562872,4.175558237534782],[73.5165781859539,4.175869030274177],[73.51662098082055,4.175997025037016],[73.51663981471758,4.176053355155682],[73.51672490177438,4.176285463144138]]]}},{"type":"Feature","properties":{"OBJECTID":"22","roadEN":"Vailet Magu","roadDI":null,"deadEnd":0,"SHAPE_Leng":22.01914},"geometry":{"type":"MultiLineString","coordinates":[[[73.51645658562872,4.175558237534782],[73.51496420068644,4.176114638665601]]]}},{"type":"Feature","properties":{"OBJECTID":"26","roadEN":"Vailet Hin'gun","roadDI":null,"deadEnd":0,"SHAPE_Leng":22.31504},"geometry":{"type":"MultiLineString","coordinates":[[[73.51645658562872,4.175558237534782],[73.51646207634455,4.175556190441137],[73.51667679157708,4.175476138507475],[73.51667965315399,4.175475334122693],[73.51668260750229,4.175475012993696],[73.51668557423628,4.175475183857996],[73.51668847263326,4.17547584206664],[73.51669122382992,4.175476969710122],[73.51669375296814,4.175478536106237],[73.51669599123186,4.175480498634306],[73.5166978777195,4.175482803895449],[73.51669936110112,4.175485389165043],[73.51671755239072,4.175524176876242],[73.51672345064935,4.17553694189598],[73.51672693204269,4.175543144490885],[73.51673133993876,4.175548721558162],[73.5167365650643,4.175553534840358],[73.51674247788672,4.175557465014614],[73.5167489318251,4.175560414650493],[73.51675576688412,4.17556231062547],[73.51676281362028,4.175563105937792],[73.51676989734258,4.175562780871294],[73.51677684244315,4.175561343484532],[73.51726923088437,4.175418063582484],[73.51730228013467,4.175408446581057],[73.51730891544264,4.175405932028369],[73.51731507531704,4.175402402809302],[73.5173206070048,4.175397946441733],[73.51732537333088,4.175392673434948],[73.51732925609956,4.175386714549292],[73.5173321590257,4.175380217553579],[73.5173340101224,4.175373343560745],[73.51747871452181,4.175357922812085],[73.51753386918097,4.175351851698386],[73.51759778323633,4.175344816394619],[73.51797083744758,4.175305079151437]]]}},{"type":"Feature","properties":{"OBJECTID":"27","roadEN":"Hiyalee Goalhi","roadDI":null,"deadEnd":0,"SHAPE_Leng":42.95627},"geometry":{"type":"MultiLineString","coordinates":[[[73.51767709542541,4.175839687619363],[73.51753386918097,4.175351851698386]]]}},{"type":"Feature","properties":{"OBJECTID":"28","roadEN":null,"roadDI":null,"deadEnd":1,"SHAPE_Leng":14.25333},"geometry":{"type":"MultiLineString","coordinates":[[[73.51744443191676,4.175503116430462],[73.5175676915582,4.175467052468428]]]}},{"type":"Feature","properties":{"OBJECTID":"30","roadEN":"Filigas Hin'gun","roadDI":null,"deadEnd":0,"SHAPE_Leng":41.11102},"geometry":{"type":"MultiLineString","coordinates":[[[73.5173340101224,4.175373343560745],[73.51733475042928,4.175366671032524],[73.517334498587,4.175359961995473],[73.5172946140543,4.175003834200901]]]}},{"type":"Feature","properties":{"OBJECTID":"31","roadEN":null,"roadDI":null,"deadEnd":1,"SHAPE_Leng":57.933},"geometry":{"type":"MultiLineString","coordinates":[[[73.51529693918553,4.17543290423813],[73.51531652570645,4.17549790081784],[73.51536943177446,4.175680626026981],[73.51544615365376,4.175934954118129]]]}},{"type":"Feature","properties":{"OBJECTID":"32","roadEN":null,"roadDI":null,"deadEnd":1,"SHAPE_Leng":25.91529},"geometry":{"type":"MultiLineString","coordinates":[[[73.5156318689949,4.175618579243739],[73.51564652198957,4.175645047944552],[73.51574527875472,4.17582343232081]]]}},{"type":"Feature","properties":{"OBJECTID":"37","roadEN":"Dheyliyaa Hin'gun","roadDI":null,"deadEnd":0,"SHAPE_Leng":49.43782},"geometry":{"type":"MultiLineString","coordinates":[[[73.51656304705085,4.174899839817821],[73.51646181570236,4.174464440273807]]]}},{"type":"Feature","properties":{"OBJECTID":"44","roadEN":"Gulisthaanu Goalhi","roadDI":null,"deadEnd":0,"SHAPE_Leng":39.82865},"geometry":{"type":"MultiLineString","coordinates":[[[73.5165781859539,4.175869030274177],[73.51732940616515,4.175699030046292]]]}},{"type":"Feature","properties":{"OBJECTID":"45","roadEN":null,"roadDI":null,"deadEnd":1,"SHAPE_Leng":22.01704},"geometry":{"type":"MultiLineString","coordinates":[[[73.51698842408338,4.175979534351971],[73.51692816266046,4.175789831817147]]]}},{"type":"Feature","properties":{"OBJECTID":"46","roadEN":"Filigas Magu","roadDI":null,"deadEnd":0,"SHAPE_Leng":44.70874},"geometry":{"type":"MultiLineString","coordinates":[[[73.5176400427119,4.177149433249136],[73.51726923088437,4.175418063582484]]]}},{"type":"Feature","properties":{"OBJECTID":"47","roadEN":"Roashanee Magu","roadDI":"ރޯޝަނީ މަގު","deadEnd":0,"SHAPE_Leng":39.47183},"geometry":{"type":"MultiLineString","coordinates":[[[73.51513181390311,4.177012821064723],[73.51538302289741,4.176900996108213],[73.5154563632646,4.176867069383205],[73.51551254442515,4.176841080375942],[73.51557725436574,4.176811146007196],[73.51564629778323,4.176779325957355],[73.51570460092876,4.176752023100618],[73.51576968632936,4.176721544164315],[73.51597212333452,4.176626955038665],[73.5160309682133,4.176600300848249],[73.51603513276717,4.176598414484801],[73.51621775472682,4.176515570141735],[73.5163558337005,4.176452932164424],[73.51649296061858,4.17638923583576],[73.51654723487424,4.176365296015939],[73.51667819071291,4.176307532708556],[73.51672490177438,4.176285463144138],[73.51678454344832,4.176257284249505],[73.5168646123773,4.176219506268111],[73.51702213474162,4.176145184303563],[73.51709772642147,4.17611096945209],[73.5171479369741,4.176088242783076],[73.51730130938968,4.176015904259416],[73.51738832917628,4.175974149462587],[73.51749150163803,4.175924644089474],[73.51758614284302,4.175881175293981],[73.51767709542541,4.175839687619363],[73.51774473775284,4.17580883281791],[73.51801237317346,4.175685983171197]]]}},{"type":"Feature","properties":{"OBJECTID":"48","roadEN":"Hirun'dhu Magu","roadDI":null,"deadEnd":0,"SHAPE_Leng":40.46664},"geometry":{"type":"MultiLineString","coordinates":[[[73.51591421328513,4.176148919079855],[73.51662098082055,4.175997025037016]]]}},{"type":"Feature","properties":{"OBJECTID":"49","roadEN":null,"roadDI":null,"deadEnd":1,"SHAPE_Leng":19.13482},"geometry":{"type":"MultiLineString","coordinates":[[[73.51640486783391,4.176219651919218],[73.51635304325976,4.176054608583927]]]}},{"type":"Feature","properties":{"OBJECTID":"53","roadEN":null,"roadDI":null,"deadEnd":1,"SHAPE_Leng":20.5999},"geometry":{"type":"MultiLineString","coordinates":[[[73.51598001765565,4.176396033682773],[73.51615631053322,4.176337913510611]]]}},{"type":"Feature","properties":{"OBJECTID":"54","roadEN":null,"roadDI":null,"deadEnd":1,"SHAPE_Leng":27.80071},"geometry":{"type":"MultiLineString","coordinates":[[[73.5163558337005,4.176452932164424],[73.51628565393997,4.176211583871855]]]}},{"type":"Feature","properties":{"OBJECTID":"55","roadEN":"Dhun'buri Magu","roadDI":null,"deadEnd":0,"SHAPE_Leng":91.92409},"geometry":{"type":"MultiLineString","coordinates":[[[73.51603513276717,4.176598414484801],[73.51598001765565,4.176396033682773],[73.51597524354527,4.176378503311204],[73.51593829375848,4.17624282493712],[73.51593158733404,4.176218199170453],[73.51591421328513,4.17614891907989],[73.51589919853855,4.176089046849814],[73.51581928929231,4.175795839197826]]]}},{"type":"Feature","properties":{"OBJECTID":"56","roadEN":null,"roadDI":null,"deadEnd":1,"SHAPE_Leng":10.30522},"geometry":{"type":"MultiLineString","coordinates":[[[73.51573789790136,4.176219289185314],[73.51576907127529,4.176307074668524]]]}},{"type":"Feature","properties":{"OBJECTID":"57","roadEN":null,"roadDI":null,"deadEnd":1,"SHAPE_Leng":20.08525},"geometry":{"type":"MultiLineString","coordinates":[[[73.51576907127529,4.176307074668524],[73.51593829375848,4.17624282493712]]]}},{"type":"Feature","properties":{"OBJECTID":"58","roadEN":null,"roadDI":null,"deadEnd":1,"SHAPE_Leng":19.64676},"geometry":{"type":"MultiLineString","coordinates":[[[73.51597524354527,4.176378503311204],[73.51580944098959,4.176440616803416]]]}},{"type":"Feature","properties":{"OBJECTID":"59","roadEN":null,"roadDI":null,"deadEnd":1,"SHAPE_Leng":6.63863},"geometry":{"type":"MultiLineString","coordinates":[[[73.51580944098959,4.176440616803416],[73.51578092047758,4.176387847326485]]]}},{"type":"Feature","properties":{"OBJECTID":"61","roadEN":null,"roadDI":null,"deadEnd":1,"SHAPE_Leng":13.03929},"geometry":{"type":"MultiLineString","coordinates":[[[73.51624377322378,4.175957520295793],[73.51627064203525,4.176072317743388]]]}},{"type":"Feature","properties":{"OBJECTID":"63","roadEN":"Bodu Thakurufaanu Magu","roadDI":"ބޮޑު ތަކުރުފާނު މަގު","deadEnd":0,"SHAPE_Leng":19.49379},"geometry":{"type":"MultiLineString","coordinates":[[[73.5017718141713,4.17176292527347],[73.5016746962413,4.171766931109977],[73.50112545969559,4.171825216309174],[73.5009850619821,4.172392288443858],[73.50091787966706,4.172663640054461],[73.50084342952465,4.172951968326063],[73.50082059058191,4.17304041822109],[73.50077870978899,4.173202612665938],[73.50102227646296,4.173836971848072],[73.50145755937827,4.174454418083339],[73.50165222021403,4.174795845013791],[73.50181813291015,4.175338061971125],[73.50187201644846,4.17582869530312],[73.50184721986547,4.176008888919798],[73.50231391256428,4.177250696781503]],[[73.50283024114627,4.177803146395354],[73.50311705245386,4.177908492814629],[73.50366659488643,4.178110340620213],[73.50368704844524,4.17811785323642],[73.50406500008606,4.178256675210307],[73.50421340189794,4.178310010131414],[73.50425388012613,4.178324557812971],[73.50455824830755,4.178433946206425],[73.5048676616147,4.178545147657553],[73.5050686663874,4.178617387600974],[73.50517479077266,4.178656938639889],[73.50548366626667,4.178772052021682],[73.50563084907692,4.178826892109105],[73.50570890906985,4.178855953616893],[73.50575009504362,4.178871277710278],[73.5057931140807,4.178887276591184]],[[73.50579308128259,4.178887366337661],[73.5059737850157,4.178954711833406],[73.5060727315834,4.178987975399699],[73.50610525359195,4.178998908550014],[73.50617230232716,4.179021448785841],[73.50639306117333,4.179103052993831],[73.5064152000259,4.179111236687098],[73.5067227504319,4.179224923544076],[73.50717790812622,4.179393173593504],[73.50719265414162,4.179398756350285],[73.50720020305317,4.179401612381105],[73.50720405226808,4.179403067873878],[73.50720796304932,4.179404545994953],[73.50721194419211,4.179406049977096],[73.5072160044916,4.179407583052856],[73.50722015274297,4.179409148454876],[73.50722439774148,4.179410749415803],[73.50722874828224,4.179412389168167],[73.50723321316048,4.179414070944733],[73.5072378011714,4.179415797978047],[73.50724252111016,4.179417573500717],[73.50724738177198,4.179419400745428],[73.50725239195202,4.179421282944755],[73.5072575604455,4.179423223331363],[73.5072628960476,4.179425225137845],[73.50726840755352,4.179427291596844],[73.50727410375842,4.17942942594099],[73.50727999345756,4.179431631402861],[73.50728608544607,4.179433911215116],[73.50729238851916,4.179436268610417],[73.50729891147205,4.179438706821323],[73.50730566309991,4.179441229080477],[73.50731265219795,4.179443838620488],[73.50731988756135,4.179446538674031],[73.50732737798532,4.179449332473665],[73.50733513226503,4.179452223252049],[73.50734315919571,4.17945521424179]],[[73.5073429880756,4.179455683575414],[73.5076349567802,4.179566241778104],[73.50765554471923,4.179574037696389],[73.5080225285605,4.17971300128716],[73.5082713877661,4.1798057102225],[73.50871846397425,4.179972261841082],[73.50878042390278,4.17999534407187],[73.50902921692499,4.180087346672037],[73.50904458925584,4.180094888082271],[73.50905228114367,4.180098663438555],[73.50905997989832,4.180102444376286],[73.50906383256599,4.18010433751956],[73.50906768780868,4.180106232755928],[73.50907154591252,4.180108130317878],[73.50907540716365,4.180110030437966],[73.50907927184817,4.180111933348798],[73.50908314025217,4.180113839282897],[73.50908701266178,4.180115748472869],[73.50909088936311,4.180117661151237],[73.50909286118538,4.180118634559237],[73.50909483422743,4.180119608958718],[73.50909604695606,4.180120207962339],[73.50909665353899,4.180120507426613],[73.50909726028932,4.180120806768771],[73.50909786722329,4.180121105915893],[73.50909847435715,4.180121404795165],[73.50909908170722,4.180121703333679],[73.50909968928968,4.180122001458612],[73.50910029712087,4.180122299097103],[73.50910090521697,4.180122596176258],[73.50910151359427,4.180122892623307],[73.50910212226906,4.180123188365269],[73.50910273125753,4.180123483329355],[73.50910334057598,4.180123777442718],[73.50910395024067,4.18012407063244],[73.50910456026783,4.18012436282574],[73.50910517067375,4.180124653949712],[73.50910578147464,4.180124943931459],[73.50910639268682,4.180125232698196],[73.50910700432647,4.180125520177059],[73.50910761640992,4.180125806295107],[73.50910822895341,4.18012609097958],[73.50910884197316,4.180126374157555],[73.50910945548546,4.180126655756204],[73.50911006950658,4.180126935702654],[73.50911068405273,4.180127213924011],[73.50911129914022,4.180127490347515],[73.50911191478525,4.180127764900208],[73.50911253100412,4.180128037509285],[73.5091131478131,4.180128308101848],[73.50911376522839,4.180128576605092],[73.50911438326627,4.180128842946104],[73.50911500194304,4.180129107052029],[73.50911562127492,4.180129368850058],[73.50911624127815,4.180129628267264],[73.509116861969,4.18012988523089],[73.50911748336378,4.180130139667956],[73.50911810547866,4.180130391505624],[73.50933076305886,4.180133378483404],[73.50933177885685,4.180133324030071],[73.50933279461852,4.180133269099707],[73.50933381034281,4.180133213686128],[73.50933482602876,4.180133157783202],[73.50933584167535,4.180133101384795],[73.50933685728158,4.180133044484774],[73.50933787284644,4.180132987077003],[73.50933888836894,4.180132929155365],[73.50933990384809,4.180132870713647],[73.50934091928283,4.180132811745777],[73.50934193467224,4.180132752245559],[73.50934295001527,4.180132692206921],[73.50934396531089,4.180132631623666],[73.50934498055815,4.180132570489644],[73.50934599575602,4.180132508798771],[73.5093466912129,4.18013246621216],[73.50934738664631,4.180132423364046],[73.50934808205653,4.180132380257228],[73.50934877744372,4.180132336894399],[73.50934947280814,4.180132293278409],[73.50935016814998,4.180132249411918],[73.50935086346946,4.180132205297792],[73.5093515587668,4.180132160938705],[73.50935225404218,4.180132116337426],[73.50935294929587,4.180132071496766],[73.50935364452805,4.180132026419405],[73.50935433973895,4.180131981108173],[73.50935503492875,4.180131935565796],[73.50935573009771,4.180131889795041],[73.50935642524601,4.180131843798636],[73.50935712037388,4.180131797579345],[73.50935781548156,4.180131751139964],[73.50935851056919,4.180131704483238],[73.50935920563705,4.180131657611915],[73.50935990068534,4.180131610528741],[73.50936059571426,4.180131563236478],[73.50936129072404,4.180131515737906],[73.50936198571488,4.180131468035789],[73.50936268068702,4.180131420132823],[73.50936337564063,4.18013137203182],[73.50936407057597,4.180131323735544],[73.50936476549323,4.180131275246723],[73.50936546039262,4.180131226568156],[73.50936615527436,4.180131177702505],[73.50936685013868,4.180131128652617],[73.50936754498578,4.18013107942125],[73.50936823981587,4.180131030011159],[73.50936893462918,4.180130980425033],[73.5093696294259,4.180130930665704],[73.50937032420627,4.180130880735902],[73.5093710189705,4.18013083063839],[73.50937171371878,4.18013078037595],[73.50937240845134,4.180130729951274],[73.50937310316841,4.180130679367193],[73.50937379787018,4.180130628626403],[73.50937449255687,4.180130577731702],[73.50937518722873,4.180130526685837],[73.50937588188592,4.180130475491533],[73.50937657652867,4.180130424151644],[73.5093772711572,4.180130372668809],[73.50937796577173,4.180130321045878],[73.50937866037248,4.180130269285562],[73.50937935495965,4.180130217390627],[73.50938004953345,4.180130165363832],[73.50938074409412,4.180130113207911],[73.50938143864182,4.180130060925674],[73.50938213317683,4.180130008519851],[73.50938282769934,4.180129955993188],[73.50938352220955,4.180129903348484],[73.50938421670769,4.180129850588433],[73.50938491119396,4.180129797715846],[73.50938560566858,4.180129744733491],[73.50938630013178,4.180129691644061],[73.50938699458376,4.18012963845037],[73.50938768902473,4.180129585155131],[73.50938838345492,4.180129531761137],[73.50938907787449,4.180129478271158],[73.50938977228374,4.180129424687918],[73.50939046668285,4.180129371014199],[73.50939246835611,4.180129215808886],[73.50939446995199,4.180129059940637],[73.5093964714756,4.18012890347545],[73.50939847293202,4.180128746479417],[73.50940047432645,4.180128589018631],[73.509402475664,4.180128431159052],[73.5094044769498,4.18012827296691],[73.509406478189,4.180128114508164],[73.50940847938668,4.180127955848872],[73.50941048054806,4.180127797055149],[73.50941448278225,4.180127479328542],[73.50941648386535,4.180127320527831],[73.50941848493264,4.180127161856943],[73.50942048598922,4.180127003381908],[73.50942248704031,4.180126845168786],[73.50942448809091,4.180126687283638],[73.50942648914625,4.180126529792606],[73.50942849021146,4.180126372761652],[73.50943049129162,4.180126216256918],[73.50943249239188,4.18012606034445],[73.5094344935174,4.180125905090274],[73.50943649467331,4.180125750560518],[73.50943849586471,4.18012559682119],[73.50944049709678,4.180125443938352],[73.50944249837458,4.180125291978151],[73.50944449970333,4.180125141006574],[73.50944650108809,4.180124991089688],[73.50944850253404,4.180124842293548],[73.50960405254439,4.180115390170348],[73.50960586895236,4.180115229878274],[73.50960768467694,4.180115063387926],[73.50960949968362,4.180114890416352],[73.50961131393787,4.180114710680773],[73.50961312740523,4.180114523898288],[73.50961494005115,4.180114329786014],[73.50961675184116,4.180114128061123],[73.50961856274068,4.180113918440644],[73.50962037271529,4.180113700641848],[73.50962218173039,4.180113474381717],[73.50962398975155,4.18011323937749],[73.50962594824341,4.180112974551728],[73.50962790550737,4.180112699302882],[73.50962986152373,4.180112413812457],[73.50963181627279,4.180112118261955],[73.50963376973488,4.180111812832869],[73.50963572189029,4.180111497706704],[73.50963767271935,4.180111173064976],[73.50963962220237,4.180110839089179],[73.50964157031967,4.180110495960848],[73.50964351705156,4.180110143861457],[73.50964546237834,4.180109782972457],[73.50964740628032,4.18010941347544],[73.50964934873784,4.180109035551877],[73.50965128973121,4.180108649383287],[73.5096532292407,4.180108255151112],[73.50965516724666,4.18010785303692],[73.5096571037294,4.180107443222218],[73.50965903866924,4.180107025888445],[73.50966097204646,4.180106601217203],[73.50966290384142,4.180106169389832],[73.50966483403437,4.180105730587988],[73.50966676260568,4.180105284993174],[73.50966868953564,4.18010483278678],[73.50967061480456,4.180104374150377],[73.50967253839276,4.180103909265467],[73.50967446028055,4.180103438313576],[73.50967638044824,4.18010296147614],[73.50967829887615,4.180102478934714],[73.50968021554462,4.180101990870803],[73.50968213043389,4.18010149746593],[73.50968404352432,4.180100998901497],[73.50968595479623,4.180100495359128],[73.50968746735693,4.180100093097251],[73.50968897878285,4.180099687866424],[73.5096904890924,4.180099279706838],[73.50969199830408,4.180098868658722],[73.50969350643626,4.180098454762255],[73.50969501350745,4.1800980380577],[73.50969651953609,4.180097618585249],[73.50969802454063,4.180097196385146],[73.5096995285395,4.180096771497555],[73.50970103155119,4.180096343962719],[73.50970253359411,4.180095913820916],[73.50970403468668,4.180095481112258],[73.5097055348474,4.18009504587704],[73.50970703409475,4.180094608155423],[73.50970853244712,4.180094167987618],[73.50971002992296,4.180093725413887],[73.50971152654074,4.180093280474424],[73.50971302231892,4.180092833209492],[73.50971451727592,4.180092383659266],[73.5097160114302,4.180091931863943],[73.50971750480022,4.180091477863785],[73.50994745329969,4.180011605972411],[73.50994851996612,4.180011118911956],[73.50994959811874,4.180010625206044],[73.50995068785932,4.180010124793795],[73.50995178928952,4.180009617614445],[73.50995290251106,4.180009103607103],[73.5099540276257,4.180008582711019],[73.50995516473508,4.180008054865286],[73.50995631394098,4.180007520009118],[73.50995747534506,4.180006978081713],[73.50995864904905,4.180006429022249],[73.5099598351547,4.180005872769837],[73.50996103376367,4.180005309263643],[73.50996224497771,4.180004738442946],[73.50996346889852,4.180004160246774],[73.50996470562778,4.18000357461451],[73.50996595526725,4.180002981485046],[73.50996721791864,4.180002380797799],[73.50996856178968,4.180001456993325],[73.5099698991728,4.180000521464896],[73.50997123031372,4.179999574673331],[73.50997255545806,4.179998617079475],[73.5099738748515,4.179997649144218],[73.50997518873965,4.179996671328242],[73.51050547596766,4.179538343160485],[73.51050648074924,4.179537565934117],[73.51056070774699,4.179520975399008],[73.51056076526653,4.179520957801175],[73.51078479088288,4.179452417999482],[73.51176270296334,4.179176913771131],[73.51194265110205,4.179126217354641],[73.51239016760522,4.179003298704266],[73.5126170827983,4.178940972144108],[73.51295651418431,4.178843190227536],[73.51321491976826,4.178768749745414],[73.51346458845083,4.178697726932054],[73.51399644560556,4.178546430120118],[73.51429137370143,4.178462532055394],[73.51466532999048,4.178358324414102],[73.51466536501125,4.178358314655119],[73.51513937596877,4.178226225193091],[73.51518544717158,4.178213386820003],[73.51519153948003,4.1782114237204],[73.51519764132682,4.178209490116963],[73.51520375301742,4.178207586954184],[73.5152098748572,4.178205715176595],[73.51521416688803,4.178204423684162],[73.51521846367694,4.17820314690381],[73.51522276485778,4.178201883701436],[73.51522707006438,4.178200632942935],[73.51523137893055,4.178199393494287],[73.51523569109011,4.178198164221307],[73.51524000617694,4.17819694399006],[73.51524432382479,4.178195731666356],[73.51524864366756,4.178194526116195],[73.51525296533909,4.178193326205454],[73.51525728847314,4.178192130800032],[73.51526161270358,4.178190938765943],[73.51526593766427,4.178189748969033],[73.51527026298898,4.178188560275266],[73.51527458831158,4.17818737155057],[73.5152789132659,4.178186181660845],[73.51528393420402,4.178184797384562],[73.51528895414278,4.178183409969227],[73.5152939730731,4.178182019375389],[73.51529899098585,4.178180625563659],[73.51530400787189,4.178179228494487],[73.51530902372208,4.178177828128586],[73.51531403852731,4.178176424426422],[73.51531905227846,4.17817501734861],[73.51532406496636,4.178173606855728],[73.51532907658195,4.178172192908344],[73.51533408711606,4.178170775466905],[73.51533909655954,4.17816935449214],[73.5153441049033,4.178167929944602],[73.51534911213822,4.178166501784782],[73.51535411825516,4.178165069973299],[73.51535912324496,4.178163634470668],[73.51536412709852,4.178162195237548],[73.51536912980674,4.178160752234445],[73.51537413136045,4.178159305421931],[73.51537913175055,4.178157854760528],[73.51538413096787,4.178156400210931],[73.51538912900334,4.178154941733657],[73.51539412584779,4.178153479289181],[73.51539912149211,4.178152012838189],[73.51540411592717,4.17815054234118],[73.51540910914385,4.17814906775878],[73.51541410113299,4.178147589051524],[73.51541909188549,4.178146106179976],[73.51542408139224,4.1781446191047],[73.5154290696441,4.178143127786278],[73.5154340566319,4.178141632185305],[73.51543904234656,4.178140132262299],[73.51544463552428,4.178138443986843],[73.51545022715915,4.178136750460312],[73.515455817323,4.178135051923547],[73.51546140608761,4.178133348617455],[73.51546699352484,4.178131640782841],[73.51547257970645,4.178129928660632],[73.51547816470432,4.178128212491685],[73.5154837485902,4.178126492516817],[73.51548933143594,4.178124768976997],[73.51549491331333,4.178123042112972],[73.51550049429423,4.178121312165771],[73.51550607445039,4.178119579376098],[73.51551165385366,4.178117843984929],[73.51551723257585,4.17811610623307],[73.51552281068876,4.178114366361427],[73.51552838826424,4.178112624610844],[73.51553396537408,4.178110881222208],[73.51553954209008,4.178109136436392],[73.51554511848407,4.178107390494257],[73.51555069462785,4.178105643636691],[73.51557299813729,4.178098651869211],[73.51558415025795,4.178095156755432],[73.51558972666115,4.178093410234016],[73.51559530338864,4.178091664724127],[73.51560088051225,4.178089920466586],[73.51560645810379,4.178088177702318],[73.51561203623508,4.178086436672117],[73.51561761497796,4.178084697616918],[73.51562303149703,4.178083011433003],[73.51562844869119,4.178081327450617],[73.51563386659157,4.178079645782923],[73.51563928522921,4.178077966543141],[73.51564470463518,4.178076289844418],[73.51565012484059,4.178074615799962],[73.5156555458765,4.178072944522932],[73.51566096777394,4.178071276126502],[73.51566639056404,4.178069610723851],[73.5156718142778,4.178067948428203],[73.51567723894634,4.178066289352701],[73.51568266460075,4.178064633610522],[73.51568809127205,4.178062981314823],[73.51569351899134,4.178061332578848],[73.51569894778967,4.178059687515705],[73.51570437769814,4.178058046238637],[73.51570980874779,4.178056408860754],[73.51571524096973,4.178054775495315],[73.515720674395,4.178053146255475],[73.51572610905468,4.178051521254384],[73.51572887807458,4.178050695109084],[73.51573154497984,4.178049900605228],[73.51573698220156,4.178048284421203],[73.51574242075091,4.178046672815484],[73.51574786065893,4.17804506590128],[73.51575330195674,4.178043463791752],[73.51575874467538,4.178041866599955],[73.51576418884592,4.178040274439268],[73.51576963449945,4.178038687422783],[73.51577508166702,4.178037105663642],[73.51578053037971,4.178035529275137],[73.51578598066862,4.178033958370313],[73.51579143256475,4.178032393062408],[73.51579815394324,4.17803047170127],[73.5158048777296,4.178028558759109],[73.51581160384315,4.178026653981859],[73.51581833220332,4.17802475711534],[73.51582506272946,4.178022867905439],[73.51583179534093,4.178020986098006],[73.51583852995712,4.178019111438948],[73.5158452664974,4.178017243674046],[73.5158520048811,4.178015382549235],[73.51585874502763,4.178013527810354],[73.51586548685634,4.178011679203286],[73.51587223028663,4.178009836473921],[73.51587897523784,4.178007999368072],[73.51588572162935,4.178006167631579],[73.51589246938052,4.178004341010409],[73.51589921841074,4.178002519250397],[73.51590429018329,4.178001153465194],[73.51590936256741,4.177999790031651],[73.5159144354981,4.177998428700469],[73.51591950891037,4.177997069222347],[73.51592458273919,4.177995711347983],[73.51592965691957,4.177994354828246],[73.51593473138654,4.177992999413753],[73.51593980607505,4.177991644855352],[73.515960105745,4.17798623019636],[73.51596518056643,4.177984876179021],[73.51597025521944,4.177983521522093],[73.51597532963906,4.177982165976324],[73.51598040376021,4.177980809292447],[73.51598505020667,4.177979565692461],[73.51598969634273,4.177978320910753],[73.51599434216278,4.177977074929073],[73.5159989876612,4.177975827729214],[73.51600363283237,4.17797457929289],[73.51600827767066,4.177973329601945],[73.51601292217046,4.177972078638096],[73.51601756632618,4.177970826383187],[73.51602221013214,4.177969572818927],[73.51602685358274,4.177968317927084],[73.5160314966724,4.177967061689451],[73.51603613939545,4.177965804087825],[73.51604078174631,4.177964545104023],[73.51604542371933,4.177963284719614],[73.51605006530892,4.177962022916586],[73.51605470650944,4.177960759676651],[73.51605916512325,4.177959544680782],[73.51606362339747,4.177958328432926],[73.51606808135674,4.177957111024302],[73.51607253902576,4.17795589254597],[73.51607699642919,4.177954673089161],[73.51608145359175,4.17795345274497],[73.51608591053811,4.177952231604614],[73.51609036729293,4.177951009759237],[73.5160948238809,4.177949787299954],[73.51609928032673,4.177948564317978],[73.51610819289063,4.177946117150451],[73.51612601739848,4.177941220553625],[73.51614788700458,4.177935214060239],[73.51616975723302,4.177929209863296],[73.51621349909688,4.177917206429377],[73.5162298523429,4.177912720451092],[73.51623802920709,4.177910478329783],[73.51624620632971,4.17790823715507],[73.51625438378393,4.177905997202848],[73.51626256164303,4.177903758748984],[73.51626665074728,4.17790264017026],[73.51627073998021,4.177901522069525],[73.51627482935098,4.177900404481393],[73.5162789188687,4.177899287440354],[73.51628300854256,4.177898170980867],[73.51628709838171,4.177897055137453],[73.5162911883953,4.177895939944559],[73.5162952785925,4.177894825436703],[73.51629936898242,4.177893711648385],[73.51630345957423,4.177892598614119],[73.51630755037709,4.177891486368308],[73.51631164140016,4.177890374945586],[73.51631573265259,4.177889264380297],[73.51631982414354,4.177888154707031],[73.51632391588211,4.177887045960232],[73.51632800787753,4.177885938174438],[73.51633210013892,4.17788483138413],[73.51633619267541,4.177883725623756],[73.51634028549617,4.177882620927887],[73.51634437861037,4.177881517330903],[73.51634903923573,4.17788026215808],[73.51635370020267,4.177879008263428],[73.51635836146059,4.177877755455822],[73.51636302295883,4.17787650354404],[73.51636768464674,4.177875252337025],[73.51637234647367,4.177874001643673],[73.51638167034207,4.177871501032971],[73.51639099415893,4.177869000182953],[73.5163956559214,4.177867749190357],[73.51640031751907,4.177866497564533],[73.51640497890128,4.177865245114209],[73.5164096400174,4.177863991648342],[73.51641430081678,4.177862736975779],[73.51641896124876,4.177861480905396],[73.51642572482227,4.177859655011911],[73.51643248749382,4.177857825711786],[73.5164392492421,4.177855992946004],[73.51644601004577,4.177854156655516],[73.51645276988353,4.17785231678107],[73.51645952873405,4.177850473263633],[73.516466286576,4.177848626044137],[73.51647304338803,4.177846775063433],[73.51647979914887,4.17784492026242],[73.51648655383718,4.177843061581981],[73.51649330743162,4.177841198963048],[73.51650005991085,4.17783933234642],[73.5165068112536,4.177837461673147],[73.51651356143852,4.177835586883997],[73.51652031044426,4.177833707919885],[73.51652705824954,4.177831824721744],[73.51653107452331,4.17783070167146],[73.51653509039267,4.177829577197622],[73.51653910588612,4.177828451398038],[73.51654312103229,4.177827324370279],[73.5165471358596,4.17782619621229],[73.51655115039671,4.177825067021792],[73.51655516467207,4.177823936896511],[73.51655917871427,4.177822805934236],[73.51656319255186,4.177821674232728],[73.51656720621334,4.177820541889741],[73.51657121972727,4.177819409003],[73.51657523312221,4.177818275670329],[73.51659128608269,4.177813739835219],[73.51659931259096,4.177811471783639],[73.51660733942235,4.177809204685537],[73.51661135303056,4.177808071738419],[73.51661536680517,4.177806939322948],[73.51661938077473,4.177805807536897],[73.5166233949678,4.177804676477972],[73.51662740941286,4.17780354624405],[73.5166314241385,4.1778024169327],[73.51663543917326,4.177801288641852],[73.51663945454567,4.177800161469211],[73.51664347028427,4.177799035512533],[73.51664748641758,4.17779791086956],[73.51665150297417,4.177796787638083],[73.51665551998259,4.17779566591586],[73.51666019547278,4.177794362281821],[73.51666487127581,4.177793059676431],[73.5166695470539,4.177791756951814],[73.5166742224693,4.177790452960073],[73.5166788971843,4.177789146553292],[73.51668357086108,4.177787836583645],[73.51668824316191,4.177786521903235],[73.51669291374903,4.177785201364162],[73.51669758228465,4.177783873818533],[73.5167022484311,4.177782538118483],[73.51670691185052,4.177781193116102],[73.51671157220521,4.177779837663523],[73.51671622915738,4.177778470612853],[73.51672088236931,4.177777090816226],[73.51672553150318,4.17777569712573],[73.5167301762213,4.177774288393501],[73.51673543524495,4.177772672283859],[73.51674068810894,4.177771035524956],[73.51674593476098,4.177769378267782],[73.51675117514863,4.177767700663423],[73.51675640921961,4.177766002862678],[73.51676163692152,4.177764285016725],[73.51676685820203,4.177762547276398],[73.51677207300878,4.177760789792819],[73.51677728128946,4.177759012716908],[73.51678248299164,4.177757216199652],[73.51678767806305,4.177755400392019],[73.51679286645127,4.177753565445053],[73.51679804810398,4.177751711509686],[73.5168032229688,4.177749838736975],[73.5168083909934,4.177747947277838],[73.51681355212546,4.177746037283264],[73.51681978441854,4.177743703021412],[73.51682600682487,4.177741342733238],[73.51683221961454,4.177738957279297],[73.51683842305759,4.177736547520198],[73.5168446174241,4.177734114316475],[73.51685080298414,4.177731658528663],[73.5168569800078,4.177729181017354],[73.51686314876514,4.17772668264305],[73.51686930952623,4.177724164266421],[73.51687546256112,4.177721626747956],[73.51688160813993,4.177719070948175],[73.51688774653269,4.177716497727751],[73.51689387800947,4.177713907947134],[73.51690000284037,4.177711302466949],[73.51690612129545,4.177708682147714],[73.51691223364479,4.177706047850036],[73.5169184949457,4.177703333081208],[73.51692475038809,4.177700605143033],[73.51693100024875,4.177697864657813],[73.5169372448045,4.17769511224794],[73.5169434843323,4.17769234853565],[73.51694971910891,4.177689574143316],[73.51695594941124,4.177686789693297],[73.51696217551608,4.177683995807929],[73.51700672589972,4.177665232780789],[73.51705005425988,4.177643777988013],[73.51711775475451,4.177607488198609],[73.51718888175125,4.177564559173067],[73.51725806152713,4.177518534013236],[73.51732516047818,4.177469501605265],[73.51736598590861,4.177437368635277],[73.51740266657205,4.177409364145763],[73.51743704350314,4.177378553905788],[73.51747973134131,4.177337952593847],[73.51752081568127,4.17729571659385],[73.51756346085958,4.177249389784246],[73.51760325130444,4.177200569652204],[73.5176400427119,4.177149433249136],[73.5176405219943,4.177148823303039],[73.51764100105127,4.177148213070561],[73.51764147988348,4.177147602552266],[73.51764195849152,4.177146991749024],[73.51764243687607,4.177146380661447],[73.51764291503775,4.177145769290294],[73.51764339297719,4.177145157636218],[73.51764387069505,4.177144545700037],[73.51764434819194,4.177143933482437],[73.5176448254685,4.177143320984044],[73.51764530252535,4.177142708205687],[73.51764577936316,4.177142095148037],[73.51764625598256,4.177141481811822],[73.51764673238415,4.177140868197717],[73.51764720856862,4.177140254306448],[73.51764768453657,4.177139640138788],[73.51764834344155,4.177138789011498],[73.51764900195944,4.177137937341256],[73.51764966008572,4.17713708513568],[73.51765031781589,4.177136232402294],[73.5176509751454,4.177135379148537],[73.51765163206971,4.17713452538196],[73.51765228858436,4.177133671110121],[73.51765294468476,4.177132816340523],[73.5176536003664,4.17713196108067],[73.51765425562476,4.177131105338121],[73.5176549104553,4.177130249120323],[73.51765556485353,4.177129392434869],[73.51765621881489,4.177128535289248],[73.51765687233487,4.177127677690963],[73.51765752540892,4.177126819647617],[73.51765817803255,4.177125961166603],[73.51765883020121,4.177125102255537],[73.51765948191037,4.177124242921908],[73.51766013315556,4.177123383173237],[73.51766078393216,4.177122523017032],[73.51766143423569,4.177121662460863],[73.51766208406166,4.1771208015122],[73.51766273340549,4.177119940178549],[73.51766338226268,4.177119078467479],[73.5176640306287,4.177118216386495],[73.51766467849902,4.177117353943124],[73.51766532586913,4.177116491144862],[73.51766597273449,4.177115627999252],[73.51766661909056,4.177114764513799],[73.51766726493283,4.17711390069604],[73.51766791025679,4.177113036553463],[73.51766855505788,4.177112172093656],[73.51766923975681,4.177111253020108],[73.51766992388495,4.177110333544204],[73.51767060744173,4.177109413666078],[73.5176712904266,4.177108493385879],[73.51767197283901,4.177107572703743],[73.51767265467838,4.177106651619836],[73.51767333594415,4.177105730134224],[73.51767401663578,4.177104808247176],[73.5176746967527,4.177103885958809],[73.51767537629438,4.177102963269292],[73.51767605526021,4.177102040178736],[73.51767673364965,4.177101116687316],[73.51767741146215,4.177100192795211],[73.51767808869715,4.177099268502524],[73.51767876535409,4.177098343809472],[73.5176794414324,4.177097418716136],[73.51768011693154,4.177096493222737],[73.51768079185094,4.177095567329323],[73.51768146619004,4.177094641036162],[73.5176821399483,4.177093714343374],[73.51768281312513,4.177092787251087],[73.51768348571999,4.177091859759441],[73.51768415773232,4.17709093186865],[73.51768482916155,4.177090003578849],[73.51768550000712,4.177089074890172],[73.5176861702685,4.177088145802732],[73.5176868399451,4.177087216316772],[73.51768750903636,4.177086286432349],[73.51768817754176,4.17708535614967],[73.51768884546071,4.177084425468901],[73.51768951279263,4.177083494390192],[73.51769017953701,4.177082562913662],[73.51769084569325,4.177081631039475],[73.51769151126082,4.17708069876785],[73.51769217623915,4.177079766098803],[73.51769284062767,4.177078833032605],[73.51769350442582,4.177077899569404],[73.51769416763308,4.177076965709231],[73.51769483024884,4.17707603145241],[73.5176954922726,4.177075096798968],[73.51769615370374,4.177074161749093],[73.51769681454172,4.177073226302969],[73.51769747478602,4.177072290460795],[73.517698134436,4.177071354222521],[73.51769879349118,4.177070417588534],[73.51769945195096,4.177069480558848],[73.5177001098148,4.177068543133633],[73.5177007670821,4.177067605313086],[73.51770142375237,4.17706666709736],[73.51770207982501,4.177065728486539],[73.51770273529947,4.177064789480873],[73.51770339017517,4.177063850080446],[73.51770404445159,4.17706291028546],[73.51770469812811,4.177061970095996],[73.51770535120424,4.177061029512273],[73.5177060036794,4.177060088534424],[73.51770665555298,4.177059147162584],[73.51770730682449,4.177058205396937],[73.51770795749336,4.177057263237635],[73.517708607559,4.177056320684792],[73.51770925702085,4.177055377738558],[73.51770990587838,4.177054434399172],[73.51771055413101,4.177053490666662],[73.51771120177823,4.177052546541316],[73.51771176548516,4.177051723742182],[73.51771232874381,4.177050900628316],[73.51771289155405,4.177050077199993],[73.51771345391575,4.177049253457526],[73.51771401582879,4.177048429401206],[73.51771457729303,4.177047605031266],[73.51771513830838,4.177046780348027],[73.51771569887467,4.177045955351775],[73.51771625899183,4.177045130042797],[73.5177168186597,4.17704430442131],[73.51771737787817,4.177043478487701],[73.51771793664713,4.177042652242156],[73.51771849496645,4.177041825685083],[73.51771905283599,4.177040998816627],[73.51771961025565,4.177040171637126],[73.51772016722529,4.177039344146952],[73.51772072374483,4.177038516346241],[73.51772127981408,4.177037688235393],[73.51772183543297,4.17703685981463],[73.51772239060136,4.17703603108422],[73.51772294531911,4.177035202044535],[73.51772349958614,4.177034372695757],[73.51772405340228,4.177033543038259],[73.51772460676743,4.177032713072274],[73.5177251596815,4.177031882798041],[73.5177257121443,4.177031052215946],[73.51772626415577,4.177030221326205],[73.51772681571575,4.177029390129141],[73.51772736682412,4.177028558625007],[73.51772791748076,4.17702772681412],[73.51772846768559,4.177026894696716],[73.5177290174384,4.177026062273099],[73.51772956673915,4.177025229543557],[73.51773011558768,4.177024396508407],[73.51773066398387,4.177023563167902],[73.5177312119276,4.177022729522279],[73.51773175941875,4.177021895571924],[73.51773230645722,4.177021061317055],[73.51773285304284,4.177020226757942],[73.51773339917551,4.17701939189494],[73.51773394485512,4.177018556728266],[73.51773449008154,4.177017721258207],[73.51773503485462,4.177016885485081],[73.51773557917429,4.177016049409162],[73.5177361230404,4.177015213030714],[73.5177366664528,4.177014376350042],[73.51773720941142,4.177013539367466],[73.51773775191609,4.17701270208322],[73.51773829396673,4.177011864497528],[73.5177388355632,4.177011026610804],[73.51773937670535,4.17701018842322],[73.51773991739311,4.177009349935113],[73.5177404576263,4.177008511146818],[73.51774099740486,4.177007672058522],[73.51774153672862,4.177006832670558],[73.51774207559747,4.177005992983218],[73.5177426140113,4.177005152996799],[73.51774315196997,4.177004312711557],[73.51774368947336,4.177003472127709],[73.51774422652139,4.177002631245611],[73.51774476311387,4.177001790065582],[73.51774529925069,4.177000948587888],[73.51774583493179,4.177000106812769],[73.51774637015696,4.176999264740506],[73.5177467995132,4.176998588498848],[73.51774722857527,4.176997912067222],[73.51774765734308,4.176997235445815],[73.5177480858165,4.176996558634776],[73.51774851399554,4.176995881634242],[73.51774894188007,4.176995204444296],[73.51774936947002,4.176994527065157],[73.51774979676529,4.176993849496875],[73.51775022376583,4.17699317173972],[73.51775065047153,4.176992493793725],[73.51775107688233,4.176991815659076],[73.51775150299818,4.176991137335906],[73.51775192881894,4.176990458824335],[73.51775235434455,4.176989780124514],[73.51775277957495,4.176989101236609],[73.51775320451004,4.17698842216074],[73.51775362914978,4.176987742897041],[73.51775405349402,4.176987063445697],[73.51775447754275,4.176986383806827],[73.51775490129586,4.176985703980479],[73.51775532475324,4.176985023966924],[73.51775574791489,4.176984343766247],[73.51775617078063,4.17698366337858],[73.51775659335047,4.176982982804075],[73.51775701562428,4.176982302042886],[73.51775743760197,4.176981621095178],[73.51775785928352,4.176980939960989],[73.5177582806688,4.176980258640565],[73.51775870175773,4.176979577134063],[73.51775912255026,4.176978895441447],[73.51775954304628,4.17697821356307],[73.51775996324574,4.176977531498934],[73.51776038314853,4.176976849249241],[73.5177608027546,4.176976166814122],[73.51776122206383,4.176975484193731],[73.51776164107619,4.17697480138817],[73.51776205979155,4.176974118397623],[73.51776247820987,4.176973435222155],[73.51776289633106,4.176972751862023],[73.51776331415506,4.176972068317341],[73.51776373168173,4.176971384588144],[73.51776414891106,4.176970700674616],[73.51776456584291,4.176970016576962],[73.51776498247725,4.176969332295297],[73.51776539881395,4.176968647829739],[73.51776581485295,4.176967963180459],[73.5177662305942,4.176967278347538],[73.5177666460376,4.176966593331212],[73.51776706118308,4.176965908131516],[73.51776747603054,4.176965222748684],[73.51776789057992,4.176964537182768],[73.51776830483112,4.176963851434037],[73.51776871878407,4.176963165502473],[73.51776913243869,4.176962479388278],[73.5177695457949,4.176961793091623],[73.51776995885264,4.176961106612656],[73.51777037161177,4.176960419951496],[73.51777078407231,4.176959733108279],[73.5177711962341,4.17695904608312],[73.51777160809706,4.176958358876258],[73.51777201966117,4.176957671487724],[73.51777243092629,4.176956983917688],[73.51777284189235,4.1769562961663],[73.51777325255931,4.176955608233695],[73.51777366292706,4.176954920120023],[73.51777407299551,4.176954231825456],[73.51777448276461,4.176953543350091],[73.51777489223426,4.176952854694084],[73.51777530140438,4.176952165857516],[73.5177757102749,4.176951476840621],[73.51777611884575,4.176950787643538],[73.51777652711684,4.176950098266313],[73.51777693508808,4.176949408709185],[73.51777734275939,4.176948718972253],[73.51777775013068,4.176948029055602],[73.5177781572019,4.176947338959468],[73.517778563973,4.176946648683952],[73.51777897044381,4.176945958229204],[73.5177793766143,4.176945267595342],[73.51777978248441,4.17694457678257],[73.51778018805403,4.176943885790936],[73.5177805933231,4.176943194620609],[73.51778099829153,4.176942503271741],[73.51778140295922,4.176941811744499],[73.51778180732612,4.176941120039054],[73.51778221139215,4.176940428155389],[73.5177826151572,4.176939736093819],[73.51778301862124,4.176939043854399],[73.51778342178416,4.176938351437297],[73.51778382464586,4.17693765884261],[73.5177842272063,4.176936966070512],[73.51778462946537,4.176936273121201],[73.51778503142303,4.176935579994678],[73.51778543307915,4.176934886691214],[73.51778583443368,4.176934193210907],[73.51778623548653,4.176933499553875],[73.51778663623763,4.176932805720305],[73.5177870366869,4.176932111710246],[73.51778743683424,4.176931417523936],[73.5177878366796,4.176930723161458],[73.51778823622287,4.176930028623012],[73.517788635464,4.176929333908717],[73.51778903440288,4.176928639018642],[73.51778943303947,4.176927943953018],[73.51778983137366,4.176927248711936],[73.51779022940538,4.176926553295608],[73.51779062713454,4.176925857703987],[73.51779102456108,4.176925161937444],[73.51779142168488,4.176924465995977],[73.51779181850591,4.176923769879871],[73.51779221502407,4.176923073589029],[73.51779261123929,4.176922377123836],[73.51779300715145,4.176921680484256],[73.51779340276052,4.176920983670528],[73.51779379806639,4.176920286682751],[73.517794193069,4.176919589521095],[73.51779458776825,4.176918892185677],[73.51779498216409,4.176918194676647],[73.51779537625639,4.17691749699414],[73.51779577004514,4.176916799138279],[73.51779616353019,4.176916101109258],[73.5177965567115,4.176915402907181],[73.517796949589,4.176914704532184],[73.51779734216258,4.176914005984435],[73.51779773443218,4.176913307264018],[73.51779812639772,4.176912608371183],[73.5177985180591,4.176911909305917],[73.51779890941626,4.176911210068487],[73.51779930046911,4.176910510658976],[73.51779969121756,4.176909811077555],[73.51780008166158,4.176909111324342],[73.51780047180104,4.176908411399484],[73.51780086163586,4.176907711303103],[73.517801251166,4.176907011035382],[73.51780164039134,4.176906310596494],[73.51780202931182,4.176905609986415],[73.51780241792737,4.176904909205418],[73.5178028062379,4.176904208253705],[73.51780319424329,4.176903507131192],[73.51780358194354,4.176902805838265],[73.51780396933853,4.176902104374923],[73.51780435642814,4.176901402741354],[73.51780474321237,4.176900700937725],[73.51780512969107,4.176899998964051],[73.5178055158642,4.176899296820587],[73.51780590173166,4.176898594507501],[73.5178062872934,4.176897892024808],[73.5178066725493,4.17689718937278],[73.51780705749933,4.176896486551463],[73.51780744214335,4.176895783561048],[73.51780782648132,4.176895080401649],[73.51780821051315,4.176894377073451],[73.51780859423877,4.176893673576505],[73.5178089776581,4.176892969911065],[73.51780936077107,4.176892266077179],[73.51780974357754,4.176891562075035],[73.51781012607749,4.176890857904782],[73.51781050827083,4.176890153566505],[73.51781089015746,4.17688944906044],[73.51781127173732,4.176888744386584],[73.51781165301033,4.176888039545227],[73.51781203397641,4.176887334536403],[73.51781241463546,4.176886629360343],[73.51781279498742,4.176885924017069],[73.51781317503222,4.176885218506864],[73.51781355476975,4.176884512829777],[73.51781393419995,4.176883806985949],[73.51781431332276,4.176883100975541],[73.51781469213803,4.176882394798725],[73.51781507064577,4.176881688455551],[73.51781544884582,4.176880981946272],[73.51781582673816,4.176880275270936],[73.51781620432273,4.176879568429749],[73.51781658159935,4.176878861422808],[73.517816958568,4.1768781542503],[73.51781733522863,4.176877446912274],[73.51781771158112,4.176876739409003],[73.51781808762539,4.176876031740517],[73.51781846336137,4.176875323907002],[73.51781883878898,4.176874615908593],[73.51781921390817,4.176873907745441],[73.51781958871881,4.176873199417681],[73.51781996322082,4.176872490925414],[73.51782033741416,4.176871782268858],[73.51782071129874,4.176871073448083],[73.5178210848745,4.176870364463286],[73.51782145814126,4.176869655314572],[73.51782183109908,4.176868946002109],[73.51782220374778,4.176868236525945],[73.51782257608733,4.176867526886335],[73.51782294811761,4.176866817083395],[73.51782331983858,4.176866107117245],[73.51782369125016,4.176865396988034],[73.51782406235222,4.176864686695898],[73.51782443314472,4.176863976240972],[73.51782480362762,4.176863265623405],[73.51782517380077,4.176862554843318],[73.5178255436641,4.176861843900928],[73.51782591321756,4.17686113279625],[73.51782628246106,4.176860421529525],[73.5178266513945,4.176859710100813],[73.51782702001785,4.176858998510391],[73.51782738833097,4.176858286758238],[73.51782775633382,4.176857574844537],[73.5178281240263,4.176856862769529],[73.51782849140835,4.176856150533276],[73.51782885847989,4.176855438135916],[73.5178292252408,4.176854725577599],[73.51782959169103,4.176854012858478],[73.51782995783054,4.176853299978669],[73.51783032365917,4.176852586938324],[73.5178306891769,4.176851873737628],[73.51783105438362,4.176851160376649],[73.51783141927928,4.176850446855538],[73.51783178386376,4.176849733174497],[73.51783214813702,4.17684901933361],[73.51783251209896,4.17684830533301],[73.51783287574948,4.176847591172886],[73.51783323908853,4.176846876853353],[73.51783360211604,4.176846162374547],[73.51783396483191,4.176845447736617],[73.51783432723606,4.176844732939717],[73.5178346893284,4.176844017983947],[73.51783505110889,4.176843302869526],[73.51783541257741,4.176842587596471],[73.5178357737339,4.176841872165016],[73.51783613457826,4.176841156575314],[73.51783649511046,4.176840440827382],[73.51783685533034,4.176839724921524],[73.5178372152379,4.176839008857785],[73.51783757483302,4.176838292636339],[73.51783793411565,4.176837576257285],[73.51783829308565,4.176836859720793],[73.51783865174299,4.176836143027027],[73.51783901008757,4.17683542617611],[73.51783936811933,4.176834709168156],[73.51783972583817,4.176833992003335],[73.51784008324402,4.176833274681781],[73.51784044033683,4.176832557203646],[73.51784079711646,4.17683183956903],[73.51784115358286,4.176831121778135],[73.51784150973596,4.176830403831013],[73.51784186557565,4.176829685727898],[73.51784222110189,4.176828967468857],[73.51784257631458,4.176828249054112],[73.51784293121361,4.176827530483743],[73.51784328579897,4.176826811757902],[73.51784364007052,4.176826092876694],[73.51784399402823,4.176825373840351],[73.51784434767198,4.176824654648923],[73.5178447010017,4.17682393530268],[73.5178450540173,4.176823215801522],[73.51784540671872,4.176822496145805],[73.51784575910588,4.176821776335673],[73.5178461111787,4.1768210563711],[73.5178464629371,4.17682033625235],[73.5178478812401,4.176817424578799],[73.51784929440171,4.176814510398499],[73.51785070241665,4.176811593720791],[73.51785210527969,4.176808674554995],[73.51785350298553,4.176805752910301],[73.51785489552894,4.176802828796063],[73.51785628290466,4.176799902221538],[73.51785766510743,4.176796973195996],[73.51785886574311,4.176794417993185],[73.5178600624445,4.176791860948994],[73.51786125520923,4.176789302069269],[73.51786244403495,4.176786741359749],[73.51786362891929,4.176784178826223],[73.51786480985989,4.176781614474417],[73.51786598685439,4.17677904831015],[73.51786715990042,4.176776480339217],[73.51786832899563,4.17677391056732],[73.51786949413766,4.176771339000288],[73.51787065532413,4.176768765643876],[73.51787181255267,4.176766190503839],[73.51787296582096,4.176763613586002],[73.5178741151266,4.176761034896088],[73.51787526046724,4.176758454439869],[73.51787640184052,4.176755872223174],[73.51787753924407,4.176753288251702],[73.51787867267552,4.176750702531284],[73.51787980213255,4.176748115067623],[73.51788092761275,4.176745525866576],[73.5178820491138,4.176742934933882],[73.5178831666333,4.176740342275299],[73.5178842801689,4.176737747896621],[73.51788538971826,4.1767351518036],[73.51788649527897,4.176732554002061],[73.51788759684872,4.176729954497694],[73.51788869442511,4.17672735329629],[73.5178897880058,4.176724750403722],[73.51789087758843,4.176722145825613],[73.5178919631706,4.17671953956787],[73.51789304474998,4.176716931636168],[73.51789412232422,4.176714322036328],[73.51789519589094,4.176711710774127],[73.51789626544779,4.176709097855319],[73.51789733099238,4.176706483285679],[73.51789839252237,4.176703867070945],[73.5178994500354,4.176701249216976],[73.51790050352908,4.176698629729461],[73.51790155300107,4.176696008614243],[73.51790259844903,4.176693385877075],[73.51790363987058,4.17669076152365],[73.51790467726332,4.176688135559873],[73.51790571062494,4.176685507991419],[73.51790673995303,4.176682878824094],[73.5179077652453,4.176680248063653],[73.51790878649932,4.176677615715925],[73.51790980371275,4.176674981786627],[73.51791081688323,4.176672346281537],[73.51791182600842,4.176669709206445],[73.5179128310859,4.176667070567122],[73.51791383211335,4.176664430369342],[73.51791482908843,4.176661788618849],[73.51791582200873,4.176659145321461],[73.51791681087188,4.176656500482954],[73.51791779567557,4.176653854109037],[73.5179187764174,4.176651206205547],[73.51791975309506,4.176648556778225],[73.51792072570609,4.176645905832829],[73.51792169424823,4.1766432533752],[73.51792265871907,4.176640599411042],[73.51792361911623,4.176637943946128],[73.51792457543738,4.17663528698627],[73.51792552768013,4.176632628537271],[73.51792647584216,4.176629968604802],[73.51792741992053,4.176627307201683],[73.51792835991247,4.176624644340941],[73.5179292958158,4.176621980028808],[73.51793022762837,4.176619314271565],[73.51793115534795,4.176616647075384],[73.51793207897246,4.176613978446567],[73.51793299849966,4.176611308391291],[73.51793391392737,4.176608636915816],[73.51793482525345,4.176605964026404],[73.5179357324757,4.176603289729273],[73.51793663559201,4.176600614030661],[73.51793753460014,4.176597936936783],[73.51793842949792,4.176595258453936],[73.51793932028322,4.176592578588316],[73.51794020695385,4.176589897346166],[73.5179410895076,4.17658721473375],[73.51794196794232,4.176584530757245],[73.51794284225589,4.176581845422982],[73.51794371244607,4.17657915873707],[73.51794457851072,4.17657647070589],[73.51794544044763,4.176573781335588],[73.51794629825469,4.176571090632391],[73.51794715192968,4.176568398602613],[73.51794800147042,4.176565705252448],[73.51794884687477,4.176563010588109],[73.51794968814055,4.176560314615875],[73.51795052526558,4.176557617342008],[73.51795135824767,4.176554918772651],[73.51795218708467,4.176552218914138],[73.51795301177442,4.176549517772661],[73.51795383231473,4.176546815354466],[73.51795464870344,4.17654411166578],[73.51795546093834,4.176541406712835],[73.5179562690173,4.176538700501909],[73.5179570729381,4.176535993039232],[73.51795787269862,4.176533284330995],[73.51795866829666,4.176530574383481],[73.51795945973006,4.176527863202915],[73.51796024699662,4.176525150795564],[73.51796103009421,4.17652243716759],[73.5179618090206,4.176519722325282],[73.5179625837737,4.176517006274876],[73.51796335435125,4.176514289022629],[73.51796412075113,4.176511570574742],[73.51796488297114,4.176508850937505],[73.51796564100913,4.176506130117097],[73.51796639486291,4.176503408119736],[73.51796714453033,4.176500684951761],[73.5179678900092,4.176497960619321],[73.51796863129735,4.176495235128663],[73.51796936839258,4.176492508486095],[73.51797010129276,4.176489780697763],[73.51797082999572,4.176487051769964],[73.51797155449924,4.176484321708945],[73.51797227480118,4.176481590520899],[73.51797299089937,4.176478858212089],[73.51797370279164,4.176476124788762],[73.5179744104758,4.176473390257108],[73.51797511394969,4.176470654623411],[73.51797581321114,4.176467917893917],[73.51797650825793,4.176465180074819],[73.51797719908798,4.176462441172414],[73.51797788569904,4.176459701192878],[73.51797856808895,4.176456960142493],[73.51797924626553,4.176454218017431],[73.51797992023772,4.176451474814343],[73.51798059000508,4.176448730540166],[73.5179812555672,4.176445985201921],[73.51798191692362,4.176443238806453],[73.51798257407393,4.176440491360781],[73.51798322701768,4.176437742871778],[73.51798387575448,4.176434993346485],[73.51798452028385,4.176432242791742],[73.5179851606054,4.176429491214588],[73.51798579671868,4.176426738621945],[73.51798642862325,4.176423985020704],[73.51798705631869,4.176421230417835],[73.51798767980456,4.176418474820347],[73.51798829908046,4.176415718235114],[73.51798891414593,4.176412960669089],[73.51798952500052,4.17641020212923],[73.51799013164386,4.17640744262251],[73.51799073407547,4.176404682155868],[73.51799133229493,4.17640192073616],[73.51799192630179,4.176399158370462],[73.51799251609567,4.176396395065643],[73.51799310167611,4.176393630828677],[73.51799368304266,4.176390865666487],[73.51799426019493,4.17638809958603],[73.51799483313245,4.176385332594246],[73.51799540185482,4.176382564698073],[73.51799596636158,4.176379795904484],[73.51799652665233,4.176377026220418],[73.51799708272661,4.176374255652853],[73.51799763458403,4.176371484208622],[73.51799818222409,4.176368711894768],[73.51799872565569,4.176365938736693],[73.51799926488331,4.17636316476333],[73.51799979990012,4.176360389986945],[73.51800033069921,4.17635761441979],[73.51800085727372,4.176354838074149],[73.51800137961678,4.176352060962254],[73.51800189772149,4.176349283096356],[73.518002411581,4.176346504488742],[73.51800292118841,4.176343725151693],[73.51800342653686,4.176340945097359],[73.51800392761949,4.176338164338127],[73.51800442442939,4.17633538288616],[73.5180049169597,4.176332600753762],[73.51800540520354,4.176329817953215],[73.51800588915405,4.176327034496655],[73.51800636880435,4.17632425039653],[73.51800684414754,4.176321465664959],[73.51800731517677,4.176318680314226],[73.51800778188519,4.176315894356613],[73.51800824426586,4.176313107804338],[73.51800870231193,4.176310320669738],[73.51800915601653,4.176307532964993],[73.51800960537282,4.17630474470237],[73.51801005037386,4.176301955894187],[73.51801049101282,4.176299166552633],[73.51801092728277,4.176296376690001],[73.51801135917691,4.176293586318527],[73.51801178668833,4.176290795450483],[73.51801220981014,4.176288004098147],[73.51801262853547,4.176285212273772],[73.51801304285746,4.176282419989557],[73.51801345276922,4.176279627257857],[73.51801385819817,4.17627683412521],[73.51801425908572,4.176274040613354],[73.5180146554458,4.176271246697099],[73.51801504729247,4.176268452351302],[73.51801543463975,4.176265657550776],[73.51801581750165,4.176262862270343],[73.51801619589217,4.176260066484899],[73.51801656982535,4.176257270169216],[73.5180169393152,4.176254473298158],[73.5180173043757,4.17625167584653],[73.51801766502092,4.176248877789227],[73.51801802126484,4.17624607910104],[73.51801837312149,4.176243279756778],[73.51801872060487,4.176240479731319],[73.518019063729,4.176237678999504],[73.5180194025079,4.176234877536144],[73.51801973695561,4.176232075316079],[73.51802006708611,4.176229272314102],[73.51802039291341,4.176226468505157],[73.51802071445158,4.176223663863985],[73.51802103171457,4.176220858365446],[73.51802134471642,4.176218051984351],[73.51802165347115,4.176215244695588],[73.51802195799279,4.176212436473971],[73.51802225829532,4.176209627294289],[73.51802255439277,4.17620681713147],[73.51802284629919,4.176204005960238],[73.51802313402852,4.176201193755488],[73.51802341759483,4.176198380492079],[73.51802369701217,4.176195566144782],[73.51802397229444,4.176192750688479],[73.5180242434558,4.176189934097978],[73.51802456295344,4.176186558427398],[73.51802487669241,4.176183181368001],[73.5180251847096,4.176179802926224],[73.51802548704194,4.176176423108237],[73.51802578372626,4.176173041920342],[73.51802607479951,4.176169659368874],[73.51802636029858,4.176166275460069],[73.51802664026035,4.176162890200262],[73.51802691472174,4.176159503595673],[73.51802718371961,4.176156115652639],[73.51802744729088,4.17615272637741],[73.51802770547246,4.176149335776324],[73.51802795830123,4.176145943855632],[73.51802820581409,4.176142550621605],[73.51802844804797,4.176139156080543],[73.51802868503968,4.176135760238749],[73.51802891681217,4.176132363899828],[73.51802914331162,4.176128967916713],[73.51802936446,4.176125572369592],[73.51802958017923,4.176122177338753],[73.51802979039125,4.176118782904405],[73.51802999501801,4.176115389146817],[73.5180301939815,4.17611199614616],[73.5180303872036,4.176108603982726],[73.51803057460629,4.176105212736735],[73.5180307561115,4.176101822488411],[73.51803093164119,4.176098433318006],[73.51803110111729,4.176095045305729],[73.51803126446175,4.176091658531864],[73.51803142159652,4.17608827307654],[73.51803157244355,4.176084889020139],[73.51803171692477,4.176081506442854],[73.51803181071442,4.176079226459167],[73.5180319015555,4.176076947055902],[73.5180319894254,4.176074668239456],[73.51803207430147,4.176072390016336],[73.51803215616115,4.176070112392935],[73.51803223498177,4.176067835375744],[73.51803231074072,4.176065558971225],[73.51803238341543,4.176063283185804],[73.51803245298326,4.176061008025939],[73.51803251942158,4.176058733498142],[73.5180325827078,4.176056459608785],[73.51803264281929,4.176054186364414],[73.51803269973345,4.176051913771389],[73.51803275342765,4.176049641836268],[73.51803280387927,4.176047370565394],[73.51803285106573,4.176045099965312],[73.51803289496438,4.176042830042411],[73.5180329355526,4.176040560803203],[73.51803300670738,4.176036024401669],[73.51803306434915,4.176031490812203],[73.51803310829699,4.176026960086583],[73.51803313836997,4.176022432276398],[73.51803315438718,4.176017907433294],[73.5180331561677,4.176013385608929],[73.51803314353063,4.176008866854946],[73.51803311629907,4.176004351220807],[73.51803307429924,4.175999838753484],[73.51803301735491,4.175995329500839],[73.51803294528985,4.175990823510699],[73.51803285792782,4.17598632083086],[73.51803275509262,4.175981821509231],[73.518032636608,4.175977325593676],[73.51803250229773,4.175972833131988],[73.51803235175316,4.17596834516023],[73.51803218472982,4.17596386138126],[73.5180320012977,4.17595937984321],[73.51803180152689,4.175954898594133],[73.51803158548736,4.175950415682215],[73.51803135324919,4.175945929155476],[73.51803110488244,4.175941437062114],[73.51803084045712,4.175936937450133],[73.51803064497095,4.175933765716888],[73.51803044211712,4.175930590566025],[73.51803023207376,4.175927411991677],[73.51803001501902,4.175924229987968],[73.51802979113111,4.175921044549034],[73.5180295605881,4.175917855668999],[73.51802932356823,4.175914663341979],[73.51802908024963,4.175911467562168],[73.51802883081045,4.175908268323632],[73.51802857542884,4.17590506562053],[73.51802831428301,4.175901859446996],[73.51802804755107,4.175898649797186],[73.51802777541117,4.175895436665122],[73.51802749804149,4.175892220045073],[73.51802721562021,4.175888999931111],[73.51802692832545,4.175885776317325],[73.51802671659371,4.175883431506363],[73.51802650245824,4.175881084843314],[73.51802628599107,4.175878736326077],[73.51802606726423,4.175876385952495],[73.51802584634974,4.175874033720349],[73.51802562331963,4.175871679627514],[73.518025398246,4.175869323671821],[73.51802517120083,4.175866965851113],[73.5180249422562,4.175864606163207],[73.51802471148409,4.175862244605942],[73.51802447895656,4.175859881177131],[73.5180242447457,4.17585751587464],[73.51802400892348,4.175855148696309],[73.51802377156196,4.175852779639954],[73.51802353273318,4.175850408703417],[73.51802329250917,4.175848035884545],[73.51802305098417,4.175845660913115],[73.51802280824953,4.175843283629231],[73.51802256437306,4.175840904196238],[73.5180223194225,4.175838522777346],[73.51802207346559,4.175836139535965],[73.51802182657018,4.175833754635321],[73.51802157880398,4.175831368238688],[73.51802133023477,4.175828980509412],[73.51802108093031,4.175826591610767],[73.51802083095839,4.175824201706033],[73.51802058038679,4.175821810958514],[73.51802032928327,4.175819419531525],[73.51802007771558,4.175817027588339],[73.5180198257515,4.175814635292252],[73.51801957345882,4.175812242806536],[73.51801932090525,4.175809850294555],[73.51801888045985,4.175805434608005],[73.51801848226624,4.175800964529004],[73.51801812190307,4.175796451695203],[73.51801795452624,4.175794182882029],[73.51801779494899,4.17579190774427],[73.5180176426187,4.175789627736684],[73.51801749698262,4.175787344313965],[73.51801735748816,4.175785058930771],[73.51801722358263,4.175782773041835],[73.51801709471333,4.175780488101895],[73.51801697032764,4.175778205565633],[73.51801684987282,4.175775926887791],[73.51801673279626,4.175773653523018],[73.51801650656718,4.17576912855169],[73.518016287219,4.175764642289317],[73.51801607033036,4.175760206373506],[73.51801585147993,4.175755832442009],[73.51801562624632,4.175751532132479],[73.51801539020818,4.175747317082604],[73.51801513894415,4.175743198930022],[73.51801486803288,4.175739189312433],[73.51801466775451,4.175736290781975],[73.51801447500874,4.175733315332649],[73.51801428944864,4.175730267251229],[73.51801411072715,4.175727150824638],[73.51801393849729,4.175723970339584],[73.51801377241202,4.175720730082874],[73.51801361212439,4.175717434341297],[73.5180134572874,4.175714087401711],[73.51801330755399,4.175710693550857],[73.51801316257722,4.175707257075576],[73.51801302201005,4.175703782262621],[73.51801288550551,4.175700273398872],[73.51801275271659,4.175696734771013],[73.51801262329626,4.175693170665904],[73.51801249689755,4.175689585370386],[73.51801237317346,4.175685983171197],[73.51799328916424,4.175510729565683],[73.51798452632235,4.175430258040844],[73.51797083744758,4.175305079151437],[73.51793029558768,4.174934341373528],[73.51787957327655,4.174470508076778],[73.51786389756826,4.174312146392794],[73.51785210720324,4.174193035887184],[73.51779607262523,4.173687873510755],[73.51773951420061,4.17317798895141],[73.51772962611092,4.173081364308619],[73.51771970386318,4.172984405896877],[73.51770226687414,4.172820842864983],[73.51767623173407,4.172576627251442],[73.51766543061056,4.172475310253385],[73.51763624662065,4.172201557868978],[73.51762175208472,4.172065595911222],[73.51750691459183,4.170930005693815],[73.51750669836193,4.170928646573302],[73.51750649311133,4.170927286330494],[73.51750628718209,4.170925926169332],[73.51750608057421,4.170924566090188],[73.51750587328776,4.170923206093737],[73.51750566532279,4.170921846180366],[73.51750545667932,4.17092048635068],[73.5175052473574,4.17091912660517],[73.51750503735711,4.170917766944221],[73.51750482667848,4.170916407368527],[73.51750461532154,4.17091504787849],[73.51750440328635,4.170913688474616],[73.51750419057299,4.170912329157543],[73.51750397718146,4.170910969927627],[73.51750376311186,4.170909610785427],[73.51750354836419,4.170908251731528],[73.51750333293855,4.170906892766335],[73.51750311683496,4.170905533890407],[73.51750290005349,4.170904175104313],[73.51750268259416,4.17090281640841],[73.51750246445707,4.170901457803336],[73.51750224564225,4.170900099289582],[73.51750202614978,4.170898740867686],[73.51750180597966,4.17089738253805],[73.51750158513201,4.170896024301301],[73.51750136360685,4.170894666157875],[73.51750114140424,4.170893308108329],[73.51750091852423,4.170891950153168],[73.51750069496691,4.170890592292898],[73.5175004707323,4.170889234527957],[73.51750024582047,4.170887876858949],[73.51750002023151,4.170886519286435],[73.51749979396543,4.170885161810748],[73.51749956702233,4.170883804432512],[73.51749933940224,4.170882447152234],[73.51749911110525,4.170881089970401],[73.5174988821314,4.170879732887538],[73.51749865248077,4.170878375904181],[73.51749842215341,4.17087701902077],[73.51749819114939,4.170875662237825],[73.51749795946878,4.17087430555597],[73.51749772711163,4.170872948975597],[73.51749749407801,4.170871592497257],[73.51749726036799,4.170870236121475],[73.51749702598161,4.170868879848652],[73.51749679091898,4.170867523679417],[73.51749655518013,4.170866167614339],[73.51749631876515,4.170864811653703],[73.51749608167412,4.17086345579822],[73.51749584390708,4.170862100048293],[73.5174956054641,4.170860744404513],[73.51749536634527,4.170859388867318],[73.51749512655063,4.170858033437245],[73.51749488608029,4.170856678114851],[73.5174946449343,4.170855322900556],[73.5174944031127,4.170853967794903],[73.51749416061563,4.17085261279843],[73.51749391744312,4.170851257911572],[73.51749367359523,4.170849903134972],[73.51749342907206,4.170848548469001],[73.51749318387368,4.170847193914263],[73.51749293800017,4.170845839471214],[73.51749269145157,4.170844485140361],[73.51749244422801,4.170843130922226],[73.51749219632953,4.170841776817315],[73.5174919477562,4.170840422826164],[73.51749169850811,4.1708390689493],[73.51749144858535,4.17083771518709],[73.517491197988,4.170836361540175],[73.5174909467161,4.170835008009043],[73.51749069476978,4.170833654594203],[73.51749044214908,4.170832301296141],[73.5174901888541,4.170830948115397],[73.51748993488492,4.17082959505239],[73.51748968024158,4.170828242107764],[73.51748942492424,4.170826889281905],[73.51748916893293,4.170825536575386],[73.51748891226775,4.170824183988744],[73.51748865492875,4.170822831522369],[73.51748839691605,4.170821479176884],[73.51748813822974,4.170820126952762],[73.51748787886989,4.170818774850472],[73.51748761883655,4.17081742287059],[73.51748735812988,4.170816071013551],[73.51748709674989,4.170814719279896],[73.51748683469673,4.170813367670164],[73.51748657197045,4.170812016184795],[73.51748630857116,4.170810664824376],[73.5174860444989,4.170809313589328],[73.51748577975381,4.17080796248021],[73.51748551433599,4.170806611497528],[73.51748524824548,4.170805260641747],[73.51748498148238,4.17080390991343],[73.51748471404682,4.170802559313047],[73.51748444593886,4.170801208841119],[73.5174841771586,4.170799858498171],[73.51748390770612,4.170798508284656],[73.51748363758152,4.170797158201096],[73.51748336678492,4.170795808248064],[73.51748309531634,4.170794458425983],[73.51748282317598,4.170793108735342],[73.51748255036384,4.170791759176761],[73.51748227688007,4.170790409750698],[73.51748200272476,4.170789060457524],[73.51748172789797,4.170787711297928],[73.51748145239984,4.170786362272332],[73.51748117623043,4.170785013381275],[73.5174808993899,4.170783664625213],[73.51748062187826,4.170782316004717],[73.51748034369567,4.170780967520246],[73.51748006484222,4.170779619172266],[73.517479785318,4.170778270961321],[73.5174795051231,4.170776922888016],[73.51747922425768,4.170775574952689],[73.51747894272175,4.170774227155928],[73.51747866051547,4.170772879498223],[73.51747837763894,4.17077153198013],[73.51747809409223,4.170770184602034],[73.5174778098755,4.170768837364563],[73.51747752498879,4.170767490268153],[73.51747723943225,4.170766143313308],[73.51747695320597,4.170764796500589],[73.51747666631005,4.170763449830394],[73.51747637874462,4.170762103303301],[73.51747609050972,4.170760756919846],[73.51747580160554,4.170759410680504],[73.51747551203215,4.170758064585692],[73.51747522178962,4.170756718635989],[73.51747493087817,4.170755372831895],[73.51747463929779,4.170754027173951],[73.51747434704863,4.170752681662562],[73.51747405413082,4.170751336298319],[73.51747376054446,4.170749991081691],[73.51747346628963,4.170748646013203],[73.51747317136648,4.170747301093326],[73.51747287577511,4.170745956322546],[73.51747257951564,4.170744611701391],[73.51747228258819,4.170743267230363],[73.51747198499282,4.170741922910034],[73.5174716867297,4.170740578740777],[73.51747138779893,4.170739234723132],[73.51747108820062,4.170737890857652],[73.51747078793488,4.170736547144795],[73.51747048700184,4.170735203585065],[73.51747018540158,4.170733860178985],[73.51746988313427,4.170732516927059],[73.5174695802,4.170731173829745],[73.51746927659889,4.17072983088758],[73.51746897233106,4.170728488101036],[73.51746866739661,4.170727145470654],[73.5174683617957,4.170725802996888],[73.51746805552841,4.17072446068031],[73.5174677485949,4.170723118521343],[73.51746744099523,4.170721776520526],[73.51746713272958,4.170720434678329],[73.51746682379805,4.170719092995276],[73.51746651420076,4.170717751471907],[73.51746620393783,4.170716410108607],[73.5174658930094,4.170715068906003],[73.51746558141556,4.170713727864531],[73.51746526915649,4.170712386984666],[73.51746495623226,4.170711046266975],[73.51746464264302,4.170709705711901],[73.51746432838888,4.170708365319931],[73.51746401347,4.170707025091656],[73.51746369788647,4.170705685027428],[73.51746338163844,4.170704345127923],[73.51746306472603,4.170703005393478],[73.51746274714935,4.170701665824666],[73.51746242890857,4.170700326422008],[73.51746211000379,4.170698987185976],[73.51746179043514,4.170697648117027],[73.51746147020276,4.170696309215717],[73.51746114930677,4.170694970482514],[73.51746082774733,4.170693631917928],[73.51746050552453,4.170692293522464],[73.5174601826385,4.170690955296592],[73.51745985908943,4.170689617240821],[73.51745953487742,4.170688279355617],[73.51745921000257,4.170686941641541],[73.51745888446506,4.170685604099047],[73.517458558265,4.170684266728694],[73.51745823140256,4.17068292953083],[73.51745790387784,4.170681592506114],[73.51745757569097,4.170680255654937],[73.51745724684214,4.170678918977869],[73.51745691733142,4.1706775824753],[73.51745658715897,4.170676246147851],[73.51745625632495,4.170674909995963],[73.51745592482949,4.170673574020138],[73.51745559267272,4.170672238220834],[73.51745525985477,4.170670902598556],[73.51745492637579,4.170669567153843],[73.51745459223595,4.17066823188715],[73.51745425743535,4.170666896799],[73.51745392197412,4.170665561889831],[73.51745358585246,4.170664227160199],[73.51745324907048,4.17066289261061],[73.51745291162833,4.170661558241467],[73.51745257352611,4.170660224053345],[73.51745223476402,4.170658890046732],[73.51745189534219,4.170657556222084],[73.51745155526076,4.170656222579906],[73.51745121451985,4.170654889120669],[73.51745087311967,4.170653555844947],[73.51745053106029,4.170652222753177],[73.51745018834191,4.170650889845834],[73.51744984496467,4.170649557123436],[73.5174495009287,4.170648224586476],[73.51744915623416,4.170646892235406],[73.5174488108812,4.170645560070767],[73.51744846486996,4.170644228093048],[73.5174481182006,4.170642896302739],[73.51744777087325,4.170641564700309],[73.5174474228881,4.170640233286266],[73.51744707424524,4.170638902061062],[73.51744672494489,4.170637571025272],[73.51744637498716,4.170636240179284],[73.51744602437222,4.170634909523688],[73.51744567310021,4.170633579058923],[73.5174453211713,4.170632248785441],[73.51744496858564,4.170630918703835],[73.51744461534336,4.170629588814476],[73.51744426144465,4.17062825911797],[73.51744390688964,4.170626929614685],[73.51744355167851,4.170625600305232],[73.51744319581138,4.170624271190011],[73.51744283928844,4.17062294226955],[73.51744248210983,4.170621613544369],[73.51744212427573,4.170620285014871],[73.51744176578626,4.170618956681563],[73.51744140664162,4.170617628545036],[73.51744104684195,4.170616300605675],[73.51744068638743,4.170614972864006],[73.51744032527816,4.170613645320515],[73.51743996351436,4.170612317975658],[73.5174396010962,4.17061099082996],[73.51743923802378,4.170609663883905],[73.51743887429733,4.170608337137968],[73.51743850991694,4.170607010592637],[73.51743814488285,4.170605684248384],[73.51743777919518,4.170604358105749],[73.51743741285411,4.170603032165154],[73.5174370458598,4.170601706427187],[73.51743667821238,4.170600380892171],[73.51743630991207,4.170599055560708],[73.51743594095899,4.170597730433258],[73.51743557135335,4.170596405510324],[73.51743520109531,4.170595080792345],[73.517434830185,4.170593756279863],[73.51743445862265,4.170592431973379],[73.51743408640834,4.170591107873268],[73.51743371354233,4.170589783980083],[73.51743334002472,4.170588460294365],[73.51743296585575,4.170587136816451],[73.51743259103553,4.170585813546999],[73.51743220398416,4.170584458846496],[73.5174318149322,4.170583104729952],[73.51743142187902,4.170581751781267],[73.51743102282406,4.170580400584416],[73.51743066872994,4.170579224553418],[73.51743030858098,4.170578050310097],[73.51742994240325,4.17057687786701],[73.51742957022275,4.170575707237055],[73.51742919206552,4.170574538432898],[73.51742880795761,4.170573371467325],[73.51742841792509,4.170572206353019],[73.51742802199395,4.170571043102714],[73.51742762019023,4.170569881729159],[73.51742721254001,4.170568722245141],[73.51742679906931,4.170567564663224],[73.51742637980415,4.170566408996294],[73.51742595477062,4.170565255257167],[73.51742552399469,4.170564103458309],[73.51742508750245,4.170562953612674],[73.5174246453199,4.170561805732942],[73.51742419747312,4.170560659831833],[73.51742374398813,4.170559515922111],[73.51742328489098,4.170558374016397],[73.51742282020768,4.17055723412764],[73.51742234996429,4.170556096268321],[73.51742187418687,4.170554960451345],[73.51742139290144,4.170553826689427],[73.517420906134,4.170552694995235],[73.51742041391067,4.170551565381566],[73.51741991625744,4.170550437861158],[73.51741941320034,4.170549312446695],[73.51741890476544,4.170548189150973],[73.51741839097873,4.170547067986681],[73.51741787186631,4.170545948966481],[73.5174173474542,4.170544832103262],[73.51741681776842,4.170543717409687],[73.51741628283501,4.170542604898511],[73.51741574268007,4.170541494582413],[73.51741519732954,4.170540386474213],[73.51741464680953,4.170539280586526],[73.51741409114605,4.170538176932222],[73.51741353036515,4.1705370755239],[73.51741296449286,4.170535976374445],[73.51741239355523,4.17053487949647],[73.51741181757833,4.170533784902763],[73.51741123658813,4.170532692606023],[73.51741065061073,4.170531602619035],[73.5174100596721,4.170530514954482],[73.51740946379834,4.170529429625164],[73.51740886301549,4.170528346643748],[73.51740825734956,4.170527266023002],[73.5174076468266,4.170526187775642],[73.51740703147266,4.170525111914438],[73.51740641131374,4.170524038452087],[73.51740578637595,4.170522967401358],[73.51740515668527,4.170521898774935],[73.51740452226777,4.1705208325856],[73.51740388314947,4.17051976884609],[73.5174032393564,4.170518707569119],[73.51740259091461,4.170517648767372],[73.51740193785017,4.170516592453665],[73.51740128018908,4.170515538640717],[73.5174006179574,4.170514487341246],[73.51739995118116,4.170513438567983],[73.51739927988639,4.170512392333664],[73.51739860409916,4.170511348651037],[73.5173979238455,4.170510307532822],[73.51739723915139,4.170509268991768],[73.51739655004296,4.170508233040592],[73.51739585654622,4.17050719969208],[73.51739515868717,4.170506168958878],[73.51739445649189,4.170505140853757],[73.5173937499864,4.1705041153895],[73.51739303919673,4.170503092578772],[73.51739232414894,4.170502072434343],[73.51739160486909,4.170501054968979],[73.51739088138319,4.170500040195348],[73.51739015371727,4.1704990281262],[73.51738942189738,4.170498018774316],[73.51738868594956,4.1704970121524],[73.51738794589986,4.170496008273187],[73.51738720177428,4.170495007149372],[73.51738645359892,4.170494008793778],[73.51738570139979,4.170493013219052],[73.5173849452029,4.170492020437995],[73.51738418503435,4.17049103046334],[73.51738342092013,4.170490043307724],[73.51738265288631,4.170489058983978],[73.51738188095888,4.170488077504854],[73.51738110516395,4.170487098882984],[73.51738032552751,4.170486123131204],[73.51737954207562,4.170485150262196],[73.51737875483428,4.170484180288695],[73.51737796382959,4.170483213223467],[73.51737716908754,4.170482249079213],[73.51737637063421,4.170481287868686],[73.51737556849562,4.170480329604598],[73.5173747626978,4.170479374299719],[73.51737395326681,4.170478421966751],[73.51737314022866,4.170477472618476],[73.51737232360942,4.170476526267595],[73.5173715034351,4.17047558292679],[73.51737067973177,4.170474642608966],[73.51736985252545,4.170473705326583],[73.51736902184217,4.170472771092614],[73.51736818770799,4.170471839919742],[73.51736735014894,4.170470911820632],[73.51736650919106,4.170469986808035],[73.51736566486039,4.170469064894772],[73.51736481718298,4.170468146093454],[73.51736396618486,4.170467230416902],[73.51736311189207,4.170466317877832],[73.51736225433064,4.170465408488962],[73.5173613935266,4.17046450226311],[73.51736052950605,4.170463599212822],[73.51735966229495,4.170462699350988],[73.51735879191936,4.17046180269032],[73.51735791840537,4.170460909243538],[73.51735704177898,4.170460019023357],[73.51735616206622,4.170459132042547],[73.51735527929314,4.170458248313807],[73.5173543934858,4.17045736784987],[73.51735350467018,4.17045649066352],[73.5173526128724,4.170455616767458],[73.51735171811846,4.170454746174419],[73.51735082043437,4.170453878897135],[73.51734991984621,4.170453014948358],[73.51734901638,4.170452154340804],[73.51734811006179,4.170451297087206],[73.51734720091761,4.1704504432003],[73.51734628897351,4.17044959269287],[73.51734537425554,4.170448745577562],[73.51734439479193,4.170447845066536],[73.51734341221389,4.170446948435777],[73.5173424265381,4.170446055685722],[73.51734143778123,4.170445166816855],[73.51734044595997,4.170444281829549],[73.517339451091,4.170443400724287],[73.51733845319102,4.170442523501522],[73.51733745227668,4.17044165016164],[73.5173364483647,4.17044078070516],[73.51733544147173,4.170439915132452],[73.51733443161446,4.170439053444035],[73.51733341880959,4.170438195640311],[73.51733240307378,4.170437341721681],[73.51733138442374,4.170436491688667],[73.51733036287614,4.170435645541738],[73.51732933844764,4.170434803281147],[73.51732831115497,4.170433964907525],[73.51732728101476,4.170433130421264],[73.51732624804374,4.170432299822813],[73.51732521225857,4.170431473112577],[73.51732417367593,4.170430650291006],[73.51732313231251,4.17042983135857],[73.517322088185,4.17042901631569],[73.51732104131004,4.170428205162814],[73.51731999170437,4.170427397900384],[73.51731893938464,4.170426594528849],[73.51731788436756,4.170425795048712],[73.51731682666977,4.170424999460293],[73.51731576630802,4.170424207764076],[73.5173147032989,4.170423419960632],[73.51731363765916,4.170422636050214],[73.51731256940548,4.170421856033305],[73.51731149855452,4.170421079910409],[73.51731042512296,4.170420307681963],[73.5173093491275,4.170419539348402],[73.51730827058483,4.170418774910163],[73.5173071895116,4.170418014367681],[73.51730610592453,4.170417257721406],[73.5173050198403,4.170416504971795],[73.51730393127555,4.170415756119248],[73.51730284024698,4.170415011164252],[73.51730174677134,4.170414270107209],[73.51730065086521,4.170413532948605],[73.51729955254532,4.170412799688909],[73.51729845182837,4.170412070328454],[73.517297348731,4.170411344867766],[73.51729624326997,4.170410623307259],[73.51729513546186,4.170409905647453],[73.51729402532344,4.1704091918886],[73.51729291287133,4.170408482031323],[73.51729179812226,4.170407776076021],[73.51729068109287,4.170407074023098],[73.51728956179988,4.170406375873038],[73.51728844025996,4.170405681626312],[73.51728731648979,4.17040499128324],[73.51728619050604,4.170404304844388],[73.51728506232543,4.170403622310143],[73.51728393196458,4.170402943680962],[73.51728279944025,4.170402268957292],[73.51728166476907,4.170401598139537],[73.51728052796774,4.1704009312282],[73.51727938905294,4.170400268223683],[73.51727824804136,4.170399609126458],[73.51727710494966,4.170398953936925],[73.51727595979457,4.170398302655535],[73.51727481259273,4.170397655282795],[73.5172736633608,4.170397011819069],[73.51727251211554,4.170396372264846],[73.51727135887357,4.170395736620545],[73.5172702036516,4.170395104886602],[73.5172690464663,4.170394477063554],[73.51726788733437,4.170393853151682],[73.51726672627247,4.170393233151561],[73.5172655632973,4.170392617063523],[73.51726439842552,4.170392004888106],[73.51726323167387,4.170391396625729],[73.51726206305896,4.170390792276794],[73.5172608925975,4.170390191841787],[73.5172597203062,4.170389595321177],[73.51725854620172,4.170389002715384],[73.51725737030075,4.170388414024793],[73.51725619261995,4.170387829249839],[73.51725501317603,4.170387248391044],[73.51725383198566,4.170386671448841],[73.51725264906551,4.170386098423651],[73.5172514644323,4.170385529315911],[73.5172502781027,4.170384964126052],[73.51724909009334,4.170384402854567],[73.51724790042097,4.170383845501868],[73.51724670910225,4.170383292068363],[73.51724551615386,4.170382742554534],[73.5172443215925,4.170382196960853],[73.51724312543483,4.170381655287739],[73.51724192769753,4.170381117535577],[73.51724072839731,4.170380583704936],[73.51723952755083,4.170380053796068],[73.51723832517477,4.170379527809577],[73.51723712128583,4.170379005745863],[73.51723591590068,4.17037848760535],[73.51723470903603,4.170377973388521],[73.51723350070851,4.170377463095744],[73.51723229093486,4.170376956727523],[73.51723107973172,4.170376454284312],[73.5172298671158,4.170375955766509],[73.51722865310374,4.170375461174606],[73.5172274377123,4.170374970509001],[73.51722622095808,4.170374483770147],[73.51722500285781,4.170374000958432],[73.51722378342818,4.170373522074422],[73.51722256268583,4.17037304711844],[73.5172213406475,4.170372576091038],[73.51722011732983,4.170372108992582],[73.5172188927495,4.17037164582356],[73.5172176669232,4.170371186584341],[73.51721643986765,4.170370731275479],[73.51721521159949,4.170370279897324],[73.5172139821354,4.170369832450379],[73.5172127514921,4.170369388935017],[73.51721151968624,4.170368949351734],[73.51721028673451,4.170368513700971],[73.5172090526536,4.170368081983196],[73.51720781746019,4.170367654198745],[73.51720658117098,4.170367230348169],[73.51720534380263,4.170366810431854],[73.5172041053718,4.170366394450288],[73.51720286589523,4.170365982403872],[73.51720162538953,4.170365574293093],[73.51720038387148,4.170365170118319],[73.51719907977518,4.170364750148447],[73.51719777459479,4.170364334481269],[73.51719646834304,4.170363923083459],[73.51719516103269,4.170363515921513],[73.51719385267641,4.170363112961988],[73.51719254328697,4.170362714171519],[73.51719123287711,4.170362319516522],[73.51718992145952,4.170361928963718],[73.51718860904698,4.170361542479611],[73.5171872956522,4.17036116003075],[73.51718598128792,4.170360781583656],[73.51718466596685,4.170360407104964],[73.51718334970174,4.170360036561194],[73.51718203250532,4.170359669918981],[73.51718071439032,4.170359307144759],[73.51717939536945,4.170358948205182],[73.51717807545549,4.170358593066837],[73.51717675466114,4.170358241696173],[73.51717543299912,4.17035789405981],[73.51717411048217,4.170357550124352],[73.51717278712304,4.170357209856217],[73.51717146293446,4.170356873222158],[73.51717013792914,4.170356540188692],[73.51716881211982,4.17035621072224],[73.51716748551924,4.17035588478952],[73.51716615814013,4.17035556235705],[73.5171648299952,4.170355243391367],[73.51716350109722,4.170354927859025],[73.51716217145888,4.170354615726605],[73.51716084109295,4.170354306960697],[73.51715951001214,4.170354001527818],[73.51715817822918,4.170353699394504],[73.51715684575682,4.170353400527389],[73.51715551260774,4.170353104893029],[73.51715417879475,4.170352812457924],[73.51715284433054,4.170352523188728],[73.51715150922783,4.17035223705189],[73.51715017349937,4.170351954014047],[73.51714883715788,4.170351674041718],[73.5171475002161,4.170351397101559],[73.51714616268677,4.170351123160015],[73.5171448245826,4.170350852183677],[73.51714348591634,4.170350584139114],[73.51714214670072,4.170350318992942],[73.51714080694846,4.17035005671165],[73.51713946667228,4.170349797261854],[73.51713812588494,4.170349540610058],[73.51713678459916,4.170349286722881],[73.51713544282768,4.170349035566842],[73.51713410058322,4.170348787108524],[73.51713275787853,4.170348541314482],[73.51713141472631,4.170348298151286],[73.51713007113929,4.170348057585503],[73.51712872713024,4.170347819583636],[73.51712738271189,4.170347584112337],[73.51712603789694,4.170347351138124],[73.51712469269813,4.170347120627535],[73.51712334712818,4.170346892547187],[73.51712200119987,4.170346666863615],[73.51712065492589,4.170346443543309],[73.51711930831895,4.170346222552951],[73.51711796139186,4.170346003859074],[73.51711661415726,4.170345787428171],[73.51711526662795,4.170345573226854],[73.51711391881665,4.170345361221663],[73.51711257073606,4.170345151379197],[73.51711122239895,4.170344943666029],[73.51710987381801,4.170344738048592],[73.517108525006,4.170344534493621],[73.51710717597565,4.170344332967604],[73.51710582673968,4.170344133437076],[73.51710447731084,4.170343935868638],[73.51710312770184,4.170343740228776],[73.51710177792543,4.170343546484228],[73.51710042799432,4.17034335460129],[73.51709907792127,4.170343164546738],[73.51709772771899,4.170342976287072],[73.51709637740022,4.170342789788875],[73.51709502697769,4.170342605018655],[73.51709367646413,4.17034242194301],[73.51709232587227,4.170342240528459],[73.51709097521484,4.170342060741655],[73.51708962450458,4.170341882549033],[73.51708827375421,4.170341705917281],[73.5170869229765,4.1703415308129],[73.51708557218411,4.170341357202441],[73.51708422138984,4.170341185052493],[73.51708287060639,4.170341014329587],[73.51708151984649,4.170340845000312],[73.51708016912288,4.170340677031186],[73.5170788184483,4.170340510388879],[73.51707746783545,4.17034034503979],[73.51707611729707,4.170340180950626],[73.51707476684594,4.170340018087869],[73.51707341649471,4.17033985641814],[73.51707206625619,4.170339695907957],[73.5170707161431,4.170339536523823],[73.5170693661681,4.17033937823244],[73.51706801634401,4.17033922100026],[73.5170666666835,4.170339064793886],[73.51706531719933,4.170338909579852],[73.51706396790424,4.170338755324763],[73.51706261881093,4.170338601995186],[73.51706126993216,4.170338449557605],[73.51705992128062,4.170338297978645],[73.5170585728691,4.170338147224886],[73.51705722471031,4.170337997262849],[73.51705587681695,4.170337848059086],[73.5170545292018,4.170337699580199],[73.51705318187756,4.170337551792674],[73.51705183485699,4.170337404663197],[73.51705048815278,4.170337258158239],[73.51704914177768,4.170337112244365],[73.51704779574445,4.170336966888144],[73.51704645006578,4.170336822056198],[73.51704510475442,4.170336677714995],[73.5170437598231,4.170336533831171],[73.51704241528455,4.170336390371261],[73.51704107115148,4.17033624730175],[73.51703972743667,4.170336104589391],[73.51703838415284,4.170335962200536],[73.5170370413127,4.170335820101837],[73.51703569892896,4.170335678259867],[73.51703435701441,4.170335536641188],[73.51703301558175,4.170335395212356],[73.5170316746437,4.170335253939942],[73.51702899435915,4.170334971739942],[73.51617992076385,4.170194127825398],[73.51602334161252,4.17016815445355],[73.51492543716998,4.169986977965485],[73.51484214927717,4.169973233712531],[73.51313618345553,4.169691400603123],[73.51304255662662,4.169675914855446],[73.51282386599695,4.169639743685175],[73.51266382266527,4.169614585057454],[73.51244542509002,4.1695802531575],[73.5119746573064,4.169506248685413],[73.5117907785318,4.169474170093906],[73.51146822529051,4.169417898929519],[73.51059402832561,4.16926425985137],[73.50949127999061,4.169298997245638],[73.50932177408416,4.169307198796937],[73.50921027402521,4.169312593712108],[73.50886153173414,4.169317391166826],[73.5087018246379,4.169318133449244],[73.50855915609432,4.169318796512779],[73.50808901159127,4.169329621480539],[73.50789477897096,4.169334093558374],[73.5074743601804,4.169343773257222],[73.50727833825418,4.169348286377377],[73.50686413247195,4.169358829607187],[73.50669296590803,4.16936318643116],[73.50476341075971,4.169406930957179],[73.5044107661679,4.169414577436937],[73.50423237386629,4.169418445500339],[73.50334575534315,4.169440868765871],[73.50320407924069,4.169444040364436],[73.50281689909777,4.16945270774947],[73.50295913170547,4.170799441872288],[73.50297085478483,4.170910115497068],[73.50303682131319,4.171532883567462],[73.5030466880162,4.171626031889842],[73.50225988768457,4.171709562382458],[73.50218500948608,4.171720270298176],[73.50211158794265,4.171730769898182],[73.50183860007243,4.171760170539215],[73.50177198513055,4.171762918221876]]]}},{"type":"Feature","properties":{"OBJECTID":"69","roadEN":"Soasan Magu","roadDI":"ސޯސަން މަގު","deadEnd":0,"SHAPE_Leng":34.65419},"geometry":{"type":"MultiLineString","coordinates":[[[73.51435969308432,4.172819896203029],[73.51441546517833,4.173128258116135],[73.51450889114915,4.173644806961186],[73.51451754644148,4.173692661761979],[73.51454096178144,4.173822124336175],[73.51457399190662,4.17400474671163],[73.51466431850788,4.174504159240016],[73.5146954665399,4.174651568636643],[73.51471844053978,4.174760294070314],[73.51476965244383,4.175033193366954],[73.5147815563517,4.175097413885974],[73.51481267996333,4.175265322986754],[73.51483255922983,4.175372569850088],[73.514927279007,4.175907925332179],[73.51494701078981,4.176018397625445],[73.51496420068644,4.176114638665601],[73.51497776055633,4.176190556282238],[73.51501563209828,4.17638264284536],[73.51503151072089,4.176468541134768],[73.51504456427158,4.176539156684623],[73.51505316593568,4.176585688946342],[73.51505469033445,4.176593935457908],[73.51506590784312,4.176654618605022],[73.51507999748179,4.176735244749854],[73.51509075156208,4.17679678359114],[73.5151281214638,4.176993394377829],[73.51513181390311,4.177012821064723],[73.51516990403292,4.17721322111388],[73.51519401915638,4.177348702886133],[73.51525034229786,4.177665133321361]]]}},{"type":"Feature","properties":{"OBJECTID":"72","roadEN":"Kaani Goalhi","roadDI":null,"deadEnd":0,"SHAPE_Leng":50.26259},"geometry":{"type":"MultiLineString","coordinates":[[[73.51551254442515,4.176841080375942],[73.51543761632243,4.176447427914781],[73.5154275602899,4.176394596174023]]]}},{"type":"Feature","properties":{"OBJECTID":"73","roadEN":"Kaani Goalhi","roadDI":null,"deadEnd":0,"SHAPE_Leng":44.7227},"geometry":{"type":"MultiLineString","coordinates":[[[73.5154275602899,4.176394596174023],[73.51503151072089,4.176468541134768]]]}},{"type":"Feature","properties":{"OBJECTID":"74","roadEN":null,"roadDI":null,"deadEnd":1,"SHAPE_Leng":21.02821},"geometry":{"type":"MultiLineString","coordinates":[[[73.5152409240453,4.176559246903344],[73.51505469033445,4.176593935457908]]]}},{"type":"Feature","properties":{"OBJECTID":"75","roadEN":null,"roadDI":null,"deadEnd":1,"SHAPE_Leng":21.5377},"geometry":{"type":"MultiLineString","coordinates":[[[73.51504456427158,4.176539156684623],[73.5152353101652,4.176503627669376]]]}},{"type":"Feature","properties":{"OBJECTID":"76","roadEN":null,"roadDI":null,"deadEnd":1,"SHAPE_Leng":20.3146},"geometry":{"type":"MultiLineString","coordinates":[[[73.51543761632243,4.176447427914781],[73.51561377395647,4.176397716172279]]]}},{"type":"Feature","properties":{"OBJECTID":"77","roadEN":null,"roadDI":null,"deadEnd":1,"SHAPE_Leng":4.28737},"geometry":{"type":"MultiLineString","coordinates":[[[73.51610416794604,4.177674967880061],[73.51611951145068,4.177710550258588]]]}},{"type":"Feature","properties":{"OBJECTID":"78","roadEN":null,"roadDI":null,"deadEnd":1,"SHAPE_Leng":1.07918},"geometry":{"type":"MultiLineString","coordinates":[[[73.51611070483371,4.17771468222696],[73.51611951145068,4.177710550258588]]]}},{"type":"Feature","properties":{"OBJECTID":"79","roadEN":null,"roadDI":null,"deadEnd":1,"SHAPE_Leng":51.65008},"geometry":{"type":"MultiLineString","coordinates":[[[73.51611728188456,4.177726720210749],[73.51567660100991,4.177876475564754]]]}},{"type":"Feature","properties":{"OBJECTID":"93","roadEN":"Janavaree Magu","roadDI":"ޖަނަވަރީ މަގު","deadEnd":0,"SHAPE_Leng":55.43549},"geometry":{"type":"MultiLineString","coordinates":[[[73.51594511061477,4.172654804890377],[73.51597209319364,4.173014115701175],[73.51600661130726,4.173473773355195],[73.51604633188975,4.174002710165835],[73.5160650309784,4.174251715818559],[73.51608127496783,4.174502821448717]]]}},{"type":"Feature","properties":{"OBJECTID":"98","roadEN":"Ameeru Ahmed Magu","roadDI":"އަމީރު އަހްމަދު މަގު","deadEnd":0,"SHAPE_Leng":19.49046},"geometry":{"type":"MultiLineString","coordinates":[[[73.51691465283588,4.177196961845411],[73.51673014060376,4.177242858322471],[73.5165725021483,4.177282070042576],[73.51644973272815,4.177320754426965],[73.51644963258835,4.177320785980778],[73.51628480994722,4.177372721206043],[73.51612404865114,4.17741859049899],[73.51601736225206,4.177449030823174],[73.51594043988554,4.177471103608823],[73.5158860755372,4.177486703390943],[73.5157543090006,4.177524513614832],[73.51568504582612,4.177544388574765],[73.5155852696281,4.177572102781475],[73.51525034229786,4.177665133321361],[73.51500161648147,4.177741040171639],[73.51495457353937,4.177755396858553],[73.51456875056667,4.177866548967461],[73.51451941636199,4.17788105521233],[73.5144726970974,4.177894792555701],[73.51390776869445,4.178057863858491],[73.5138521878105,4.178073951224936]],[[73.51385215360533,4.178073961125301],[73.51380166198183,4.178088575448581],[73.51373963698134,4.178105440665956],[73.51373937983486,4.178105510586627],[73.51368261583451,4.178120945280119],[73.51339034619325,4.178205001361308],[73.51333451818662,4.178221057346539],[73.51327702894537,4.178237591093068],[73.51308581403698,4.17829258482433],[73.51292143219047,4.178339861273922],[73.51284397092391,4.178356358700572],[73.51278054080406,4.178369867816551],[73.51230712386152,4.178507625913206],[73.51225343074961,4.178524943648371],[73.51217525091917,4.178550159119713],[73.51210850496416,4.178571686795824],[73.51162544161373,4.178710425841625],[73.51144502431012,4.1787622428081],[73.51100410583656,4.178887815300086],[73.51039685036471,4.179060759640957]]]}},{"type":"Feature","properties":{"OBJECTID":"99","roadEN":"Kuran'gi Goalhi","roadDI":null,"deadEnd":0,"SHAPE_Leng":20.11926},"geometry":{"type":"MultiLineString","coordinates":[[[73.51572887807458,4.178050695109084],[73.51567660100991,4.177876475564754]]]}},{"type":"Feature","properties":{"OBJECTID":"100","roadEN":"Roashanee Goalhi","roadDI":null,"deadEnd":0,"SHAPE_Leng":79.318},"geometry":{"type":"MultiLineString","coordinates":[[[73.5155852696281,4.177572102781475],[73.51556353848252,4.177499681118366],[73.5154563632646,4.176867069383205]]]}},{"type":"Feature","properties":{"OBJECTID":"102","roadEN":"Kasthoori Magu","roadDI":null,"deadEnd":0,"SHAPE_Leng":87.18245},"geometry":{"type":"MultiLineString","coordinates":[[[73.51612404865114,4.17741859049899],[73.51603889115316,4.177283262119063],[73.51581422305638,4.176926229729175],[73.51570460092876,4.176752023100618]]]}},{"type":"Feature","properties":{"OBJECTID":"103","roadEN":"Seesan Magu","roadDI":null,"deadEnd":0,"SHAPE_Leng":92.23631},"geometry":{"type":"MultiLineString","coordinates":[[[73.51644973272815,4.177320754426965],[73.5160309682133,4.176600300848249]]]}},{"type":"Feature","properties":{"OBJECTID":"104","roadEN":"Sadhubarakaa Goalhi","roadDI":null,"deadEnd":0,"SHAPE_Leng":98.50362},"geometry":{"type":"MultiLineString","coordinates":[[[73.51621775472682,4.176515570141735],[73.5163759485429,4.17674011293761],[73.51673014060376,4.177242858322471]]]}},{"type":"Feature","properties":{"OBJECTID":"105","roadEN":"Dheefram Goalhi","roadDI":null,"deadEnd":0,"SHAPE_Leng":88.80291},"geometry":{"type":"MultiLineString","coordinates":[[[73.51698498164106,4.177037474946676],[73.51678985238622,4.176737845726964],[73.51654723487424,4.176365296015939]]]}},{"type":"Feature","properties":{"OBJECTID":"106","roadEN":"Galadhun Goalhi","roadDI":null,"deadEnd":0,"SHAPE_Leng":87.74358},"geometry":{"type":"MultiLineString","coordinates":[[[73.51709772642147,4.17611096945209],[73.51721690339754,4.176532900282714],[73.51731336172904,4.176874398536882]]]}},{"type":"Feature","properties":{"OBJECTID":"112","roadEN":"Kuran'gi Goalhi","roadDI":null,"deadEnd":0,"SHAPE_Leng":35.14965},"geometry":{"type":"MultiLineString","coordinates":[[[73.51567660100991,4.177876475564754],[73.5155852696281,4.177572102781475]]]}},{"type":"Feature","properties":{"OBJECTID":"113","roadEN":"Meheli Goalhi","roadDI":null,"deadEnd":0,"SHAPE_Leng":22.5029},"geometry":{"type":"MultiLineString","coordinates":[[[73.51696217551608,4.177683995807929],[73.51691465283588,4.177196961845411],[73.51690685209756,4.17711697053879],[73.51690680000169,4.177116590683677],[73.51690674944497,4.177116214890567],[73.5169067004117,4.177115843097001],[73.51690665288628,4.177115475240318],[73.51690660685307,4.177115111257973],[73.51690656229644,4.177114751087357],[73.51690651920075,4.177114394665912],[73.51690647755031,4.177114041931043],[73.51690643732952,4.177113692820156],[73.51690639852276,4.177113347270693],[73.51690636111435,4.177113005220042],[73.51690632508867,4.17711266660566],[73.51690629043006,4.17711233136497],[73.51690625712287,4.177111999435314],[73.5169062251515,4.177111670754162],[73.51690619450031,4.177111345258941],[73.51690616515363,4.177111022887054],[73.5169061370958,4.177110703575911],[73.51690608478425,4.177110073885578],[73.51690603744052,4.177109455687278],[73.5169059949395,4.177108848480329],[73.51690595715604,4.177108251764035],[73.51690592396504,4.177107665037851],[73.51690589524135,4.177107087801026],[73.51690587085986,4.177106519552936],[73.51690585069542,4.177105959792894],[73.51690583462293,4.17710540802029],[73.51690582251729,4.177104863734376],[73.51690581425329,4.177104326434607],[73.51690580970589,4.177103795620216],[73.51690580874994,4.177103270790626],[73.51690581126026,4.177102751445122],[73.51690581711179,4.17710223708309],[73.5169058261794,4.177101727203813],[73.51690583833792,4.177101221306703],[73.51690585346228,4.177100718891023],[73.5169058714273,4.177100219456194],[73.51690589210789,4.177099722501468],[73.5169059153789,4.17709922752625],[73.51690594111524,4.177098734029893],[73.51690596919175,4.177098241511666],[73.5169059981563,4.177097771305675],[73.51690602937367,4.177097301689075],[73.51690606307297,4.177096832815124],[73.51690609948335,4.177096364836921],[73.51690613883395,4.177095897907673],[73.51690618135393,4.17709543218057],[73.51690622727243,4.177094967808831],[73.51690627681859,4.177094504945561],[73.51690633022153,4.177094043743967],[73.51690638771043,4.177093584357199],[73.51690644951445,4.1770931269385],[73.51690651586271,4.177092671640987],[73.51690658698432,4.177092218617852],[73.51690666310847,4.177091768022331],[73.51690674446432,4.17709132000751],[73.51690683128098,4.177090874726631],[73.51690692378756,4.177090432332861],[73.51690702221329,4.177089992979341],[73.51690712678726,4.177089556819309],[73.51690723773864,4.177089124005902],[73.51690735529655,4.177088694692291],[73.51690747969015,4.177088269031731],[73.51690761114857,4.177087847177295],[73.51690774990098,4.177087429282201],[73.5169078961765,4.177087015499622],[73.51690805020431,4.177086605982765],[73.51690821221352,4.177086200884831],[73.51690838243327,4.177085800358928],[73.51690856109273,4.177085404558272],[73.51690874842103,4.177085013635972],[73.51690894464731,4.177084627745384],[73.51690915000076,4.177084247039475],[73.51690941216663,4.177083791307155],[73.51690968781836,4.177083343271516],[73.51690997661177,4.177082902739047],[73.51691027820277,4.177082469516029],[73.51691059224723,4.177082043408951],[73.51691091840098,4.177081624224244],[73.51691125631991,4.177081211768258],[73.51691160565989,4.177080805847413],[73.51691196607673,4.17708040626816],[73.51691233722636,4.177080012836866],[73.51691271876462,4.177079625359934],[73.51691311034739,4.177079243643794],[73.51691351163049,4.177078867494868],[73.51691392226985,4.177078496719521],[73.5169143419213,4.177078131124225],[73.51691477024066,4.177077770515309],[73.5169152068839,4.177077414699227],[73.51691565150679,4.177077063482378],[73.51691610376524,4.177076716671184],[73.51691656331512,4.177076374072075],[73.51691702981226,4.177076035491406],[73.51691750291255,4.177075700735556],[73.51691798227188,4.177075369611064],[73.51691846754606,4.177075041924215],[73.51691895839097,4.177074717481472],[73.51691945446252,4.177074396089258],[73.51691995541653,4.177074077553904],[73.51692046090888,4.177073761681911],[73.51692097059541,4.177073448279633],[73.51692148413201,4.177073137153486],[73.51692200117455,4.177072828109902],[73.5169225213789,4.177072520955271],[73.51692290528196,4.177072296482256],[73.51692329975229,4.17707206772735],[73.5169237138492,4.177071829501095],[73.51692415663187,4.177071576614263],[73.5169246371597,4.177071303877527],[73.51692516449187,4.177071006101547],[73.51692544854062,4.17707084620218],[73.5169257476877,4.177070678097008],[73.5169260630655,4.17707050113737],[73.51692639580644,4.177070314674588],[73.51692674704292,4.177070118059999],[73.51692711790736,4.17706991064501],[73.51692750953218,4.177069691780856],[73.51692792304976,4.177069460818895],[73.51692882029289,4.177068960006948],[73.51692981869604,4.177068403019863],[73.5169350050942,4.177065509533794],[73.5169366451865,4.177064593831201],[73.51693844079443,4.177063590817602],[73.5169404009773,4.177062495303588],[73.51694253479437,4.177061302099895],[73.51694485130488,4.177060006017212],[73.51694735956816,4.177058601866158],[73.51695006864342,4.177057084457491],[73.51695298758997,4.177055448601795],[73.5169561254671,4.177053689109858],[73.51695949133403,4.177051800792283],[73.51696309425006,4.177049778459769],[73.51696694327445,4.177047616922986],[73.51697104746647,4.177045310992566],[73.51697541588541,4.177042855479283],[73.51698005759052,4.17704024519378],[73.51698498164106,4.177037474946676],[73.51702964623647,4.1770126584863],[73.51727877545386,4.176891876855116],[73.51731336172904,4.176874398536882],[73.51736416810054,4.176848723320582],[73.51755538013353,4.176754132539672],[73.51757663962947,4.176738864298262],[73.51760001907672,4.176727128774392],[73.51762494104324,4.176719215815413],[73.51766118403066,4.176718710164366],[73.51769722020057,4.176722624887615],[73.51773251672309,4.176730902102287],[73.51776655170457,4.176743419421952],[73.51778694211059,4.176753398916362],[73.51780554884898,4.176766426197249],[73.51782192367338,4.176782187430368],[73.51783567210518,4.1768003029194],[73.5178464629371,4.17682033625235]]]}},{"type":"Feature","properties":{"OBJECTID":"119","roadEN":null,"roadDI":null,"deadEnd":1,"SHAPE_Leng":21.14192},"geometry":{"type":"MultiLineString","coordinates":[[[73.51730573604607,4.177279295596415],[73.51732516047818,4.177469501605265]]]}},{"type":"Feature","properties":{"OBJECTID":"121","roadEN":null,"roadDI":null,"deadEnd":1,"SHAPE_Leng":24.70727},"geometry":{"type":"MultiLineString","coordinates":[[[73.51722757727742,4.17628385992853],[73.51744788772109,4.176252236237739]]]}},{"type":"Feature","properties":{"OBJECTID":"122","roadEN":null,"roadDI":null,"deadEnd":1,"SHAPE_Leng":17.49098},"geometry":{"type":"MultiLineString","coordinates":[[[73.5163759485429,4.17674011293761],[73.51650596642926,4.17665077506015]]]}},{"type":"Feature","properties":{"OBJECTID":"123","roadEN":null,"roadDI":null,"deadEnd":1,"SHAPE_Leng":17.03402},"geometry":{"type":"MultiLineString","coordinates":[[[73.51691494543485,4.176365033641289],[73.5168646123773,4.176219506268111]]]}},{"type":"Feature","properties":{"OBJECTID":"124","roadEN":"Finifenmaa Goalhi","roadDI":null,"deadEnd":0,"SHAPE_Leng":52.54815},"geometry":{"type":"MultiLineString","coordinates":[[[73.51678985238622,4.176737845726964],[73.51721690339754,4.176532900282682]]]}},{"type":"Feature","properties":{"OBJECTID":"125","roadEN":null,"roadDI":null,"deadEnd":1,"SHAPE_Leng":29.25052},"geometry":{"type":"MultiLineString","coordinates":[[[73.51567970481929,4.177270804397962],[73.5157543090006,4.177524513614832]]]}},{"type":"Feature","properties":{"OBJECTID":"126","roadEN":null,"roadDI":null,"deadEnd":1,"SHAPE_Leng":19.50096},"geometry":{"type":"MultiLineString","coordinates":[[[73.51594043988554,4.177471103608823],[73.51589067635985,4.177301966454575]]]}},{"type":"Feature","properties":{"OBJECTID":"129","roadEN":null,"roadDI":null,"deadEnd":1,"SHAPE_Leng":16.76865},"geometry":{"type":"MultiLineString","coordinates":[[[73.51603889115316,4.177283262119063],[73.51616341280156,4.177197427749054]]]}},{"type":"Feature","properties":{"OBJECTID":"130","roadEN":null,"roadDI":null,"deadEnd":1,"SHAPE_Leng":19.47181},"geometry":{"type":"MultiLineString","coordinates":[[[73.51596236508256,4.176831955783231],[73.51581422305638,4.176926229729175]]]}},{"type":"Feature","properties":{"OBJECTID":"134","roadEN":"Thurravas Goalhi","roadDI":null,"deadEnd":0,"SHAPE_Leng":63.60646},"geometry":{"type":"MultiLineString","coordinates":[[[73.51627065363498,4.175627558190148],[73.51612943224775,4.175394131511471],[73.5160835403412,4.175320013884979],[73.51596863646586,4.175138760168839]]]}},{"type":"Feature","properties":{"OBJECTID":"137","roadEN":null,"roadDI":null,"deadEnd":1,"SHAPE_Leng":20.82495},"geometry":{"type":"MultiLineString","coordinates":[[[73.51747031030376,4.174169557861122],[73.51749246007175,4.174356576931466]]]}},{"type":"Feature","properties":{"OBJECTID":"139","roadEN":null,"roadDI":null,"deadEnd":1,"SHAPE_Leng":27.18514},"geometry":{"type":"MultiLineString","coordinates":[[[73.51738624553579,4.173984016702367],[73.5173585778867,4.173739734191844]]]}},{"type":"Feature","properties":{"OBJECTID":"140","roadEN":"Dhun'bugas Magu","roadDI":null,"deadEnd":0,"SHAPE_Leng":21.47099},"geometry":{"type":"MultiLineString","coordinates":[[[73.51716651265096,4.173762501546326],[73.51779607262523,4.173687873510755]]]}},{"type":"Feature","properties":{"OBJECTID":"141","roadEN":"Bodufungau Magu","roadDI":null,"deadEnd":0,"SHAPE_Leng":72.11211},"geometry":{"type":"MultiLineString","coordinates":[[[73.51703493786549,4.172538927432155],[73.51708640015399,4.173047311767594],[73.51709890621339,4.173152382892013],[73.51711207545327,4.173263025819814],[73.51713460945687,4.173462308707771],[73.5171394274292,4.173513402481786],[73.51714107506022,4.173530875328902],[73.51714710297242,4.173594800319505],[73.5171535889802,4.173662322318942],[73.51716651265096,4.173762501546326],[73.51741233562974,4.17436616121673]]]}},{"type":"Feature","properties":{"OBJECTID":"144","roadEN":null,"roadDI":null,"deadEnd":1,"SHAPE_Leng":28.08733},"geometry":{"type":"MultiLineString","coordinates":[[[73.51753765146914,4.17335883745309],[73.517506909549,4.173106703494817]]]}},{"type":"Feature","properties":{"OBJECTID":"145","roadEN":null,"roadDI":null,"deadEnd":1,"SHAPE_Leng":20.82869},"geometry":{"type":"MultiLineString","coordinates":[[[73.51735004240682,4.173124550738255],[73.517372839616,4.173311525400215]]]}},{"type":"Feature","properties":{"OBJECTID":"146","roadEN":null,"roadDI":null,"deadEnd":1,"SHAPE_Leng":29.10359},"geometry":{"type":"MultiLineString","coordinates":[[[73.51739963433916,4.173481419856492],[73.5171394274292,4.173513402481786]]]}},{"type":"Feature","properties":{"OBJECTID":"148","roadEN":"Burevi Magu","roadDI":null,"deadEnd":0,"SHAPE_Leng":53.8131},"geometry":{"type":"MultiLineString","coordinates":[[[73.51772962611092,4.173081364308619],[73.517506909549,4.173106703494817],[73.51744872423706,4.173113323415532],[73.51735004240682,4.173124550738255],[73.51729185038909,4.173131171409445],[73.5171652507917,4.173145574989448],[73.51709890621339,4.173152382892013],[73.51662076802441,4.173201446532676],[73.51661669892414,4.173201864077719]]]}},{"type":"Feature","properties":{"OBJECTID":"153","roadEN":null,"roadDI":null,"deadEnd":0,"SHAPE_Leng":24.97997},"geometry":{"type":"MultiLineString","coordinates":[[[73.51665737294788,4.173424056018425],[73.51665640479058,4.17341876721911],[73.51661669892414,4.173201864077719]]]}},{"type":"Feature","properties":{"OBJECTID":"154","roadEN":"Vaijehey Magu","roadDI":"ވައިޖެހޭ މަގު","deadEnd":0,"SHAPE_Leng":32.67454},"geometry":{"type":"MultiLineString","coordinates":[[[73.51665737294788,4.173424056018425],[73.51679860896603,4.173412416876026],[73.51680785006127,4.1734125277529],[73.51681694209165,4.173414191247485],[73.51682562813545,4.17341736035298],[73.51683366274332,4.173421945517171],[73.51684081887404,4.173427817172824],[73.51684689431035,4.173434809399412],[73.51685171737304,4.173442724611149],[73.5168551517725,4.173451339140817],[73.5168571004597,4.173460409559771],[73.51687179100826,4.17352853907956],[73.5168793115341,4.173561925724409],[73.5169205435436,4.173744971219703],[73.51695070440896,4.173878867436231],[73.51696802473431,4.173955759325159],[73.51698309549423,4.174022664485945],[73.51698310968689,4.174022727492854],[73.51699915290084,4.174093949765215],[73.5170680241396,4.174399696834577]],[[73.51539176660937,4.173521729893747],[73.5156911870947,4.173496947363784],[73.51569872502382,4.173496323460538],[73.51578226754751,4.173489408764226],[73.51591020874956,4.173478819234211],[73.51600661130726,4.173473773355195],[73.51610514552745,4.173468615888701],[73.51631886755669,4.173450645363069],[73.51639586940341,4.173444170752796],[73.51641380154781,4.173442662948281],[73.51645412221072,4.173434309876636],[73.5164736381676,4.173432810343869],[73.51665640479058,4.17341876721911]]]}},{"type":"Feature","properties":{"OBJECTID":"155","roadEN":null,"roadDI":null,"deadEnd":1,"SHAPE_Leng":22.93664},"geometry":{"type":"MultiLineString","coordinates":[[[73.51687179100826,4.17352853907956],[73.51676383446198,4.173556390436977],[73.51676351469486,4.173555120144686],[73.51671505353643,4.173567417760466],[73.51672077499656,4.173592291305168],[73.51670282576893,4.17359645339936]]]}},{"type":"Feature","properties":{"OBJECTID":"156","roadEN":null,"roadDI":null,"deadEnd":1,"SHAPE_Leng":13.15849},"geometry":{"type":"MultiLineString","coordinates":[[[73.51671183357533,4.172922732096538],[73.51659388655635,4.172934465109707]]]}},{"type":"Feature","properties":{"OBJECTID":"157","roadEN":null,"roadDI":null,"deadEnd":1,"SHAPE_Leng":29.67141},"geometry":{"type":"MultiLineString","coordinates":[[[73.51659388655635,4.172934465109707],[73.51662076802441,4.173201446532641]]]}},{"type":"Feature","properties":{"OBJECTID":"158","roadEN":"Heenaa Goalhi","roadDI":null,"deadEnd":0,"SHAPE_Leng":57.26472},"geometry":{"type":"MultiLineString","coordinates":[[[73.5164736381676,4.173432810343869],[73.51638109328368,4.17282576012578]]]}},{"type":"Feature","properties":{"OBJECTID":"161","roadEN":null,"roadDI":null,"deadEnd":1,"SHAPE_Leng":14.54374},"geometry":{"type":"MultiLineString","coordinates":[[[73.51629459525502,4.173321392177867],[73.51631886755669,4.173450645363069]]]}},{"type":"Feature","properties":{"OBJECTID":"162","roadEN":null,"roadDI":null,"deadEnd":1,"SHAPE_Leng":11.99683},"geometry":{"type":"MultiLineString","coordinates":[[[73.51639559464901,4.172920882142766],[73.51650242059944,4.172904526422402]]]}},{"type":"Feature","properties":{"OBJECTID":"165","roadEN":null,"roadDI":null,"deadEnd":1,"SHAPE_Leng":21.86949},"geometry":{"type":"MultiLineString","coordinates":[[[73.5168049984722,4.174127379993963],[73.51699915290084,4.174093949765215]]]}},{"type":"Feature","properties":{"OBJECTID":"166","roadEN":null,"roadDI":null,"deadEnd":1,"SHAPE_Leng":18.24331},"geometry":{"type":"MultiLineString","coordinates":[[[73.51682078920354,4.17404842543665],[73.51698310968689,4.174022727492854]]]}},{"type":"Feature","properties":{"OBJECTID":"167","roadEN":null,"roadDI":null,"deadEnd":1,"SHAPE_Leng":23.72279},"geometry":{"type":"MultiLineString","coordinates":[[[73.51675705550777,4.173989838410904],[73.51696802473431,4.173955759325125]]]}},{"type":"Feature","properties":{"OBJECTID":"168","roadEN":null,"roadDI":null,"deadEnd":1,"SHAPE_Leng":21.63276},"geometry":{"type":"MultiLineString","coordinates":[[[73.51675730211954,4.173902723271057],[73.51695070440896,4.173878867436231]]]}},{"type":"Feature","properties":{"OBJECTID":"169","roadEN":null,"roadDI":null,"deadEnd":1,"SHAPE_Leng":20.5295},"geometry":{"type":"MultiLineString","coordinates":[[[73.51673860105147,4.173778147860859],[73.5169205435436,4.173744971219703]]]}},{"type":"Feature","properties":{"OBJECTID":"176","roadEN":"Baru Joaraa Goalhi","roadDI":null,"deadEnd":0,"SHAPE_Leng":29.26286},"geometry":{"type":"MultiLineString","coordinates":[[[73.5168793115341,4.173561925724409],[73.51714107506022,4.173530875328902]]]}},{"type":"Feature","properties":{"OBJECTID":"179","roadEN":"Lansimoo Goalhi","roadDI":null,"deadEnd":0,"SHAPE_Leng":62.16963},"geometry":{"type":"MultiLineString","coordinates":[[[73.51639586940341,4.173444170752796],[73.51658610211133,4.174452909077796]]]}},{"type":"Feature","properties":{"OBJECTID":"180","roadEN":null,"roadDI":null,"deadEnd":1,"SHAPE_Leng":16.48798},"geometry":{"type":"MultiLineString","coordinates":[[[73.5166442073961,4.173960752076781],[73.51650004925379,4.173996604729633]]]}},{"type":"Feature","properties":{"OBJECTID":"184","roadEN":"Hithigas Magu","roadDI":null,"deadEnd":0,"SHAPE_Leng":9.947},"geometry":{"type":"MultiLineString","coordinates":[[[73.5173626738193,4.172505858701776],[73.51766543061056,4.172475310253385]],[[73.51733906966749,4.172508240377987],[73.51703493786549,4.172538927432155],[73.51694578981382,4.172547922492484],[73.5167040592094,4.172572313116027],[73.51651428884524,4.172591460894867],[73.51642811397676,4.17260272400598],[73.5163562857538,4.17261211199336],[73.51594511061477,4.172654804890377]]]}},{"type":"Feature","properties":{"OBJECTID":"185","roadEN":null,"roadDI":null,"deadEnd":0,"SHAPE_Leng":49.53731},"geometry":{"type":"MultiLineString","coordinates":[[[73.51763624662065,4.172201557868978],[73.51763272650444,4.172246218797567],[73.51762278463626,4.172289893158435],[73.51760663176026,4.172331655154048],[73.51758461028008,4.172370619524551],[73.51755718700075,4.172405960313355],[73.51752494323338,4.172436928375668],[73.51748856247288,4.172462867258538],[73.51744881590918,4.172483227116408],[73.5174065460799,4.1724975763664],[73.51736264901024,4.172505610837129]]]}},{"type":"Feature","properties":{"OBJECTID":"189","roadEN":null,"roadDI":null,"deadEnd":0,"SHAPE_Leng":44.82338},"geometry":{"type":"MultiLineString","coordinates":[[[73.51694578981382,4.172547922492484],[73.51690561212828,4.172543925431168],[73.51686642936737,4.172534149305577],[73.51682906166599,4.172518798740256],[73.51679429116777,4.17249819503831],[73.51676284565406,4.172472769456322],[73.51673538331066,4.172443054177586],[73.5167124789514,4.172409671172902],[73.51669461198675,4.172373319182099],[73.51668215638928,4.172334759088718],[73.51667537286613,4.172294797993968]]]}},{"type":"Feature","properties":{"OBJECTID":"194","roadEN":"Moonlait Hin'gun","roadDI":null,"deadEnd":0,"SHAPE_Leng":23.90772},"geometry":{"type":"MultiLineString","coordinates":[[[73.51651425734609,4.170736149751895],[73.5167040592094,4.172572313116027]]]}},{"type":"Feature","properties":{"OBJECTID":"195","roadEN":null,"roadDI":null,"deadEnd":0,"SHAPE_Leng":40.06692},"geometry":{"type":"MultiLineString","coordinates":[[[73.51653648800077,4.17095121114662],[73.51654815025039,4.170907456199629],[73.51656615677054,4.170865926142529],[73.5165901079914,4.170827542537236],[73.51661947242911,4.170793157125222],[73.51665359847945,4.170763532926903],[73.51669172887718,4.17073932731044],[73.51673301749976,4.170721077404327],[73.51677654814316,4.170709188178595]]]}},{"type":"Feature","properties":{"OBJECTID":"196","roadEN":"Ameenee Magu","roadDI":"އަމީނީ މަގު","deadEnd":0,"SHAPE_Leng":30.57648},"geometry":{"type":"MultiLineString","coordinates":[[[73.51678815594381,4.170707168428038],[73.51651425734609,4.170736149751895],[73.51623718746579,4.170765466527306],[73.51562549597023,4.170830189261847],[73.51534258785351,4.170860123440079],[73.51501790740397,4.17089447736678],[73.51451780154923,4.170947392500238],[73.51441055744328,4.170959095161639],[73.51410468921044,4.170992471943773],[73.51380280117748,4.171024805694293],[73.51343861244844,4.171063812003413],[73.51319230727933,4.171088365985452],[73.51288491723786,4.171119009359068],[73.51272820352587,4.171134631926927],[73.51258688208742,4.171149404192679],[73.51196967689964,4.171213920054242],[73.51158773927497,4.171253843367044],[73.51136714328106,4.171278779127864],[73.51075926476733,4.171347494150851],[73.51033381707035,4.171395583519519],[73.51015586623889,4.171413875545258],[73.50986439727724,4.171443836300587],[73.50976457262577,4.171455132606819],[73.50955214165236,4.171479171567023],[73.50915706175684,4.171523879149221],[73.50894261164188,4.171546264089602],[73.50853331307424,4.171588987718029],[73.50833608710568,4.171610178311405],[73.5080276910031,4.171643313276507],[73.50794123295867,4.171652602554551],[73.50772784578047,4.171676323287614],[73.5074312552655,4.171709293040418],[73.50730298512701,4.171723551836902],[73.50711952153223,4.171741687486685],[73.50670763786148,4.17178240263642],[73.50650781637685,4.171803662646256],[73.50616108415518,4.171840553097795],[73.50590356378477,4.171868033986301],[73.5054773868805,4.171913512599008],[73.50529330323374,4.171933324355148],[73.50487121098766,4.171978751294905],[73.50468234930572,4.171999500478334],[73.50457039024117,4.172011803066304],[73.50415996227463,4.172056948921323],[73.50407798264571,4.172063975259024],[73.50399491768023,4.172071094609909],[73.50357426319694,4.172115532839103],[73.5034821493908,4.172127459807644],[73.50348201334803,4.172127477422571],[73.50337506217905,4.172141325529905],[73.50299454938848,4.172182042995296],[73.50287274762222,4.172195045557511],[73.50273355159572,4.172209904964357],[73.50242080172795,4.172243538258118],[73.50224461643425,4.172260059357135],[73.50204464822653,4.172278810557098],[73.5018289981878,4.172301906026139],[73.5009850619821,4.172392288443858]],[[73.51677654814316,4.170709188178629],[73.51681654381231,4.170704164690169],[73.5171736208532,4.170666769396806],[73.51721633419736,4.170664813101517],[73.51725889161445,4.170668964099192],[73.51730043126217,4.170679138327398],[73.51734011190928,4.170695129745161],[73.51737712997142,4.170716614506024],[73.5174107357848,4.17074315751624],[73.51744024878776,4.170774221245777],[73.51746507130316,4.170809176614081],[73.51748470064206,4.170847315729714],[73.51749873928391,4.170887866226184],[73.51750691459183,4.170930005693815]]]}},{"type":"Feature","properties":{"OBJECTID":"200","roadEN":"Kin'bigas Magu","roadDI":null,"deadEnd":0,"SHAPE_Leng":50.69688},"geometry":{"type":"MultiLineString","coordinates":[[[73.51580756479015,4.172531073668073],[73.51537069875297,4.172664563793043],[73.51531493501864,4.172681603107685],[73.51520628302264,4.172713195993053],[73.51510394959979,4.172742951600857],[73.51503765315661,4.172764470448985],[73.5150196276085,4.172770321274883],[73.51496085644557,4.172789397519876],[73.51462565595719,4.172899513297464]]]}},{"type":"Feature","properties":{"OBJECTID":"201","roadEN":"Kaasinji Magu","roadDI":null,"deadEnd":0,"SHAPE_Leng":28.4677},"geometry":{"type":"MultiLineString","coordinates":[[[73.51459573591362,4.172794188760863],[73.51460028046398,4.17284478350023],[73.51462565595719,4.172899513297464],[73.51466898650659,4.172992968501447],[73.51490721092635,4.173508904003783]],[[73.5148959498929,4.173514422151976],[73.51491871130312,4.173574481552034],[73.51503025021178,4.173825157189476],[73.51515568946822,4.174107072734229],[73.51516100626435,4.174119021841459],[73.51526559916726,4.174354086631341],[73.51529608881103,4.174422609827158],[73.51536616649345,4.174580104152952]]]}},{"type":"Feature","properties":{"OBJECTID":"202","roadEN":"Dhoohimeri Magu","roadDI":null,"deadEnd":0,"SHAPE_Leng":8.83356},"geometry":{"type":"MultiLineString","coordinates":[[[73.51459573591362,4.172794188760863],[73.51451663214799,4.172802803966276],[73.51435969308432,4.172819896203029],[73.51407159732832,4.172851272630895],[73.51399683386164,4.172859501834158],[73.51390299598732,4.172869830543809],[73.51384757291574,4.172875092351188],[73.51338547255705,4.172918968167271]]]}},{"type":"Feature","properties":{"OBJECTID":"204","roadEN":null,"roadDI":null,"deadEnd":1,"SHAPE_Leng":16.11171},"geometry":{"type":"MultiLineString","coordinates":[[[73.51727681224257,4.172986244707328],[73.51729185038909,4.173131171409445]]]}},{"type":"Feature","properties":{"OBJECTID":"205","roadEN":null,"roadDI":null,"deadEnd":1,"SHAPE_Leng":20.7303},"geometry":{"type":"MultiLineString","coordinates":[[[73.51744872423706,4.173113323415532],[73.51742936657399,4.17292685285935]]]}},{"type":"Feature","properties":{"OBJECTID":"208","roadEN":"Raiyvilaa Magu","roadDI":null,"deadEnd":0,"SHAPE_Leng":7.85816},"geometry":{"type":"MultiLineString","coordinates":[[[73.51625140857514,4.172885483470187],[73.51638109328368,4.17282576012578],[73.51644987993312,4.172809005016739]],[[73.51624390942558,4.172888937031981],[73.51597209319364,4.173014115701175],[73.51585968376266,4.1730708628449],[73.51560760865338,4.173184812470435],[73.51537620157194,4.173289419075702],[73.51529778417331,4.173324959471156],[73.51523151003512,4.173354996278708],[73.51498504586317,4.173470763205573],[73.51490721092635,4.173508904003783],[73.5148959498929,4.173514422151976],[73.51479223796088,4.173565243213164],[73.51451754644148,4.173692661761979]]]}},{"type":"Feature","properties":{"OBJECTID":"216","roadEN":"Mushtharee Magu","roadDI":null,"deadEnd":0,"SHAPE_Leng":14.22969},"geometry":{"type":"MultiLineString","coordinates":[[[73.51564281224387,4.17405572361498],[73.51558859407733,4.173939113827581],[73.51545272710283,4.173646897668714],[73.51539176660937,4.173521729893747],[73.51538955271663,4.173517184194646],[73.51535355834412,4.173443278357173],[73.51529778417331,4.173324959471156],[73.5152489977902,4.173221464403641],[73.51503765315661,4.172764470448985]]]}},{"type":"Feature","properties":{"OBJECTID":"222","roadEN":null,"roadDI":null,"deadEnd":1,"SHAPE_Leng":26.43867},"geometry":{"type":"MultiLineString","coordinates":[[[73.51523620843463,4.17372455080405],[73.51522070141192,4.173731495498373],[73.51521625521526,4.173723300747631],[73.51503025021178,4.173825157189476]]]}},{"type":"Feature","properties":{"OBJECTID":"224","roadEN":null,"roadDI":null,"deadEnd":1,"SHAPE_Leng":19.64539},"geometry":{"type":"MultiLineString","coordinates":[[[73.51522961912865,4.17359321491722],[73.51538955271663,4.173517184194646]]]}},{"type":"Feature","properties":{"OBJECTID":"225","roadEN":null,"roadDI":null,"deadEnd":1,"SHAPE_Leng":19.11981},"geometry":{"type":"MultiLineString","coordinates":[[[73.51564868841471,4.173330866838675],[73.51569872502382,4.173496323460538]]]}},{"type":"Feature","properties":{"OBJECTID":"226","roadEN":null,"roadDI":null,"deadEnd":1,"SHAPE_Leng":20.0037},"geometry":{"type":"MultiLineString","coordinates":[[[73.51578226754751,4.173489408764226],[73.5157570741909,4.173310276544174]]]}},{"type":"Feature","properties":{"OBJECTID":"227","roadEN":null,"roadDI":null,"deadEnd":1,"SHAPE_Leng":17.26961},"geometry":{"type":"MultiLineString","coordinates":[[[73.51574349973498,4.173644033439006],[73.5156911870947,4.173496947363784]]]}},{"type":"Feature","properties":{"OBJECTID":"228","roadEN":null,"roadDI":null,"deadEnd":1,"SHAPE_Leng":6.48179},"geometry":{"type":"MultiLineString","coordinates":[[[73.51570728507778,4.173815433869521],[73.51573755033688,4.173865562769541]]]}},{"type":"Feature","properties":{"OBJECTID":"229","roadEN":null,"roadDI":null,"deadEnd":1,"SHAPE_Leng":18.42862},"geometry":{"type":"MultiLineString","coordinates":[[[73.51558859407733,4.173939113827581],[73.51573755033688,4.173865562769541]]]}},{"type":"Feature","properties":{"OBJECTID":"230","roadEN":null,"roadDI":null,"deadEnd":1,"SHAPE_Leng":15.26578},"geometry":{"type":"MultiLineString","coordinates":[[[73.51583770510335,4.174030119083764],[73.51579250630917,4.173899730142971]]]}},{"type":"Feature","properties":{"OBJECTID":"231","roadEN":null,"roadDI":null,"deadEnd":1,"SHAPE_Leng":20.00865},"geometry":{"type":"MultiLineString","coordinates":[[[73.5158648117744,4.174209016492224],[73.515845082625,4.174029149842585]]]}},{"type":"Feature","properties":{"OBJECTID":"238","roadEN":"Muiythoshi Goalhi","roadDI":null,"deadEnd":0,"SHAPE_Leng":34.36183},"geometry":{"type":"MultiLineString","coordinates":[[[73.51537069875297,4.172664563793076],[73.51549939846844,4.172947185454632]]]}},{"type":"Feature","properties":{"OBJECTID":"241","roadEN":null,"roadDI":null,"deadEnd":1,"SHAPE_Leng":15.3999},"geometry":{"type":"MultiLineString","coordinates":[[[73.51562531095834,4.172888747761848],[73.51549939846844,4.172947185454632]]]}},{"type":"Feature","properties":{"OBJECTID":"242","roadEN":"Muiythoshi Goalhi","roadDI":null,"deadEnd":0,"SHAPE_Leng":28.89127},"geometry":{"type":"MultiLineString","coordinates":[[[73.51549939846844,4.172947185454632],[73.51560760865338,4.173184812470435]]]}},{"type":"Feature","properties":{"OBJECTID":"244","roadEN":"Janavaree Hin'gun","roadDI":null,"deadEnd":0,"SHAPE_Leng":25.83108},"geometry":{"type":"MultiLineString","coordinates":[[[73.51594511061477,4.172654804890377],[73.51587745917377,4.172661829213419],[73.5158660067145,4.172660117057781],[73.51585502127793,4.172656443472918],[73.51584483344725,4.17265091900752],[73.51583574980327,4.17264370990853],[73.51582804369876,4.172635033118389],[73.51582194703228,4.172625149746345],[73.51581764326986,4.172614357211327],[73.51581526192385,4.172602980291487],[73.51580756479015,4.172531073668073],[73.51579375780886,4.172402088869296],[73.51575650507426,4.172054074017044],[73.51569177463746,4.171449363096553],[73.51565982450053,4.171150885548119],[73.51562549597023,4.170830189261847]]]}},{"type":"Feature","properties":{"OBJECTID":"250","roadEN":"Raiyvilaa Hin'gun","roadDI":null,"deadEnd":0,"SHAPE_Leng":22.93758},"geometry":{"type":"MultiLineString","coordinates":[[[73.51644987993312,4.172809005016739],[73.51643804165931,4.172688595149905],[73.51642811397676,4.17260272400598],[73.51641823187187,4.172517247103666],[73.51639540363514,4.17229930278916],[73.5163631280861,4.171991163827869],[73.51629941092074,4.171382848063825],[73.51624690699101,4.170881586956918],[73.51623718746579,4.17076546652734],[73.51622941687849,4.170672630339628],[73.51617992076385,4.170194127825398]]]}},{"type":"Feature","properties":{"OBJECTID":"256","roadEN":"Lonu Ziyaaraiy Magu","roadDI":"ލޮނު ޒިޔާރަތް މަގު","deadEnd":0,"SHAPE_Leng":48.52069},"geometry":{"type":"MultiLineString","coordinates":[[[73.50984780755721,4.172688309659283],[73.51028243533034,4.17264220939245],[73.51051281951958,4.172617772809398],[73.51058941878125,4.172609482131742],[73.51089142525902,4.172576794975164],[73.51139681796506,4.17252209325525],[73.51149900525782,4.172511032947359],[73.51173424784957,4.17248557125908],[73.51191465667671,4.172465389601645],[73.5119281123169,4.172463884367967],[73.51210478798266,4.172444121291258],[73.51234833604578,4.172416875339519],[73.51247485522441,4.172403412611458],[73.51261204984779,4.172388813899829],[73.51271327003278,4.172378043167746],[73.51285778240047,4.172362665736548],[73.51332304414619,4.172314922194485],[73.51344695602074,4.172302206739655],[73.5136388909377,4.172281778873941],[73.51393132516009,4.172250654649512],[73.5140517180966,4.172237841010371],[73.51411995574563,4.172230252993923],[73.51429323860592,4.172210983937278],[73.51453392466331,4.172184219576351],[73.51465628465256,4.172170613079139],[73.51472232609957,4.172163556392416],[73.51494516551641,4.172139745423672],[73.51505168337808,4.172128363690589],[73.51514532570175,4.172117600699061],[73.51525896411098,4.172104538104743],[73.51545136087026,4.172084115968001],[73.51546747400526,4.172082405621738],[73.51556054377485,4.172072526622594],[73.51566171285508,4.172061787899436],[73.51575650507426,4.172054074017044],[73.5158595228294,4.17204569321445],[73.51601038903108,4.172029168827306],[73.5162726436767,4.17200044398148],[73.5163631280861,4.171991163827869],[73.51645553649318,4.171981684867458],[73.51664099440988,4.17196221687317]]]}},{"type":"Feature","properties":{"OBJECTID":"262","roadEN":null,"roadDI":null,"deadEnd":1,"SHAPE_Leng":33.55536},"geometry":{"type":"MultiLineString","coordinates":[[[73.51609481331427,4.17233104224522],[73.51639540363514,4.17229930278916]]]}},{"type":"Feature","properties":{"OBJECTID":"263","roadEN":null,"roadDI":null,"deadEnd":1,"SHAPE_Leng":17.31043},"geometry":{"type":"MultiLineString","coordinates":[[[73.5160285996692,4.172184649395271],[73.51601038903108,4.172029168827306]]]}},{"type":"Feature","properties":{"OBJECTID":"266","roadEN":null,"roadDI":null,"deadEnd":1,"SHAPE_Leng":21.10695},"geometry":{"type":"MultiLineString","coordinates":[[[73.51611019059229,4.171595186193618],[73.51608859479522,4.171405534732637]]]}},{"type":"Feature","properties":{"OBJECTID":"267","roadEN":null,"roadDI":null,"deadEnd":1,"SHAPE_Leng":22.74317},"geometry":{"type":"MultiLineString","coordinates":[[[73.51598516242073,4.171417303471265],[73.51600843227835,4.171621656731107]]]}},{"type":"Feature","properties":{"OBJECTID":"268","roadEN":null,"roadDI":null,"deadEnd":1,"SHAPE_Leng":25.9716},"geometry":{"type":"MultiLineString","coordinates":[[[73.51472232609957,4.172163556392416],[73.51474704922272,4.172397122684179]]]}},{"type":"Feature","properties":{"OBJECTID":"269","roadEN":null,"roadDI":null,"deadEnd":1,"SHAPE_Leng":24.60403},"geometry":{"type":"MultiLineString","coordinates":[[[73.51496858687413,4.172361012957412],[73.51494516551641,4.172139745423672]]]}},{"type":"Feature","properties":{"OBJECTID":"270","roadEN":null,"roadDI":null,"deadEnd":1,"SHAPE_Leng":29.88876},"geometry":{"type":"MultiLineString","coordinates":[[[73.51490788745477,4.172448339833218],[73.51517560106787,4.172419773527873]]]}},{"type":"Feature","properties":{"OBJECTID":"271","roadEN":null,"roadDI":null,"deadEnd":1,"SHAPE_Leng":19.03279},"geometry":{"type":"MultiLineString","coordinates":[[[73.5150196276085,4.172770321274883],[73.51494779117346,4.172614032957907]]]}},{"type":"Feature","properties":{"OBJECTID":"272","roadEN":null,"roadDI":null,"deadEnd":1,"SHAPE_Leng":19.70121},"geometry":{"type":"MultiLineString","coordinates":[[[73.51451663214799,4.172802803966276],[73.51449761072239,4.172625656934037]]]}},{"type":"Feature","properties":{"OBJECTID":"276","roadEN":null,"roadDI":null,"deadEnd":1,"SHAPE_Leng":20.2371},"geometry":{"type":"MultiLineString","coordinates":[[[73.51557947090416,4.172254557492161],[73.51556054377485,4.172072526622594]]]}},{"type":"Feature","properties":{"OBJECTID":"277","roadEN":null,"roadDI":null,"deadEnd":1,"SHAPE_Leng":27.66782},"geometry":{"type":"MultiLineString","coordinates":[[[73.51545136087026,4.172084115967967],[73.51547724368412,4.172332984831623]]]}},{"type":"Feature","properties":{"OBJECTID":"278","roadEN":null,"roadDI":null,"deadEnd":1,"SHAPE_Leng":22.57527},"geometry":{"type":"MultiLineString","coordinates":[[[73.51559153153887,4.172423479992373],[73.51579375780886,4.172402088869296]]]}},{"type":"Feature","properties":{"OBJECTID":"282","roadEN":"Kalaafaanu Hin'gun","roadDI":null,"deadEnd":0,"SHAPE_Leng":66.84958},"geometry":{"type":"MultiLineString","coordinates":[[[73.51546747400526,4.172082405621703],[73.51541534139216,4.171589899041477],[73.51540600790032,4.171481008080812],[73.51539724660485,4.171378792787151],[73.51534258785351,4.170860123440079]]]}},{"type":"Feature","properties":{"OBJECTID":"284","roadEN":"Buruzu Magu","roadDI":"ބުރުޒު މަގު","deadEnd":0,"SHAPE_Leng":67.41347},"geometry":{"type":"MultiLineString","coordinates":[[[73.50082059058191,4.17304041822109],[73.50215049613136,4.172890828491892],[73.50231292335852,4.172878634293622],[73.50241510336366,4.172870963128109],[73.50284404036196,4.172824819490093],[73.50293882427059,4.172814699180763],[73.50304737879337,4.172803108534403],[73.50344725059053,4.172760235481977],[73.50354507078328,4.17275164789849],[73.50363460150585,4.172743788032064],[73.50405529474286,4.172699951664336],[73.50414268710789,4.172688971328029],[73.50421908731647,4.172679375722605],[73.50445563216257,4.172653894513908],[73.50459806104413,4.172638551678155],[73.50474746263122,4.172621360814661],[73.50487463574112,4.172606727642468],[73.50525714794615,4.17256477027798],[73.50535730029276,4.172553784638806],[73.505445794793,4.172544077729111],[73.50583927952496,4.17250162540008],[73.50596581829481,4.172489315817545],[73.50606148514811,4.172480009414174],[73.50640535269758,4.1724435324599],[73.50647554574498,4.172436086466954],[73.50657276397577,4.172425596868597],[73.5066719163425,4.172414898568768],[73.50670352204249,4.172411372070107],[73.50682648041033,4.172397652616787],[73.5069319044218,4.172385889596144],[73.50706599595594,4.172370927883358],[73.50718680495609,4.172358605279888],[73.50741778381908,4.172335045217691],[73.50779547484717,4.172294882361229],[73.50803150906276,4.17226978288929],[73.50840222346957,4.172230178420906],[73.50862965980212,4.172205880662258],[73.50901073231455,4.17216352183581],[73.50917953365145,4.172144758345092],[73.50931324376177,4.172130724633062],[73.50940760506136,4.172120820810209],[73.50961717178114,4.172098824891806],[73.50985115773685,4.172074266954215],[73.51022026797263,4.172034430579524],[73.51044944480569,4.172009696482265],[73.51082417242962,4.17197080705605],[73.5111330681397,4.171938749557156],[73.51143393406049,4.171907525273818],[73.51179825814125,4.171869715050698],[73.51204116227737,4.171842732027091],[73.51234747998036,4.171808704588621],[73.51265145572002,4.171774934645847],[73.51282249847208,4.171755936695686],[73.51295078396174,4.171742214407984],[73.51325893415172,4.171709252346353],[73.51346207875369,4.171687522621268],[73.51356806891931,4.171676102595046],[73.51386739114588,4.17164385171233],[73.51407229511267,4.171621773984171],[73.51416648528992,4.17161166433235],[73.5144721277887,4.171578857094655],[73.51467816441244,4.171556744406544],[73.51508174977515,4.171516634468554],[73.5152230082227,4.171502595583601],[73.51540600790032,4.171481008080812],[73.51556755557549,4.171461951119168],[73.51569177463746,4.171449363096553],[73.51579805237559,4.171438593182498],[73.51598516242073,4.171417303471265],[73.51608859479522,4.171405534732637],[73.51617925933083,4.171395218731833],[73.51629941092074,4.171382848063825],[73.51657813935853,4.171354150432904]]]}},{"type":"Feature","properties":{"OBJECTID":"294","roadEN":null,"roadDI":null,"deadEnd":1,"SHAPE_Leng":28.85094},"geometry":{"type":"MultiLineString","coordinates":[[[73.51565982450053,4.171150885548119],[73.51591804003927,4.171121465447714]]]}},{"type":"Feature","properties":{"OBJECTID":"296","roadEN":"Moonimaa Hin'gun","roadDI":null,"deadEnd":0,"SHAPE_Leng":47.85612},"geometry":{"type":"MultiLineString","coordinates":[[[73.51492543716998,4.169986977965485],[73.51496967317355,4.170417493678682],[73.51500653868551,4.170776278209115],[73.51501790740397,4.17089447736678],[73.5150311939898,4.171032616391715],[73.5150700978666,4.17141987487378],[73.51508174977515,4.171516634468554],[73.51509318654554,4.171611634548006],[73.51513644725036,4.172019770836631],[73.51514532570175,4.172117600699061],[73.51515400951578,4.172213285914125],[73.51517560106787,4.172419773527873],[73.51518049585518,4.172466584112661],[73.51520628302264,4.172713195993053]]]}},{"type":"Feature","properties":{"OBJECTID":"306","roadEN":"Irudheymaa Hin'gun","roadDI":null,"deadEnd":0,"SHAPE_Leng":67.79601},"geometry":{"type":"MultiLineString","coordinates":[[[73.51459573591362,4.172794188760863],[73.51458862517094,4.172715024468357],[73.5145428279863,4.172282021728296],[73.51453392466331,4.172184219576351],[73.51452302994448,4.172064542162814],[73.51449272080038,4.171779459158082],[73.5144721277887,4.171578857094655],[73.51445997496131,4.171460472987095],[73.51441055744328,4.170959095161639]]]}},{"type":"Feature","properties":{"OBJECTID":"312","roadEN":"Fenmeeru Hin'gun","roadDI":null,"deadEnd":0,"SHAPE_Leng":136.02026},"geometry":{"type":"MultiLineString","coordinates":[[[73.51496967317355,4.170417493678682],[73.51374999347186,4.17053404019335]]]}},{"type":"Feature","properties":{"OBJECTID":"314","roadEN":"Dhon Adharaadha Hin'gun","roadDI":null,"deadEnd":0,"SHAPE_Leng":28.28526},"geometry":{"type":"MultiLineString","coordinates":[[[73.51304255662662,4.169675914855446],[73.51306035820049,4.169844035685706],[73.5131250466474,4.17045496384413],[73.51313959586246,4.170592369073844],[73.5131778022617,4.17095319687843],[73.51319230727933,4.171088365985452],[73.51319231116099,4.171088402157805],[73.51322679760129,4.171409773922908],[73.51325893415172,4.171709252346353],[73.51329994569674,4.17209142595935],[73.51332304414619,4.172314922194485],[73.51335917612512,4.172664528583295],[73.51336047661346,4.17267711187348],[73.51338547255705,4.172918968167271],[73.51340006775811,4.173060188779837]]]}},{"type":"Feature","properties":{"OBJECTID":"324","roadEN":null,"roadDI":null,"deadEnd":1,"SHAPE_Leng":48.74619},"geometry":{"type":"MultiLineString","coordinates":[[[73.51427319399964,4.171298760334548],[73.51383626945643,4.171342364265384]]]}},{"type":"Feature","properties":{"OBJECTID":"325","roadEN":null,"roadDI":null,"deadEnd":1,"SHAPE_Leng":49.80217},"geometry":{"type":"MultiLineString","coordinates":[[[73.5136730236087,4.171363604268245],[73.51322679760129,4.171409773922908]]]}},{"type":"Feature","properties":{"OBJECTID":"327","roadEN":"Kashimaa Hin'gun","roadDI":null,"deadEnd":0,"SHAPE_Leng":27.37654},"geometry":{"type":"MultiLineString","coordinates":[[[73.51402611944468,4.173105337077936],[73.51400635261493,4.172938465357936],[73.51399683386164,4.172859501834158],[73.51398586315067,4.172768493496802],[73.51396344811255,4.17255792816856],[73.51394329466595,4.172368608140006],[73.51393132516009,4.172250654649512],[73.51392024941762,4.172141508773766],[73.51387998862211,4.171764442716208],[73.51386739114588,4.17164385171233],[73.51385736278432,4.171547853916159],[73.51383626945643,4.171342364265384],[73.51381722907155,4.17115687430216],[73.51380280117748,4.171024805694293],[73.51378938348141,4.170901984160523],[73.51374999347186,4.17053404019335]]]}},{"type":"Feature","properties":{"OBJECTID":"330","roadEN":"Fenmeeru Hin'gun","roadDI":null,"deadEnd":0,"SHAPE_Leng":68.07238},"geometry":{"type":"MultiLineString","coordinates":[[[73.51374999347186,4.17053404019335],[73.51313959586246,4.170592369073844]]]}},{"type":"Feature","properties":{"OBJECTID":"338","roadEN":null,"roadDI":null,"deadEnd":1,"SHAPE_Leng":17.20703},"geometry":{"type":"MultiLineString","coordinates":[[[73.51430961839316,4.17236572920454],[73.51429323860592,4.172210983937278]]]}},{"type":"Feature","properties":{"OBJECTID":"339","roadEN":null,"roadDI":null,"deadEnd":1,"SHAPE_Leng":28.09421},"geometry":{"type":"MultiLineString","coordinates":[[[73.51414669923652,4.172482908162605],[73.51411995574563,4.172230252993923]]]}},{"type":"Feature","properties":{"OBJECTID":"340","roadEN":null,"roadDI":null,"deadEnd":1,"SHAPE_Leng":33.2993},"geometry":{"type":"MultiLineString","coordinates":[[[73.51426170680644,4.172526073929706],[73.51396344811255,4.17255792816856]]]}},{"type":"Feature","properties":{"OBJECTID":"343","roadEN":null,"roadDI":null,"deadEnd":1,"SHAPE_Leng":32.44419},"geometry":{"type":"MultiLineString","coordinates":[[[73.5138164976262,4.172583337677604],[73.51384757291574,4.172875092351188]]]}},{"type":"Feature","properties":{"OBJECTID":"344","roadEN":null,"roadDI":null,"deadEnd":1,"SHAPE_Leng":14.64279},"geometry":{"type":"MultiLineString","coordinates":[[[73.51357308375844,4.172774867081804],[73.51355880288767,4.172643219419646]]]}},{"type":"Feature","properties":{"OBJECTID":"345","roadEN":null,"roadDI":null,"deadEnd":1,"SHAPE_Leng":22.28734},"geometry":{"type":"MultiLineString","coordinates":[[[73.51355880288767,4.172643219419646],[73.51335917612512,4.172664528583295]]]}},{"type":"Feature","properties":{"OBJECTID":"348","roadEN":null,"roadDI":null,"deadEnd":1,"SHAPE_Leng":39.37975},"geometry":{"type":"MultiLineString","coordinates":[[[73.51360568986375,4.172030235809618],[73.51356806891931,4.171676102595046]]]}},{"type":"Feature","properties":{"OBJECTID":"350","roadEN":null,"roadDI":null,"deadEnd":1,"SHAPE_Leng":39.43078},"geometry":{"type":"MultiLineString","coordinates":[[[73.51420424618503,4.171966246727798],[73.51416648528992,4.17161166433235]]]}},{"type":"Feature","properties":{"OBJECTID":"356","roadEN":null,"roadDI":null,"deadEnd":1,"SHAPE_Leng":12.88898},"geometry":{"type":"MultiLineString","coordinates":[[[73.51411137758122,4.172994578095392],[73.51411795135658,4.173110956238641]]]}},{"type":"Feature","properties":{"OBJECTID":"358","roadEN":"Rahdhebai Magu","roadDI":"ރަށްދެބައި މަގު","deadEnd":0,"SHAPE_Leng":1.8788},"geometry":{"type":"MultiLineString","coordinates":[[[73.50979465943207,4.172449257037421],[73.50979837496267,4.172465833873189],[73.50979998326726,4.172473009322369],[73.50980826220656,4.172509945800534],[73.50981807397399,4.172553720988615],[73.50982184168237,4.172570534388599],[73.50982278304012,4.172574737852284],[73.50982372401837,4.172578941391698],[73.50982466454116,4.172583145022036],[73.50982560453261,4.17258734875852],[73.50982654391677,4.172591552616183],[73.50982748261777,4.17259575661026],[73.50982795168835,4.172597858663175],[73.50982842055967,4.172599960755869],[73.50982888922223,4.172602062890248],[73.50982935766659,4.172604165068179],[73.50982982588319,4.172606267291582],[73.50983029386259,4.172608369562358],[73.50983076159531,4.172610471882393],[73.5098312290718,4.172612574253522],[73.50983169628263,4.172614676677716],[73.50983216321829,4.172616779156875],[73.5098326298693,4.172618881692851],[73.50983309622616,4.172620984287517],[73.50983356227938,4.172623086942854],[73.50983402801948,4.172625189660647],[73.50983449343698,4.172627292442903],[73.50983495852235,4.172629395291438],[73.50983542326617,4.172631498208139],[73.50983588765888,4.172633601194972],[73.50983611972063,4.172634652715246],[73.50983635169105,4.172635704253759],[73.50983658356894,4.172636755810743],[73.50983681535315,4.17263780738645],[73.50983704704248,4.172638858981062],[73.50983727863573,4.172639910594883],[73.5098375101317,4.172640962228124],[73.50983774152927,4.172642013880991],[73.50983797282716,4.172643065553762],[73.50983820402426,4.17264411724666],[73.50983843511936,4.172645168959915],[73.50983866611126,4.172646220693795],[73.5098388969988,4.172647272448499],[73.50983912778078,4.172648324224278],[73.50983935845602,4.172649376021401],[73.5098395890233,4.172650427840032],[73.5098398194815,4.172651479680455],[73.50984004982935,4.172652531542871],[73.50984028006573,4.172653583427565],[73.50984051018945,4.172654635334784],[73.50984074019928,4.172655687264697],[73.50984097009407,4.172656739217572],[73.50984119987264,4.172657791193673],[73.50984142953378,4.172658843193254],[73.50984165907632,4.172659895216447],[73.50984188849904,4.1726609472636],[73.50984211780079,4.172661999334882],[73.50984234698039,4.17266305143056],[73.50984257603663,4.172664103550852],[73.50984280496832,4.172665155696041],[73.50984303377429,4.17266620786629],[73.50984326245337,4.172667260061922],[73.50984349100436,4.172668312283083],[73.50984371942604,4.172669364530076],[73.50984394771729,4.172670416803101],[73.50984417587684,4.172671469102438],[73.50984440390357,4.172672521428258],[73.50984463179627,4.172673573780844],[73.50984485955377,4.172674626160428],[73.50984508717485,4.172675678567243],[73.50984531465838,4.172676731001526],[73.50984554200312,4.172677783463542],[73.5098457692079,4.172678835953476],[73.50984599627155,4.172679888471575],[73.50984622319287,4.172680941018108],[73.50984644997065,4.172681993593275],[73.50984667660376,4.172683046197327],[73.50984690309096,4.172684098830548],[73.5098471294311,4.172685151493071],[73.50984735562298,4.172686204185226],[73.50984758166541,4.17268725690722],[73.50984780755721,4.172688309659283],[73.50984940122889,4.172695929408506],[73.50985019745676,4.172699737831039],[73.5098509929551,4.172703544511102],[73.50985178748064,4.172707348867722],[73.50985218430266,4.172709249993254],[73.50985258079028,4.172711150320219],[73.50985297691314,4.172713049775821],[73.50985337264082,4.172714948287587],[73.50985376794291,4.172716845782867],[73.50985416278905,4.172718742189089],[73.5098545571488,4.172720637433641],[73.50985495099177,4.172722531443929],[73.5098553442876,4.17272442414729],[73.50985573700585,4.172726315471182],[73.50985612911613,4.172728205342943],[73.50985632493378,4.172729149711578],[73.50985652058804,4.172730093690032],[73.50985671607515,4.172731037269068],[73.50985691139122,4.172731980439801],[73.50985710653251,4.17273292319296],[73.5098573014952,4.172733865519609],[73.50985749627553,4.172734807410644],[73.50985769086965,4.172735748856929],[73.5098578852738,4.172736689849458],[73.50985807948415,4.172737630379112],[73.50985827349689,4.172738570436873],[73.50985846730826,4.172739510013586],[73.50985866091446,4.172740449100215],[73.50985885431163,4.172741387687722],[73.50985904749606,4.172742325766954],[73.50985924046387,4.172743263328909],[73.5098594332113,4.172744200364449],[73.50985962573455,4.172745136864536],[73.50985981802982,4.172746072820085],[73.50986001009329,4.172747008222027],[73.50986020192119,4.172747943061289],[73.50986039350967,4.172748877328752],[73.50986058485499,4.172749811015398],[73.5098607759533,4.17275074411212],[73.50986096680087,4.172751676609885],[73.50986115739381,4.172752608499536],[73.50986134772837,4.172753539772089],[73.50986153780076,4.172754470418355],[73.50986172760716,4.172755400429399],[73.50986191714378,4.172756329796051],[73.5098621064068,4.172757258509222],[73.50986229539247,4.172758186559911],[73.50986248409693,4.172759113939016],[73.5098626725164,4.17276004063741],[73.5098628606471,4.172760966646047],[73.50986295460298,4.172761429388903],[73.50986304848523,4.172761891955886],[73.50986314229337,4.172762354345923],[73.50986323602696,4.172762816557826],[73.50986332968549,4.172763278590524],[73.5098634232685,4.172763740442779],[73.50986351677551,4.172764202113569],[73.50986361020607,4.172764663601744],[73.50986370355966,4.172765124906057],[73.50986379683586,4.172765586025514],[73.50986389003413,4.1727660469589],[73.50986398315405,4.172766507705069],[73.50986407619511,4.172766968262961],[73.50986416915687,4.172767428631393],[73.50986426203882,4.172767888809235],[73.5098643548405,4.172768348795345],[73.50986444756145,4.172768808588605],[73.50986454020116,4.172769268187873],[73.50986463275919,4.172769727592033],[73.50986472523503,4.17277018679989],[73.50986481762824,4.172770645810381],[73.50986490993833,4.172771104622343],[73.50986500216482,4.17277156323463],[73.50986509430724,4.172772021646145],[73.50986518636512,4.172772479855676],[73.509865278338,4.172772937862176],[73.50986537022536,4.172773395664535],[73.50986546202674,4.172773853261417],[73.50986555374169,4.172774310651932],[73.50986564536969,4.172774767834815],[73.50986573691033,4.172775224808968],[73.50986582836309,4.172775681573212],[73.50986591972752,4.172776138126436],[73.50986601100311,4.172776594467609],[73.5098661021894,4.172777050595419],[73.50986619328593,4.172777506508835],[73.50986628429224,4.172777962206728],[73.50986637520779,4.172778417687936],[73.50986646603218,4.172778872951328],[73.50986655676486,4.172779327995742],[73.50986664740542,4.172779782820098],[73.50986673795336,4.172780237423233],[73.5098668284082,4.172780691804002],[73.5098669187695,4.17278114596129],[73.50986700903671,4.172781599893984],[73.50986709920942,4.172782053600891],[73.50986718928714,4.172782507080928],[73.50986727926937,4.172782960332917],[73.50986736915569,4.172783413355744],[73.50986745894556,4.172783866148298],[73.50986754863855,4.172784318709398],[73.50986763823417,4.172784771037997],[73.50986772773193,4.172785223132816],[73.50986781713138,4.172785674992827],[73.50986790643206,4.172786126616914],[73.50986799563344,4.172786578003885],[73.5098680847351,4.172787029152588],[73.50986817373652,4.172787480061949],[73.50986826263726,4.172787930730819],[73.50986835143681,4.172788381157969],[73.50986844013472,4.172788831342436],[73.50986852873054,4.172789281283007],[73.50986861722373,4.172789730978434],[73.50986870561387,4.172790180427723],[73.50986879390045,4.172790629629779],[73.50986888208303,4.172791078583287],[73.50986897016111,4.172791527287266],[73.50986905813423,4.172791975740521],[73.50986914600189,4.172792423941925],[73.50986923376364,4.172792871890344],[73.50986932141899,4.172793319584685],[73.50986940896749,4.172793767023701],[73.50986949640861,4.172794214206363],[73.50986958374195,4.172794661131522],[73.50986967096695,4.172795107798033],[73.50986975808323,4.172795554204736],[73.50986984509025,4.172796000350498],[73.50986993198752,4.172796446234258],[73.50987001877462,4.172796891854734],[73.50987010545107,4.172797337210966],[73.50987019201638,4.172797782301705],[73.50987027847003,4.172798227125858],[73.5098703648116,4.172798671682274],[73.50987045104064,4.172799115969794],[73.50987053715659,4.172799559987322],[73.50987062315903,4.172800003733726],[73.50987070904749,4.172800447207875],[73.50987079482148,4.172800890408645],[73.50987088048052,4.172801333334837],[73.50987096602415,4.17280177598537],[73.50987105145188,4.172802218359081],[73.50987113676324,4.17280266045486],[73.50987122195778,4.172803102271541],[73.50987130703494,4.172803543808046],[73.50987139199437,4.172803985063195],[73.50987147683551,4.172804426035874],[73.5098715615579,4.172804866724923],[73.50987164616107,4.172805307129243],[73.50987173064458,4.172805747247671],[73.50987181500788,4.172806187079047],[73.50987189925054,4.17280662662232],[73.50987198337211,4.1728070658763],[73.50987205847885,4.172807458349123],[73.50987213348917,4.172807850591635],[73.50987220840382,4.172808242605663],[73.50987228322352,4.172808634392939],[73.50987235794909,4.172809025955336],[73.50987243258125,4.172809417294658],[73.50987250712078,4.172809808412743],[73.50987258156842,4.172810199311341],[73.50987265592494,4.172810589992311],[73.50987273019112,4.17281098045749],[73.50987280436769,4.172811370708628],[73.50987287845543,4.172811760747583],[73.50987295245504,4.172812150576206],[73.50987302636737,4.172812540196168],[73.50987310019313,4.172812929609458],[73.50987317393309,4.172813318817749],[73.509873247588,4.172813707822939],[73.50987332115862,4.172814096626835],[73.50987339464572,4.172814485231192],[73.50987346805005,4.172814873637914],[73.50987354137237,4.172815261848735],[73.50987361461347,4.172815649865496],[73.50987368777405,4.172816037689982],[73.50987376085489,4.172816425324166],[73.50987383385679,4.172816812769583],[73.50987390678046,4.172817200028254],[73.50987397962668,4.172817587101935],[73.50987405239623,4.172817973992461],[73.50987412508982,4.172818360701572],[73.50987419770823,4.17281874723117],[73.50987427025225,4.172819133583024],[73.50987434272261,4.172819519758943],[73.50987441512008,4.172819905760775],[73.50987448744537,4.172820291590312],[73.50987455969936,4.172820677249357],[73.50987463188268,4.172821062739763],[73.50987470399616,4.172821448063282],[73.50987477604053,4.172821833221789],[73.50987484801654,4.172822218217002],[73.50987491992501,4.172822603050893],[73.50987499176665,4.172822987725149],[73.50987506354222,4.172823372241623],[73.5098751352525,4.172823756602103],[73.50987520689822,4.172824140808426],[73.50987527848015,4.172824524862429],[73.50987534999909,4.172824908765903],[73.50987542145573,4.172825292520646],[73.50987549285088,4.172825676128466],[73.50987556418528,4.17282605959125],[73.5098756354597,4.172826442910717],[73.50987570667489,4.172826826088706],[73.50987577783161,4.172827209127069],[73.50987584893062,4.172827592027647],[73.50987591997267,4.172827974792105],[73.50987599095855,4.172828357422421],[73.50987606188899,4.17282873992031],[73.50987613276476,4.172829122287645],[73.5098762035866,4.172829504526176],[73.50987627435529,4.172829886637797],[73.5098763450716,4.172830268624241],[73.50987648635008,4.172831032229018],[73.5098766274281,4.172831795354954],[73.50987676831174,4.172832558016617],[73.50987690900705,4.172833320228523],[73.50987704952011,4.17283408200515],[73.50987718985701,4.172834843360982],[73.50987733002384,4.172835604310603],[73.50987747002662,4.17283636486846],[73.50987760987148,4.172837125049101],[73.5098777495645,4.172837884866992],[73.50987788911169,4.172838644336665],[73.50987802851918,4.172839403472651],[73.50987816779302,4.172840162289451],[73.50987830693931,4.172840920801546],[73.50987844596409,4.172841679023452],[73.50987858487346,4.172842436969682],[73.5098787236735,4.172843194654768],[73.50987886237024,4.172843952093195],[73.50987913947824,4.172845466288111],[73.5098794162461,4.172846979670537],[73.50987969272232,4.172848492356559],[73.50987996895559,4.172850004462168],[73.50988107243073,4.172856049402576],[73.50988255884155,4.172864226726293],[73.50988293067184,4.172866271012902],[73.50988330265383,4.172868315269967],[73.50988367481791,4.172870359491598],[73.50988404719438,4.172872403671841],[73.50988441981357,4.172874447804822],[73.50988479270589,4.172876491884653],[73.50988497926392,4.172877513902749],[73.50988516590162,4.172878535905345],[73.50988535262275,4.172879557891711],[73.50988553943112,4.172880579861109],[73.50988572633052,4.172881601812759],[73.50988591332477,4.172882623745905],[73.50988610041757,4.172883645659869],[73.50988628761286,4.172884667553896],[73.50988647491431,4.172885689427236],[73.50988666232575,4.17288671127921],[73.50988684985099,4.172887733108975],[73.5098870374938,4.172888754915838],[73.50988722525801,4.172889776699075],[73.50988741314734,4.172890798457977],[73.50988760116566,4.172891820191701],[73.50988778931674,4.17289284189962],[73.50988797760435,4.172893863580896],[73.50988816603228,4.172894885234895],[73.50988835460437,4.17289590686082],[73.50988844894563,4.172896417663055],[73.50988854332435,4.172896928457949],[73.50988863774101,4.17289743924547],[73.50988873219609,4.172897950025551],[73.50988882669003,4.172898460797974],[73.50988892122332,4.172898971562789],[73.50988901579643,4.172899482319881],[73.50988911040986,4.172899993069083],[73.50988920506406,4.17290050381036],[73.50988929975948,4.17290101454358],[73.50988939449665,4.172901525268709],[73.509889489276,4.172902035985579],[73.50988958409803,4.172902546694209],[73.50988967896319,4.172903057394347],[73.50988977387199,4.17290356808606],[73.50988986882486,4.172904078769148],[73.50988996382232,4.172904589443595],[73.50989005886481,4.172905100109268],[73.50989015395281,4.172905610766065],[73.50989024908681,4.172906121413869],[73.50989034426726,4.172906632052649],[73.50989043949467,4.172907142682337],[73.50989053476947,4.172907653302751],[73.50989063009214,4.172908163913804],[73.50989072546321,4.172908674515498],[73.50989082088309,4.172909185107667],[73.50989091635229,4.172909695690226],[73.50989101187126,4.172910206263078],[73.50989110744048,4.172910716826186],[73.50989120306045,4.172911227379385],[73.50989129873162,4.172911737922607],[73.50989139445447,4.172912248455771],[73.50989149022946,4.172912758978805],[73.5098915860571,4.172913269491566],[73.50989168193782,4.172913779993983],[73.50989177787211,4.172914290485991],[73.50989187386047,4.172914800967455],[73.50989196990334,4.17291531143831],[73.50989206600119,4.172915821898418],[73.50989216215456,4.172916332347752],[73.50989225836382,4.172916842786192],[73.50989235462953,4.172917353213655],[73.50989245095212,4.172917863630039],[73.5098925473321,4.172918374035265],[73.5098926437699,4.172918884429214],[73.50989274026604,4.172919394811781],[73.50989283682095,4.172919905182924],[73.50989293343511,4.172920415542557],[73.50989303010903,4.172920925890476],[73.50989312684317,4.172921436226719],[73.50989318786804,4.172921758002762],[73.50989324891695,4.172922079774051],[73.50989330998989,4.172922401540752],[73.50989337108673,4.172922723302748],[73.50989349335195,4.172923366812829],[73.5098936157121,4.172924010304407],[73.50989373816664,4.172924653777619],[73.50989386071504,4.172925297232529],[73.5098939833568,4.172925940669289],[73.50989410609134,4.172926584087982],[73.5098942289182,4.172927227488691],[73.50989435183679,4.17292787087155],[73.50989447484662,4.172928514236609],[73.50989459794714,4.172929157584035],[73.50989472113785,4.172929800913876],[73.5098948444182,4.172930444226319],[73.50989496778764,4.172931087521378],[73.50989509124571,4.172931730799171],[73.50989521479181,4.172932374059831],[73.50989533842545,4.172933017303441],[73.50989546214608,4.172933660530134],[73.50989558595319,4.17293430373998],[73.50989570984628,4.172934946933074],[73.50989583382476,4.172935590109539],[73.50989595788813,4.172936233269468],[73.50989608203587,4.172936876412985],[73.50989620626744,4.172937519540184],[73.50989633058232,4.172938162651168],[73.50989645497998,4.172938805746039],[73.5098965794599,4.172939448824875],[73.50989670402153,4.172940091887815],[73.50989682866438,4.172940734934938],[73.50989695338787,4.17294137796633],[73.50989707819151,4.172942020982158],[73.50990047731844,4.172958423115777],[73.50990217522191,4.172966622311856],[73.50990302346814,4.172970721114812],[73.50990387113336,4.172974819262981],[73.50990471813458,4.172978916662848],[73.50990556438879,4.172983013220867],[73.509906409813,4.172987108843538],[73.5099068321879,4.172989156274875],[73.50990725432419,4.172991203437244],[73.50990767621148,4.172993250319002],[73.50990809783939,4.172995296908489],[73.50990851919755,4.17299734319396],[73.50990894027558,4.172999389163758],[73.50990936106311,4.173001434806153],[73.50990978154975,4.173003480109467],[73.50991020172515,4.173005525062012],[73.50991062157892,4.173007569652106],[73.5099110411007,4.173009613868039],[73.5099114602801,4.173011657698154],[73.5099118791067,4.17301370113069],[73.50991229757022,4.173015744154017],[73.50991271566022,4.173017786756394],[73.50991313336635,4.173019828926195],[73.50991355067823,4.173021870651639],[73.50991396758548,4.173023911921105],[73.50991438407772,4.173025952722913],[73.50991480014459,4.173027993045301],[73.50991500801526,4.173029013023045],[73.50991521577568,4.173030032876595],[73.5099154234246,4.173031052604455],[73.50991563096068,4.173032072205135],[73.50991583838261,4.173033091677254],[73.50991604568915,4.173034111019241],[73.50991625287895,4.173035130229682],[73.50991645995076,4.173036149307171],[73.50991666690321,4.173037168250162],[73.5099168737351,4.17303818705725],[73.50991708044506,4.173039205726919],[73.50991728703181,4.173040224257783],[73.50991749349407,4.173041242648325],[73.50991769983054,4.173042260897076],[73.50991790603989,4.173043279002619],[73.50991811212086,4.173044296963454],[73.50991831807215,4.173045314778159],[73.50991852389242,4.173046332445253],[73.50991872958045,4.173047349963234],[73.50991893513488,4.1730483673307],[73.50991914055443,4.173049384546166],[73.50991934583782,4.1730504016082],[73.50991955098374,4.173051418515231],[73.50991975599088,4.173052435265924],[73.50991996085799,4.173053451858797],[73.5099201655837,4.173054468292298],[73.50992037016675,4.17305548456511],[73.50992057460587,4.173056500675613],[73.50992077889974,4.173057516622455],[73.50992098304705,4.173058532404155],[73.50992118704653,4.173059548019241],[73.50992139089686,4.173060563466232],[73.50992159459673,4.173061578743709],[73.50992179814489,4.173062593850133],[73.50992200154,4.173063608784127],[73.50992220478079,4.1730646235442],[73.50992240786596,4.173065638128923],[73.50992261079419,4.173066652536723],[73.50992281356423,4.173067666766268],[73.50992301617474,4.173068680816039],[73.50992321862442,4.173069694684553],[73.509923420912,4.17307070837039],[73.50992362303617,4.173071721872117],[73.50992382499562,4.173072735188196],[73.509924117988,4.173074206406133],[73.50992441062633,4.17307567722507],[73.5099247029066,4.173077147640606],[73.50992499482491,4.173078617648081],[73.50992528637723,4.173080087243128],[73.5099255775596,4.173081556421288],[73.50992586836806,4.173083025178093],[73.50992615879863,4.173084493508971],[73.50992644884734,4.173085961409549],[73.50992673851023,4.173087428875307],[73.5099270277833,4.173088895901769],[73.5099273166626,4.173090362484452],[73.50992760514416,4.1730918286189],[73.509927893224,4.173093294300672],[73.50992818089814,4.173094759525148],[73.50992846816263,4.173096224288008],[73.50992875501348,4.173097688584676],[73.50992904144672,4.173099152410768],[73.50992932745838,4.173100615761727],[73.5099296130445,4.173102078633134],[73.50992989820111,4.17310354102048],[73.50993018292421,4.17310500291928],[73.50993046720983,4.173106464325094],[73.50993075105403,4.173107925233399],[73.50993103445282,4.173109385639778],[73.50993131740222,4.173110845539706],[73.5099315998983,4.173112304928727],[73.50993188193702,4.17311376380234],[73.50993216351446,4.173115222156103],[73.5099324446266,4.173116679985527],[73.50993272526955,4.173118137286147],[73.50993300543924,4.173119594053451],[73.5099332851318,4.17312105028302],[73.50993356434317,4.173122505970315],[73.5099338430694,4.173123961110901],[73.50993412130656,4.173125415700267],[73.50993439905064,4.173126869733997],[73.50993467629765,4.1731283232076],[73.50993495304367,4.173129776116504],[73.5099352292847,4.173131228456338],[73.50993550501677,4.173132680222599],[73.5099357802359,4.173134131410828],[73.50993605493814,4.173135582016508],[73.50993632911951,4.17313703203518],[73.50993660277602,4.173138481462411],[73.50993687590372,4.173139930293621],[73.50993714849862,4.173141378524432],[73.50993742055678,4.17314282615038],[73.50993769207417,4.173144273166829],[73.50993796304688,4.173145719569478],[73.5099382334709,4.173147165353786],[73.50993850334231,4.173148610515281],[73.50993877265707,4.173150055049475],[73.50993904141123,4.173151498951964],[73.50993930960082,4.173152942218124],[73.50993957722189,4.173154384843586],[73.50993984427042,4.173155826823876],[73.50994011074252,4.173157268154459],[73.50994037663413,4.173158708830927],[73.50994064194134,4.173160148848796],[73.50994090666015,4.173161588203503],[73.50994117078656,4.173163026890649],[73.50994143431667,4.173164464905781],[73.50994169724646,4.173165902244339],[73.50994196192315,4.173167351777308],[73.50994222600148,4.17316880064774],[73.50994248949827,4.17317024888636],[73.50994275243033,4.173171696523824],[73.50994301481444,4.173173143590994],[73.50994327666744,4.173174590118505],[73.50994353800611,4.173176036137117],[73.50994379884727,4.173177481677538],[73.50994405920773,4.173178926770542],[73.50994431910428,4.173180371446771],[73.50994457855373,4.17318181573698],[73.50994483757289,4.173183259671928],[73.5099450961786,4.173184703282323],[73.5099453543876,4.173186146598871],[73.50994561221675,4.173187589652281],[73.50994586968285,4.173189032473362],[73.50994612680269,4.173190475092767],[73.50994638359307,4.173191917541291],[73.50994664007081,4.173193359849556],[73.50994689625274,4.17319480204832],[73.50994715215562,4.173196244168407],[73.50994740779629,4.173197686240377],[73.50994766319154,4.1731991282951],[73.50994791835821,4.173200570363235],[73.50994817331306,4.173202012475509],[73.50994842807289,4.173203454662644],[73.50994868265457,4.17320489695543],[73.50994893707487,4.173206339384509],[73.50994919135059,4.17320778198064],[73.50994944549853,4.173209224774528],[73.50994969953554,4.17321066779693],[73.50994995347837,4.173212111078557],[73.50995020734388,4.173213554650147],[73.50995046114885,4.173214998542425],[73.50995096864435,4.173217887411826],[73.50995147609942,4.173220777932721],[73.50995198364842,4.173223670350784],[73.50995401747338,4.17323526391138],[73.5099545275091,4.173238169502514],[73.50995503844551,4.173241078465765],[73.50995529429352,4.173242534288716],[73.50995555041709,4.17324399104684],[73.50995580683308,4.173245448770928],[73.50995606355829,4.173246907491603],[73.50995632060949,4.173248367239655],[73.50995657800352,4.173249828045795],[73.50995683575718,4.173251289940725],[73.50995709388728,4.173252752955259],[73.50995735241062,4.173254217119933],[73.50995761134402,4.173255682465689],[73.50995787070427,4.173257149023172],[73.50995813050818,4.173258616823049],[73.50995839077255,4.1732600858961],[73.50995865151421,4.173261556273046],[73.50995891274997,4.173263027984596],[73.50995917449657,4.173264501061541],[73.50995943677088,4.173265975534505],[73.50995969958974,4.173267451434226],[73.50995996296986,4.173268928791534],[73.50996022692811,4.173270407637065],[73.5099604914813,4.173271888001545],[73.5099607566462,4.173273369915766],[73.50996102243964,4.173274853410383],[73.50996128887842,4.173276338516105],[73.50996155597937,4.173277825263739],[73.50996182375924,4.173279313683961],[73.5099620922349,4.173280803807543],[73.50996236142315,4.17328229566511],[73.50996263134076,4.17328378928747],[73.50996290200452,4.173285284705329],[73.50996317343132,4.173286781949431],[73.50996344563788,4.173288281050463],[73.50996371864105,4.173289782039152],[73.50996399245766,4.173291284946288],[73.50996426710444,4.173292789802495],[73.50996454259828,4.173294296638598],[73.50996481895592,4.17329580548527],[73.50996509619422,4.173297316373234],[73.50996537433,4.173298829333202],[73.50996565337998,4.173300344395927],[73.50996593336103,4.17330186159217],[73.50996621428993,4.173303380952603],[73.50996649618351,4.173304902507951],[73.50996677905857,4.173306426288937],[73.50996706293193,4.173307952326338],[73.50996734782039,4.173309480650858],[73.50996763374071,4.173311011293158],[73.50996792070977,4.173312544284008],[73.50996820874431,4.173314079654155],[73.5099684978612,4.17331561743435],[73.5099687880772,4.173317157655239],[73.50996907940912,4.173318700347576],[73.5099693718738,4.173320245542137],[73.509969665488,4.173321793269562],[73.50996996026856,4.173323343560643],[73.5099702562323,4.173324896446053],[73.50997055339599,4.173326451956585],[73.50997085177643,4.173328010122979],[73.50997115139049,4.173329570975788],[73.5099714522549,4.173331134545959],[73.50997175438653,4.173332700864047],[73.50997205780214,4.173334269960877],[73.50997236251857,4.173335841867172],[73.50997251536982,4.1733366288834],[73.5099726685526,4.173337416613591],[73.50997282206897,4.17333820506144],[73.50997297592106,4.173338994230874],[73.50997313011095,4.173339784125703],[73.50997328464074,4.173340574749795],[73.50997343951252,4.173341366107004],[73.50997359472844,4.173342158201146],[73.50997375029056,4.173342951035946],[73.509973906201,4.173343744615415],[73.50997406246185,4.173344538943385],[73.5099742190752,4.173345334023513],[73.50997437604316,4.17334612985988],[73.50997453336785,4.17334692645618],[73.50997469105135,4.173347723816289],[73.50997484909576,4.173348521944056],[73.50997500750319,4.173349320843322],[73.50997516627575,4.173350120517899],[73.5099753254155,4.173350920971664],[73.50997548492461,4.173351722208466],[73.50997564480511,4.173352524232079],[73.50997580505913,4.173353327046415],[73.50997596568877,4.173354130655285],[73.50997612669615,4.173354935062521],[73.50997628808332,4.173355740271962],[73.50997644985246,4.173356546287456],[73.50997662518591,4.173357418648775],[73.50997680096478,4.173358291949429],[73.50997697718554,4.17335916618205],[73.5099771538447,4.173360041339205],[73.50997733093875,4.173360917413487],[73.50997750846416,4.17336179439755],[73.50997768641744,4.173362672284005],[73.50997786479509,4.173363551065354],[73.50997804359358,4.173364430734325],[73.50997822280942,4.173365311283451],[73.50997840243912,4.1733661927054],[73.50997858247912,4.173367074992663],[73.50997876292594,4.173367958137911],[73.5099789437761,4.173368842133775],[73.50997912502608,4.173369726972818],[73.50997930667234,4.173370612647656],[73.5099794887114,4.173371499150887],[73.50997967113976,4.173372386475124],[73.50997985395391,4.173373274612971],[73.50998003715033,4.173374163557038],[73.50998022072548,4.173375053299941],[73.50998040467594,4.173375943834161],[73.50998058899813,4.173376835152447],[73.50998077368858,4.173377727247365],[73.50998095874377,4.173378620111512],[73.5099811441602,4.173379513737521],[73.50998132993433,4.173380408117904],[73.50998151606268,4.173381303245328],[73.50998170254175,4.173382199112441],[73.50998188936802,4.173383095711777],[73.509982076538,4.173383993035963],[73.50998226404819,4.1733848910776],[73.509982451895,4.173385789829336],[73.50998264007504,4.173386689283603],[73.50998282858473,4.173387589433232],[73.50998301742058,4.173388490270721],[73.50998320657908,4.173389391788686],[73.50998339605673,4.173390293979655],[73.50998358585002,4.173391196836333],[73.50998377595545,4.173392100351311],[73.5099839663695,4.173393004517194],[73.50998415708868,4.173393909326525],[73.50998434810947,4.173394814771955],[73.50998453942836,4.173395720846064],[73.50998473104184,4.173396627541519],[73.5099849229464,4.173397534850901],[73.50998511513856,4.173398442766672],[73.50998530761481,4.173399351281635],[73.50998550037161,4.173400260388267],[73.50998569340547,4.173401170079254],[73.50998588671291,4.173402080347174],[73.50998608029037,4.173402991184527],[73.50998627413438,4.173403902584112],[73.50998646824142,4.173404814538358],[73.50998666260799,4.173405727039951],[73.50998685723059,4.173406640081501],[73.50998705210569,4.173407553655576],[73.50998724722977,4.17340846775484],[73.5099874425994,4.173409382371793],[73.50998763821097,4.17341029749918],[73.50998783406106,4.173411213129401],[73.50998803014612,4.173412129255252],[73.50998822646262,4.173413045869253],[73.50998842300712,4.173413962964033],[73.50998861977607,4.173414880532189],[73.50998881676597,4.173415798566304],[73.50998901397328,4.173416717059009],[73.50998921139454,4.17341763600287],[73.50998940902626,4.17341855539055],[73.50998960686486,4.173419475214581],[73.5099898049069,4.173420395467614],[73.5099900031488,4.173421316142295],[73.50999020158714,4.173422237231089],[73.50999040021834,4.173423158726761],[73.50999059903896,4.173424080621793],[73.50999079804545,4.173425002908817],[73.50999099723428,4.173425925580512],[73.509991196602,4.173426848629397],[73.50999139614507,4.173427772048084],[73.50999159586,4.173428695829206],[73.50999179574326,4.173429619965377],[73.50999199579135,4.173430544449164],[73.50999219600077,4.173431469273178],[73.509992396368,4.173432394430037],[73.50999259688956,4.173433319912339],[73.50999279756192,4.173434245712665],[73.50999319934503,4.173436098237951],[73.50999360168927,4.173437951946577],[73.50999400456662,4.173439806779518],[73.50999440794897,4.173441662677522],[73.50999481180828,4.173443519581429],[73.50999521611652,4.173445377432073],[73.5099956208456,4.173447236170309],[73.5099960259675,4.173449095736952],[73.50999643145411,4.173450956072777],[73.50999683727743,4.173452817118683],[73.50999724340936,4.173454678815542],[73.50999805648686,4.173458403925045],[73.50999887046221,4.173462130928073],[73.50999968511093,4.173465859351216],[73.51000061186889,4.17347009955261],[73.51000131553062,4.173473318564394],[73.51000181220523,4.173475551132583],[73.51000230867933,4.173477781287749],[73.51000280491196,4.173480008968023],[73.51000330086204,4.173482234111776],[73.51000379648868,4.173484456657259],[73.51000429175085,4.173486676542839],[73.51000528101777,4.173491108087339],[73.51000921530921,4.17350871552788],[73.51001019154847,4.173513085235673],[73.5100111641985,4.173517441095315],[73.51001164907507,4.17351961367783],[73.51001213293137,4.173521782613189],[73.5100126157264,4.173523947839757],[73.51001309741919,4.173526109295774],[73.51001357796875,4.173528266919571],[73.51001405733406,4.173530420649401],[73.51001453547418,4.17353257042365],[73.51001477407198,4.173533643808105],[73.5100150123481,4.173534716180535],[73.51001525029743,4.173535787533201],[73.51001548791483,4.17353685785841],[73.51001572519517,4.173537927148421],[73.51001596213338,4.173538995395574],[73.51001619872427,4.173540062592046],[73.51001643496276,4.173541128730247],[73.51001667084371,4.173542193802398],[73.510016906362,4.173543257800829],[73.51001715836749,4.173544396924565],[73.51001740995775,4.173545534838757],[73.51001766114001,4.173546671575943],[73.5100179119215,4.173547807168823],[73.51001816230938,4.173548941649901],[73.51001841231093,4.173550075051856],[73.51001866193333,4.173551207407313],[73.51001891118379,4.173552338748799],[73.51001916006955,4.173553469108938],[73.51001940859783,4.173554598520356],[73.51001965677582,4.173555727015633],[73.51001990461073,4.173556854627374],[73.51002015210982,4.173557981388242],[73.51002039928025,4.173559107330778],[73.5100206461293,4.173560232487572],[73.5100208926641,4.173561356891238],[73.51002113889196,4.173562480574468],[73.51002138482004,4.173563603569769],[73.51002163045558,4.173564725909736],[73.51002187580578,4.173565847626994],[73.51002212087782,4.173566968754217],[73.51002236567899,4.173568089323904],[73.51002261021647,4.173569209368709],[73.51002285449748,4.173570328921243],[73.51002309852923,4.1735714480141],[73.51002334231896,4.173572566679886],[73.51002358587384,4.173573684951213],[73.51002382920113,4.173574802860657],[73.51002407230801,4.173575920440795],[73.51002431520172,4.173577037724317],[73.5100245578895,4.173578154743786],[73.51002480037849,4.173579271531756],[73.5100250742531,4.173580533689442],[73.51002534789342,4.173581795640074],[73.51002562130984,4.17358305743079],[73.5100258945128,4.173584319108758],[73.5100261675127,4.173585580720996],[73.51002644032003,4.173586842314576],[73.51002671294516,4.17358810393663],[73.51002698539851,4.173589365634247],[73.5100272576905,4.173590627454462],[73.51002752983158,4.173591889444459],[73.51002780183215,4.173593151651312],[73.51002807370263,4.173594414122],[73.51002834545346,4.173595676903765],[73.51002861709505,4.173596940043555],[73.51002888863783,4.173598203588626],[73.51002916009223,4.173599467585944],[73.51002943146867,4.173600732082598],[73.51002970277753,4.173601997125753],[73.5100299740293,4.173603262762448],[73.51003024523433,4.173604529039801],[73.51003051640312,4.1736057960049],[73.51003078754603,4.173607063704796],[73.5100310586735,4.173608332186623],[73.51003132979596,4.173609601497485],[73.51003160092382,4.173610871684416],[73.51003187206756,4.173612142794574],[73.51003214323751,4.173613414874955],[73.51003241444414,4.173614687972782],[73.5100326856979,4.173615962135039],[73.51003295700914,4.173617237408864],[73.51003322838838,4.173618513841307],[73.51003349984595,4.173619791479521],[73.5100337713923,4.173621070370524],[73.51003404303788,4.173622350561492],[73.5100343147931,4.173623632099468],[73.51003458666837,4.173624915031509],[73.5100348586741,4.173626199404769],[73.51003513082075,4.173627485266312],[73.51003540311872,4.173628772663315],[73.51003567557844,4.173630061642639],[73.51003594821033,4.173631352251557],[73.51003622102479,4.17363264453719],[73.5100364940323,4.173633938546536],[73.51003676724322,4.173635234326718],[73.510037040668,4.17363653192477],[73.51003731431706,4.173637831387896],[73.51003758820083,4.173639132763079],[73.51003786232974,4.173640436097557],[73.51003813671416,4.173641741438182],[73.51003841136458,4.173643048832256],[73.51003868629137,4.173644358326799],[73.51003896150499,4.173645669968896],[73.51003923701585,4.173646983805649],[73.51003951283435,4.173648299884113],[73.51003978897094,4.17364961825144],[73.51004006543604,4.173650938954678],[73.51004034224007,4.173652262040951],[73.51004061939346,4.173653587557295],[73.5100408969066,4.173654915550874],[73.51004117478995,4.173656246068729],[73.5100414530539,4.173657579157994],[73.51004173170888,4.173658914865672],[73.51004201076536,4.173660253238932],[73.5100422902337,4.173661594324857],[73.51004257012434,4.173662938170502],[73.51004285044772,4.173664284823006],[73.51004313121426,4.173665634329467],[73.51004341243433,4.173666986736887],[73.51004369411841,4.173668342092404],[73.51004397627693,4.173669700443152],[73.51004425892029,4.173671061836205],[73.51004454205889,4.173672426318594],[73.51004482570319,4.173673793937505],[73.51004510986361,4.173675164739959],[73.51004539455054,4.173676538773059],[73.51004567977442,4.173677916083903],[73.5100459655457,4.1736792967196],[73.51004625187474,4.173680680727197],[73.51004653877203,4.173682068153815],[73.51004682624794,4.173683459046575],[73.51004711431294,4.173684853452511],[73.5100474029774,4.173686251418759],[73.51004769225179,4.173687652992355],[73.5100479821465,4.173689058220451],[73.51004827267198,4.173690467150101],[73.5100485638386,4.173691879828421],[73.51004885565683,4.173693296302483],[73.5100491481371,4.173694716619356],[73.51004944128981,4.173696140826174],[73.51004973512536,4.173697568970025],[73.51005002965424,4.173699001097994],[73.5100503248868,4.173700437257149],[73.5100506208335,4.173701877494594],[73.51005091750476,4.173703321857446],[73.51005121491097,4.173704770392727],[73.51005151306262,4.173706223147621],[73.51005211164379,4.173709141504411],[73.51005271333159,4.173712077304598],[73.51005331820949,4.173715030924859],[73.51005392636078,4.173718002741925],[73.51005453786887,4.173720993132552],[73.51005515281717,4.173724002473474],[73.51005577128902,4.173727031141346],[73.51005639336782,4.173730079512972],[73.51005701913694,4.173733147965051],[73.51005764867976,4.173736236874324],[73.51005828207967,4.173739346617477],[73.51005891942002,4.173742477571295],[73.51005956078423,4.173745630112532],[73.51006020625566,4.17374880461784],[73.51006085591766,4.173752001463924],[73.51006150985364,4.173755221027569],[73.51006239192476,4.173759566329108],[73.51006328131547,4.173763950425029],[73.5100641775378,4.173768370729152],[73.51006508010383,4.173772824655103],[73.51006598852554,4.173777309616661],[73.51006690231497,4.173781823027458],[73.51006874404506,4.173790924851656],[73.51007060139034,4.173800109437436],[73.51007247044701,4.173809356094305],[73.51007506123568,4.173822177563152],[73.51007622565268,4.173827953037221],[73.51008069525467,4.173850330609218],[73.51008293314239,4.173861536419815],[73.51008517400622,4.173872762713069],[73.51008741883821,4.17388401631656],[73.51008854305225,4.173889655493189],[73.51008966863033,4.173895304057759],[73.51009079569647,4.173900962863655],[73.51009192437466,4.173906632764314],[73.51009305478888,4.173912314613207],[73.51009418706317,4.173918009263767],[73.51009537960967,4.173924010950041],[73.5100965742808,4.173930027258615],[73.51009777100795,4.173936057717921],[73.51009896972268,4.173942101856243],[73.5101001703564,4.173948159201916],[73.51010137284057,4.173954229283207],[73.51010257710666,4.173960311628467],[73.51010378308618,4.173966405765944],[73.51010499071054,4.173972511224062],[73.51010619991122,4.173978627530983],[73.5101074106197,4.17398475421514],[73.51010862276742,4.173990890804754],[73.51011105110648,4.17400319181372],[73.51011348438011,4.174015526784451],[73.51011592204003,4.174027891943316],[73.51011836353797,4.174040283516844],[73.51012325585472,4.174065130813869],[73.51013306339318,4.174114975914407],[73.51013359492818,4.174117630993758],[73.51013412638443,4.174120286291714],[73.51013465825747,4.174122941591357],[73.51013519055616,4.174125596893138],[73.5101354568679,4.174126924544978],[73.51013572328937,4.17412825219738],[73.51013598982166,4.174129579850567],[73.51013625646588,4.174130907504523],[73.51013652322318,4.174132235159299],[73.51013679009463,4.174133562814935],[73.51013705708132,4.174134890471477],[73.5101373241844,4.174136218129001],[73.51013759140494,4.174137545787507],[73.51013785874407,4.174138873447078],[73.51013812620289,4.174140201107772],[73.51013839378248,4.174141528769604],[73.51013866148399,4.174142856432613],[73.5101389293085,4.174144184096916],[73.51013919725709,4.174145511762516],[73.51013946533094,4.174146839429433],[73.51013973353109,4.174148167097752],[73.51014000185867,4.174149494767528],[73.51014027031476,4.174150822438776],[73.51014053890054,4.174152150111619],[73.51014080761705,4.174153477786025],[73.5101410764654,4.17415480546208],[73.51014134544671,4.174156133139752],[73.51014161456209,4.174157460819212],[73.51014188381264,4.174158788500463],[73.51014215319945,4.17416011618352],[73.51014242272367,4.174161443868459],[73.51014269238638,4.174162771555311],[73.51014296218865,4.174164099244179],[73.51014323213168,4.174165426935052],[73.51014350221647,4.174166754627995],[73.51014377244418,4.174168082323033],[73.51014404281594,4.174169410020262],[73.51014431333279,4.174170737719722],[73.51014458399588,4.174172065421447],[73.51014485480633,4.174173393125457],[73.51014512576518,4.174174720831872],[73.51014539687361,4.174176048540662],[73.51014566813271,4.174177376251893],[73.51014593954356,4.174178703965686],[73.51014621110727,4.174180031681963],[73.51014648282496,4.174181359400905],[73.51014675469776,4.174182687122467],[73.51014702672668,4.174184014846736],[73.51014729891294,4.174185342573765],[73.51014757125759,4.174186670303619],[73.51014784376174,4.174187998036221],[73.51014811642652,4.174189325771787],[73.510148389253,4.174190653510258],[73.51014866224232,4.174191981251782],[73.51014893539555,4.174193308996265],[73.51014920871383,4.174194636743858],[73.51014948219824,4.174195964494679],[73.5101497558499,4.174197292248532],[73.51015002966992,4.174198620005686],[73.5101503036594,4.174199947766145],[73.51015057781945,4.174201275529926],[73.51015085215117,4.174202603297083],[73.51015112665566,4.174203931067584],[73.51015140133404,4.174205258841633],[73.5101516761874,4.174206586619182],[73.51015195121687,4.174207914400315],[73.51015222642354,4.174209242185039],[73.51015250180853,4.17421056997347],[73.51015277737292,4.174211897765595],[73.51015305311783,4.174213225561465],[73.51015332904439,4.174214553361169],[73.51015360515366,4.174215881164757],[73.51015388144678,4.174217208972181],[73.51015415792484,4.174218536783579],[73.51015443458896,4.174219864599037],[73.51015471144022,4.174221192418488],[73.51015498847975,4.174222520242039],[73.51015526570866,4.174223848069791],[73.51015554312805,4.174225175901694],[73.51015582073902,4.174226503737854],[73.51015609854267,4.174227831578321],[73.51015637654011,4.174229159423115],[73.51015665473244,4.174230487272307],[73.51015693312081,4.174231815125931],[73.51015721170629,4.174233142984024],[73.51015749048996,4.174234470846704],[73.51015776947295,4.174235798713908],[73.51015804865641,4.174237126585787],[73.5101583280414,4.174238454462329],[73.51015860762901,4.17423978234362],[73.51015888742039,4.174241110229663],[73.51015916741662,4.174242438120506],[73.5101594476188,4.174243766016289],[73.51015972802806,4.174245093916949],[73.51016000864549,4.174246421822601],[73.5101602894722,4.174247749733217],[73.5101605705093,4.174249077648934],[73.51016085175789,4.174250405569786],[73.51016113321907,4.174251733495793],[73.51016141489396,4.174253061427008],[73.51016169678367,4.174254389363465],[73.51016197888929,4.174255717305235],[73.51016226121193,4.174257045252387],[73.51016254375268,4.174258373204923],[73.5101628265127,4.174259701162912],[73.51016310949304,4.174261029126409],[73.51016339269482,4.17426235709543],[73.51016367611918,4.174263685070064],[73.51016395976718,4.174265013050378],[73.51016424363996,4.174266341036343],[73.5101645277386,4.174267669028058],[73.51016481206423,4.174268997025564],[73.51016509661792,4.174270325028926],[73.51016538140081,4.174271653038183],[73.510165666414,4.174272981053334],[73.5101658090073,4.174273645063163],[73.51016595165859,4.174274309074501],[73.510166094368,4.174274973087315],[73.51016623713569,4.174275637101705],[73.51016637996176,4.174276301117555],[73.51016652284642,4.174276965134962],[73.5101666657897,4.174277629153896],[73.51016680879182,4.174278293174341],[73.51016695185292,4.174278957196382],[73.51016709497308,4.174279621219932],[73.5101672381525,4.17428028524506],[73.5101673813913,4.174280949271733],[73.51016752468958,4.174281613299967],[73.51016766804752,4.174282277329798],[73.51016781146525,4.174282941361241],[73.51016795494289,4.174283605394198],[73.5101680984806,4.174284269428783],[73.51016824207852,4.174284933464983],[73.51016850708832,4.174286158219854],[73.51016877229767,4.174287382979094],[73.51016903770083,4.174288607741588],[73.510169303292,4.17428983250624],[73.51016956906554,4.174291057271929],[73.51016983501563,4.174292282037567],[73.51017010113661,4.174293506802062],[73.51017036742267,4.174294731564262],[73.51017063386814,4.174295956323127],[73.51017090046726,4.174297181077534],[73.51017116721428,4.174298405826392],[73.51017143410348,4.1742996305686],[73.51017170112912,4.174300855302979],[73.51017196828549,4.174302080028527],[73.5101722355668,4.174303304744072],[73.51017250296736,4.174304529448573],[73.51017277048146,4.174305754140876],[73.51017303810329,4.174306978819924],[73.51017357364732,4.174309428133715],[73.51017410955363,4.17431187738122],[73.5101746457763,4.174314326553521],[73.51017518226946,4.174316775641876],[73.51017571898724,4.174319224637387],[73.51017679291311,4.1743241223148],[73.51017894144148,4.17433391616798],[73.51018001530991,4.17433881220272],[73.51018108842511,4.174343707548789],[73.51018162458554,4.174346154941555],[73.51018216042004,4.174348602135685],[73.5101826958827,4.174351049122366],[73.51018323092764,4.174353495892817],[73.51018349827915,4.174354719194216],[73.51018376550903,4.174355942438195],[73.51018403261152,4.174357165623762],[73.51018429958093,4.174358388749716],[73.5101845664115,4.174359611814981],[73.51018483309748,4.174360834818536],[73.51018509963315,4.174362057759122],[73.5101853660128,4.174363280635756],[73.51018567400597,4.174364695395943],[73.5101859817737,4.174366110067295],[73.51018628930711,4.17436752464808],[73.51018659659732,4.174368939136612],[73.51018690363544,4.174370353531224],[73.51018721041261,4.174371767830166],[73.51018736370054,4.174372474943244],[73.51018751691991,4.174373182031748],[73.51018767006961,4.174373889095493],[73.5101878231485,4.174374596134274],[73.5101879761555,4.174375303147852],[73.51018812908949,4.174376010136006],[73.51018828194935,4.174376717098533],[73.51018843473396,4.174377424035244],[73.51018858744226,4.174378130945901],[73.51018874007309,4.174378837830284],[73.51018889262535,4.174379544688206],[73.51018904509793,4.174380251519411],[73.51018919748974,4.174380958323747],[73.51018934979965,4.174381665100974],[73.51018950202656,4.174382371850837],[73.51018965416937,4.174383078573184],[73.5101898062269,4.174383785267794],[73.51018995819814,4.174384491934394],[73.51019011008195,4.174385198572814],[73.51019026187717,4.174385905182866],[73.5101904135827,4.174386611764297],[73.51019056519749,4.1743873183169],[73.51019071672039,4.174388024840473],[73.51019086815029,4.174388731334795],[73.51019101948609,4.174389437799626],[73.51019117072669,4.17439014423485],[73.5101913218709,4.17439085064012],[73.51019147291773,4.174391557015292],[73.51019162386598,4.174392263360172],[73.51019177471457,4.174392969674543],[73.51019192546244,4.174393675958112],[73.51019207610837,4.174394382210744],[73.51019222665134,4.174395088432254],[73.51019237709019,4.174395794622319],[73.51019252742385,4.174396500780782],[73.51019267765119,4.174397206907493],[73.51019282777108,4.174397913002162],[73.51019297778245,4.174398619064568],[73.51019312768415,4.174399325094574],[73.51019327747511,4.174400031091874],[73.5101934271542,4.174400737056316],[73.51019357672028,4.17440144298766],[73.51019372617229,4.174402148885688],[73.51019387550907,4.174402854750227],[73.51019402472959,4.174403560581005],[73.51019417383266,4.174404266377835],[73.51019432281717,4.174404972140532],[73.51019447168206,4.174405677868855],[73.5101946204262,4.1744063835626],[73.5101947690485,4.174407089221513],[73.51019491754779,4.174407794845441],[73.510195065923,4.174408500434162],[73.51019521417304,4.174409205987439],[73.51019536229673,4.174409911505051],[73.51019543631087,4.174410264250398],[73.51019551029304,4.174410616986808],[73.51019558424306,4.174410969714177],[73.51019565816082,4.174411322432474],[73.51019573204617,4.174411675141714],[73.51019580589895,4.174412027841862],[73.51019587971908,4.174412380532869],[73.51019595350635,4.174412733214732],[73.51019602726068,4.174413085887437],[73.5101961009819,4.174413438550899],[73.51019617466987,4.174413791205118],[73.51019624832449,4.174414143850125],[73.51019632194556,4.17441449648582],[73.51019639553297,4.174414849112187],[73.5101964690866,4.174415201729241],[73.51019654260628,4.174415554336917],[73.51019661609189,4.17441590693521],[73.51019668954329,4.17441625952409],[73.51019676296035,4.174416612103506],[73.5101968363429,4.174416964673472],[73.51019690969082,4.174417317233923],[73.510196983004,4.174417669784823],[73.51019705628224,4.17441802232619],[73.51019712952545,4.174418374857973],[73.5101972027335,4.174418727380171],[73.5101972759062,4.174419079892701],[73.51019734904344,4.17441943239561],[73.51019742214505,4.174419784888818],[73.51019749521095,4.174420137372323],[73.51019756824097,4.174420489846089],[73.51019764123497,4.174420842310052],[73.51019771419281,4.17442119476424],[73.51019778711436,4.174421547208623],[73.5101978599995,4.174421899643169],[73.51019793284804,4.174422252067789],[73.51019800565986,4.174422604482535],[73.51019807843485,4.174422956887393],[73.51019815117284,4.174423309282289],[73.51019822387373,4.17442366166716],[73.51019829653733,4.17442401404204],[73.5101983691635,4.17442436640689],[73.51019844175218,4.174424718761697],[73.51019851430316,4.174425071106412],[73.5101985868163,4.174425423441014],[73.51019865929148,4.174425775765471],[73.51019873172858,4.174426128079764],[73.51019880412743,4.174426480383877],[73.5101988764879,4.174426832677742],[73.51019894880987,4.174427184961393],[73.51019902109317,4.174427537234713],[73.5101990933377,4.174427889497768],[73.51019916554328,4.174428241750506],[73.51019923770978,4.174428593992911],[73.5101993098371,4.174428946224898],[73.51019938192506,4.174429298446502],[73.51019945397353,4.174429650657654],[73.51019952598236,4.174430002858353],[73.51019959795144,4.174430355048567],[73.51019966988063,4.174430707228261],[73.51019974176977,4.174431059397434],[73.5101998136187,4.17443141155602],[73.51019988542734,4.174431763704018],[73.51019995719552,4.174432115841411],[73.51020002892311,4.174432467968161],[73.51020010060995,4.174432820084192],[73.51020017225592,4.174433172189581],[73.51020024386087,4.174433524284214],[73.51020031542467,4.174433876368085],[73.5102003869472,4.174434228441219],[73.51020045842829,4.174434580503489],[73.5102005298678,4.17443493255497],[73.51020060126561,4.174435284595555],[73.51020067262156,4.17443563662528],[73.51020074393556,4.17443598864406],[73.5102008152074,4.174436340651928],[73.51020088643699,4.174436692648834],[73.51020095762419,4.174437044634744],[73.51020102876883,4.174437396609656],[73.5102010998708,4.174437748573471],[73.51020117092997,4.174438100526238],[73.51020124194616,4.174438452467891],[73.51020131291926,4.174438804398427],[73.51020138384914,4.174439156317829],[73.51020145473565,4.174439508226016],[73.51020152557862,4.174439860123019],[73.51020159637795,4.174440212008804],[73.5102016671335,4.174440563883303],[73.51020173784511,4.1744409157465],[73.51020180851269,4.174441267598393],[73.51020187913602,4.174441619438984],[73.51020194971503,4.17444197126817],[73.51020202024955,4.174442323085953],[73.51020209073945,4.17444267489238],[73.5102021611846,4.174443026687302],[73.51020223158481,4.174443378470767],[73.51020230194004,4.174443730242727],[73.51020237225005,4.174444082003179],[73.51020244251477,4.174444433752056],[73.51020251273403,4.174444785489341],[73.5102025829077,4.174445137215033],[73.5102026530356,4.174445488929134],[73.51020272311767,4.174445840631525],[73.51020279315372,4.174446192322238],[73.51020286314363,4.174446544001257],[73.51020293308724,4.174446895668497],[73.51020300298444,4.174447247323993],[73.51020307283507,4.174447598967692],[73.510203142639,4.174447950599579],[73.51020321239608,4.174448302219652],[73.51020328210618,4.174448653827776],[73.51020335176915,4.174449005424052],[73.51020342138487,4.174449357008363],[73.51020349095317,4.174449708580758],[73.510203560474,4.174450060141154],[73.5102036299471,4.174450411689567],[73.51020369937238,4.174450763225927],[73.51020376874975,4.17445111475022],[73.510203838079,4.174451466262426],[73.51020390736004,4.174451817762533],[73.51020397659269,4.174452169250534],[73.51020404577683,4.174452520726282],[73.51020411491234,4.174452872189926],[73.51020418399906,4.174453223641265],[73.51020425303685,4.174453575080399],[73.51020435546715,4.174454096942757],[73.51020445778985,4.174454618778715],[73.51020456000562,4.17445514058915],[73.51020466211504,4.174455662374722],[73.51020476411877,4.174456184136242],[73.51020486601739,4.174456705874431],[73.51020496781152,4.174457227590019],[73.51020506950181,4.174457749283761],[73.51020517108887,4.174458270956387],[73.51020527257332,4.174458792608688],[73.51020537395573,4.174459314241388],[73.51020547523679,4.174459835855197],[73.5102055764171,4.174460357450924],[73.51020567749725,4.174460879029263],[73.51020577847791,4.174461400590989],[73.51020587935963,4.174461922136842],[73.51020598014313,4.174462443667552],[73.51020608082892,4.174462965183907],[73.5102061814177,4.174463486686637],[73.51020628191004,4.174464008176446],[73.5102063823066,4.174464529654098],[73.51020648260794,4.174465051120383],[73.51020658281475,4.174465572575962],[73.5102066829276,4.174466094021675],[73.51020678294714,4.174466615458231],[73.510206882874,4.174467136886356],[73.51020698270874,4.174467658306811],[73.51020708245203,4.17446817972039],[73.51020718210448,4.174468701127746],[73.51020728166668,4.174469222529692],[73.5102073811393,4.174469743926936],[73.51020748052295,4.174470265320273],[73.51020757981819,4.174470786710391],[73.5102076790257,4.174471308098053],[73.5102077781461,4.174471829484014],[73.51020787717998,4.174472350869022],[73.51020797612797,4.174472872253864],[73.51020807499071,4.174473393639186],[73.51020817376877,4.174473915025829],[73.51020827246283,4.17447443641452],[73.51020837107347,4.174474957805947],[73.51020846960132,4.174475479200908],[73.510208568047,4.174476000600143],[73.51020866641115,4.174476522004394],[73.51020876469434,4.174477043414387],[73.51020886289723,4.174477564830899],[73.51020896102042,4.174478086254654],[73.51020905906456,4.174478607686429],[73.51020915703025,4.174479129126949],[73.51020925491808,4.174479650576957],[73.51020935272871,4.174480172037179],[73.51020945046275,4.174480693508405],[73.51020954812081,4.174481214991347],[73.51020964570353,4.174481736486797],[73.51020974321149,4.174482257995429],[73.51020984064536,4.174482779518002],[73.51020993800573,4.174483301055344],[73.5102100352932,4.17448382260813],[73.51021013250843,4.174484344177118],[73.51021022965203,4.174484865763034],[73.51021032672462,4.174485387366691],[73.51021042372679,4.174485908988776],[73.51021052065919,4.174486430630015],[73.51021061752245,4.174486952291221],[73.51021071431717,4.174487473973082],[73.51021081104393,4.174487995676428],[73.51021090770342,4.174488517401897],[73.51021100429624,4.174489039150286],[73.510211100823,4.174489560922383],[73.51021119728429,4.174490082718834],[73.51021129368078,4.174490604540479],[73.51021139001307,4.17449112638803],[73.51021148628179,4.174491648262211],[73.51021158248751,4.174492170163811],[73.51021167863091,4.174492692093529],[73.5102117747126,4.174493214052152],[73.51021187073317,4.174493736040409],[73.51021196669326,4.17449425805904],[73.51021206259348,4.174494780108791],[73.51021215843447,4.174495302190399],[73.51021225421682,4.174495824304661],[73.51021234994118,4.174496346452268],[73.51021244560813,4.174496868633996],[73.51021254121834,4.174497390850568],[73.5102126367724,4.174497913102731],[73.51021273227092,4.174498435391293],[73.51021282771454,4.174498957716875],[73.51021292310388,4.174499480080359],[73.51021301843953,4.1745000024824],[73.51021311372216,4.174500524923777],[73.51021320895234,4.174501047405245],[73.51021330413072,4.1745015699275],[73.5102133992579,4.174502092491367],[73.51021349433452,4.174502615097554],[73.51021358936119,4.17450313774677],[73.51021368433852,4.174503660439808],[73.51021377926715,4.174504183177428],[73.51021387414768,4.17450470596032],[73.51021396898074,4.174505228789263],[73.51021406376692,4.174505751665011],[73.51021415850693,4.174506274588246],[73.51021425320128,4.174506797559791],[73.51021434785065,4.174507320580403],[73.51021444245565,4.174507843650811],[73.51021453701689,4.174508366771673],[73.51021463153499,4.174508889943829],[73.51021472601059,4.174509413168009],[73.51021482044429,4.17450993644497],[73.5102149148367,4.174510459775402],[73.51021500918846,4.174510983160085],[73.51021510350017,4.174511506599793],[73.51021519777251,4.17451203009525],[73.51021529200601,4.174512553647151],[73.51021538620135,4.174513077256338],[73.51021548035912,4.174513600923518],[73.51021557447996,4.17451412464937],[73.51021566856446,4.174514648434733],[73.51021576261329,4.174515172280353],[73.51021585662701,4.174515696186885],[73.5102159506063,4.174516220155176],[73.51021604455174,4.174516744185865],[73.51021613846396,4.17451726827981],[73.51021623234358,4.174517792437674],[73.5102163261912,4.174518316660246],[73.51021642000745,4.174518840948288],[73.510216513793,4.174519365302491],[73.5102166075484,4.174519889723649],[73.51021670127429,4.174520414212484],[73.5102185434597,4.174530910724289],[73.51022038387643,4.174541392482554],[73.51022130286884,4.174546623218604],[73.51022222075585,4.174551844733679],[73.51022313731633,4.174557055183544],[73.51022359503007,4.174559655682774],[73.51022405232925,4.174562252724109],[73.51022450918626,4.174564846077021],[73.51022496557349,4.174567435511025],[73.51022542146326,4.174570020795628],[73.51022587682797,4.174572601700247],[73.51022633163996,4.174575177994353],[73.51022678587161,4.174577749447446],[73.51022723949528,4.17458031582903],[73.51022769248334,4.174582876908541],[73.51022814480814,4.174585432455449],[73.51022859644208,4.174587982239272],[73.51022904735747,4.17459052602941],[73.51022927253709,4.174591795604842],[73.51022949752671,4.174593063595422],[73.51022972232289,4.174594329972352],[73.51022994692217,4.174595594706756],[73.51023017132107,4.174596857769872],[73.51023039551619,4.174598119132833],[73.51023061950403,4.174599378766914],[73.51023084328115,4.174600636643238],[73.51023106684407,4.174601892732956],[73.51023129018938,4.174603147007339],[73.51023164667843,4.174605147749145],[73.51023200260478,4.174607143795853],[73.51023235797055,4.174609135162829],[73.51023271277772,4.17461112186534],[73.51023306702835,4.174613103918772],[73.51023342072446,4.174615081338422],[73.51023377386814,4.174617054139673],[73.51023412646136,4.174619022337843],[73.51023447850618,4.174620985948197],[73.51023483000465,4.174622944986186],[73.51023518095879,4.174624899467025],[73.51023553137063,4.174626849406149],[73.51023588124224,4.174628794818857],[73.51023623057561,4.174630735720433],[73.51023657937283,4.174632672126258],[73.51023692763592,4.174634604051684],[73.51023724155873,4.17463634418106],[73.51023755504944,4.174638080683228],[73.51023786810956,4.174639813569429],[73.51023818074054,4.174641542850931],[73.51023849294394,4.174643268539046],[73.51023880472121,4.174644990645008],[73.51023911607389,4.174646709180126],[73.51023942700343,4.174648424155706],[73.51023973751137,4.174650135582985],[73.51024004759917,4.174651843473254],[73.51024035726837,4.174653547837766],[73.51024066652043,4.17465524868788],[73.5102409753569,4.174656946034801],[73.51024128377922,4.174658639889834],[73.5102415917889,4.174660330264266],[73.51024189938747,4.174662017169341],[73.5102422065764,4.174663700616394],[73.51024251335717,4.174665380616601],[73.51024281973135,4.174667057181415],[73.51024312570037,4.174668730321959],[73.51024343126574,4.174670400049541],[73.51024373642898,4.174672066375529],[73.51024404119157,4.174673729311084],[73.51024434555502,4.174675388867575],[73.51024464952083,4.174677045056242],[73.51024495309048,4.174678697888374],[73.51024525626548,4.174680347375227],[73.51024555904733,4.174681993528107],[73.51024586143754,4.174683636358287],[73.51024616343756,4.174685275877071],[73.51024646504895,4.174686912095667],[73.51024676627316,4.174688545025446],[73.5102470671117,4.174690174677631],[73.5102473675661,4.174691801063477],[73.51024766763783,4.174693424194289],[73.51024796732838,4.17469504408141],[73.51024826663928,4.174696660736009],[73.51024856557198,4.174698274169477],[73.51024886412802,4.174699884393001],[73.51024916230888,4.174701491417889],[73.51024946011609,4.174703095255461],[73.51024975755108,4.174704695916912],[73.5102500546154,4.174706293413624],[73.51025035131055,4.174707887756755],[73.51025064763799,4.174709478957712],[73.51025094359929,4.174711067027718],[73.51025123919587,4.174712651978028],[73.51025153442924,4.174714233819945],[73.51025182930096,4.174715812564779],[73.51025212381244,4.174717388223733],[73.51025241796526,4.174718960808149],[73.51025271176087,4.174720530329314],[73.51025300520077,4.174722096798433],[73.51025329828649,4.174723660226829],[73.51025359101948,4.174725220625795],[73.51025388340126,4.17472677800663],[73.51025417543337,4.174728332380564],[73.51025446711725,4.174729883758931],[73.51025475845441,4.174731432152921],[73.51025504944636,4.174732977573923],[73.5102553400946,4.174734520033093],[73.51025563040062,4.174736059541821],[73.51025592036594,4.174737596111346],[73.51025620999201,4.17473912975294],[73.51025649928036,4.174740660477875],[73.51025678823248,4.174742188297458],[73.5102570768499,4.174743713222925],[73.51025736513407,4.174745235265604],[73.5102576530865,4.174746754436744],[73.51025794070873,4.174748270747675],[73.5102582280022,4.174749784209579],[73.51025851496846,4.174751294833818],[73.51025880160893,4.174752802631644],[73.51025908792522,4.17475430761433],[73.51025937391873,4.1747558097932],[73.51025965959103,4.174757309179441],[73.51025994494354,4.174758805784393],[73.51026022997783,4.174760299619345],[73.51026051469536,4.174761790695588],[73.51026079909767,4.174763279024342],[73.51026108318618,4.174764764616913],[73.51026136696245,4.174766247484593],[73.51026165042796,4.174767727638667],[73.51026193358423,4.174769205090393],[73.51026221643274,4.17477067985106],[73.51026249897497,4.174772151931923],[73.51026278121243,4.174773621344356],[73.51026306314665,4.174775088099445],[73.51026334477908,4.174776552208652],[73.51026362611125,4.174778013683194],[73.51026390714463,4.174779472534344],[73.51026418788075,4.174780928773426],[73.5102644683211,4.174782382411664],[73.51026474846715,4.174783833460325],[73.51026502832045,4.174785281930772],[73.51026530788245,4.174786727834254],[73.51026558715468,4.174788171181965],[73.51026586613861,4.174789611985191],[73.51026614483574,4.174791050255323],[73.51026642324761,4.174792486003617],[73.51026670137567,4.174793919241294],[73.51026697922144,4.174795349979643],[73.51026725678643,4.17479677822997],[73.5102675340721,4.174798204003551],[73.51026781108,4.174799627311621],[73.51026808781158,4.174801048165537],[73.51026836426837,4.174802466576522],[73.51026864045183,4.174803882555881],[73.5102689163635,4.174805296114886],[73.51026919200488,4.174806707264795],[73.51026946737743,4.17480811601691],[73.51026974248266,4.174809522382525],[73.51027001732209,4.174810926372861],[73.5102702918972,4.174812327999237],[73.51027056620948,4.174813727272962],[73.51027084026046,4.174815124205272],[73.51027111405159,4.17481651880748],[73.51027138758445,4.174817911090801],[73.51027166086044,4.174819301066577],[73.51027193388113,4.174820688746064],[73.51027220664795,4.174822074140534],[73.51027247916248,4.174823457261327],[73.51027275142616,4.174824838119631],[73.51027302344052,4.174826216726785],[73.51027329520701,4.174827593094045],[73.51027356672721,4.174828967232702],[73.51027383800253,4.174830339153991],[73.51027410903453,4.17483170886929],[73.51027437982466,4.174833076389765],[73.51027465037447,4.174834441726779],[73.51027492068543,4.174835804891549],[73.51027519075903,4.174837165895399],[73.51027546059677,4.174838524749619],[73.51027573020016,4.174839881465432],[73.51027599957072,4.174841236054157],[73.5102762687099,4.174842588527087],[73.51027653761922,4.174843938895461],[73.51027680630018,4.17484528717058],[73.51027707475428,4.174846633363723],[73.51027734298303,4.174847977486208],[73.5102776109879,4.174849319549209],[73.51027787877041,4.174850659564047],[73.51027814633203,4.174851997542063],[73.51027841367429,4.174853333494513],[73.51027868079868,4.174854667432636],[73.51027894770668,4.174855999367752],[73.51027921439982,4.174857329311138],[73.51027948087956,4.174858657274028],[73.51027974714744,4.174859983267732],[73.51028001320492,4.174861307303535],[73.5102802790535,4.174862629392746],[73.51028054469472,4.174863949546588],[73.51028081013003,4.174865267776331],[73.51028107536096,4.174866584093317],[73.510281340389,4.174867898508783],[73.51028160521565,4.174869211034033],[73.51028186984239,4.174870521680276],[73.51028213427074,4.174871830458918],[73.51028239850218,4.174873137381095],[73.51028266253822,4.17487444245825],[73.51028292638036,4.174875745701502],[73.51028319003007,4.174877047122208],[73.5102834534889,4.17487834673166],[73.51028371675831,4.174879644541127],[73.51028397983981,4.174880940561848],[73.51028424273491,4.17488223480513],[73.51028450544506,4.174883527282297],[73.5102847679718,4.174884818004534],[73.51028503031664,4.174886106983151],[73.51028529248104,4.174887394229519],[73.51028555446655,4.174888679754811],[73.5102858162746,4.174889963570346],[73.51028607790673,4.174891245687401],[73.51028633936444,4.174892526117214],[73.51028660064921,4.174893804871155],[73.51028686176254,4.174895081960432],[73.51028712270595,4.174896357396333],[73.51028738348091,4.174897631190183],[73.51028764408895,4.174898903353185],[73.51028790453154,4.174900173896679],[73.51028816481018,4.17490144283194],[73.51028842492639,4.174902710170202],[73.51028868488166,4.174903975922775],[73.51028894467746,4.174905240100963],[73.5102892043153,4.174906502716005],[73.51028946379672,4.174907763779191],[73.51028972312315,4.174909023301827],[73.51028998229616,4.17491028129515],[73.5102902413172,4.174911537770451],[73.51029050018778,4.174912792739037],[73.51029075890939,4.174914046212145],[73.51029101748355,4.174915298201114],[73.51029127591173,4.174916548717201],[73.51029153419545,4.174917797771611],[73.51029179233619,4.174919045375717],[73.51029205033548,4.174920291540776],[73.51029230819479,4.174921536278007],[73.51029256591563,4.17492277959877],[73.51029282349948,4.174924021514334],[73.51029308094785,4.174925262035891],[73.51029333826226,4.174926501174844],[73.51029359544417,4.1749277389424],[73.5102938524951,4.174928975349833],[73.51029410941655,4.174930210408498],[73.51029436621,4.174931444129563],[73.51029462287697,4.174932676524341],[73.51029487941894,4.174933907604184],[73.51029513583744,4.174935137380298],[73.51029539213393,4.174936365864022],[73.5102956483099,4.17493759306658],[73.5102959043669,4.174938818999207],[73.51029616030638,4.174940043673281],[73.51029641612986,4.174941267100141],[73.51029667183886,4.174942489290887],[73.51029692743482,4.174943710256812],[73.51029718291929,4.174944930009338],[73.51029743829375,4.174946148559655],[73.51029769355969,4.174947365919084],[73.51029794871862,4.174948582098849],[73.51029820377204,4.17494979711027],[73.51029845872144,4.174951010964641],[73.51029871356829,4.174952223673177],[73.51029896831416,4.174953435247207],[73.51029922296048,4.174954645697984],[73.51029947750878,4.174955855036815],[73.51029973196054,4.174957063274988],[73.51029998631729,4.174958270423759],[73.5103002405805,4.174959476494418],[73.51030049475169,4.174960681498169],[73.51030074883235,4.174961885446403],[73.51030100282395,4.174963088350375],[73.51030125672801,4.174964290221308],[73.51030151054604,4.174965491070541],[73.51030176427953,4.174966690909311],[73.51030201792994,4.174967889748911],[73.51030227149884,4.174969087600627],[73.51030252498772,4.174970284475716],[73.51030277839799,4.174971480385517],[73.51030303173124,4.17497267534122],[73.51030328498894,4.17497386935423],[73.51030353817256,4.174975062435702],[73.51030379128363,4.174976254596976],[73.51030404432365,4.174977445849292],[73.51030429729411,4.17497863620397],[73.51030455019648,4.174979825672335],[73.51030480303231,4.174981014265525],[73.51030505580306,4.174982201994895],[73.51030530851024,4.174983388871787],[73.51030556115536,4.174984574907388],[73.5103058137399,4.174985760113003],[73.51030606626537,4.174986944499939],[73.51030631873329,4.174988128079469],[73.5103065711451,4.174989310862847],[73.51030682350233,4.174990492861382],[73.51030707580647,4.174991674086309],[73.51030732805904,4.174992854548953],[73.5103077424992,4.174994792878785],[73.51030815680619,4.174996729212089],[73.51030857098212,4.174998663580332],[73.51030898502917,4.175000596015428],[73.51030939894937,4.175002526548963],[73.51030981274488,4.175004455212696],[73.5103102264178,4.1750063820383],[73.51031063997024,4.175008307057347],[73.51031105340434,4.175010230301694],[73.51031146672219,4.175012151802934],[73.5103118799259,4.175014071592802],[73.51031229301758,4.175015989703027],[73.51031270599935,4.175017906165195],[73.51031311887334,4.175019821011099],[73.51031353164164,4.175021734272361],[73.51031394430639,4.175023645980723],[73.51031435686969,4.175025556167874],[73.51031476933363,4.175027464865487],[73.51031518170038,4.175029372105218],[73.510315593972,4.175031277918825],[73.51031600615062,4.175033182338],[73.51031641823835,4.17503508539438],[73.5103168302373,4.175036987119672],[73.51031724214961,4.175038887545619],[73.51031765397738,4.175040786703841],[73.51031806572271,4.175042684626116],[73.51031847738771,4.175044581344014],[73.51031888897454,4.175046476889343],[73.51031930048528,4.175048371293793],[73.51031971192202,4.17505026458895],[73.51032053458206,4.17505404797835],[73.51032135697156,4.175057827311174],[73.5103221791074,4.175061602840962],[73.51032300100657,4.17506537482117],[73.5103238226859,4.175069143505419],[73.51032464416232,4.175072909147193],[73.51032546545278,4.175076672000104],[73.51032628657411,4.175080432317585],[73.51032710754329,4.175084190353242],[73.51032874909275,4.175091700593184],[73.5103303902364,4.175099204748187],[73.51033367184736,4.17511420291679],[73.51033438823453,4.175117493987011],[73.51033511441632,4.175120832091267],[73.51033585068951,4.175124218747063],[73.51033659735086,4.175127655472076],[73.51033735469713,4.175131143783676],[73.51033812302506,4.17513468519947],[73.51033890263145,4.175138281237016],[73.51033969381305,4.175141933413801],[73.5103404968666,4.175145643247386],[73.51034131208888,4.175149412255289],[73.51034213977665,4.175153241955089],[73.51034255838782,4.175155180038654],[73.51034298022665,4.175157133864286],[73.51034340533022,4.175159103621596],[73.51034383373566,4.17516108950039],[73.51034426548001,4.175163091690278],[73.51034470060044,4.175165110380992],[73.51034513913397,4.175167145762215],[73.51034558111773,4.175169198023629],[73.51034602658882,4.175171267354901],[73.51034647558434,4.175173353945777],[73.51034692814135,4.17517545798589],[73.51034738429698,4.175177579664989],[73.51034784408829,4.175179719172774],[73.51034830755242,4.175181876698893],[73.51034877472644,4.175184052433026],[73.51034924564743,4.175186246564908],[73.51034972035254,4.175188459284187],[73.5103501988788,4.175190690780576],[73.51035068126333,4.175192941243794],[73.51035116754323,4.175195210863536],[73.51035165775559,4.175197499829455],[73.51035215193751,4.175199808331211],[73.5103526501261,4.175202136558559],[73.51035315235845,4.175204484701193],[73.51035365867159,4.175206852948781],[73.51035416910273,4.175209241491021],[73.51035468368887,4.17521165051761],[73.51035520246714,4.175214080218214],[73.51035572547465,4.175216530782535],[73.51035625274847,4.175219002400318],[73.51035678432568,4.175221495261182],[73.51035732024343,4.175224009554872],[73.51035786053878,4.175226545470988],[73.51035840524882,4.175229103199346],[73.51035895441066,4.175231682929578],[73.51035950806138,4.175234284851363],[73.5103600662381,4.175236909154441],[73.5103606289779,4.175239556028435],[73.51036119631786,4.175242225663083],[73.5103617682951,4.175244918248081],[73.5103623449467,4.175247633973146],[73.51036292630977,4.175250373027874],[73.51036383648446,4.175254663510125],[73.51036475773769,4.175259008888059],[73.51036568974602,4.175263407583845],[73.51036663218602,4.175267858019671],[73.51036758473428,4.175272358617758],[73.5103685470674,4.175276907800295],[73.5103695188619,4.175281503989485],[73.51037049979438,4.175286145607498],[73.51037148954143,4.175290831076573],[73.5103724877796,4.175295558818863],[73.51037349418547,4.17530032725664],[73.51037450843565,4.175305134811988],[73.5103765591751,4.175314860964441],[73.51037863741058,4.175324724653772],[73.51038074055468,4.175334713257663],[73.51038286602,4.175344814153546],[73.51038501121913,4.175355014719139],[73.51038717356465,4.175365302331957],[73.5103893504692,4.175375664369582],[73.51039153934536,4.175386088209614],[73.51039594266285,4.175407070807164],[73.51040100301522,4.175431203191518],[73.51040605437866,4.175455309547611],[73.51041106569757,4.175479238373308],[73.51041600591635,4.175502838166457],[73.51043443467758,4.175590916970211],[73.51043855356124,4.175610599068146],[73.51044241501104,4.175629043120466],[73.51044423949334,4.175637753535147],[73.51044598797132,4.175646097625115],[73.51044765656299,4.175654056452618],[73.51046080627667,4.175712430805686],[73.51046269295455,4.175721552633192],[73.51046473363022,4.175731423377536],[73.51046929544707,4.175753501279263],[73.51047452867155,4.175778843835526],[73.51048047024811,4.175807630371042],[73.51048389213581,4.175824217579803],[73.5104847727708,4.17582848924545],[73.5104856615352,4.175832802120632],[73.51048655746118,4.175837151837477],[73.5104874595808,4.175841534027998],[73.51048836692615,4.175845944324336],[73.51048927852939,4.175850378358602],[73.5104901934226,4.175854831762838],[73.51049065180047,4.175857064363709],[73.51049111063786,4.175859300169124],[73.51049156981381,4.175861538633079],[73.51049202920731,4.175863779209585],[73.51049248869741,4.175866021352643],[73.51049294816306,4.175868264516316],[73.51049340748332,4.175870508154532],[73.5104938665372,4.175872751721375],[73.51049432520371,4.175874994670741],[73.51049478336186,4.175877236456741],[73.51049524089063,4.175879476533392],[73.5104956976691,4.17588171435469],[73.51049615357624,4.175883949374615],[73.51049660849107,4.175886181047233],[73.5104970622926,4.175888408826488],[73.51049751485986,4.175890632166412],[73.51049796607184,4.175892850521054],[73.51049841580758,4.175895063344389],[73.51049886394604,4.175897270090489],[73.51049931036633,4.175899470213191],[73.51049975494736,4.175901663166684],[73.5105001975682,4.175903848404928],[73.51050063810787,4.17590602538192],[73.51050107644534,4.175908193551692],[73.51050151245965,4.17591035236824],[73.51050194602982,4.175912501285596],[73.51050237703485,4.175914639757687],[73.51050280535377,4.175916767238613],[73.51050323086558,4.175918883182386],[73.51050365344929,4.175920987042939],[73.5105040729839,4.175923078274367],[73.51050448934846,4.175925156330669],[73.51050490242197,4.175927220665772],[73.51050531208344,4.17592927073381],[73.51050571821186,4.175931305988711],[73.5105061206863,4.175933325884507],[73.5105065193857,4.175935329875212],[73.51050691418912,4.175937317414803],[73.51050730497556,4.175939287957331],[73.51050769162407,4.175941240956827],[73.5105080740136,4.175943175867233],[73.51050845202322,4.175945092142618],[73.51050881061765,4.175946913399692],[73.5105091650913,4.175948717091696],[73.51050951546948,4.175950503322364],[73.51050986177749,4.175952272195678],[73.5105102040407,4.175954023815422],[73.51051054228436,4.175955758285391],[73.51051087653381,4.175957475709507],[73.51051120681437,4.175959176191547],[73.51051153315132,4.175960859835365],[73.51051185557002,4.17596252674479],[73.51051217409574,4.175964177023655],[73.51051248875385,4.175965810775844],[73.51051279956961,4.175967428105085],[73.51051310656838,4.175969029115333],[73.51051340977544,4.175970613910384],[73.51051370921611,4.175972182594054],[73.51051400491572,4.175973735270225],[73.51051429689957,4.175975272042631],[73.51051458519298,4.175976793015237],[73.51051486982126,4.17597829829181],[73.51051515080972,4.175979787976213],[73.51051542818371,4.175981262172265],[73.5105157019685,4.175982720983813],[73.51051597218942,4.175984164514672],[73.51051623887179,4.175985592868694],[73.51051650204091,4.175987006149744],[73.51051676172209,4.175988404461617],[73.51051701794067,4.175989787908186],[73.51051727072195,4.17599115659321],[73.51051752009127,4.175992510620677],[73.51051776607389,4.175993850094267],[73.51051800869516,4.175995175117895],[73.51051805931696,4.175995452072244],[73.51051810979133,4.175995728392505],[73.51051816011848,4.175996004079606],[73.51051821029867,4.175996279134509],[73.5105182603321,4.175996553558222],[73.51051831021904,4.175996827351707],[73.51051835995972,4.175997100515892],[73.51051840955438,4.17599737305182],[73.51051845900322,4.175997644960369],[73.51051850830652,4.175997916242584],[73.5105185574645,4.175998186899355],[73.51051860647738,4.175998456931681],[73.5105186553454,4.175998726340572],[73.51051870406883,4.175998995126986],[73.51051875264788,4.1759992632918],[73.51051880108278,4.175999530836078],[73.51051884937377,4.175999797760779],[73.5105188975211,4.176000064066815],[73.51051894552498,4.176000329755159],[73.51051899338565,4.176000594826845],[73.51051904110338,4.176000859282777],[73.51051908867835,4.176001123123937],[73.51051913611086,4.176001386351318],[73.5105191834011,4.176001648965847],[73.5105192305493,4.176001910968569],[73.51051927755574,4.176002172360326],[73.51051932442063,4.176002433142197],[73.51051937114421,4.176002693315091],[73.5105194177267,4.176002952879971],[73.51051946416833,4.17600321183783],[73.5105195104694,4.176003470189628],[73.51051955663007,4.176003727936361],[73.51051960265059,4.176003985078953],[73.51051964853123,4.176004241618368],[73.51051969427222,4.176004497555582],[73.51051973987373,4.176004752891606],[73.5105197853361,4.176005007627333],[73.5105198306595,4.176005261763826],[73.51051987584417,4.176005515301926],[73.51051992089036,4.176005768242712],[73.51051996579831,4.176006020587094],[73.51052001056823,4.176006272336087],[73.51052005520039,4.176006523490594],[73.510520099695,4.176006774051582],[73.51052014405231,4.176007024020092],[73.51052018827254,4.176007273397036],[73.51052023235594,4.176007522183374],[73.51052027630276,4.176007770380099],[73.51052032011319,4.17600801798819],[73.51052036378749,4.176008265008576],[73.51052040732593,4.176008511442298],[73.51052045072868,4.176008757290217],[73.51052049399603,4.176009002553346],[73.5105205371282,4.176009247232675],[73.51052058012542,4.176009491329151],[73.51052062298793,4.176009734843735],[73.51052066571593,4.176009977777404],[73.51052070830973,4.176010220131118],[73.5105207507695,4.176010461905871],[73.51052079309552,4.176010703102606],[73.51052083528799,4.17601094372232],[73.51052087734718,4.176011183765906],[73.51052091927329,4.176011423234391],[73.51052096106658,4.176011662128717],[73.51052100272729,4.176011900449913],[73.51052104425564,4.176012138198842],[73.51052108565187,4.176012375376578],[73.51052112691622,4.176012611984],[73.51052116804891,4.176012848022117],[73.51052120905021,4.17601308349191],[73.51052124992032,4.176013318394302],[73.5105212906595,4.17601355273029],[73.51052133126795,4.17601378650087],[73.51052137174597,4.176014019706929],[73.51052141209374,4.176014252349499],[73.5105214523115,4.176014484429542],[73.5105214723717,4.176014600258886],[73.51052149239952,4.176014715947999],[73.51052151239492,4.176014831496947],[73.51052153235798,4.176014946905849],[73.51052155228874,4.176015062174841],[73.51052157218719,4.176015177304052],[73.51052159205338,4.176015292293608],[73.51052161188733,4.176015407143587],[73.51052163168907,4.176015521854178],[73.51052165145866,4.176015636425445],[73.51052167119609,4.176015750857528],[73.51052169090138,4.176015865150524],[73.51052171057461,4.176015979304602],[73.5105217302158,4.176016093319881],[73.51052174982495,4.176016207196413],[73.51052176940209,4.176016320934378],[73.51052178894726,4.176016434533916],[73.51052180846048,4.176016547995093],[73.51052182794182,4.176016661318044],[73.51052184739127,4.17601677450292],[73.51052186680887,4.176016887549807],[73.51052188619464,4.17601700045882],[73.5105219055486,4.176017113230129],[73.51052192487084,4.176017225863837],[73.51052194416133,4.176017338359989],[73.5105219634201,4.176017450718844],[73.51052198264722,4.176017562940418],[73.51052200184267,4.176017675024859],[73.51052202100654,4.176017786972303],[73.5105220401388,4.176017898782836],[73.5105220592395,4.176018010456627],[73.51052207830868,4.17601812199374],[73.51052209734635,4.176018233394365],[73.51052211635259,4.176018344658599],[73.51052213532736,4.176018455786478],[73.51052215427073,4.176018566778255],[73.51052217318272,4.176018677633978],[73.51052219206336,4.176018788353784],[73.51052221091268,4.176018898937773],[73.5105222297307,4.176019009386115],[73.51052224851749,4.17601911969886],[73.51052226727303,4.176019229876228],[73.51052228599735,4.176019339918199],[73.51052230469053,4.176019449825045],[73.51052232335252,4.176019559596782],[73.51052234198345,4.176019669233562],[73.51052236058327,4.176019778735538],[73.51052237915201,4.176019888102792],[73.51052239768975,4.176019997335462],[73.51052241619651,4.176020106433628],[73.51052243467227,4.176020215397461],[73.5105224531171,4.17602032422708],[73.51052247153105,4.176020432922567],[73.51052248991411,4.176020541484075],[73.51052250826629,4.176020649911771],[73.51052252658769,4.176020758205641],[73.51052254487827,4.176020866365952],[73.51052256313811,4.176020974392722],[73.51052258136721,4.176021082286119],[73.51052259956562,4.17602119004628],[73.51052261773334,4.17602129767325],[73.51052263587044,4.176021405167256],[73.51052265397692,4.176021512528325],[73.5105226720528,4.17602161975663],[73.51052269009816,4.176021726852285],[73.51052270811296,4.176021833815411],[73.51052272609726,4.17602194064609],[73.51052274405113,4.176022047344527],[73.51052276197454,4.176022153910754],[73.51052277986757,4.176022260344922],[73.51052279773019,4.176022366647219],[73.51052281556247,4.176022472817608],[73.51052283336443,4.176022578856379],[73.51052285113613,4.176022684763561],[73.51052286887756,4.176022790539328],[73.51052288658873,4.17602289618371],[73.5105229042697,4.176023001696926],[73.51052292192053,4.176023107079027],[73.51052293954119,4.176023212330203],[73.51052295713176,4.176023317450547],[73.51052297469226,4.176023422440116],[73.51052299222268,4.176023527299094],[73.51052300972307,4.176023632027629],[73.51052302719347,4.176023736625759],[73.51052304463394,4.176023841093669],[73.51052306204444,4.176023945431474],[73.51052309677578,4.176024153717198],[73.51052313138774,4.176024361483941],[73.51052316588053,4.176024568732564],[73.51052320025441,4.176024775464147],[73.51052323450962,4.176024981679578],[73.51052326864638,4.176025187379889],[73.51052330266494,4.176025392565991],[73.5105233365655,4.176025597238926],[73.51052337034835,4.176025801399573],[73.51052340401368,4.176026005048924],[73.51052343756177,4.176026208187992],[73.51052347099282,4.176026410817686],[73.51052350430707,4.176026612939001],[73.51052353750477,4.17602681455293],[73.51052357058616,4.176027015660402],[73.51052360355143,4.176027216262392],[73.51052363640089,4.176027416359847],[73.5105236691347,4.176027615953791],[73.51052370175317,4.176027815045138],[73.51052373425645,4.17602801363488],[73.51052376664487,4.176028211724011],[73.51052379891857,4.176028409313393],[73.51052383107789,4.176028606404103],[73.51052386312298,4.176028802997085],[73.5105238950541,4.176028999093299],[73.5105239268715,4.176029194693673],[73.5105239585754,4.176029389799233],[73.51052399016606,4.176029584410874],[73.51052402164369,4.176029778529641],[73.51052405300854,4.176029972156495],[73.51052408426084,4.176030165292327],[73.51052411540083,4.176030357938167],[73.51052414642871,4.176030550095009],[73.51052417734478,4.176030741763745],[73.51052420814925,4.17603093294539],[73.51052423884232,4.176031123640866],[73.51052426942428,4.17603131385122],[73.51052429989534,4.176031503577346],[73.51052433025573,4.176031692820237],[73.51052436050567,4.176031881580854],[73.51052439064546,4.176032069860175],[73.51052442067527,4.176032257659193],[73.51052445059537,4.17603244497882],[73.51052448040599,4.176032631820016],[73.51052451010736,4.176032818183826],[73.51052453969969,4.176033004071159],[73.51052456918327,4.176033189482976],[73.5105245985583,4.176033374420272],[73.51052462782503,4.176033558884026],[73.5105246569837,4.176033742875144],[73.51052468603451,4.176033926394672],[73.51052471497775,4.176034109443524],[73.5105247438136,4.176034292022656],[73.51052477254235,4.176034474133066],[73.5105248011642,4.176034655775761],[73.5105248296794,4.176034836951606],[73.51052485808816,4.176035017661659],[73.51052488639075,4.176035197906828],[73.51052491458739,4.176035377688128],[73.51052494267832,4.176035557006485],[73.5105249706638,4.17603573586291],[73.510524998544,4.176035914258348],[73.51052502631923,4.17603609219369],[73.51052505398967,4.176036269670033],[73.51052508155557,4.176036446688284],[73.51052510901717,4.17603662324941],[73.51052513637472,4.176036799354399],[73.51052516362847,4.17603697500413],[73.51052519077861,4.1760371501997],[73.51052521782539,4.176037324942032],[73.51052524476906,4.176037499232022],[73.51052527160984,4.176037673070716],[73.51052529834797,4.176037846459089],[73.51052532498369,4.176038019398051],[73.51052535151724,4.176038191888563],[73.51052537794885,4.176038363931654],[73.51052540427877,4.176038535528287],[73.5105254305072,4.176038706679349],[73.51052545663441,4.17603887738589],[73.51052548266063,4.176039047648869],[73.51052550858608,4.176039217469212],[73.51052553441102,4.176039386847914],[73.51052556013565,4.176039555785921],[73.51052558576023,4.17603972428424],[73.510525611285,4.176039892343752],[73.51052563671017,4.176040059965513],[73.51052566203602,4.176040227150488],[73.51052568726276,4.176040393899588],[73.5105257123906,4.176040560213838],[73.51052573741983,4.176040726094166],[73.51052576235064,4.176040891541532],[73.51052578718328,4.176041056556965],[73.51052581191801,4.17604122114134],[73.51052583655502,4.176041385295687],[73.51052586109458,4.176041549020932],[73.51052588553694,4.176041712318121],[73.51052590988229,4.176041875188162],[73.5105259341309,4.176042037632],[73.51052595828295,4.176042199650679],[73.51052598233878,4.176042361245043],[73.51052600629853,4.176042522416186],[73.51052603016247,4.176042683165017],[73.51052605393085,4.176042843492501],[73.51052607760388,4.176043003399597],[73.51052610118182,4.17604316288733],[73.51052612466489,4.176043321956598],[73.51052614805333,4.176043480608389],[73.51052617134737,4.176043638843686],[73.51052619454727,4.176043796663483],[73.51052621765324,4.176043954068653],[73.51052624066551,4.176044111060293],[73.51052626358432,4.176044267639248],[73.51052628640993,4.176044423806506],[73.51052630914256,4.176044579563138],[73.51052633178246,4.176044734909963],[73.51052635432984,4.176044889848078],[73.51052637678495,4.176045044378377],[73.510526399148,4.176045198501853],[73.51052642141927,4.176045352219417],[73.51052644359899,4.176045505532132],[73.51052646568735,4.176045658440923],[73.51052648768464,4.176045810946734],[73.51052650959106,4.176045963050561],[73.51052653140687,4.176046114753329],[73.51052655313228,4.176046266056083],[73.51052657476754,4.176046416959717],[73.5105265963129,4.176046567465209],[73.51052661776856,4.176046717573501],[73.5105266391348,4.176046867285673],[73.5105266604118,4.176047016602601],[73.51052668159986,4.176047165525262],[73.51052670269917,4.176047314054652],[73.51052672370999,4.176047462191713],[73.51052674463254,4.176047609937424],[73.51052676546706,4.176047757292693],[73.51052678621379,4.176047904258583],[73.51052680687296,4.176048050836004],[73.51052697159231,4.176049825880471],[73.51052712991972,4.176051539846849],[73.51052742856014,4.176054793358184],[73.51052770511708,4.176057828994544],[73.51052796191338,4.176060664380464],[73.51052820127185,4.176063317140611],[73.51052842551543,4.176065804899473],[73.5105286369669,4.17606814528163],[73.51052883794911,4.176070355911688],[73.51052903078494,4.176072454414179],[73.51052921779724,4.176074458413691],[73.51052940130884,4.17607638553477],[73.51052958364258,4.17607825340201],[73.51052976712134,4.176080079639935],[73.51052995406795,4.176081881873206],[73.51053014680527,4.176083677726251],[73.51053034765614,4.17608548482381],[73.51053062425163,4.176087877009484],[73.51053091819902,4.17609031714164],[73.5105312291574,4.176092804225032],[73.51053155678578,4.176095337264392],[73.51053190074319,4.176097915264456],[73.51053226068872,4.176100537229938],[73.51053263628134,4.176103202165607],[73.51053302718014,4.176105909076216],[73.51053343304415,4.176108656966396],[73.5105338535324,4.176111444841032],[73.5105342883039,4.176114271704759],[73.51053473701778,4.17611713656236],[73.51053519933298,4.176120038418535],[73.5105356749086,4.176122976278105],[73.51053616340369,4.1761259491457],[73.51053666447723,4.17612895602612],[73.51053717778828,4.176131995924085],[73.5105377029959,4.176135067844364],[73.51053823975913,4.176138170791689],[73.510538787737,4.176141303770674],[73.51053934658854,4.176144465786226],[73.51053991597279,4.176147655843026],[73.51054049554881,4.176150872945824],[73.51054108497563,4.176154116099339],[73.51054168391228,4.176157384308202],[73.5105422920178,4.176160676577351],[73.51054290895125,4.176163991911402],[73.51054353437164,4.17616732931512],[73.51054385015789,4.176169005982079],[73.51054416793804,4.176170687793293],[73.51054448766943,4.176172374624193],[73.51054480930947,4.176174066350517],[73.51054513281552,4.176175762847812],[73.51054545814496,4.176177463991682],[73.51054578525519,4.17617916965767],[73.51054611410359,4.176180879721416],[73.51054644464749,4.176182594058515],[73.51054677684434,4.176184312544505],[73.51054711065147,4.176186035055069],[73.5105474460263,4.176187761465719],[73.51054778292617,4.176189491652092],[73.51054812130849,4.176191225489756],[73.51054846113061,4.176192962854326],[73.51054880234994,4.176194703621367],[73.51054914492384,4.176196447666499],[73.5105494888097,4.176198194865271],[73.51054983396489,4.176199945093298],[73.51055018034684,4.17620169822625],[73.51055052791284,4.176203454139557],[73.51055087662034,4.176205212708922],[73.51055122642668,4.176206973809975],[73.51055157728926,4.176208737318221],[73.51055192916549,4.176210503109273],[73.51055228201268,4.176212271058681],[73.51055263578824,4.176214041042096],[73.5105529904496,4.17621581293517],[73.51055334595405,4.176217586613384],[73.51055370225905,4.176219361952405],[73.51055405932192,4.17622113882775],[73.5105544171001,4.176222917115085],[73.51055477555091,4.176224696689945],[73.51055513463176,4.176226477427979],[73.51055549430004,4.176228259204756],[73.5105558545131,4.176230041895805],[73.51055621522835,4.176231825376831],[73.51055657640313,4.176233609523313],[73.51055693799488,4.176235394210972],[73.51055729996094,4.176237179315287],[73.51055766225866,4.176238964711895],[73.5105580248455,4.176240750276377],[73.51055838767877,4.176242535884368],[73.51055875071587,4.176244321411384],[73.51055911391421,4.176246106733044],[73.51055947723114,4.176247891725026],[73.51055984062404,4.176249676262785],[73.5105602040503,4.176251460221986],[73.51056093083238,4.176255025907081],[73.51056165723648,4.176258587785045],[73.51056310754673,4.176265696138473],[73.51056455225337,4.176272777320017],[73.51056527165295,4.176276305233241],[73.51056598862874,4.176279823367754],[73.51056634610114,4.176281578456952],[73.51056670283978,4.176283330728276],[73.51056705880197,4.176285080057243],[73.51056741394513,4.176286826319505],[73.51056776822661,4.176288569390677],[73.5105681216038,4.176290309146259],[73.51056847403406,4.176292045461952],[73.51056882547483,4.176293778213256],[73.51056926195467,4.176295932182039],[73.51056969684326,4.176298080463916],[73.51057013015188,4.176300223099101],[73.5105705618918,4.176302360128101],[73.51057099207435,4.176304491591209],[73.51057142071082,4.176306617528843],[73.51057184781251,4.176308737981339],[73.51057227339071,4.176310852989023],[73.51057269745671,4.176312962592369],[73.51057312002177,4.176315066831585],[73.51057354109726,4.176317165747211],[73.51057396069444,4.176319259379458],[73.51057437882457,4.176321347768796],[73.51057479549898,4.176323430955554],[73.51057521072896,4.176325508980152],[73.51057562452581,4.176327581882835],[73.51057605538881,4.176329499609541],[73.51057658283551,4.176331410250476],[73.51057720723666,4.176333306577406],[73.51057792825364,4.176335181253648],[73.5105787448185,4.176337026921593],[73.51057965512685,4.176338836293858],[73.5105806566442,4.176340602246011],[73.5105817461263,4.176342317908107],[73.51058291965307,4.176343976752978],[73.51058417267534,4.176345572678772],[73.51058550007339,4.176347100083412],[73.51058689622566,4.176348553929436],[73.51058835508567,4.176349929797233],[73.51058987026514,4.17635122392601],[73.51059143512069,4.176352433241255],[73.51059304284234,4.176353555369156],[73.51059470266055,4.176354598234698],[73.51059642546241,4.176355567242292],[73.51059820639605,4.176356457038906],[73.5106000400336,4.176357262700882],[73.5106019204188,4.176357979809928],[73.51060384112672,4.176358604522249],[73.51060579533366,4.176359133629492],[73.5106077758962,4.1763595646084],[73.5106097754377,4.176359895659139],[73.51061178643937,4.176360125729722],[73.51061380133433,4.176360254526838],[73.51061581260171,4.176360282512625],[73.51061781285867,4.17636021088709],[73.51061979494752,4.176360041557726],[73.5106217520166,4.176359777097248],[73.51062367759258,4.176359420690318],[73.51088173805707,4.176305154352088],[73.51088475320236,4.176304596772217],[73.51088781812716,4.176304184112944],[73.51089092256316,4.176303921448264],[73.51089405563498,4.176303812875225],[73.51089720597626,4.176303861428071],[73.51090036185941,4.176304069009836],[73.51090351133637,4.176304436342999],[73.51090664238657,4.176304962941615],[73.51090974306861,4.176305647105965],[73.51091280167167,4.176306485940374],[73.51091580686237,4.176307475393384],[73.51091874782358,4.176308610319397],[73.51092161438139,4.176309884560239],[73.51092439711735,4.17631129104327],[73.51092708746344,4.176312821893889],[73.51092967777787,4.176314468558336],[73.51093218530757,4.176316239698198],[73.5109346246303,4.176318147988384],[73.51093698494849,4.176320189620321],[73.51093925573436,4.176322359665916],[73.5109414268721,4.176324652101208],[73.51094348879748,4.17632705985117],[73.51094543263149,4.176329574856227],[73.51094725030362,4.176332188158826],[73.51094893466201,4.176334890008125],[73.51095047956677,4.176337669981598],[73.51095187996422,4.176340517117787],[73.51095313194006,4.176343420059368],[73.51095423275058,4.176346367201337],[73.51095518083122,4.176349346839908],[73.5109559757832,4.176352347319501],[73.5109566183392,4.176355357172813],[73.5110589137528,4.176898669396683]]]}},{"type":"Feature","properties":{"OBJECTID":"362","roadEN":"Koimalaa Hin'gun","roadDI":null,"deadEnd":0,"SHAPE_Leng":36.23492},"geometry":{"type":"MultiLineString","coordinates":[[[73.51244542509002,4.1695802531575],[73.5124381901247,4.169713547491426],[73.51244562503297,4.169825349541636],[73.51245304434597,4.169907168641071],[73.5124621478712,4.1700075610091],[73.51250258673191,4.170385160105074],[73.51251925243773,4.170521049679013],[73.51253156711492,4.170621461655641],[73.51257600136198,4.171047363884186],[73.51258688208742,4.171149404192679],[73.512598255548,4.171256065429485],[73.51264704260184,4.171712901841585],[73.51265145572002,4.171774934645847],[73.51265632881304,4.171843435978122],[73.51270464776191,4.172299929717775],[73.51271327003278,4.172378043167746],[73.51272226072594,4.172459459831217],[73.51274411318836,4.172670017325107],[73.51275245403131,4.172740930933952],[73.51276013924787,4.172806270431616],[73.51277024574021,4.172922212894029],[73.5127794739686,4.173028079875079]]]}},{"type":"Feature","properties":{"OBJECTID":"370","roadEN":"Huvafenee Goalhi","roadDI":null,"deadEnd":0,"SHAPE_Leng":67.87015},"geometry":{"type":"MultiLineString","coordinates":[[[73.51275245403131,4.172740930933952],[73.51336047661346,4.17267711187348]]]}},{"type":"Feature","properties":{"OBJECTID":"371","roadEN":"Huvafenee Goalhi","roadDI":null,"deadEnd":0,"SHAPE_Leng":68.02424},"geometry":{"type":"MultiLineString","coordinates":[[[73.51214288632882,4.172803279646145],[73.51266964795128,4.172749824574757],[73.51275245403131,4.172740930933952]]]}},{"type":"Feature","properties":{"OBJECTID":"373","roadEN":null,"roadDI":null,"deadEnd":1,"SHAPE_Leng":16.72197},"geometry":{"type":"MultiLineString","coordinates":[[[73.5126271648412,4.172539280332589],[73.51261204984779,4.172388813899829]]]}},{"type":"Feature","properties":{"OBJECTID":"374","roadEN":null,"roadDI":null,"deadEnd":1,"SHAPE_Leng":27.78064},"geometry":{"type":"MultiLineString","coordinates":[[[73.51249998596526,4.172653384344685],[73.51247485522441,4.172403412611458]]]}},{"type":"Feature","properties":{"OBJECTID":"377","roadEN":null,"roadDI":null,"deadEnd":1,"SHAPE_Leng":39.37291},"geometry":{"type":"MultiLineString","coordinates":[[[73.5129882634028,4.172096300392031],[73.51295078396174,4.171742214407984]]]}},{"type":"Feature","properties":{"OBJECTID":"378","roadEN":null,"roadDI":null,"deadEnd":1,"SHAPE_Leng":39.16768},"geometry":{"type":"MultiLineString","coordinates":[[[73.51238476377456,4.172160944843685],[73.51234747998036,4.171808704588586]]]}},{"type":"Feature","properties":{"OBJECTID":"381","roadEN":"Maanifaa Hin'gun","roadDI":null,"deadEnd":0,"SHAPE_Leng":33.26362},"geometry":{"type":"MultiLineString","coordinates":[[[73.51251925243773,4.170521049679013],[73.51281711844092,4.170488555664532]]]}},{"type":"Feature","properties":{"OBJECTID":"382","roadEN":"Ameenee Goalhi","roadDI":null,"deadEnd":0,"SHAPE_Leng":70.11647},"geometry":{"type":"MultiLineString","coordinates":[[[73.51281711844092,4.170488555664532],[73.51288491723786,4.171119009359068]]]}},{"type":"Feature","properties":{"OBJECTID":"384","roadEN":"Maanifaa Hin'gun","roadDI":null,"deadEnd":0,"SHAPE_Leng":34.3873},"geometry":{"type":"MultiLineString","coordinates":[[[73.51281711844092,4.170488555664532],[73.5131250466474,4.17045496384413]]]}},{"type":"Feature","properties":{"OBJECTID":"387","roadEN":"Nikagas Hin'gun","roadDI":null,"deadEnd":0,"SHAPE_Leng":34.86312},"geometry":{"type":"MultiLineString","coordinates":[[[73.50843411610917,4.172543841986462],[73.50840222346957,4.172230178420906]]]}},{"type":"Feature","properties":{"OBJECTID":"390","roadEN":"Falhumathee Magu","roadDI":null,"deadEnd":0,"SHAPE_Leng":26.62163},"geometry":{"type":"MultiLineString","coordinates":[[[73.50819631923083,4.170362998778428],[73.50880529877999,4.170293704767846],[73.50904876241472,4.170266001608253],[73.50942094004321,4.170229888503668],[73.50977561781148,4.170195473270579],[73.51002605526135,4.170168733547566],[73.51045441396082,4.170122996609096],[73.51062424050012,4.170103041192873],[73.51077399126005,4.170085444742359],[73.51166679627472,4.169991217582401],[73.51184296008098,4.169972591407115],[73.51196035065223,4.169960179428124],[73.51232340660164,4.169921846529603],[73.51245304434597,4.169907168641071],[73.51260588571373,4.169889863554661],[73.51269150092759,4.169881902688246],[73.51269162793795,4.169881890878289],[73.51277711614306,4.169873941811965],[73.51306035820049,4.169844035685706]]]}},{"type":"Feature","properties":{"OBJECTID":"391","roadEN":null,"roadDI":null,"deadEnd":0,"SHAPE_Leng":29.71763},"geometry":{"type":"MultiLineString","coordinates":[[[73.51269162793795,4.169881890878289],[73.51266382266527,4.169614585057454]]]}},{"type":"Feature","properties":{"OBJECTID":"394","roadEN":"Tharaanaa Goalhi","roadDI":null,"deadEnd":0,"SHAPE_Leng":55.41571},"geometry":{"type":"MultiLineString","coordinates":[[[73.5117907785318,4.169474170093906],[73.51184296008098,4.169972591407115]]]}},{"type":"Feature","properties":{"OBJECTID":"397","roadEN":"Maafaiy Thakurufaanu Magu","roadDI":null,"deadEnd":0,"SHAPE_Leng":34.9125},"geometry":{"type":"MultiLineString","coordinates":[[[73.50721927296516,4.172672264423441],[73.50719673239826,4.172443951574428],[73.50718680495609,4.172358605279888],[73.50718676081551,4.172358225802983],[73.50717678923165,4.172272500032109],[73.5071667261177,4.172180225440719],[73.50711952153223,4.171741687486685],[73.50709591394066,4.171522369403551],[73.50703363219087,4.170940846035403],[73.50698543666921,4.170491068095061],[73.5069551292765,4.170208228782782],[73.50686413247195,4.169358829607187]]]}},{"type":"Feature","properties":{"OBJECTID":"402","roadEN":"Rukken'diya Hin'gun","roadDI":null,"deadEnd":0,"SHAPE_Leng":66.87169},"geometry":{"type":"MultiLineString","coordinates":[[[73.51204116227737,4.171842732027091],[73.51209352925571,4.172337473259669],[73.51210478798266,4.172444121291258],[73.51211907879866,4.172579490744678],[73.5121365844059,4.172744042060407],[73.51214288632882,4.172803279646145],[73.51216328872478,4.172995060623624]]]}},{"type":"Feature","properties":{"OBJECTID":"408","roadEN":"Raadhafathi Hin'gun","roadDI":null,"deadEnd":0,"SHAPE_Leng":67.12207},"geometry":{"type":"MultiLineString","coordinates":[[[73.51143393406049,4.171907525273818],[73.51145371621857,4.172094154617223],[73.51148251966191,4.172365875527754],[73.51149900525782,4.172511032947359],[73.51151238540378,4.172628846573388],[73.511546077187,4.172959191840574]]]}},{"type":"Feature","properties":{"OBJECTID":"413","roadEN":null,"roadDI":null,"deadEnd":1,"SHAPE_Leng":33.57086},"geometry":{"type":"MultiLineString","coordinates":[[[73.51175440987534,4.172062069773857],[73.51145371621857,4.172094154617223]]]}},{"type":"Feature","properties":{"OBJECTID":"414","roadEN":null,"roadDI":null,"deadEnd":1,"SHAPE_Leng":16.64674},"geometry":{"type":"MultiLineString","coordinates":[[[73.5119281123169,4.172463884367967],[73.51191226636037,4.17231417802]]]}},{"type":"Feature","properties":{"OBJECTID":"415","roadEN":null,"roadDI":null,"deadEnd":1,"SHAPE_Leng":12.89723},"geometry":{"type":"MultiLineString","coordinates":[[[73.5119269332338,4.17258137612849],[73.51191465667671,4.172465389601645]]]}},{"type":"Feature","properties":{"OBJECTID":"416","roadEN":null,"roadDI":null,"deadEnd":1,"SHAPE_Leng":21.92327},"geometry":{"type":"MultiLineString","coordinates":[[[73.51194021789364,4.172764994936546],[73.5121365844059,4.172744042060407]]]}},{"type":"Feature","properties":{"OBJECTID":"420","roadEN":"Rehendhi Hin'gun","roadDI":null,"deadEnd":0,"SHAPE_Leng":37.86091},"geometry":{"type":"MultiLineString","coordinates":[[[73.51092777600999,4.172917243420816],[73.51090261611893,4.172672829510317],[73.51089142525902,4.172576794975164],[73.51087999942624,4.172478703252174],[73.51083443472308,4.172051293439875],[73.51082417242962,4.17197080705605],[73.51081147745091,4.171871220071603],[73.51077143741065,4.171477477827874],[73.51075926476733,4.171347494150851],[73.51074489099271,4.171194006085876],[73.51070401983492,4.170812406026268],[73.51069200780196,4.170718787173279],[73.51067873816612,4.170615366880481],[73.51062424050012,4.170103041192873]]]}},{"type":"Feature","properties":{"OBJECTID":"429","roadEN":"Thabureyzee Hin'gun","roadDI":null,"deadEnd":0,"SHAPE_Leng":66.94857},"geometry":{"type":"MultiLineString","coordinates":[[[73.51008969244154,4.170782865922683],[73.51016763955866,4.170772457760532],[73.51058365796851,4.17072731141664],[73.51069200780196,4.170718787173279],[73.51079941093359,4.17071033739467],[73.5111857627004,4.170668127773527],[73.51130017399886,4.170655648961643],[73.51139268971403,4.170645558282574],[73.51180419263231,4.170600366243187],[73.51184117834826,4.170596328428799],[73.51185194215887,4.17059610376618],[73.51186258129842,4.170597759180176],[73.51187277250214,4.170601244371962],[73.51188220611553,4.170606453445737],[73.51189059550299,4.170613228126486],[73.51189768575722,4.170621362569015],[73.51190326144442,4.170630609612481],[73.5119071531501,4.170640688290112],[73.51190924262666,4.17065129236638],[73.5119141004367,4.170694785610015],[73.51196967689964,4.171213920054242]],[[73.50948745478034,4.170848246127637],[73.5100063039429,4.170794000655071],[73.51008697175043,4.170783229212364]]]}},{"type":"Feature","properties":{"OBJECTID":"431","roadEN":"Miuzikee Hin'gun","roadDI":null,"deadEnd":0,"SHAPE_Leng":69.30153},"geometry":{"type":"MultiLineString","coordinates":[[[73.51136714328106,4.171278779127864],[73.51130017399886,4.170655648961643]]]}},{"type":"Feature","properties":{"OBJECTID":"437","roadEN":"Vadheri Hin'gun","roadDI":null,"deadEnd":0,"SHAPE_Leng":34.66496},"geometry":{"type":"MultiLineString","coordinates":[[[73.50782952931213,4.172606513819468],[73.50779547484717,4.172294882361229],[73.5077856761041,4.172205214365837],[73.5077440412812,4.171816893503366],[73.50772784578047,4.171676323287614],[73.50770055521618,4.171439452593455],[73.50765817765526,4.171047450179676],[73.50763328630494,4.170817199448659],[73.50759126651374,4.170427106136262],[73.5075802262413,4.170324613131109],[73.50754076824774,4.16995903805524],[73.50752523048325,4.169815082001983],[73.50751525514406,4.169722661359292],[73.5074743601804,4.169343773257222]]]}},{"type":"Feature","properties":{"OBJECTID":"442","roadEN":"Hudhufalhu Hin'gun","roadDI":null,"deadEnd":0,"SHAPE_Leng":68.28025},"geometry":{"type":"MultiLineString","coordinates":[[[73.50752523048325,4.169815082001983],[73.50813699082934,4.169751530031004]]]}},{"type":"Feature","properties":{"OBJECTID":"443","roadEN":"Hudhu Falhu Goalhi","roadDI":null,"deadEnd":0,"SHAPE_Leng":46.95499},"geometry":{"type":"MultiLineString","coordinates":[[[73.50813699082934,4.169751530031004],[73.50808901159127,4.169329621480539]]]}},{"type":"Feature","properties":{"OBJECTID":"444","roadEN":"Hudhufalhu Hin'gun","roadDI":null,"deadEnd":0,"SHAPE_Leng":67.50645},"geometry":{"type":"MultiLineString","coordinates":[[[73.50813699082934,4.169751530031004],[73.50874181773766,4.169688691455192]]]}},{"type":"Feature","properties":{"OBJECTID":"446","roadEN":"Aaminaa Rani Hin'gun","roadDI":null,"deadEnd":0,"SHAPE_Leng":13.31759},"geometry":{"type":"MultiLineString","coordinates":[[[73.50905698323496,4.172597337362761],[73.50904421543359,4.172477580352193],[73.50904163583618,4.172453384734673],[73.50901073231455,4.17216352183581],[73.50899583914735,4.172023829826469],[73.50896071113345,4.171703261685852],[73.50894261164188,4.171546264089602],[73.50892595198367,4.171401755845699],[73.50881980123486,4.170442830731024],[73.50880529877999,4.170293704767846],[73.50879342040423,4.170171561742197],[73.5087588716224,4.169846705121178],[73.50874181773766,4.169688691455192],[73.5087018246379,4.169318133449244]]]}},{"type":"Feature","properties":{"OBJECTID":"454","roadEN":"Rahdhebai Hin'gun","roadDI":null,"deadEnd":0,"SHAPE_Leng":102.59563},"geometry":{"type":"MultiLineString","coordinates":[[[73.50932177408416,4.169307198796937],[73.50940125364687,4.170066381547772],[73.50942091725541,4.170229678130537]],[[73.50942094004321,4.170229888503668],[73.50943998330587,4.170388012319008],[73.50947607674821,4.170737023220406],[73.50948745478034,4.170848246127637],[73.50949865163791,4.170957698034341],[73.50954001831252,4.171357699677671],[73.50955214165236,4.171479171567023],[73.50956318982868,4.171589938778362],[73.50960842901443,4.172009910422157],[73.50961717178114,4.172098824891806],[73.5096245073234,4.17217342781549],[73.5096570889294,4.172479430550617]],[[73.50535049626596,4.178324846412218],[73.50533179147897,4.178134169008452],[73.50527192445976,4.177523882547458],[73.50526352020498,4.177438209346163]]]}},{"type":"Feature","properties":{"OBJECTID":"462","roadEN":"Sihthi Maavaa Hin'gun","roadDI":null,"deadEnd":0,"SHAPE_Leng":26.86367},"geometry":{"type":"MultiLineString","coordinates":[[[73.51028243239114,4.172642177957101],[73.51027085047265,4.172510042460189],[73.51023113882171,4.172136081252034],[73.51022026797263,4.172034430579524],[73.51020749327597,4.171914977634589],[73.51016952652067,4.171534500086009],[73.51015586623889,4.171413875545258],[73.51013901008221,4.171265030463532],[73.51010501657369,4.170936393974698],[73.51008969244154,4.170782865922683],[73.5100772634465,4.170658343447532],[73.51002605526135,4.170168733547566]],[[73.51030615944066,4.172883979712449],[73.510290454433,4.172733699651323],[73.51028243533034,4.17264220939245]]]}},{"type":"Feature","properties":{"OBJECTID":"473","roadEN":"Kuredhi Goalhi","roadDI":null,"deadEnd":0,"SHAPE_Leng":67.63006},"geometry":{"type":"MultiLineString","coordinates":[[[73.50698543666921,4.170491068095061],[73.50759126651374,4.170427106136262]]]}},{"type":"Feature","properties":{"OBJECTID":"474","roadEN":null,"roadDI":null,"deadEnd":0,"SHAPE_Leng":67.86754},"geometry":{"type":"MultiLineString","coordinates":[[[73.50826586653079,4.170980745877908],[73.50765817765526,4.171047450179676]]]}},{"type":"Feature","properties":{"OBJECTID":"475","roadEN":null,"roadDI":null,"deadEnd":1,"SHAPE_Leng":41.46793},"geometry":{"type":"MultiLineString","coordinates":[[[73.5074709091533,4.172082199630113],[73.5074312552655,4.171709293040418]]]}},{"type":"Feature","properties":{"OBJECTID":"476","roadEN":null,"roadDI":null,"deadEnd":1,"SHAPE_Leng":41.76934},"geometry":{"type":"MultiLineString","coordinates":[[[73.5080276910031,4.171643313276507],[73.5080693649304,4.172018740727142]]]}},{"type":"Feature","properties":{"OBJECTID":"483","roadEN":"Nikagas Hin'gun","roadDI":null,"deadEnd":0,"SHAPE_Leng":68.74399},"geometry":{"type":"MultiLineString","coordinates":[[[73.50826586653079,4.170980745877908],[73.50824872593866,4.170848147195469],[73.50819631923083,4.170362998778428]]]}},{"type":"Feature","properties":{"OBJECTID":"484","roadEN":"Nikagas Hin'gun","roadDI":null,"deadEnd":0,"SHAPE_Leng":70.03751},"geometry":{"type":"MultiLineString","coordinates":[[[73.50833608710568,4.171610178311405],[73.50832215469498,4.171471648687144],[73.50828552196184,4.171132799237657],[73.50826586653079,4.170980745877908]]]}},{"type":"Feature","properties":{"OBJECTID":"486","roadEN":"Nikagas Hin'gun","roadDI":null,"deadEnd":0,"SHAPE_Leng":68.94839},"geometry":{"type":"MultiLineString","coordinates":[[[73.50840222346957,4.172230178420906],[73.50839028686599,4.172112773337902],[73.50835074386558,4.171755698839974],[73.50833608710568,4.171610178311405]]]}},{"type":"Feature","properties":{"OBJECTID":"488","roadEN":null,"roadDI":null,"deadEnd":0,"SHAPE_Leng":3.65993},"geometry":{"type":"MultiLineString","coordinates":[[[73.50843555498167,4.171926114368396],[73.50843380264106,4.171909658393475],[73.50843205030041,4.171893202418589]]]}},{"type":"Feature","properties":{"OBJECTID":"489","roadEN":null,"roadDI":null,"deadEnd":0,"SHAPE_Leng":3.65993},"geometry":{"type":"MultiLineString","coordinates":[[[73.50866735338461,4.171901231250418],[73.50866560103883,4.171884775273972],[73.50866384869299,4.171868319297506]]]}},{"type":"Feature","properties":{"OBJECTID":"490","roadEN":null,"roadDI":null,"deadEnd":0,"SHAPE_Leng":25.88087},"geometry":{"type":"MultiLineString","coordinates":[[[73.50866560103883,4.171884775273937],[73.50843380264106,4.171909658393475]]]}},{"type":"Feature","properties":{"OBJECTID":"491","roadEN":null,"roadDI":null,"deadEnd":1,"SHAPE_Leng":25.42819},"geometry":{"type":"MultiLineString","coordinates":[[[73.50931324376177,4.172130724633062],[73.5092891528731,4.17190203363463]]]}},{"type":"Feature","properties":{"OBJECTID":"492","roadEN":null,"roadDI":null,"deadEnd":1,"SHAPE_Leng":22.92613},"geometry":{"type":"MultiLineString","coordinates":[[[73.5094295542626,4.172326984903828],[73.50940760506136,4.172120820810209]]]}},{"type":"Feature","properties":{"OBJECTID":"493","roadEN":null,"roadDI":null,"deadEnd":1,"SHAPE_Leng":14.70583},"geometry":{"type":"MultiLineString","coordinates":[[[73.5091733470824,4.172439249222232],[73.50904163583618,4.172453384734673]]]}},{"type":"Feature","properties":{"OBJECTID":"497","roadEN":null,"roadDI":null,"deadEnd":1,"SHAPE_Leng":35.84362},"geometry":{"type":"MultiLineString","coordinates":[[[73.50979841858273,4.171777507893747],[73.50976457262577,4.171455132606819]]]}},{"type":"Feature","properties":{"OBJECTID":"498","roadEN":null,"roadDI":null,"deadEnd":1,"SHAPE_Leng":18.45407},"geometry":{"type":"MultiLineString","coordinates":[[[73.50995994240058,4.172431527450533],[73.50979465943207,4.172449257037421]]]}},{"type":"Feature","properties":{"OBJECTID":"499","roadEN":"Jamaaluhdheenu Hin'gun","roadDI":null,"deadEnd":0,"SHAPE_Leng":14.89446},"geometry":{"type":"MultiLineString","coordinates":[[[73.50892531983511,4.172623206088017],[73.50905698323496,4.172597337362761],[73.50957762957879,4.172495042495352],[73.5096570889294,4.172479430550617],[73.5096957559813,4.172471833356069],[73.50973964029028,4.172467076053548],[73.50979837496267,4.172465833873189]]]}},{"type":"Feature","properties":{"OBJECTID":"503","roadEN":null,"roadDI":null,"deadEnd":1,"SHAPE_Leng":15.01337},"geometry":{"type":"MultiLineString","coordinates":[[[73.51074568781365,4.172905883893393],[73.51074842667614,4.172770134225883]]]}},{"type":"Feature","properties":{"OBJECTID":"505","roadEN":null,"roadDI":null,"deadEnd":1,"SHAPE_Leng":13.90672},"geometry":{"type":"MultiLineString","coordinates":[[[73.51134482991294,4.172941642749167],[73.51133207165432,4.172816527538381]]]}},{"type":"Feature","properties":{"OBJECTID":"507","roadEN":null,"roadDI":null,"deadEnd":1,"SHAPE_Leng":15.89193},"geometry":{"type":"MultiLineString","coordinates":[[[73.5126274604184,4.172912023380013],[73.51277024574021,4.172922212894029]]]}},{"type":"Feature","properties":{"OBJECTID":"509","roadEN":null,"roadDI":null,"deadEnd":1,"SHAPE_Leng":13.99026},"geometry":{"type":"MultiLineString","coordinates":[[[73.51308871110176,4.173046538044304],[73.51309764728128,4.172920331696313]]]}},{"type":"Feature","properties":{"OBJECTID":"511","roadEN":null,"roadDI":null,"deadEnd":1,"SHAPE_Leng":25.40416},"geometry":{"type":"MultiLineString","coordinates":[[[73.51322460424691,4.173281381047231],[73.51319854015163,4.173053126610437]]]}},{"type":"Feature","properties":{"OBJECTID":"513","roadEN":null,"roadDI":null,"deadEnd":1,"SHAPE_Leng":13.0097},"geometry":{"type":"MultiLineString","coordinates":[[[73.51362654454688,4.172164776812335],[73.5136388909377,4.172281778873941]]]}},{"type":"Feature","properties":{"OBJECTID":"515","roadEN":null,"roadDI":null,"deadEnd":1,"SHAPE_Leng":22.64798},"geometry":{"type":"MultiLineString","coordinates":[[[73.51056785231704,4.172405806801322],[73.51058941878125,4.172609482131742]]]}},{"type":"Feature","properties":{"OBJECTID":"517","roadEN":null,"roadDI":null,"deadEnd":1,"SHAPE_Leng":18.73361},"geometry":{"type":"MultiLineString","coordinates":[[[73.51139681796506,4.17252209325525],[73.51137887193013,4.172353631587539]]]}},{"type":"Feature","properties":{"OBJECTID":"518","roadEN":null,"roadDI":null,"deadEnd":1,"SHAPE_Leng":39.09619},"geometry":{"type":"MultiLineString","coordinates":[[[73.51117044847432,4.172290329100187],[73.5111330681397,4.171938749557156]]]}},{"type":"Feature","properties":{"OBJECTID":"531","roadEN":"Ujaalaa Hin'gun","roadDI":null,"deadEnd":0,"SHAPE_Leng":67.77178},"geometry":{"type":"MultiLineString","coordinates":[[[73.50461721967098,4.171368337518241],[73.50408146000969,4.171425929424506],[73.50401001374243,4.171431005382794]],[[73.50400994865127,4.171431010007268],[73.50393318435046,4.171436463782091],[73.50341876297556,4.171491801724434],[73.50303682131319,4.171532883567462]]]}},{"type":"Feature","properties":{"OBJECTID":"532","roadEN":"Aazaadhee Hin'gun","roadDI":null,"deadEnd":0,"SHAPE_Leng":42.76528},"geometry":{"type":"MultiLineString","coordinates":[[[73.50297085478483,4.170910115497068],[73.50330093076228,4.170877143729333],[73.5033017669227,4.170877144439256],[73.5033026030827,4.17087714514212],[73.50330343924186,4.170877145830712],[73.50330427539976,4.17087714649806],[73.50330511155597,4.170877147137052],[73.50330594771007,4.170877147740512],[73.50330678386169,4.170877148301399],[73.50330762001033,4.170877148812636],[73.50330845615562,4.170877149267097],[73.50330929229712,4.170877149657675],[73.50331012843444,4.170877149977322],[73.50331096456713,4.170877150218881],[73.50331180069479,4.170877150375278],[73.50331263681697,4.170877150439437],[73.50331347293327,4.170877150404261],[73.50331430904328,4.170877150262645],[73.50331514514657,4.170877150007444],[73.5033159812427,4.170877149631632],[73.50331681733127,4.170877149128084],[73.50331765341184,4.170877148489725],[73.50331848948404,4.170877147709442],[73.50331932554741,4.17087714678013],[73.50332016160154,4.170877145694676],[73.50332099764599,4.170877144446039],[73.50332183368036,4.170877143027058],[73.50332266970425,4.170877141430692],[73.50332350571719,4.170877139649832],[73.50332434171881,4.170877137677367],[73.50332517770863,4.170877135506205],[73.50332601368629,4.170877133129253],[73.50332684965134,4.170877130539386],[73.50332768560337,4.17087712772956],[73.50332852154195,4.170877124692669],[73.50332935746667,4.170877121421582],[73.50333019337711,4.170877117909241],[73.50333102927281,4.170877114148488],[73.50333186515344,4.170877110132314],[73.50333270101848,4.170877105853573],[73.50333353686757,4.170877101305177],[73.50333437270025,4.170877096479995],[73.50333520851616,4.17087709137099],[73.50333604431484,4.170877085971012],[73.50333688009586,4.170877080273041],[73.50333771585882,4.1708770742699],[73.50333855160329,4.170877067954528],[73.50333938732886,4.1708770613198],[73.5033402230351,4.170877054358705],[73.50334105872159,4.170877047064035],[73.5033418943879,4.170877039428781],[73.50334273003365,4.170877031445782],[73.50334356565837,4.17087702310798],[73.50334440126169,4.17087701440825],[73.50334523684313,4.170877005339547],[73.50334607240232,4.170876995894762],[73.50334690793882,4.170876986066719],[73.5033477434522,4.17087697584841],[73.50334857894205,4.170876965232725],[73.50334941440796,4.170876954212551],[73.5033502498495,4.170876942780803],[73.50335108526626,4.170876930930333],[73.5033519206578,4.170876918654147],[73.5033527560237,4.170876905945038],[73.50335359136356,4.170876892796015],[73.50335442667696,4.170876879199916],[73.50335571520657,4.170876849806949],[73.50335698854991,4.170876820210473],[73.5033582469472,4.170876790399218],[73.50335949063862,4.170876760362088],[73.50336071986436,4.170876730087851],[73.50336193486466,4.170876699565345],[73.50336313587968,4.170876668783332],[73.50336432314963,4.17087663773072],[73.50336665741513,4.170876574768704],[73.50336893958271,4.170876510589903],[73.503371171574,4.170876445104807],[73.50337335531056,4.170876378223946],[73.50337549271397,4.170876309857862],[73.50337758570582,4.17087623991709],[73.5033796362077,4.170876168312139],[73.50338164614121,4.170876094953535],[73.5033836174279,4.170876019751844],[73.50338555198941,4.170875942617545],[73.50338745174726,4.17087586346118],[73.50338931862308,4.170875782193333],[73.50339115453845,4.170875698724462],[73.50339296141496,4.170875612965144],[73.50339474117419,4.170875524825846],[73.5033964957377,4.170875434217177],[73.50339822702713,4.170875341049618],[73.50339993696402,4.170875245233743],[73.50340162746998,4.170875146680001],[73.50340330046659,4.170875045298988],[73.50340495787542,4.170874941001196],[73.50340660161807,4.170874833697188],[73.50340823361614,4.17087472329746],[73.50340985579119,4.170874609712573],[73.5034114700648,4.170874492853058],[73.5034130783586,4.170874372629372],[73.50341468259417,4.170874248952148],[73.50341628469306,4.170874121731829],[73.50341796453618,4.170873984447225],[73.5034196441575,4.170873843416016],[73.50342132357177,4.170873698888062],[73.50342300279378,4.170873551113123],[73.50342468183837,4.170873400340908],[73.50342636072025,4.170873246821212],[73.50342803945426,4.170873090803843],[73.50342971805516,4.170872932538549],[73.50343139653775,4.170872772275052],[73.50343307491681,4.170872610263214],[73.50343475320719,4.170872446752711],[73.50343643142358,4.170872281993404],[73.50343810958083,4.170872116234986],[73.50343978769371,4.170871949727218],[73.503441465777,4.170871782719993],[73.50344314384552,4.170871615462935],[73.50388003358437,4.17082797360668],[73.50394391873883,4.170818989634041],[73.50400736190355,4.170810067811453],[73.50447392467372,4.170763461486923],[73.50455285980908,4.170755576395586]]]}},{"type":"Feature","properties":{"OBJECTID":"534","roadEN":"Sabudheriya Magu","roadDI":null,"deadEnd":0,"SHAPE_Leng":64.84743},"geometry":{"type":"MultiLineString","coordinates":[[[73.5106644933331,4.174506978905766],[73.51064411118018,4.17403880303902],[73.51064039371639,4.173921019732751],[73.51063999482817,4.173908381455764],[73.5106380556057,4.173846939630112],[73.51063586735884,4.173787073291927],[73.51063311777287,4.173711849815608],[73.5106200697185,4.173491555706257],[73.51061448878136,4.17338673451788],[73.51061448429344,4.173386650225306],[73.51060207741483,4.17315362440406],[73.51060184319122,4.173054618389211],[73.51060184306533,4.173054565178734],[73.51060147839858,4.172900424680251]]]}},{"type":"Feature","properties":{"OBJECTID":"536","roadEN":"Halaveli Goalhi","roadDI":null,"deadEnd":0,"SHAPE_Leng":35.1399},"geometry":{"type":"MultiLineString","coordinates":[[[73.50989707819151,4.172942020982158],[73.5101311309781,4.172981125684378],[73.5102094572278,4.172993231765569],[73.51025933744101,4.173000941232049],[73.51060184319122,4.173054618389211]]]}},{"type":"Feature","properties":{"OBJECTID":"539","roadEN":"Mirihi Goalhi","roadDI":null,"deadEnd":0,"SHAPE_Leng":12.92679},"geometry":{"type":"MultiLineString","coordinates":[[[73.5102094572278,4.172993231765569],[73.51020571220309,4.172876385317629]]]}},{"type":"Feature","properties":{"OBJECTID":"542","roadEN":"Faashanaa Kileyge Magu","roadDI":null,"deadEnd":0,"SHAPE_Leng":44.26527},"geometry":{"type":"MultiLineString","coordinates":[[[73.51104972712945,4.173468443534096],[73.51100564226844,4.173117725243298],[73.51098087375723,4.172920678747515]],[[73.51126199285345,4.175018204811202],[73.51120814837064,4.174621546811961],[73.51120116114927,4.174570073817694],[73.51119052668273,4.174491195759324],[73.51116501886514,4.174301998972269],[73.51113752024499,4.174098036021552],[73.51110256470918,4.173856307098494],[73.51107133301643,4.173640329793584],[73.5110497319456,4.173468481849029]]]}},{"type":"Feature","properties":{"OBJECTID":"545","roadEN":"Raiyvilaa Goalhi","roadDI":null,"deadEnd":0,"SHAPE_Leng":27.6388},"geometry":{"type":"MultiLineString","coordinates":[[[73.51119052668273,4.174491195759324],[73.5109416827642,4.174498662136605],[73.5107989627978,4.174502944307265],[73.5106644933331,4.174506978905766],[73.5105667057765,4.174509912891961]],[[73.51056664044049,4.174509914852274],[73.51040929181501,4.174514635863577],[73.51021670127429,4.174520414212484]]]}},{"type":"Feature","properties":{"OBJECTID":"549","roadEN":"Ali Kilegefaanu Magu","roadDI":"އަލި ކިލެގެފާނު މަގު","deadEnd":0,"SHAPE_Leng":106.49045},"geometry":{"type":"MultiLineString","coordinates":[[[73.51140702170916,4.172947546281377],[73.51162369865303,4.173811824373626],[73.5116410407305,4.173881520084912],[73.51168677494296,4.1740653203352],[73.51169766500772,4.174120142769599],[73.51169767230104,4.17412017948553],[73.51171265100581,4.174195584826495],[73.5117809538758,4.174470493938035],[73.51186846361185,4.174822707812011],[73.51187990731282,4.174868767026219],[73.51190974053878,4.174952999572877],[73.511941312303,4.175047275207091],[73.51196272686177,4.175135304839123],[73.51205142090092,4.175499902705391],[73.51206287906292,4.175553281399179],[73.51207611654463,4.175614949183689],[73.51213376473167,4.175854916619319],[73.51215357875306,4.175937097490397],[73.5121597594,4.175972117716035],[73.51217515217463,4.176059334871217],[73.51217782961808,4.176070335415812],[73.51220568795071,4.176184794161161],[73.51228091090009,4.176493855126749],[73.51231279222112,4.176624842684228],[73.51232976852395,4.176694591497015],[73.51234601993434,4.176760591587811],[73.51236137701802,4.176822959643673],[73.51242516443249,4.177074137782058]]]}},{"type":"Feature","properties":{"OBJECTID":"553","roadEN":"Shabnam Magu","roadDI":null,"deadEnd":0,"SHAPE_Leng":78.69775},"geometry":{"type":"MultiLineString","coordinates":[[[73.5135726045046,4.17477711523131],[73.5135719533556,4.174129700246524],[73.51356958258765,4.174065434191019],[73.51356590819793,4.173965830032798],[73.51356537006822,4.173921053365911],[73.5135552492469,4.173078933667312]]]}},{"type":"Feature","properties":{"OBJECTID":"556","roadEN":"Nirolhu Magu","roadDI":null,"deadEnd":0,"SHAPE_Leng":47.65014},"geometry":{"type":"MultiLineString","coordinates":[[[73.51383942598547,4.17309597366912],[73.51385146228357,4.173526741817926],[73.51386386102541,4.173970484127835],[73.51386819710864,4.174040167864735],[73.51387314419411,4.174119670841133],[73.51388603432045,4.174739369572071]]]}},{"type":"Feature","properties":{"OBJECTID":"561","roadEN":"Banafsaa Magu","roadDI":null,"deadEnd":0,"SHAPE_Leng":55.70839},"geometry":{"type":"MultiLineString","coordinates":[[[73.51261199570877,4.174874539031244],[73.51254484730228,4.174375255907131],[73.51251831717465,4.174177990746595],[73.51249645241019,4.174015445884161],[73.51245930827271,4.173739312672919],[73.51243706279229,4.173573937589745],[73.51242409003926,4.173477124134295],[73.51241568170708,4.173414374181477],[73.51241107368467,4.173382559784213],[73.51235622581848,4.17300388289343]]]}},{"type":"Feature","properties":{"OBJECTID":"564","roadEN":null,"roadDI":null,"deadEnd":1,"SHAPE_Leng":14.25401},"geometry":{"type":"MultiLineString","coordinates":[[[73.51514115906046,4.174385825726136],[73.51526559916726,4.174354086631341]]]}},{"type":"Feature","properties":{"OBJECTID":"565","roadEN":null,"roadDI":null,"deadEnd":1,"SHAPE_Leng":13.00516},"geometry":{"type":"MultiLineString","coordinates":[[[73.51518252820503,4.174451476262806],[73.51529608881103,4.174422609827158]]]}},{"type":"Feature","properties":{"OBJECTID":"568","roadEN":null,"roadDI":null,"deadEnd":1,"SHAPE_Leng":26.99449},"geometry":{"type":"MultiLineString","coordinates":[[[73.51493412638548,4.174207639584083],[73.51515568946822,4.174107072734229]]]}},{"type":"Feature","properties":{"OBJECTID":"569","roadEN":null,"roadDI":null,"deadEnd":1,"SHAPE_Leng":14.51123},"geometry":{"type":"MultiLineString","coordinates":[[[73.51493412638548,4.174207639584083],[73.51498331784445,4.17432922769791]]]}},{"type":"Feature","properties":{"OBJECTID":"570","roadEN":null,"roadDI":null,"deadEnd":1,"SHAPE_Leng":14.01344},"geometry":{"type":"MultiLineString","coordinates":[[[73.51493412638548,4.174207639584083],[73.51489802296034,4.174086199605607]]]}},{"type":"Feature","properties":{"OBJECTID":"572","roadEN":null,"roadDI":null,"deadEnd":1,"SHAPE_Leng":22.87849},"geometry":{"type":"MultiLineString","coordinates":[[[73.5147769948443,4.173969141993513],[73.51457399190662,4.17400474671163]]]}},{"type":"Feature","properties":{"OBJECTID":"574","roadEN":null,"roadDI":null,"deadEnd":1,"SHAPE_Leng":23.59927},"geometry":{"type":"MultiLineString","coordinates":[[[73.51054818936039,4.175090921010345],[73.5105293946489,4.174878330498114]]]}},{"type":"Feature","properties":{"OBJECTID":"575","roadEN":null,"roadDI":null,"deadEnd":1,"SHAPE_Leng":23.83141},"geometry":{"type":"MultiLineString","coordinates":[[[73.51100610757578,4.175043008642016],[73.51097307283996,4.174830050200987]]]}},{"type":"Feature","properties":{"OBJECTID":"576","roadEN":null,"roadDI":null,"deadEnd":1,"SHAPE_Leng":21.80119},"geometry":{"type":"MultiLineString","coordinates":[[[73.5108277033611,4.174697986241525],[73.5107989627978,4.174502944307265]]]}},{"type":"Feature","properties":{"OBJECTID":"577","roadEN":null,"roadDI":null,"deadEnd":1,"SHAPE_Leng":14.83216},"geometry":{"type":"MultiLineString","coordinates":[[[73.51056424209278,4.174644031907222],[73.51056664044049,4.174509914852274]]]}},{"type":"Feature","properties":{"OBJECTID":"578","roadEN":null,"roadDI":null,"deadEnd":1,"SHAPE_Leng":28.61048},"geometry":{"type":"MultiLineString","coordinates":[[[73.51040929181501,4.174514635863577],[73.51043032681855,4.174772519128508]]]}},{"type":"Feature","properties":{"OBJECTID":"584","roadEN":null,"roadDI":null,"deadEnd":0,"SHAPE_Leng":18.98177},"geometry":{"type":"MultiLineString","coordinates":[[[73.51047025111174,4.173928964063172],[73.51063999482817,4.173908381455764]]]}},{"type":"Feature","properties":{"OBJECTID":"585","roadEN":"Helebeli Goalhi","roadDI":null,"deadEnd":0,"SHAPE_Leng":62.29529},"geometry":{"type":"MultiLineString","coordinates":[[[73.51007622565268,4.173827953037221],[73.51063586735884,4.173787073291927]]]}},{"type":"Feature","properties":{"OBJECTID":"589","roadEN":null,"roadDI":null,"deadEnd":1,"SHAPE_Leng":17.53638},"geometry":{"type":"MultiLineString","coordinates":[[[73.51084366922285,4.174052384529955],[73.5108122803011,4.173896952411748]]]}},{"type":"Feature","properties":{"OBJECTID":"590","roadEN":null,"roadDI":null,"deadEnd":1,"SHAPE_Leng":32.79717},"geometry":{"type":"MultiLineString","coordinates":[[[73.51090528538708,4.174204311795494],[73.5109416827642,4.174498662136605]]]}},{"type":"Feature","properties":{"OBJECTID":"591","roadEN":"Satharu Goalhi","roadDI":null,"deadEnd":0,"SHAPE_Leng":19.2674},"geometry":{"type":"MultiLineString","coordinates":[[[73.51093863767133,4.173879260001921],[73.51110256470918,4.173856307098494]],[[73.51064039371639,4.173921019732751],[73.5108122803011,4.173896952411748],[73.51093861174441,4.173879263632186]]]}},{"type":"Feature","properties":{"OBJECTID":"596","roadEN":null,"roadDI":null,"deadEnd":1,"SHAPE_Leng":22.00284},"geometry":{"type":"MultiLineString","coordinates":[[[73.51089057206542,4.173686212000374],[73.51093863767133,4.173879260001921]]]}},{"type":"Feature","properties":{"OBJECTID":"597","roadEN":null,"roadDI":null,"deadEnd":1,"SHAPE_Leng":20.61943},"geometry":{"type":"MultiLineString","coordinates":[[[73.51086879329674,4.173510539957008],[73.51104972712945,4.173468443534096]]]}},{"type":"Feature","properties":{"OBJECTID":"598","roadEN":null,"roadDI":null,"deadEnd":1,"SHAPE_Leng":26.40778},"geometry":{"type":"MultiLineString","coordinates":[[[73.5107687342273,4.173139140416497],[73.51100564226844,4.173117725243298]]]}},{"type":"Feature","properties":{"OBJECTID":"602","roadEN":null,"roadDI":null,"deadEnd":0,"SHAPE_Leng":65.77913},"geometry":{"type":"MultiLineString","coordinates":[[[73.5117809538758,4.174470493938035],[73.51136954005892,4.174587290845844],[73.51120814837064,4.174621546811961]]]}},{"type":"Feature","properties":{"OBJECTID":"605","roadEN":null,"roadDI":null,"deadEnd":0,"SHAPE_Leng":62.45941},"geometry":{"type":"MultiLineString","coordinates":[[[73.51169766500772,4.174120142769599],[73.51116501886514,4.174301998972269]]]}},{"type":"Feature","properties":{"OBJECTID":"608","roadEN":null,"roadDI":null,"deadEnd":1,"SHAPE_Leng":9.309},"geometry":{"type":"MultiLineString","coordinates":[[[73.51187405732446,4.173407534762506],[73.51186078918478,4.173324406895701]]]}},{"type":"Feature","properties":{"OBJECTID":"609","roadEN":null,"roadDI":null,"deadEnd":1,"SHAPE_Leng":14.36107},"geometry":{"type":"MultiLineString","coordinates":[[[73.51184546308443,4.173228385447078],[73.5119736570798,4.173211012867515]]]}},{"type":"Feature","properties":{"OBJECTID":"610","roadEN":null,"roadDI":null,"deadEnd":1,"SHAPE_Leng":14.57526},"geometry":{"type":"MultiLineString","coordinates":[[[73.51186078918478,4.173324406895701],[73.51199004849425,4.173301336529632]]]}},{"type":"Feature","properties":{"OBJECTID":"611","roadEN":null,"roadDI":null,"deadEnd":1,"SHAPE_Leng":7.81117},"geometry":{"type":"MultiLineString","coordinates":[[[73.51180515640921,4.173421840257839],[73.51187405732446,4.173407534762506]]]}},{"type":"Feature","properties":{"OBJECTID":"612","roadEN":null,"roadDI":null,"deadEnd":1,"SHAPE_Leng":14.58151},"geometry":{"type":"MultiLineString","coordinates":[[[73.51169704428501,4.17313090030427],[73.51182759172421,4.173116417379328]]]}},{"type":"Feature","properties":{"OBJECTID":"614","roadEN":null,"roadDI":null,"deadEnd":1,"SHAPE_Leng":15.78774},"geometry":{"type":"MultiLineString","coordinates":[[[73.51182759172421,4.173116417379328],[73.51180508942853,4.172975435470826]]]}},{"type":"Feature","properties":{"OBJECTID":"615","roadEN":null,"roadDI":null,"deadEnd":1,"SHAPE_Leng":12.53865},"geometry":{"type":"MultiLineString","coordinates":[[[73.51184546308443,4.173228385447078],[73.51182759172421,4.173116417379328]]]}},{"type":"Feature","properties":{"OBJECTID":"616","roadEN":null,"roadDI":null,"deadEnd":1,"SHAPE_Leng":10.75288},"geometry":{"type":"MultiLineString","coordinates":[[[73.51186078918478,4.173324406895701],[73.51184546308443,4.173228385447078]]]}},{"type":"Feature","properties":{"OBJECTID":"617","roadEN":"Muthee Goalhi","roadDI":null,"deadEnd":0,"SHAPE_Leng":33.26952},"geometry":{"type":"MultiLineString","coordinates":[[[73.51356958258765,4.174065434191019],[73.51364505428121,4.174058960963481],[73.51379341671887,4.17404623585506],[73.51386819710864,4.174040167864735],[73.51393587072799,4.174034676540819],[73.51411152707061,4.174023258865512],[73.51414163244857,4.174021302009664],[73.51414183404933,4.174021302958129],[73.51414203564616,4.174021303895892],[73.51414223723508,4.174021304812329],[73.51414243881214,4.174021305696704],[73.5141426403734,4.174021306538395],[73.51414284191489,4.174021307326702],[73.51414304343267,4.174021308050932],[73.5141432449228,4.174021308700435],[73.51414344638128,4.174021309264539],[73.51414364780422,4.174021309732488],[73.51414384918762,4.174021310093767],[73.51414405052756,4.174021310337532],[73.51414425182007,4.174021310453167],[73.51414445306119,4.174021310430033],[73.51414465424699,4.174021310257425],[73.5141448553735,4.174021309924657],[73.5141450564368,4.174021309421058],[73.5141452574329,4.174021308735906],[73.51414545835786,4.174021307858617],[73.51414565920771,4.174021306778433],[73.51414585997854,4.174021305484751],[73.51414606066636,4.174021303966818],[73.51414626126726,4.174021302213998],[73.51414646177723,4.174021300215635],[73.51414666219236,4.174021297961025],[73.51414686250867,4.174021295439464],[73.51414706272226,4.174021292640298],[73.51414726282911,4.17402128955289],[73.51414746282533,4.174021286166504],[73.5141476627069,4.174021282470483],[73.51414786246994,4.174021278454157],[73.51414806211042,4.174021274106842],[73.51414826162447,4.174021269417897],[73.5141484610081,4.174021264376583],[73.51414866025735,4.174021258972302],[73.51414885936826,4.174021253194263],[73.51414905833691,4.17402124703188],[73.51414925715933,4.174021240474461],[73.51414945583154,4.174021233511308],[73.51414965434964,4.174021226131731],[73.51414985270965,4.174021218325093],[73.51415005090763,4.174021210080705],[73.51415024893961,4.174021201387899],[73.51415044680165,4.174021192235989],[73.51415064448979,4.174021182614263],[73.51415084200009,4.174021172512094],[73.51415103932858,4.174021161918804],[73.51415123647132,4.174021150823659],[73.51415143342437,4.174021139216019],[73.51415163018375,4.174021127085234],[73.51415182674555,4.174021114420579],[73.51415202310575,4.174021101211436],[73.51415221926048,4.174021087447101],[73.51415241520573,4.1740210731168],[73.51415261093754,4.174021058210053],[73.51415280645199,4.17402104271603],[73.51415300174514,4.174021026624064],[73.514153196813,4.174021009923588],[73.51415339165163,4.174020992603761],[73.51415358625711,4.174020974654047],[73.51415378062545,4.174020956063707],[73.5141539747527,4.174020936822088],[73.51415416863493,4.174020916918487],[73.51415436226816,4.174020896342248],[73.51415455564845,4.174020875082667],[73.51415474877186,4.174020853129091],[73.51415494163443,4.174020830470852],[73.5141551342322,4.174020807097275],[73.51415532656121,4.174020782997624],[73.51415551861753,4.174020758161261],[73.51415571039722,4.174020732577532],[73.51415590189627,4.174020706235752],[73.51415609311081,4.174020679125215],[73.51415628403679,4.174020651235267],[73.51415647467036,4.174020622555221],[73.5141566650075,4.174020593074407],[73.51415685504426,4.174020562782153],[73.51415704477674,4.174020531667772],[73.51415723420091,4.174020499720561],[73.5141574233129,4.174020466929913],[73.51415761210869,4.174020433285128],[73.51415780058436,4.174020398775483],[73.51415798873596,4.174020363390325],[73.51415817655953,4.174020327118983],[73.51415836405113,4.174020289950786],[73.51415855120676,4.174020251874994],[73.51415873802253,4.174020212881076],[73.51415892449447,4.174020172958206],[73.5141591106186,4.174020132095781],[73.51415929639101,4.174020090283132],[73.5141594818077,4.174020047509536],[73.51415966686477,4.174020003764324],[73.51415985155823,4.174019959036841],[73.51416003588415,4.174019913316434],[73.51416021983854,4.174019866592365],[73.5141604034175,4.174019818853997],[73.51416058661705,4.174019770090625],[73.51416076943326,4.174019720291629],[73.51416095186212,4.174019669446258],[73.51416113389972,4.174019617543886],[73.51416131554213,4.174019564573826],[73.51416149678536,4.174019510525379],[73.51416167762547,4.174019455387886],[73.51416185805854,4.174019399150678],[73.51416203808053,4.174019341803069],[73.51416221768757,4.174019283334403],[73.51416239687568,4.174019223733945],[73.51416257564092,4.174019162991073],[73.51416275397932,4.174019101095095],[73.51416293188691,4.174019038035315],[73.5141631093598,4.174018973801092],[73.51416328639398,4.174018908381703],[73.51416346298552,4.174018841766515],[73.51416363913049,4.174018773944822],[73.51416381482488,4.174018704905985],[73.5141639900648,4.17401863463927],[73.51416416484625,4.174018563134038],[73.51416433916532,4.174018490379634],[73.51416451301802,4.174018416365321],[73.51416468640042,4.174018341080463],[73.51416485930855,4.174018264514354],[73.51416503173847,4.174018186656375],[73.51416520368623,4.174018107495771],[73.5141653751479,4.174018027021904],[73.51416554611949,4.174017945224122],[73.51416571659703,4.174017862091739],[73.51416588657662,4.174017777614028],[73.5141660560543,4.174017691780339],[73.51416629531998,4.174017567829569],[73.51416653355412,4.174017441163774],[73.51416677074084,4.174017311811796],[73.51416700686426,4.174017179802313],[73.51416724190844,4.174017045164096],[73.5141674758575,4.174016907925908],[73.51416770869552,4.17401676811649],[73.51416794040662,4.174016625764532],[73.51416817097487,4.174016480898859],[73.51416840038434,4.174016333548147],[73.51416862861916,4.174016183741154],[73.51416885566343,4.174016031506623],[73.51416908150124,4.174015876873312],[73.51416930611667,4.174015719870011],[73.51416952949383,4.174015560525364],[73.51416975161679,4.174015398868146],[73.51416997246966,4.174015234927113],[73.51417019203656,4.174015068730992],[73.51417041030155,4.174014900308594],[73.51417062724875,4.174014729688588],[73.5141708428622,4.174014556899722],[73.51417105712608,4.174014381970751],[73.51417127002442,4.17401420493045],[73.51417148154135,4.174014025807529],[73.51417169166093,4.174013844630747],[73.5141719003673,4.174013661428828],[73.51417210764453,4.174013476230513],[73.51417231347669,4.174013289064561],[73.51417251784791,4.174013099959732],[73.51417272074228,4.174012908944731],[73.5141729221439,4.174012716048304],[73.51417312203685,4.17401252129924],[73.51417332040519,4.174012324726215],[73.51417351723309,4.174012126358055],[73.5141737125046,4.174011926223432],[73.51417390620385,4.174011724351109],[73.51417409831487,4.174011520769841],[73.51417428882182,4.174011315508339],[73.51417447770875,4.174011108595391],[73.51417466495978,4.174010900059709],[73.51417485055899,4.174010689930068],[73.51417503449049,4.174010478235174],[73.51417521673838,4.174010265003804],[73.51417539728672,4.17401005026465],[73.51417557611964,4.174009834046452],[73.51417575322121,4.174009616378053],[73.51417592857557,4.174009397288146],[73.51417610216674,4.174009176805407],[73.51417627397886,4.174008954958654],[73.51417644399604,4.174008731776603],[73.51417661220236,4.17400850728801],[73.5141767785819,4.174008281521635],[73.51417694311877,4.17400805450615],[73.51417710579705,4.174007826270383],[73.51417726660084,4.17400759684304],[73.51417742551425,4.174007366252781],[73.51417758252136,4.174007134528531],[73.51417773760627,4.174006901698898],[73.51417789075309,4.174006667792659],[73.51417804194588,4.174006432838552],[73.51417819116878,4.174006196865321],[73.51417833840583,4.174005959901725],[73.51417848364115,4.174005721976506],[73.51417862685885,4.174005483118373],[73.51417871313546,4.174005337121295],[73.51417879866048,4.174005190791159],[73.51417888343742,4.174005044130529],[73.5141789674698,4.174004897142074],[73.51417905076113,4.174004749828399],[73.51417913331491,4.174004602192215],[73.51417921513466,4.174004454236077],[73.51417929622389,4.17400430596267],[73.5141793765861,4.174004157374593],[73.51417945622484,4.174004008474501],[73.51417953514358,4.174003859264974],[73.51417961334583,4.174003709748749],[73.51417969083512,4.174003559928378],[73.51417976761498,4.174003409806543],[73.5141798436889,4.174003259385848],[73.51417991906035,4.174003108668924],[73.51417999373292,4.174002957658442],[73.51418006771007,4.174002806357004],[73.51418014099532,4.174002654767258],[73.5141802135922,4.174002502891823],[73.51418028550421,4.174002350733335],[73.51418035673483,4.174002198294476],[73.51418042728761,4.174002045577798],[73.51418049716607,4.174001892586004],[73.51418056637368,4.174001739321693],[73.51418063491398,4.174001585787502],[73.5141807027905,4.174001431986095],[73.51418077000669,4.174001277920044],[73.51418083656611,4.174001123592049],[73.51418090247228,4.174000969004727],[73.51418096772866,4.17400081416066],[73.51418103233878,4.174000659062556],[73.51418109630619,4.174000503712992],[73.51418115963439,4.174000348114674],[73.51418122232685,4.174000192270187],[73.5141812843871,4.174000036182128],[73.51418134581868,4.173999879853202],[73.51418140662506,4.173999723286008],[73.51418146680979,4.173999566483183],[73.51418152637633,4.173999409447409],[73.51418158532826,4.173999252181223],[73.51418164366902,4.173999094687321],[73.51418170140218,4.17399893696831],[73.51418175853122,4.173998779026874],[73.51418181505966,4.173998620865627],[73.51418187099102,4.173998462487155],[73.51418192632879,4.173998303894146],[73.51418198107648,4.173998145089249],[73.51418203523762,4.17399798607503],[73.51418208881572,4.173997826854141],[73.51418214181429,4.173997667429268],[73.51418219423684,4.173997507803012],[73.51418224608688,4.173997347978022],[73.5141822973679,4.173997187956868],[73.51418234808344,4.173997027742285],[73.51418239823701,4.17399686733684],[73.51418244783208,4.1739967067432],[73.51418249687224,4.173996545963933],[73.51418254536094,4.173996385001774],[73.51418259330171,4.173996223859274],[73.51418264069807,4.173996062539136],[73.5141826875535,4.173995901043924],[73.51418273387154,4.17399573937633],[73.51418277965568,4.173995577538961],[73.51418282490945,4.173995415534461],[73.51418286963637,4.17399525336546],[73.51418291383995,4.173995091034559],[73.51418295752366,4.173994928544479],[73.51418300069103,4.173994765897766],[73.5141830433456,4.173994603097094],[73.51418308549087,4.173994440145059],[73.51418312713032,4.173994277044367],[73.51418316826751,4.173994113797614],[73.51418320890592,4.173993950407422],[73.51418324904905,4.173993786876423],[73.51418328870044,4.173993623207287],[73.51418332786359,4.173993459402631],[73.51418336654201,4.173993295465055],[73.51418340473924,4.173993131397244],[73.51418344245872,4.173992967201834],[73.51418347970403,4.173992802881392],[73.51418351647864,4.173992638438602],[73.51418355278608,4.173992473876099],[73.51418358862986,4.173992309196517],[73.51418362401351,4.173992144402474],[73.51418365894051,4.17399197949664],[73.51418369341438,4.173991814481581],[73.51418372743862,4.173991649360014],[73.5141837610168,4.173991484134524],[73.51418379415234,4.173991318807731],[73.51418382684884,4.173991153382316],[73.51418385910974,4.173990987860884],[73.51418389093857,4.173990822246066],[73.51418392233887,4.173990656540549],[73.51418395331415,4.173990490746866],[73.51418398386787,4.173990324867736],[73.51418401400359,4.17399015890576],[73.51418404372481,4.17398999286359],[73.51418407303504,4.17398982674384],[73.5141841019378,4.173989660549185],[73.51418413043656,4.173989494282168],[73.51418415853489,4.173989327945511],[73.51418418623626,4.173989161541834],[73.5141842135442,4.173988995073752],[73.51418424046223,4.1739888285439],[73.51418426699382,4.173988661954909],[73.51418429314252,4.173988495309438],[73.51418431891184,4.173988328610116],[73.51418434430529,4.17398816185953],[73.51418436932634,4.173987995060379],[73.51418439397855,4.173987828215231],[73.51418441826543,4.173987661326824],[73.51418444219046,4.173987494397655],[73.51418446575717,4.17398732743046],[73.51418448896908,4.173987160427856],[73.51418451182967,4.17398699339243],[73.51418453434249,4.173986826326916],[73.51418455651103,4.173986659233797],[73.5141845783388,4.173986492115859],[73.51418459982932,4.173986324975634],[73.51418462098609,4.173986157815793],[73.51418464181263,4.173985990638968],[73.51418466231246,4.173985823447813],[73.51418468248909,4.173985656244942],[73.51418470234599,4.17398548903301],[73.51418472188672,4.1739853218146],[73.51418474111479,4.173985154592397],[73.51418476003367,4.173984987369],[73.51418478058385,4.173984802583884],[73.51418480076345,4.17398461780056],[73.51418482057501,4.173984433018945],[73.51418484002124,4.173984248239049],[73.51418485910476,4.173984063460874],[73.51418487782811,4.173983878684356],[73.514184896194,4.173983693909488],[73.51418491420502,4.173983509136252],[73.51418493186375,4.173983324364574],[73.51418494917289,4.173983139594572],[73.514184966135,4.173982954826071],[73.51418498275272,4.173982770059125],[73.5141849990287,4.173982585293735],[73.51418501496553,4.173982400529792],[73.51418503056583,4.173982215767382],[73.51418504583224,4.173982031006399],[73.51418506076733,4.173981846246857],[73.51418507537383,4.173981661488714],[73.51418508965426,4.173981476731991],[73.51418510361131,4.173981291976626],[73.51418511724754,4.173981107222607],[73.51418513056562,4.17398092246994],[73.51418514356816,4.173980737718544],[73.51418515625777,4.173980552968441],[73.51418516863707,4.173980368219603],[73.5141851807087,4.173980183472035],[73.51418519247528,4.173979998725675],[73.51418520393939,4.173979813980492],[73.51418521510372,4.173979629236528],[73.51418522597086,4.173979444493668],[73.51418523654343,4.173979259752],[73.51418524682406,4.17397907501138],[73.51418525681534,4.173978890271914],[73.51418526651995,4.173978705533503],[73.51418527594046,4.173978520796121],[73.51418528507949,4.173978336059771],[73.51418529393969,4.173978151324428],[73.5141853025237,4.173977966590076],[73.51418531083408,4.173977781856687],[73.51418531887353,4.173977597124285],[73.51418532664461,4.173977412392721],[73.51418533414997,4.17397722766212],[73.51418534139222,4.173977042932334],[73.51418534837397,4.173976858203452],[73.51418535509788,4.173976673475376],[73.51418536156653,4.173976488748133],[73.51418536778257,4.173976304021673],[73.51418537374863,4.173976119296005],[73.51418537946729,4.173975934571045],[73.51418538494121,4.173975749846869],[73.514185390173,4.173975565123343],[73.51418539516527,4.173975380400528],[73.51418539992068,4.173975195678358],[73.51418540444179,4.17397501095684],[73.5141854087313,4.173974826235944],[73.51418541279175,4.173974641515624],[73.51418541662582,4.173974456795885],[73.51418542023612,4.173974272076716],[73.51418542362525,4.173974087358105],[73.51418542679585,4.173973902639956],[73.51418542975054,4.173973717922324],[73.51418543249194,4.173973533205164],[73.51418543502267,4.173973348488446],[73.51418543734536,4.173973163772143],[73.51418543946262,4.173972979056258],[73.51418544137711,4.173972794340748],[73.51418544309136,4.173972609625617],[73.5141854446081,4.173972424910801],[73.5141854459299,4.173972240196289],[73.51418544705938,4.173972055482104],[73.51418544799917,4.173971870768201],[73.51418544875189,4.173971686054547],[73.51418544932015,4.1739715013411],[73.51418544970662,4.173971316627883],[73.51418544991384,4.173971131914863],[73.51418544994449,4.173970947202013],[73.51418544980119,4.173970762489274],[73.51418544948656,4.17397057777668],[73.5141854490032,4.173970393064206],[73.51418544835376,4.173970208351838],[73.51418544754083,4.173970023639462],[73.51418544656705,4.173969838927151],[73.51418544543506,4.173969654214862],[73.51418544414744,4.173969469502597],[73.51418544270685,4.17396928479028],[73.51418544111588,4.173969100077876],[73.51418543937719,4.173968915365483],[73.51418543749338,4.173968730652981],[73.51418543546707,4.173968545940309],[73.5141854333009,4.17396836122754],[73.51418543099744,4.173968176514649],[73.51418542855937,4.173967991801518],[73.5141854259893,4.173967807088238],[73.51418542328982,4.173967622374745],[73.5141854204636,4.173967437660962],[73.5141854175132,4.173967252946961],[73.51418541444133,4.173967068232677],[73.51418541125052,4.173966883518035],[73.51418540794344,4.173966698803123],[73.51418540452272,4.173966514087859],[73.51418540099094,4.173966329372216],[73.51418539735077,4.173966144656183],[73.5141853936048,4.173965959939697],[73.51418538975567,4.173965775222813],[73.514185385806,4.173965590505502],[73.5141853817584,4.173965405787686],[73.51418537761549,4.173965221069368],[73.5141853733799,4.173965036350556],[73.51418536905426,4.173964851631168],[73.51418536464121,4.17396466691121],[73.51418536014329,4.173964482190689],[73.51418535556321,4.173964297469571],[73.51418535090356,4.173964112747832],[73.51418534616695,4.173963928025408],[73.51418534135603,4.17396374330232],[73.5141853364734,4.173963558578559],[73.51418533152167,4.173963373854077],[73.5141853265035,4.173963189128879],[73.51418532142146,4.173963004402885],[73.51418531627824,4.173962819676152],[73.51418531107642,4.173962634948603],[73.5141853058186,4.173962450220221],[73.51418530050746,4.173962265491014],[73.51418529514557,4.173962080760954],[73.51418528973558,4.173961896029993],[73.5141852842801,4.173961711298136],[73.51418527878177,4.173961526565324],[73.51418527324319,4.173961341831594],[73.51418524780159,4.173960507590984],[73.51418522183428,4.173959673328589],[73.51418519558271,4.173958839042444],[73.51418516928837,4.173958004730562],[73.51418513355249,4.17395685790314],[73.51418509901731,4.173955711033473],[73.51418506650813,4.173954564131529],[73.51418503685032,4.173953417207464],[73.51418501086927,4.17395227027135],[73.51418498939022,4.173951123333224],[73.51418497323863,4.173949976403193],[73.51418496323977,4.173948829491327],[73.51418496021903,4.173947682607697],[73.51418496500173,4.173946535762391],[73.51418497841324,4.1739453889655],[73.51418500127888,4.17394424222704],[73.51418503442403,4.173943095557153],[73.514185078674,4.173941948965927],[73.51418513485416,4.173940802463351],[73.51418520378988,4.173939656059575],[73.51418525983354,4.173938857931232],[73.51418532317905,4.173938060113932],[73.51418539454393,4.173937262865795],[73.51418547464569,4.173936466445123],[73.51418556420177,4.173935671110082],[73.51418566392972,4.173934877118909],[73.514185774547,4.17393408472984],[73.51418589677117,4.173933294201059],[73.51418603131964,4.173932505790785],[73.51418617890998,4.173931719757287],[73.51418634025967,4.173930936358733],[73.51418651608617,4.17393015585336],[73.51418670710704,4.173929378499366],[73.51418691403975,4.173928604555008],[73.5141871376018,4.173927834278434],[73.51418737851068,4.173927067927946],[73.51418766717352,4.17392622157941],[73.51418797798331,4.173925381429087],[73.51418831079172,4.173924548510784],[73.51418866545038,4.17392372385841],[73.51418904181094,4.173922908505788],[73.51418943972507,4.173922103486878],[73.51418985904442,4.173921309835502],[73.51419029962061,4.173920528585553],[73.51419076130533,4.173919760770904],[73.51419124395022,4.173919007425446],[73.51419174740691,4.17391826958302],[73.51419227152708,4.173917548277519],[73.51419281616236,4.173916844542833],[73.51419338116443,4.173916159412819],[73.5141939663849,4.173915493921352],[73.51419457167547,4.173914849102323],[73.51419516073565,4.173914260384149],[73.51419576637241,4.173913689814278],[73.51419638743575,4.173913136226618],[73.51419702277568,4.173912598454971],[73.51419767124221,4.173912075333226],[73.51419833168536,4.173911565695203],[73.51419900295517,4.173911068374688],[73.5141996839016,4.173910582205634],[73.51420037337466,4.173910106021814],[73.5142010702244,4.173909638657096],[73.51420177330081,4.173909178945302],[73.51420248145389,4.173908725720319],[73.51420319353369,4.173908277815916],[73.51420390839019,4.173907834066034],[73.51420462487336,4.173907393304422],[73.5142053418333,4.17390695436502],[73.51420611532029,4.173906481559728],[73.51420688840378,4.173906010072717],[73.51420766146488,4.173905540457824],[73.51420843488467,4.173905073268824],[73.51420920904427,4.173904609059493],[73.51420998432476,4.173904148383651],[73.51421076110726,4.173903691795108],[73.51421153977286,4.173903239847673],[73.51421232070264,4.173902793095096],[73.51421310427773,4.173902352091227],[73.5142138908792,4.1739019173899],[73.51421468088817,4.173901489544805],[73.51421547468574,4.173901069109869],[73.51421627265299,4.173900656638831],[73.51421707517103,4.173900252685502],[73.51421788262095,4.173899857803684],[73.51421891877317,4.173899367803071],[73.51421996139547,4.17389888952409],[73.51422100833118,4.173898419059493],[73.51422205742358,4.173897952502058],[73.51445062888074,4.173843603450745],[73.51454096178144,4.173822124336175]]]}},{"type":"Feature","properties":{"OBJECTID":"620","roadEN":null,"roadDI":null,"deadEnd":1,"SHAPE_Leng":16.94175},"geometry":{"type":"MultiLineString","coordinates":[[[73.5137176304407,4.173910806619399],[73.51356537006822,4.173921053365911]]]}},{"type":"Feature","properties":{"OBJECTID":"621","roadEN":null,"roadDI":null,"deadEnd":1,"SHAPE_Leng":26.56038},"geometry":{"type":"MultiLineString","coordinates":[[[73.51405395865218,4.173790110440446],[73.51411152707061,4.174023258865512]]]}},{"type":"Feature","properties":{"OBJECTID":"625","roadEN":null,"roadDI":null,"deadEnd":1,"SHAPE_Leng":21.01119},"geometry":{"type":"MultiLineString","coordinates":[[[73.51416091960382,4.173113503596154],[73.51419456745637,4.173300497021357]]]}},{"type":"Feature","properties":{"OBJECTID":"626","roadEN":null,"roadDI":null,"deadEnd":1,"SHAPE_Leng":1.01134},"geometry":{"type":"MultiLineString","coordinates":[[[73.51419456745637,4.173300497021357],[73.51418557706401,4.173301971853844]]]}},{"type":"Feature","properties":{"OBJECTID":"627","roadEN":null,"roadDI":null,"deadEnd":1,"SHAPE_Leng":33.19145},"geometry":{"type":"MultiLineString","coordinates":[[[73.51418557706401,4.173301971853844],[73.51419740610004,4.173394878497286],[73.51421142577426,4.173481275903389],[73.51423738253108,4.173597363599013]]]}},{"type":"Feature","properties":{"OBJECTID":"630","roadEN":null,"roadDI":null,"deadEnd":1,"SHAPE_Leng":20.79193},"geometry":{"type":"MultiLineString","coordinates":[[[73.51385146228357,4.173526741817926],[73.51403035576223,4.173471095012723]]]}},{"type":"Feature","properties":{"OBJECTID":"632","roadEN":null,"roadDI":null,"deadEnd":1,"SHAPE_Leng":21.75613},"geometry":{"type":"MultiLineString","coordinates":[[[73.51431799518444,4.17368920839912],[73.51438651262386,4.173673909684546],[73.5144344599545,4.173661644558329],[73.51450889114915,4.173644806961186]]]}},{"type":"Feature","properties":{"OBJECTID":"634","roadEN":null,"roadDI":null,"deadEnd":1,"SHAPE_Leng":5.00999},"geometry":{"type":"MultiLineString","coordinates":[[[73.51437283966627,4.174315956676293],[73.5143604011499,4.174272402515881]]]}},{"type":"Feature","properties":{"OBJECTID":"635","roadEN":null,"roadDI":null,"deadEnd":1,"SHAPE_Leng":38.51548},"geometry":{"type":"MultiLineString","coordinates":[[[73.51418527324319,4.173961341831594],[73.51418541509696,4.173961998563318],[73.51418555701638,4.17396265526884],[73.51418569906711,4.173963311921834],[73.51418584131484,4.173963968496095],[73.5141859838252,4.173964624965418],[73.51418612666387,4.173965281303447],[73.51418626989647,4.173965937484011],[73.5141864135887,4.173966593480888],[73.51418655780624,4.173967249267756],[73.51418670261467,4.173967904818443],[73.51418684807973,4.17396856010666],[73.51418699426702,4.173969215106117],[73.51418714124225,4.173969869790712],[73.51418728907102,4.17397052413407],[73.51418743781906,4.173971178109936],[73.51418758755199,4.173971831692159],[73.51418773833547,4.17397248485441],[73.51418789023516,4.173973137570539],[73.51418804331672,4.173973789814204],[73.51418819764582,4.173974441559169],[73.51418835328812,4.173975092779227],[73.51418851030928,4.173975743448123],[73.51418866877493,4.173976393539602],[73.51418882875076,4.173977043027405],[73.51418899030243,4.173977691885318],[73.51418915349558,4.173978340087063],[73.51418931839589,4.173978987606453],[73.514189485069,4.173979634417183],[73.51418965358059,4.173980280492962],[73.5141898239963,4.173980925807673],[73.51418999638182,4.173981570334955],[73.51419017080276,4.173982214048641],[73.51419034732486,4.173982856922403],[73.51419052601368,4.17398349893009],[73.51419070693494,4.173984140045414],[73.5141908901543,4.173984780242099],[73.5141910757374,4.173985419493929],[73.51419126374991,4.173986057774678],[73.51419145425747,4.173986695057989],[73.5141916473258,4.173987331317777],[73.51419184302048,4.173987966527735],[73.5141920414072,4.173988600661541],[73.51419224255166,4.173989233693039],[73.51419244651946,4.173989865595975],[73.5141926533763,4.173990496344044],[73.51419286318783,4.173991125911055],[73.51419307601968,4.17399175427079],[73.51419329193754,4.173992381396873],[73.51419351100708,4.1739930072632],[73.51419373329392,4.17399363184345],[73.51419395886377,4.173994255111382],[73.51419418778224,4.173994877040761],[73.51419442011505,4.173995497605362],[73.5141946559278,4.173996116778881],[73.51419489528614,4.173996734535161],[73.5141951382558,4.173997350847884],[73.5141953849024,4.173997965690838],[73.51419563529159,4.173998579037725],[73.51419588948905,4.173999190862369],[73.51419614756043,4.173999801138479],[73.51419640957138,4.17400040983984],[73.51419667558757,4.174001016940173],[73.51419694567467,4.174001622413245],[73.5141972198983,4.174002226232813],[73.51419757143519,4.174002984984831],[73.51419792911054,4.174003741287288],[73.51419829238627,4.174004495359303],[73.51419866072426,4.174005247420018],[73.51419903358648,4.174005997688673],[73.5141994104348,4.17400674638445],[73.51419979073114,4.174007493726546],[73.51420017393747,4.174008239934147],[73.51420055951563,4.174008985226385],[73.51420094692759,4.174009729822509],[73.51420133563525,4.174010473941617],[73.51420172510052,4.174011217803013],[73.51420211478532,4.174011961625794],[73.51420250415158,4.174012705629211],[73.5142028926612,4.174013450032381],[73.5142032797761,4.174014195054534],[73.5142035997788,4.174014814203536],[73.51420391845447,4.174015433930262],[73.51420423580831,4.174016054234671],[73.51420455184558,4.174016675116789],[73.51420486657148,4.17401729657663],[73.51420517999122,4.174017918614149],[73.51420549211005,4.174018541229358],[73.51420580293316,4.174019164422217],[73.51420611246579,4.174019788192767],[73.51420642071317,4.174020412540902],[73.51420672768047,4.174021037466749],[73.514207033373,4.174021662970199],[73.51420733779591,4.174022289051282],[73.51420764095445,4.17402291570997],[73.51420794285384,4.174023542946277],[73.51420824349931,4.174024170760193],[73.51420854289607,4.174024799151663],[73.51420884104934,4.174025428120745],[73.51420913796436,4.174026057667417],[73.5142094336463,4.174026687791605],[73.51420972810045,4.174027318493382],[73.51421002133198,4.174027949772713],[73.51421031334615,4.174028581629571],[73.51421060414816,4.174029214063934],[73.51421089374324,4.174029847075844],[73.51421118213662,4.174030480665278],[73.51421146933347,4.174031114832194],[73.51421175533909,4.174031749576605],[73.51421204015867,4.1740323848985],[73.51421232379742,4.174033020797859],[73.51421260626057,4.174033657274706],[73.51421288755333,4.174034294328985],[73.51421321110945,4.174035031398599],[73.51421353244102,4.174035769471097],[73.51421385088018,4.174036508778003],[73.51421416575883,4.17403724955085],[73.5142144764091,4.17403799202101],[73.51421478216294,4.174038736420136],[73.51421508235242,4.174039482979598],[73.5142153763095,4.174040231930983],[73.51421580300033,4.174041355269035],[73.51421621622183,4.174042483727889],[73.5142166178982,4.174043616576014],[73.51421700995361,4.174044753081835],[73.51421739431225,4.174045892513802],[73.51421777289835,4.174047034140427],[73.51421814763609,4.174048177230111],[73.51421852044962,4.174049321051345],[73.5142904854369,4.174292656900935]]]}},{"type":"Feature","properties":{"OBJECTID":"636","roadEN":null,"roadDI":null,"deadEnd":1,"SHAPE_Leng":22.66752},"geometry":{"type":"MultiLineString","coordinates":[[[73.5141666137225,4.174336396165754],[73.51427092056791,4.174300419707258],[73.5142904854369,4.174292656900935],[73.51430390871971,4.174287330908091],[73.5143604011499,4.174272402515914]]]}},{"type":"Feature","properties":{"OBJECTID":"638","roadEN":"Saharaa Magu","roadDI":null,"deadEnd":0,"SHAPE_Leng":23.67067},"geometry":{"type":"MultiLineString","coordinates":[[[73.51215752677749,4.173533998565926],[73.51221663871793,4.173518665027176],[73.51234025269393,4.173493912071557],[73.51242409003926,4.173477124134295]],[[73.5116410407305,4.173881520084912],[73.51184703709674,4.173826298967035],[73.51188390789544,4.17381641506364],[73.51188930651028,4.173814967864335],[73.51199494990908,4.173786648173337],[73.51199532377856,4.173786524477356],[73.5119956976883,4.173786396656521],[73.51199607157743,4.173786264689831],[73.51199644538426,4.173786128557206],[73.51199681904627,4.173785988239595],[73.51199719250019,4.173785843719222],[73.51199756568198,4.173785694979407],[73.51199793852689,4.173785542004749],[73.51199831096943,4.173785384780938],[73.51199868294349,4.173785223295017],[73.51199905438223,4.173785057535229],[73.5119994252182,4.173784887491125],[73.5119997953834,4.173784713153646],[73.51200016480927,4.173784534515015],[73.5120005334266,4.173784351568881],[73.51200090116578,4.173784164310215],[73.51200126795669,4.173783972735494],[73.51200163372877,4.173783776842567],[73.51200199841108,4.17378357663084],[73.51200236193226,4.173783372100971],[73.51200272422065,4.173783163255452],[73.51200308520426,4.173782950098038],[73.51200344481092,4.173782732634116],[73.51200380296817,4.173782510870643],[73.51200415960335,4.173782284816052],[73.51200451464373,4.173782054480415],[73.51200486801642,4.173781819875437],[73.51200521964854,4.173781581014318],[73.51200556946709,4.173781337912],[73.51200591739921,4.173781090584917],[73.51200626337202,4.17378083905116],[73.51200660731281,4.17378058333055],[73.51200694914898,4.173780323444448],[73.51200728880818,4.173780059415842],[73.51200762621829,4.173779791269509],[73.51200796130746,4.173779519031593],[73.5120082940042,4.173779242730141],[73.51200862423738,4.173778962394783],[73.51200895193635,4.173778678056667],[73.51200927703087,4.173778389748592],[73.51200959945123,4.173778097505212],[73.51200991912835,4.173777801362361],[73.51201023599366,4.173777501357893],[73.51201054997931,4.173777197531],[73.51201086101815,4.173776889922587],[73.51201116904375,4.173776578574979],[73.51201147399047,4.173776263532201],[73.51201177579352,4.173775944839652],[73.51201207438899,4.173775622544355],[73.51201236971386,4.17377529669474],[73.51201266170614,4.173774967340758],[73.5120129503047,4.173774634533767],[73.51201323544961,4.17377429832655],[73.51201351708198,4.173773958773292],[73.51201379514399,4.173773615929414],[73.51201406957902,4.173773269851919],[73.51201434033169,4.17377292059882],[73.51201460734778,4.173772568229643],[73.5120148705744,4.173772212804985],[73.51201512995993,4.173771854386721],[73.5120153854541,4.173771493037755],[73.51201563700806,4.173771128822363],[73.51201588457432,4.173770761805781],[73.51201612810681,4.173770392054107],[73.51201636574979,4.173770022485798],[73.51201659933423,4.173769650357023],[73.51201682881958,4.173769275735401],[73.51201705416658,4.173768898689369],[73.51201727533763,4.17376851928826],[73.51201749229661,4.173768137602066],[73.51201770500893,4.173767753701585],[73.51201791344168,4.173767367658253],[73.51201811756341,4.173766979544273],[73.51201831734437,4.173766589432208],[73.51201851275636,4.17376619739547],[73.51201870377284,4.173765803507757],[73.51201889036894,4.173765407843309],[73.5120190725214,4.173765010476859],[73.5120192502086,4.173764611483326],[73.51201942341069,4.173764210938079],[73.51201959210935,4.173763808916826],[73.51201975628801,4.1737634054954],[73.51201991593179,4.173763000749808],[73.51202007102741,4.173762594756353],[73.5120202215633,4.173762187591151],[73.51202036752962,4.173761779330733],[73.5120205089181,4.173761370051341],[73.51202064572212,4.173760959829306],[73.51202077793684,4.173760548740859],[73.51202090555893,4.173760136862085],[73.51202102858674,4.173759724268938],[73.51202114702026,4.173759311037037],[73.51202126086108,4.173758897241881],[73.51202137011236,4.173758482958665],[73.51202147477889,4.173758068262169],[73.5120215748669,4.173757653226744],[73.51202167038437,4.173757237926494],[73.51202176134065,4.173756822434932],[73.51202184774661,4.173756406825102],[73.51202192961468,4.173755991169481],[73.51202200695867,4.173755575540074],[73.51202207979391,4.173755160008166],[73.51202214813709,4.17375474464454],[73.51202221200633,4.173754329519007],[73.51202227142109,4.17375391470107],[73.51202232640217,4.173753500259245],[73.5120223769717,4.173753086261315],[73.51202242315308,4.173752672774293],[73.51202246497098,4.173752259864333],[73.5120225024513,4.173751847596809],[73.51202253562111,4.173751436036088],[73.51202256450874,4.173751025245815],[73.51202260955586,4.17375020622583],[73.51202263784087,4.17374939102628],[73.51202264962866,4.173748580120582],[73.51202264519961,4.173747773965832],[73.51202262484871,4.173746973002014],[73.51202258888435,4.173746177651864],[73.51202253762742,4.173745388320127],[73.51202247140996,4.173744605393728],[73.51201548597373,4.173709316411103],[73.51199997080639,4.173630936985498],[73.51199990126742,4.173630525616118],[73.51199983177384,4.173630114241567],[73.51199976237106,4.173629702856746],[73.51199969310447,4.173629291456434],[73.51199962401947,4.173628880035561],[73.51199955516145,4.173628468588925],[73.51199948657583,4.17362805711142],[73.511999418308,4.173627645597799],[73.51199935040334,4.173627234043004],[73.51199928290728,4.173626822441837],[73.5119992158652,4.173626410789192],[73.51199914932248,4.173625999079849],[73.51199908332454,4.173625587308742],[73.51199901791679,4.173625175470682],[73.51199895314458,4.173624763560516],[73.51199888905337,4.173624351573045],[73.51199882568852,4.173623939503195],[73.51199876309545,4.173623527345801],[73.5119987013195,4.173623115095741],[73.51199864040613,4.173622702747728],[73.51199858040073,4.173622290296814],[73.51199852134867,4.173621877737673],[73.51199846329537,4.17362146506519],[73.51199840628622,4.173621052274261],[73.51199835036664,4.173620639359751],[73.51199829558198,4.173620226316454],[73.51199824197771,4.173619813139274],[73.51199818959913,4.173619399823068],[73.51199813849172,4.173618986362552],[73.51199808870085,4.173618572752759],[73.5119980402719,4.173618158988417],[73.5119979932503,4.173617745064392],[73.511997940051,4.173617260360528],[73.51199788885835,4.173616775434564],[73.51199783968869,4.173616290290196],[73.5119977925584,4.173615804931115],[73.51199774748375,4.173615319361038],[73.51199770448112,4.173614833583637],[73.51199766356686,4.173614347602597],[73.51199762475726,4.173613861421691],[73.51199758806872,4.173613375044503],[73.5119975535175,4.173612888474834],[73.51199752111998,4.173612401716341],[73.51199749089248,4.173611914772709],[73.51199746285137,4.173611427647677],[73.51199743701295,4.173610940344894],[73.51199741339356,4.173610452868101],[73.51199739200953,4.173609965220964],[73.51199737287722,4.173609477407205],[73.51199735601296,4.173608989430511],[73.51199734143309,4.17360850129455],[73.51199732915391,4.17360801300306],[73.51199731919179,4.173607524559778],[73.51199731156309,4.173607035968324],[73.5119973062841,4.173606547232398],[73.51199730337117,4.173606058355772],[73.51199730284061,4.173605569342119],[73.51199730470881,4.173605080195072],[73.5119973089921,4.173604590918385],[73.51199731570675,4.173604101515728],[73.51199732486916,4.173603611990838],[73.51199733649564,4.173603122347417],[73.51199735060254,4.17360263258912],[73.51199736720619,4.173602142719647],[73.51199738546472,4.173601673913494],[73.51199740615516,4.173601205066187],[73.5119974294087,4.173600736235032],[73.51199745535655,4.173600267477216],[73.51199748412992,4.173599798850042],[73.51199751585999,4.173599330410696],[73.51199755067793,4.1735988622165],[73.51199758871499,4.173598394324641],[73.51199763010231,4.173597926792421],[73.51199767497113,4.17359745967703],[73.51199772345264,4.17359699303582],[73.51199777567801,4.173596526925894],[73.51199783177847,4.173596061404573],[73.51199789188517,4.173595596529196],[73.51199795612935,4.173595132356831],[73.5119980246422,4.173594668944915],[73.5119980975549,4.173594206350502],[73.51199817499864,4.173593744630965],[73.51199825710465,4.173593283843555],[73.51199834400411,4.173592824045493],[73.51199843582819,4.173592365294066],[73.51199853270813,4.173591907646428],[73.51199863477511,4.173591451159985],[73.51199874216029,4.173590995891819],[73.51199885499494,4.173590541899186],[73.51199897341019,4.173590089239458],[73.51199909753724,4.173589637969855],[73.51199922750733,4.173589188147563],[73.51199936345162,4.173588739829886],[73.51199950550135,4.17358829307401],[73.51199965378764,4.173587847937259],[73.51199980844176,4.173587404476899],[73.5119999809458,4.173586932286551],[73.51200016082271,4.173586462240295],[73.51200034801656,4.173585994500651],[73.5120005424714,4.173585529229936],[73.51200074413129,4.173585066590703],[73.51200095294026,4.173584606745419],[73.51200116884232,4.173584149856504],[73.51200139178157,4.17358369608641],[73.51200162170204,4.173583245597653],[73.51200185854775,4.173582798552636],[73.51200210226276,4.173582355113778],[73.51200235279111,4.173581915443681],[73.51200261007686,4.173581479704629],[73.51200287406402,4.173581048059208],[73.51200314469669,4.173580620669836],[73.51200342191886,4.173580197699014],[73.5120037056746,4.173579779309095],[73.51200399590796,4.173579365662649],[73.51200429256298,4.17357895692209],[73.51200459558369,4.173578553249889],[73.51200490491414,4.17357815480843],[73.51200522049838,4.173577761760265],[73.51200554228045,4.173577374267866],[73.51200587020442,4.173576992493613],[73.51200620421429,4.173576616599979],[73.51200654425413,4.173576246749512],[73.512006890268,4.173575883104531],[73.51200724219991,4.173575525827606],[73.51200759999392,4.173575175081188],[73.5120079635941,4.17357483102768],[73.51200833294445,4.173574493829564],[73.51200870798903,4.173574163649279],[73.51200906608413,4.173573860902198],[73.51200944825894,4.173573557018631],[73.51200987368811,4.173573244615513],[73.51201036154634,4.173572916309811],[73.51201093100832,4.173572564718506],[73.51201160124867,4.173572182458548],[73.51201198015283,4.173571977520631],[73.5120123914421,4.173571762146905],[73.5120128375133,4.173571535414495],[73.51201332076326,4.173571296400527],[73.51201384358883,4.173571044182129],[73.51201440838686,4.173570777836411],[73.51201501755413,4.173570496440504],[73.51201567348753,4.173570199071477],[73.51201637858387,4.173569884806513],[73.51201713523996,4.173569552722721],[73.51201753365196,4.173569379710351],[73.51201794585268,4.173569201897227],[73.5120183721418,4.173569019167923],[73.51201881281885,4.173568831407093],[73.51201926818348,4.173568638499442],[73.51201973853529,4.173568440329493],[73.51202022417385,4.173568236782034],[73.51202072539883,4.173568027741573],[73.51202124250977,4.173567813092811],[73.51202177580633,4.173567592720391],[73.51202232558805,4.173567366508917],[73.51202289215459,4.173567134343092],[73.51202347580552,4.173566896107474],[73.51202407684046,4.173566651686786],[73.51202469555903,4.173566400965631],[73.51202533226079,4.173566143828613],[73.51202598724538,4.173565880160461],[73.51202666081241,4.173565609845673],[73.51202735326144,4.173565332769043],[73.51202806489215,4.173565048815139],[73.51202853559435,4.173564915459319],[73.5120290066205,4.173564783429558],[73.51202947794071,4.173564652591795],[73.5120299495251,4.173564522812118],[73.51203042134388,4.173564393956418],[73.51203089336711,4.173564265890785],[73.51203136556501,4.17356413848129],[73.51203183790764,4.173564011593887],[73.5120323103652,4.173563885094603],[73.51203278290787,4.173563758849455],[73.5120337281289,4.17356350658572],[73.5120342007476,4.173563380299126],[73.51203467333193,4.17356325373076],[73.51203514585204,4.173563126746647],[73.51203561827806,4.173562999212772],[73.51203605344689,4.173562881144417],[73.5120364885369,4.173562762612885],[73.51203692357444,4.173562643735398],[73.51203735858591,4.173562524629187],[73.5120382286361,4.17356228619944],[73.51203866372757,4.173562167110362],[73.51203909889846,4.173562048261428],[73.51203953417513,4.173561929769882],[73.51203996958397,4.173561811752971],[73.51204040515135,4.173561694327852],[73.51204084090365,4.173561577611804],[73.51204127686727,4.173561461722034],[73.51204171306851,4.173561346775786],[73.51204214953381,4.173561232890222],[73.51204258628954,4.173561120182614],[73.51204302888836,4.173561007334708],[73.51204347179174,4.17356089573195],[73.5120439149794,4.173560785291339],[73.51204435843101,4.17356067592982],[73.51204480212627,4.173560567564444],[73.51204524604483,4.173560460112206],[73.51204569016647,4.173560353490041],[73.51204613447084,4.173560247614978],[73.51204657893763,4.173560142403998],[73.51204702354654,4.173560037774115],[73.51204746827727,4.173559933642262],[73.51204791310955,4.173559829925485],[73.51204835802302,4.173559726540734],[73.51204880299738,4.173559623405023],[73.51204924801239,4.173559520435314],[73.51204969304769,4.173559417548607],[73.51209957316813,4.173549031630142],[73.51215313910939,4.173535136719485]]]}},{"type":"Feature","properties":{"OBJECTID":"641","roadEN":"Niyadhuru Goalhi","roadDI":null,"deadEnd":0,"SHAPE_Leng":61.61907},"geometry":{"type":"MultiLineString","coordinates":[[[73.51215752677749,4.173533998565926],[73.51203978306329,4.172989413161032]]]}},{"type":"Feature","properties":{"OBJECTID":"643","roadEN":"Bodu Rasgefaanu Magu","roadDI":"ބޮޑު ރަސްގެފާނު މަގު","deadEnd":0,"SHAPE_Leng":13.72574},"geometry":{"type":"MultiLineString","coordinates":[[[73.50988107243073,4.172856049402576],[73.51014676407316,4.17287192849058],[73.51020571220309,4.172876385317629],[73.51030615944066,4.172883979712449],[73.5103762657246,4.172889280147379],[73.51051357135361,4.172898522967913],[73.51060147839858,4.172900424680251],[73.51068174529698,4.172902161103044],[73.51074568781365,4.172905883893393],[73.51081072319228,4.17290967030586],[73.51092777600999,4.172917243420782],[73.51098087375723,4.172920678747515],[73.51105553427514,4.172925509139917],[73.51118614269646,4.172932793000243],[73.51134482991294,4.172941642749167],[73.5113543680837,4.172942174677711],[73.51140702170916,4.172947546281377],[73.51148631550764,4.172955635648701],[73.511546077187,4.172959191840574],[73.51164519192066,4.172965089774249],[73.51180508942853,4.172975435470826],[73.51183234408056,4.172977198899485],[73.51197615216786,4.172986503545212],[73.51203978306329,4.172989413161032],[73.51216328872478,4.172995060623624],[73.51235622581848,4.17300388289343],[73.51245579569121,4.173008435821632],[73.51268026632687,4.173022155355969],[73.5127794739686,4.173028079875079],[73.51286405766334,4.173033131066067],[73.51308871110176,4.173046538044304],[73.51312620572975,4.173048775660916],[73.51319854015163,4.173053126610437],[73.51330841384957,4.17305973555244],[73.51340006775811,4.173060188779837],[73.5135552492469,4.173078933667312],[73.5136169006027,4.173086380730984],[73.51370214176927,4.17309102212631],[73.51383942598547,4.17309597366912],[73.51392143825856,4.173098931661935],[73.51402611944468,4.173105337077936],[73.51411795135658,4.173110956238641],[73.51413554132694,4.173112032561199],[73.51416091960382,4.173113503596154],[73.51441546517833,4.173128258116135]]]}},{"type":"Feature","properties":{"OBJECTID":"644","roadEN":null,"roadDI":null,"deadEnd":1,"SHAPE_Leng":18.79678},"geometry":{"type":"MultiLineString","coordinates":[[[73.51202806489215,4.173565048815139],[73.51199399308148,4.173398532558018]]]}},{"type":"Feature","properties":{"OBJECTID":"645","roadEN":null,"roadDI":null,"deadEnd":1,"SHAPE_Leng":14.45414},"geometry":{"type":"MultiLineString","coordinates":[[[73.51228356659463,4.173408983872338],[73.51241107368467,4.173382559784213]]]}},{"type":"Feature","properties":{"OBJECTID":"646","roadEN":null,"roadDI":null,"deadEnd":1,"SHAPE_Leng":29.02936},"geometry":{"type":"MultiLineString","coordinates":[[[73.5122123627443,4.17379084926031],[73.51215313910939,4.173535136719485]]]}},{"type":"Feature","properties":{"OBJECTID":"647","roadEN":null,"roadDI":null,"deadEnd":1,"SHAPE_Leng":28.82815},"geometry":{"type":"MultiLineString","coordinates":[[[73.51221452059285,4.17382630183997],[73.51245930827271,4.173739312672919]]]}},{"type":"Feature","properties":{"OBJECTID":"648","roadEN":null,"roadDI":null,"deadEnd":1,"SHAPE_Leng":13.82037},"geometry":{"type":"MultiLineString","coordinates":[[[73.51201612810681,4.173770392054107],[73.51213750486815,4.173742631097419]]]}},{"type":"Feature","properties":{"OBJECTID":"649","roadEN":null,"roadDI":null,"deadEnd":1,"SHAPE_Leng":15.79757},"geometry":{"type":"MultiLineString","coordinates":[[[73.51184703709674,4.173826298967035],[73.51180423785817,4.173690044943222]]]}},{"type":"Feature","properties":{"OBJECTID":"650","roadEN":null,"roadDI":null,"deadEnd":1,"SHAPE_Leng":24.27212},"geometry":{"type":"MultiLineString","coordinates":[[[73.51194317459928,4.174027707302301],[73.51188390789544,4.17381641506364]]]}},{"type":"Feature","properties":{"OBJECTID":"651","roadEN":null,"roadDI":null,"deadEnd":1,"SHAPE_Leng":16.94191},"geometry":{"type":"MultiLineString","coordinates":[[[73.51211271013227,4.174079571865355],[73.5121850721512,4.174052373069849],[73.51221828550361,4.174045845166069],[73.51225949636867,4.174040994100278]]]}},{"type":"Feature","properties":{"OBJECTID":"652","roadEN":null,"roadDI":null,"deadEnd":1,"SHAPE_Leng":15.62345},"geometry":{"type":"MultiLineString","coordinates":[[[73.51223013498355,4.173902808620954],[73.51225949636867,4.174040994100278]]]}},{"type":"Feature","properties":{"OBJECTID":"654","roadEN":null,"roadDI":null,"deadEnd":1,"SHAPE_Leng":26.45818},"geometry":{"type":"MultiLineString","coordinates":[[[73.51225949636867,4.174040994100278],[73.51229961235167,4.174036271914384],[73.51249645241019,4.174015445884161]]]}},{"type":"Feature","properties":{"OBJECTID":"655","roadEN":null,"roadDI":null,"deadEnd":1,"SHAPE_Leng":38.80133},"geometry":{"type":"MultiLineString","coordinates":[[[73.51186846361185,4.174822707812011],[73.51220808655336,4.174739868447753]]]}},{"type":"Feature","properties":{"OBJECTID":"656","roadEN":null,"roadDI":null,"deadEnd":1,"SHAPE_Leng":38.85402},"geometry":{"type":"MultiLineString","coordinates":[[[73.51219931663567,4.174431081829856],[73.51254484730228,4.174375255907131]]]}},{"type":"Feature","properties":{"OBJECTID":"660","roadEN":null,"roadDI":null,"deadEnd":0,"SHAPE_Leng":0.50311},"geometry":{"type":"MultiLineString","coordinates":[[[73.51215313910939,4.173535136719485],[73.51215752677749,4.173533998565926]]]}},{"type":"Feature","properties":{"OBJECTID":"667","roadEN":"Hilaalee Magu","roadDI":null,"deadEnd":0,"SHAPE_Leng":149.11592},"geometry":{"type":"MultiLineString","coordinates":[[[73.5044107661679,4.169414577436937],[73.50453742616963,4.17060992233313],[73.50455285980908,4.170755576395586],[73.50460070572929,4.171207119682244],[73.50461721967098,4.171368337518241],[73.5046645592971,4.171830492269215],[73.50468234930572,4.171999500478334],[73.50473523731965,4.17250194620773],[73.50474746263122,4.172621360814661],[73.50477693710059,4.172909262151089],[73.50477847577612,4.172924291662384],[73.50480920971762,4.173224495472907]]]}},{"type":"Feature","properties":{"OBJECTID":"673","roadEN":"Haveeree Hin'gun","roadDI":"ހަވީރީ ހިނގުން","deadEnd":0,"SHAPE_Leng":56.57646},"geometry":{"type":"MultiLineString","coordinates":[[[73.50231391256428,4.177250696781503],[73.50279140287331,4.177429472107367]],[[73.50278665875348,4.177375494563554],[73.50324932558748,4.177546216215135],[73.50331844428437,4.177571720627872],[73.50334849889035,4.177582810607295],[73.50345024375727,4.177619435824341],[73.5036291363501,4.177683831961487],[73.50364574277287,4.177689809789039],[73.50381765781047,4.177759711204069],[73.50387851061288,4.177784454212313],[73.50400485851604,4.177830892633468],[73.5040818136952,4.177850480230658],[73.50410616154788,4.177856677549836],[73.50438563536284,4.177961433063688],[73.50462515050215,4.178051210728317],[73.50468884626432,4.178075756387869],[73.50471530881565,4.178085953937004],[73.5047706875465,4.178107294556582],[73.5049161292273,4.17816144953809],[73.50494634155227,4.178172908720104],[73.50499645203294,4.17819191503722],[73.50511774621813,4.17823792048292],[73.50524757737169,4.178286625241354],[73.50530238089341,4.178306977723578],[73.50535049626596,4.178324846412218],[73.50538996658204,4.178339504568922],[73.505553321939,4.17839954541708],[73.50561145924048,4.178421554451003],[73.50566959654654,4.178443563481796],[73.50582569641216,4.178500969214516],[73.50586438551404,4.178515197128062],[73.5059214425484,4.178536128897048],[73.50599346437873,4.178562550598479]],[[73.50917047643061,4.179727280055475],[73.5091274632625,4.179713202442286],[73.50889884437386,4.179629175309068],[73.50885009204107,4.179611256750358],[73.50880133971143,4.179593338189394],[73.50844800800849,4.17946347361324],[73.50839765928741,4.179444968280101],[73.50839692685453,4.179444699079289],[73.50834731056973,4.179426462944611],[73.50807941378953,4.179327999213824],[73.50803332994532,4.179308597232557],[73.507974047937,4.179283638623875],[73.50778617580924,4.179215769081675],[73.5077283651636,4.179194884749345],[73.50765153664958,4.179166812785255],[73.50753229529799,4.17912324380219],[73.50747224379457,4.179101172188236],[73.50741219229594,4.179079100570868],[73.50705851091621,4.178949106768838],[73.50700997913263,4.178931333223764],[73.50685076188489,4.178873023887624],[73.50679473922922,4.178852506982012],[73.506675177376,4.178808663498208],[73.50661295805986,4.178787128093524],[73.50654177054638,4.178762488601781],[73.50648532740446,4.178742952441246],[73.50628922825993,4.178671889267071],[73.50623198159087,4.178650790374042],[73.50623164097613,4.178650664836693],[73.50617438312123,4.1786295618163],[73.5059934486754,4.178562393309873]]]}},{"type":"Feature","properties":{"OBJECTID":"674","roadEN":"Kan'baa Aisaa Rani Hin'gun","roadDI":"ކަނބާ އައިސާރަނި ހިނގުން","deadEnd":0,"SHAPE_Leng":41.54487},"geometry":{"type":"MultiLineString","coordinates":[[[73.50283024114627,4.177803146395354],[73.5028002161335,4.177529747448149],[73.50279140287331,4.177429472107367],[73.50278665875348,4.177375494563554],[73.502768630211,4.177170369873458],[73.502760319404,4.177075811423436],[73.50275236702154,4.177000281863759],[73.5027059179299,4.17655912126246],[73.50265605034868,4.176085493180065],[73.50263818097103,4.175931879943868],[73.50262154583078,4.175788876798443],[73.50259868248119,4.17556863781051],[73.50257212345717,4.175312799094249],[73.50253979918836,4.175001424884227],[73.50252044059609,4.174814946927429],[73.50250943743615,4.174704659967631],[73.50249917268454,4.174601774250162],[73.50248278482378,4.174436452680912],[73.50245660262863,4.174172325486396],[73.5024486751763,4.174094596268155],[73.50244223752185,4.174031474629577],[73.50240144224509,4.173687260614471],[73.5023887751134,4.173580380521496],[73.50237900882117,4.173489495897865],[73.50234581577583,4.173180603193609],[73.5023294195743,4.173028021079344],[73.50231292335852,4.172878634293622],[73.50230377202519,4.172795761468057],[73.50224461643425,4.172260059357135],[73.50218500948608,4.171720270298176]]]}},{"type":"Feature","properties":{"OBJECTID":"680","roadEN":"Chaandhanee Magu","roadDI":"ޗާންދަނީ މަގު","deadEnd":0,"SHAPE_Leng":16.66677},"geometry":{"type":"MultiLineString","coordinates":[[[73.50814664539307,4.172570693572859],[73.50819759115905,4.172712479167851],[73.50824225146481,4.17283677187033],[73.5082818554062,4.172946992346146],[73.50839261461529,4.173247448003681],[73.50840319267843,4.173276143028128],[73.50845118450326,4.173406330040963],[73.50856243468688,4.173722795573513],[73.50864220054356,4.173949699788621],[73.50865960215636,4.173998475827458],[73.50872238523944,4.174174454323574],[73.50876045748791,4.174281169309202],[73.50883586684793,4.174492538677672],[73.5088429529925,4.174512400849602],[73.50889081963975,4.174646569081272],[73.50897582951107,4.174879499681191],[73.50907911935498,4.175162518073138],[73.50910822387127,4.175246423900974],[73.50914265195779,4.175345677114579],[73.5092482412237,4.175650081813333],[73.50927854347759,4.17574177724963],[73.50931278581427,4.175845395470542],[73.509412529572,4.176147222660206],[73.50945175680803,4.176266440848363],[73.5095951055789,4.176702101804577],[73.50963596672939,4.176826285653038],[73.50969761803856,4.177012065827182],[73.50970914509395,4.177040851861189],[73.50973906994591,4.177115581938525],[73.50989395214782,4.177582975972321],[73.50991363256645,4.177642366317094],[73.51002908106643,4.177983530358944],[73.51007554472173,4.178120835943932],[73.510147750488,4.178345017626416],[73.51017563864441,4.178431603685113],[73.5102002169538,4.178507913452907],[73.51034570028625,4.178933524391671],[73.51036964341291,4.178997803358332],[73.51039685036471,4.179060759640957],[73.51043087829376,4.179129065542559],[73.51045348450054,4.179197305812704],[73.510548426896,4.179483903799191],[73.51056070774699,4.179520975399008]]]}},{"type":"Feature","properties":{"OBJECTID":"693","roadEN":null,"roadDI":null,"deadEnd":0,"SHAPE_Leng":59.93309},"geometry":{"type":"MultiLineString","coordinates":[[[73.5018289981878,4.172301906026139],[73.50177198513055,4.171762918221876]]]}},{"type":"Feature","properties":{"OBJECTID":"694","roadEN":null,"roadDI":null,"deadEnd":0,"SHAPE_Leng":163.04464},"geometry":{"type":"MultiLineString","coordinates":[[[73.50230377202519,4.172795761468057],[73.50084342952465,4.172951968326063]]]}},{"type":"Feature","properties":{"OBJECTID":"699","roadEN":null,"roadDI":null,"deadEnd":1,"SHAPE_Leng":18.88686},"geometry":{"type":"MultiLineString","coordinates":[[[73.51023726357964,4.173267542641407],[73.51026565615264,4.173435955403236]]]}},{"type":"Feature","properties":{"OBJECTID":"700","roadEN":"Anonaa Goalhi","roadDI":null,"deadEnd":0,"SHAPE_Leng":29.63632},"geometry":{"type":"MultiLineString","coordinates":[[[73.51000131553062,4.173473318564361],[73.51026565615264,4.173435955403236],[73.51061448429344,4.173386650225306]],[[73.5095417472473,4.173544980531905],[73.50978706485176,4.173509474228132],[73.50980722576759,4.17350655621286],[73.51000061186889,4.17347009955261]]]}},{"type":"Feature","properties":{"OBJECTID":"704","roadEN":"Nikagas Magu","roadDI":"ނިކަގަސް މަގު","deadEnd":0,"SHAPE_Leng":14.64126},"geometry":{"type":"MultiLineString","coordinates":[[[73.50890015948086,4.172493226092972],[73.50892531983511,4.172623206088017],[73.50894223043643,4.17271056733139],[73.5089512980347,4.172777707127191],[73.5089513062543,4.172777767988145],[73.50895772054866,4.172825261758788],[73.50897195465546,4.172898621512547],[73.50900867881194,4.173087890501739],[73.50902404186171,4.173167068598865],[73.50903054590044,4.173205936465108],[73.50903707741064,4.173244968500005],[73.50904721436214,4.173305546503451],[73.5090811597162,4.173475094249222],[73.50909358218514,4.173548363222803],[73.50910644885408,4.173624252133616],[73.50914909322974,4.173837208733273],[73.50916328659584,4.173908086351078],[73.50918946457737,4.174038811713122],[73.50919510618857,4.17407676009184],[73.50920505766216,4.174143698823434],[73.50922699150958,4.174258015802661],[73.50923936023749,4.174332534406757],[73.50925808670975,4.174445356889898],[73.50937675735983,4.175074083149455],[73.50940312208606,4.175213765496226]]]}},{"type":"Feature","properties":{"OBJECTID":"707","roadEN":"Joashee Hin'gun","roadDI":null,"deadEnd":0,"SHAPE_Leng":27.2383},"geometry":{"type":"MultiLineString","coordinates":[[[73.50819759115905,4.172712479167851],[73.5089512980347,4.172777707127191]]]}},{"type":"Feature","properties":{"OBJECTID":"710","roadEN":null,"roadDI":null,"deadEnd":1,"SHAPE_Leng":23.67051},"geometry":{"type":"MultiLineString","coordinates":[[[73.50848108985853,4.172944081669622],[73.50844203149045,4.172733633814835]]]}},{"type":"Feature","properties":{"OBJECTID":"711","roadEN":null,"roadDI":null,"deadEnd":1,"SHAPE_Leng":19.36464},"geometry":{"type":"MultiLineString","coordinates":[[[73.50863106813773,4.172923729035841],[73.50861945400315,4.172748988478767]]]}},{"type":"Feature","properties":{"OBJECTID":"714","roadEN":null,"roadDI":null,"deadEnd":1,"SHAPE_Leng":13.97848},"geometry":{"type":"MultiLineString","coordinates":[[[73.50851075787416,4.17320373488234],[73.50839261461529,4.173247448003681]]]}},{"type":"Feature","properties":{"OBJECTID":"716","roadEN":null,"roadDI":null,"deadEnd":1,"SHAPE_Leng":11.68561},"geometry":{"type":"MultiLineString","coordinates":[[[73.50886871971213,4.172919238050401],[73.50897195465546,4.172898621512547]]]}},{"type":"Feature","properties":{"OBJECTID":"717","roadEN":null,"roadDI":null,"deadEnd":1,"SHAPE_Leng":19.78476},"geometry":{"type":"MultiLineString","coordinates":[[[73.50883413457206,4.173123993899391],[73.50900867881194,4.173087890501739]]]}},{"type":"Feature","properties":{"OBJECTID":"718","roadEN":null,"roadDI":null,"deadEnd":1,"SHAPE_Leng":25.56189},"geometry":{"type":"MultiLineString","coordinates":[[[73.50903054590044,4.173205936465108],[73.50880769194352,4.173264046575779]]]}},{"type":"Feature","properties":{"OBJECTID":"722","roadEN":"Kurikeela Magu","roadDI":null,"deadEnd":0,"SHAPE_Leng":49.78325},"geometry":{"type":"MultiLineString","coordinates":[[[73.50951886441861,4.173405623246574],[73.50916380921697,4.17352551475669],[73.50909358218514,4.173548363222803],[73.50902111163548,4.173571941611831],[73.509007051441,4.173576583594403],[73.5088987809089,4.173612329170807],[73.50879376669802,4.173646999651714],[73.5086396667614,4.173697875768926],[73.50856243468688,4.173722795573513],[73.50849214388383,4.173745475689326],[73.50837688697139,4.17378415697266],[73.50822272902981,4.173835893764268],[73.50815953571569,4.173858730690034],[73.50809329241247,4.173882669819232],[73.50786135475519,4.173960833403045]]]}},{"type":"Feature","properties":{"OBJECTID":"727","roadEN":null,"roadDI":null,"deadEnd":1,"SHAPE_Leng":16.75828},"geometry":{"type":"MultiLineString","coordinates":[[[73.50896448951974,4.173431175035222],[73.509007051441,4.173576583594369]]]}},{"type":"Feature","properties":{"OBJECTID":"728","roadEN":null,"roadDI":null,"deadEnd":1,"SHAPE_Leng":11.83011},"geometry":{"type":"MultiLineString","coordinates":[[[73.5088326034698,4.173746629476247],[73.50879376669802,4.173646999651714]]]}},{"type":"Feature","properties":{"OBJECTID":"729","roadEN":null,"roadDI":null,"deadEnd":1,"SHAPE_Leng":23.67693},"geometry":{"type":"MultiLineString","coordinates":[[[73.5088987809089,4.173612329170807],[73.50896128358053,4.173817055542814]]]}},{"type":"Feature","properties":{"OBJECTID":"730","roadEN":null,"roadDI":null,"deadEnd":1,"SHAPE_Leng":11.52854},"geometry":{"type":"MultiLineString","coordinates":[[[73.50896128358053,4.173817055542814],[73.50886204534939,4.173847757311271]]]}},{"type":"Feature","properties":{"OBJECTID":"735","roadEN":"Madhoshi Goalhi","roadDI":null,"deadEnd":0,"SHAPE_Leng":50.59905},"geometry":{"type":"MultiLineString","coordinates":[[[73.50992382499562,4.173072735188196],[73.50903707741064,4.173244968500005]]]}},{"type":"Feature","properties":{"OBJECTID":"738","roadEN":"Dhan'buruh Magu","roadDI":null,"deadEnd":0,"SHAPE_Leng":65.16534},"geometry":{"type":"MultiLineString","coordinates":[[[73.50981847261998,4.175169164743255],[73.50972452902722,4.174648636385649],[73.5097146831357,4.174589116719718],[73.50970309809814,4.17451908369607],[73.50965696722692,4.174251032731625],[73.50964887035565,4.174191372766445],[73.50964012856171,4.174126960837671],[73.50958131281172,4.173785198185014],[73.50955406858209,4.173626889229758],[73.5095476068983,4.173583933809792],[73.5095417472473,4.173544980531905],[73.50953367709009,4.173491332444377],[73.50951886441861,4.173405623246574],[73.50947635377624,4.173159647832727]]]}},{"type":"Feature","properties":{"OBJECTID":"743","roadEN":"Dhan'buruh Goalhi","roadDI":null,"deadEnd":0,"SHAPE_Leng":45.53501},"geometry":{"type":"MultiLineString","coordinates":[[[73.5101853660128,4.174363280635756],[73.50981529692216,4.174540841743227]]]}},{"type":"Feature","properties":{"OBJECTID":"746","roadEN":null,"roadDI":null,"deadEnd":1,"SHAPE_Leng":21.59429},"geometry":{"type":"MultiLineString","coordinates":[[[73.50973850384457,4.173320364669313],[73.50978706485176,4.173509474228132]]]}},{"type":"Feature","properties":{"OBJECTID":"748","roadEN":null,"roadDI":null,"deadEnd":1,"SHAPE_Leng":19.37059},"geometry":{"type":"MultiLineString","coordinates":[[[73.50990524486868,4.173862406915819],[73.51007506123568,4.173822177563117]]]}},{"type":"Feature","properties":{"OBJECTID":"749","roadEN":null,"roadDI":null,"deadEnd":1,"SHAPE_Leng":1.163},"geometry":{"type":"MultiLineString","coordinates":[[[73.50990524486868,4.173862406915819],[73.50990791172566,4.173872578276597]]]}},{"type":"Feature","properties":{"OBJECTID":"750","roadEN":null,"roadDI":null,"deadEnd":1,"SHAPE_Leng":8.71315},"geometry":{"type":"MultiLineString","coordinates":[[[73.50992481636321,4.173937052361036],[73.50984873412261,4.173956394032264]]]}},{"type":"Feature","properties":{"OBJECTID":"751","roadEN":null,"roadDI":null,"deadEnd":1,"SHAPE_Leng":3.87824},"geometry":{"type":"MultiLineString","coordinates":[[[73.5098814333063,4.173849700255362],[73.50990791172566,4.173872578276597]]]}},{"type":"Feature","properties":{"OBJECTID":"752","roadEN":null,"roadDI":null,"deadEnd":1,"SHAPE_Leng":7.37201},"geometry":{"type":"MultiLineString","coordinates":[[[73.50990791172566,4.173872578276597],[73.50992481636321,4.173937052361036]]]}},{"type":"Feature","properties":{"OBJECTID":"753","roadEN":null,"roadDI":null,"deadEnd":1,"SHAPE_Leng":28.46187},"geometry":{"type":"MultiLineString","coordinates":[[[73.50989879939583,4.174219536357654],[73.51013306339318,4.174114975914407]]]}},{"type":"Feature","properties":{"OBJECTID":"754","roadEN":null,"roadDI":null,"deadEnd":1,"SHAPE_Leng":21.68603},"geometry":{"type":"MultiLineString","coordinates":[[[73.509835233448,4.173626581831336],[73.51002480037849,4.173579271531756]]]}},{"type":"Feature","properties":{"OBJECTID":"757","roadEN":null,"roadDI":null,"deadEnd":1,"SHAPE_Leng":23.49638},"geometry":{"type":"MultiLineString","coordinates":[[[73.51003407328426,4.174695201477643],[73.51023692763592,4.174634604051684]]]}},{"type":"Feature","properties":{"OBJECTID":"758","roadEN":null,"roadDI":null,"deadEnd":1,"SHAPE_Leng":16.71379},"geometry":{"type":"MultiLineString","coordinates":[[[73.50988001942854,4.174677315770843],[73.50981529692216,4.174540841743227]]]}},{"type":"Feature","properties":{"OBJECTID":"760","roadEN":"Dhan'buruh Goalhi","roadDI":null,"deadEnd":0,"SHAPE_Leng":12.37998},"geometry":{"type":"MultiLineString","coordinates":[[[73.50981529692216,4.174540841743227],[73.5097146831357,4.174589116719718]]]}},{"type":"Feature","properties":{"OBJECTID":"761","roadEN":"Kudhimaa Goalhi","roadDI":null,"deadEnd":0,"SHAPE_Leng":48.06836},"geometry":{"type":"MultiLineString","coordinates":[[[73.50964887035565,4.174191372766445],[73.50923936023749,4.174332534406757]]]}},{"type":"Feature","properties":{"OBJECTID":"764","roadEN":null,"roadDI":null,"deadEnd":1,"SHAPE_Leng":16.09555},"geometry":{"type":"MultiLineString","coordinates":[[[73.5094093457886,4.173627732389837],[73.5095476068983,4.173583933809792]]]}},{"type":"Feature","properties":{"OBJECTID":"765","roadEN":null,"roadDI":null,"deadEnd":1,"SHAPE_Leng":24.12128},"geometry":{"type":"MultiLineString","coordinates":[[[73.50937372627975,4.173849600838949],[73.50958131281172,4.173785198185014]]]}},{"type":"Feature","properties":{"OBJECTID":"768","roadEN":null,"roadDI":null,"deadEnd":1,"SHAPE_Leng":25.68331},"geometry":{"type":"MultiLineString","coordinates":[[[73.50894873358199,4.173994954168907],[73.50916328659584,4.173908086351078]]]}},{"type":"Feature","properties":{"OBJECTID":"770","roadEN":null,"roadDI":null,"deadEnd":1,"SHAPE_Leng":18.75719},"geometry":{"type":"MultiLineString","coordinates":[[[73.50865960215636,4.173998475827458],[73.50881815607178,4.173939878192055]]]}},{"type":"Feature","properties":{"OBJECTID":"771","roadEN":"Gumree Goalhi","roadDI":null,"deadEnd":0,"SHAPE_Leng":53.28557},"geometry":{"type":"MultiLineString","coordinates":[[[73.50876045748791,4.17428116930917],[73.50919510618857,4.17407676009184]]]}},{"type":"Feature","properties":{"OBJECTID":"772","roadEN":null,"roadDI":null,"deadEnd":0,"SHAPE_Leng":20.957},"geometry":{"type":"MultiLineString","coordinates":[[[73.5088429529925,4.174512400849602],[73.50902458130565,4.174460765340592]]]}},{"type":"Feature","properties":{"OBJECTID":"773","roadEN":null,"roadDI":null,"deadEnd":1,"SHAPE_Leng":21.77548},"geometry":{"type":"MultiLineString","coordinates":[[[73.50918158454981,4.175093631031607],[73.50937675735983,4.175074083149455]]]}},{"type":"Feature","properties":{"OBJECTID":"775","roadEN":"Dhilbahaaru Magu","roadDI":null,"deadEnd":0,"SHAPE_Leng":32.67173},"geometry":{"type":"MultiLineString","coordinates":[[[73.50845219003656,4.175315559284885],[73.50835461922956,4.175092668899905],[73.50833610305673,4.17504409880922],[73.50832365381812,4.175011442995962],[73.50823264561205,4.174802594704713],[73.50821259066215,4.174754538345542],[73.50819811085206,4.174719841325564],[73.50817430062361,4.174662786431632],[73.50814124987944,4.174588906652052],[73.50812197369349,4.174545817743161],[73.50801536293021,4.174307505947109],[73.50788147857541,4.174008228146269],[73.50786135475519,4.173960833403045],[73.50784333465474,4.173918393245859],[73.50777725504967,4.173762765409182],[73.50776167873471,4.173721795018822],[73.50776166371644,4.173721755516264],[73.50774115880446,4.173667821430695],[73.50757528434362,4.173282049141244],[73.50754919478427,4.17322252400793],[73.50750894006495,4.173130680071808],[73.50747753583008,4.17305902912112],[73.50739983222194,4.172881169508818],[73.50730448629024,4.172662927446298]]]}},{"type":"Feature","properties":{"OBJECTID":"777","roadEN":"Kudheenaa Goalhi","roadDI":null,"deadEnd":0,"SHAPE_Leng":30.3469},"geometry":{"type":"MultiLineString","coordinates":[[[73.50897582951107,4.174879499681191],[73.50871103787792,4.174947629616283]]]}},{"type":"Feature","properties":{"OBJECTID":"784","roadEN":"Kudhiraiymaa Goalhi","roadDI":null,"deadEnd":0,"SHAPE_Leng":75.01547},"geometry":{"type":"MultiLineString","coordinates":[[[73.50821259066215,4.174754538345542],[73.50860603229654,4.174589151756367],[73.50883586684793,4.174492538677672]]]}},{"type":"Feature","properties":{"OBJECTID":"787","roadEN":"Dhevina Magu","roadDI":null,"deadEnd":0,"SHAPE_Leng":43.49419},"geometry":{"type":"MultiLineString","coordinates":[[[73.50872238523944,4.174174454323574],[73.50834701824272,4.174287085747688],[73.50833977158231,4.174289589342316],[73.50833221926531,4.17429089625447],[73.50832455597588,4.174290972794478],[73.50831697925884,4.174289816989279],[73.50830968442732,4.174287458633283],[73.50830285952802,4.174283958520407],[73.50829668049361,4.174279406876841],[73.5082913066077,4.174273921035087],[73.50828687639863,4.174267642409663],[73.50828350406864,4.174260732851293],[73.50826857110671,4.174213665190724],[73.50822524415725,4.174077101636234],[73.50817518616728,4.17391932228074],[73.50815953571569,4.173858730690034],[73.50814429373338,4.173799720508068],[73.50806416113684,4.173548803428645],[73.50805184900766,4.173509423331967],[73.50802876031463,4.173435574608781],[73.50790211672835,4.173043025458822],[73.50788070102412,4.172981583728379],[73.5078592160401,4.172919943229168],[73.50779072660137,4.172611589356845],[73.50779059478816,4.172610995905997]]]}},{"type":"Feature","properties":{"OBJECTID":"793","roadEN":"Baamiyaa Goalhi","roadDI":null,"deadEnd":0,"SHAPE_Leng":44.44367},"geometry":{"type":"MultiLineString","coordinates":[[[73.50750894006495,4.173130680071808],[73.50781626983446,4.173007747136843],[73.50788070102412,4.172981583728379],[73.50793886834926,4.172957963864471],[73.50824225146481,4.17283677187033]]]}},{"type":"Feature","properties":{"OBJECTID":"798","roadEN":"Ranaura Goalhi","roadDI":null,"deadEnd":0,"SHAPE_Leng":46.76357},"geometry":{"type":"MultiLineString","coordinates":[[[73.50840319267843,4.173276143028128],[73.50805184900766,4.173509423331967]]]}},{"type":"Feature","properties":{"OBJECTID":"801","roadEN":null,"roadDI":null,"deadEnd":1,"SHAPE_Leng":2.56376},"geometry":{"type":"MultiLineString","coordinates":[[[73.50829013546267,4.173631535470675],[73.50830037368868,4.173652318243233]]]}},{"type":"Feature","properties":{"OBJECTID":"802","roadEN":null,"roadDI":null,"deadEnd":1,"SHAPE_Leng":1.48616},"geometry":{"type":"MultiLineString","coordinates":[[[73.50830037368868,4.173652318243233],[73.50831221316668,4.17364604617885]]]}},{"type":"Feature","properties":{"OBJECTID":"803","roadEN":null,"roadDI":null,"deadEnd":1,"SHAPE_Leng":16.87508},"geometry":{"type":"MultiLineString","coordinates":[[[73.50837688697139,4.17378415697266],[73.50831221316668,4.17364604617885]]]}},{"type":"Feature","properties":{"OBJECTID":"805","roadEN":null,"roadDI":null,"deadEnd":1,"SHAPE_Leng":24.0688},"geometry":{"type":"MultiLineString","coordinates":[[[73.50826857110671,4.174213665190724],[73.50847680845204,4.174153101069222]]]}},{"type":"Feature","properties":{"OBJECTID":"806","roadEN":null,"roadDI":null,"deadEnd":1,"SHAPE_Leng":23.41061},"geometry":{"type":"MultiLineString","coordinates":[[[73.50842610397022,4.174012645579143],[73.50822524415725,4.174077101636234]]]}},{"type":"Feature","properties":{"OBJECTID":"809","roadEN":null,"roadDI":null,"deadEnd":1,"SHAPE_Leng":12.88619},"geometry":{"type":"MultiLineString","coordinates":[[[73.5082440803314,4.174534851810317],[73.50814124987944,4.174588906652052]]]}},{"type":"Feature","properties":{"OBJECTID":"811","roadEN":null,"roadDI":null,"deadEnd":1,"SHAPE_Leng":16.95965},"geometry":{"type":"MultiLineString","coordinates":[[[73.50866883315832,4.174800220335313],[73.50871103787792,4.174947629616283]]]}},{"type":"Feature","properties":{"OBJECTID":"812","roadEN":"Kudheenaa Goalhi","roadDI":null,"deadEnd":0,"SHAPE_Leng":42.97004},"geometry":{"type":"MultiLineString","coordinates":[[[73.50871103787792,4.174947629616283],[73.50833610305673,4.17504409880922]]]}},{"type":"Feature","properties":{"OBJECTID":"813","roadEN":"Iskandharu Magu","roadDI":"އިސްކަންދަރު މަގު","deadEnd":0,"SHAPE_Leng":16.08634},"geometry":{"type":"MultiLineString","coordinates":[[[73.50904421543359,4.172477580352193],[73.50890015948086,4.172493226092972],[73.50843411610917,4.172543841986462],[73.50821672061159,4.172567452708291],[73.50814664539307,4.172570693572859],[73.50808855505309,4.172573380151481],[73.5079012668714,4.172598255489213],[73.50782952931213,4.172606513819468],[73.50779059478816,4.172610995905997],[73.5077317903666,4.172617765382719]],[[73.50779072660137,4.172611589356845],[73.5077317903666,4.172617765382719]],[[73.5077317903666,4.172617765382719],[73.50762370408061,4.172629091911757],[73.5073848702837,4.17265411961866],[73.5073634796984,4.172656463426766],[73.50730448629024,4.172662927446298],[73.50721927296516,4.172672264423441],[73.5071698300612,4.172677681966771],[73.50700849771583,4.172695359403934],[73.50694289287549,4.172701041354467],[73.50689446843697,4.172705235328849],[73.50671662949505,4.172726028890768],[73.50664299810754,4.172733124842203],[73.50660168578247,4.172737106160886],[73.5065131379538,4.172745639614407],[73.50633384403886,4.172765570661923],[73.50621338862354,4.172778960955826],[73.50608959919354,4.172792721851238],[73.50599293128637,4.172801637692093],[73.50588521300675,4.172811572712376],[73.50568552125411,4.172834218224598],[73.50564966708902,4.172838284165116],[73.5054983093719,4.17285544844106],[73.50538961235223,4.172867054769336],[73.50499113348641,4.172909602961289],[73.5049646384814,4.172912431998423]],[[73.50477847577612,4.172924291662384],[73.50496688555567,4.172904400743939]]]}},{"type":"Feature","properties":{"OBJECTID":"824","roadEN":null,"roadDI":null,"deadEnd":0,"SHAPE_Leng":0.92242},"geometry":{"type":"MultiLineString","coordinates":[[[73.5049646384814,4.172912431998423],[73.50496688555567,4.172904400743939]]]}},{"type":"Feature","properties":{"OBJECTID":"826","roadEN":"Muranga Magu","roadDI":null,"deadEnd":0,"SHAPE_Leng":7.70911},"geometry":{"type":"MultiLineString","coordinates":[[[73.50487826602816,4.173217185186325],[73.50480920971762,4.173224495472907],[73.50420758251926,4.173288183328889]],[[73.5042073331357,4.173288212941527],[73.5040059675744,4.173309526043578],[73.5039054053016,4.173320171423788],[73.5037748685083,4.173334748067274],[73.5036089979055,4.173353270295504],[73.50326435867127,4.173391754913096],[73.50300356012757,4.173420545969549],[73.50268841716115,4.17345533791085],[73.50237900882117,4.173489495897865]]]}},{"type":"Feature","properties":{"OBJECTID":"828","roadEN":"Shaheedh Alee Hin'gun","roadDI":"ޝަހީދު ޢަލީ ހިނގުން","deadEnd":0,"SHAPE_Leng":68.90899},"geometry":{"type":"MultiLineString","coordinates":[[[73.50287274762222,4.172195045557511],[73.50293882427059,4.172814699180763],[73.50296092443747,4.173021950283867],[73.50297073977917,4.173113712650262],[73.50300356012757,4.173420545969549],[73.5030473464694,4.173829899236276],[73.50306840614577,4.174026783731086],[73.50308356791193,4.174168529382295],[73.50309156455238,4.174244020665237],[73.50311222055097,4.174439021079687],[73.50313312414387,4.174636358945899],[73.50319785782058,4.175247469904015],[73.5032148551479,4.175407931360039],[73.5032636300455,4.175867738693988],[73.50328569837741,4.176075659857123],[73.50332993415014,4.17649260180388],[73.5033426941739,4.176612870792244],[73.50335435544393,4.176720262088699],[73.50339599134152,4.177103706773567],[73.50340792977579,4.177213640578786],[73.50341691929509,4.177299850928224],[73.5034286312237,4.177412169463593],[73.50345024375727,4.177619435824341]]]}},{"type":"Feature","properties":{"OBJECTID":"836","roadEN":null,"roadDI":null,"deadEnd":0,"SHAPE_Leng":154.00703},"geometry":{"type":"MultiLineString","coordinates":[[[73.50102227646296,4.173836971848072],[73.50240144224509,4.173687260614471]]]}},{"type":"Feature","properties":{"OBJECTID":"839","roadEN":"Izzuhdheenu Magu","roadDI":null,"deadEnd":0,"SHAPE_Leng":23.21716},"geometry":{"type":"MultiLineString","coordinates":[[[73.5040818136952,4.177850480230658],[73.5040674702939,4.177713331049898],[73.50406001123326,4.177641654409029],[73.50405193414942,4.17756403898389],[73.50402948376102,4.17734567793629],[73.50401991247048,4.177252583938047],[73.50399651306198,4.177038937099404],[73.50394823612177,4.176598147743435],[73.50393143486855,4.176428481974036],[73.50391813493836,4.17629417400571],[73.5038958319274,4.176080659077395],[73.50386692691926,4.175803940923926],[73.50385347988666,4.175675207638426],[73.50382847326141,4.175440068026363],[73.50381740352987,4.175335978346284],[73.5038018010599,4.175184742522488],[73.5037877439383,4.175048485904369],[73.50375044817368,4.174702939951811],[73.5037367897683,4.174572989154403],[73.50372566312627,4.174467126452424],[73.50370468079183,4.174266204522111],[73.5036996978394,4.174218488945129],[73.50368419064024,4.174069995690399],[73.50367311044276,4.173959881466453],[73.5036628469697,4.173857883813483],[73.50363738205962,4.173617129786266],[73.50361947812213,4.173447859857924],[73.5036089979055,4.173353270295504],[73.50359815930548,4.173255446145995],[73.5035549009239,4.172843003005219],[73.50354507078328,4.17275164789849],[73.5035358530186,4.172665983839216],[73.50348802096491,4.172209734902488],[73.5034821493908,4.172127459807644],[73.5034766236716,4.172050031008783],[73.50342710276614,4.171576525588086],[73.50341876297556,4.171491801724434],[73.50341029836461,4.171405936463334],[73.50336468809482,4.170971782248059],[73.50335442667696,4.170876879199949],[73.50333929758612,4.170736957351281],[73.50320407924069,4.169444040364436]]]}},{"type":"Feature","properties":{"OBJECTID":"853","roadEN":"Shaheedh Alee Goalhi","roadDI":null,"deadEnd":0,"SHAPE_Leng":69.77212},"geometry":{"type":"MultiLineString","coordinates":[[[73.50234581577583,4.173180603193609],[73.50267588384831,4.173145273471271],[73.50297073977917,4.173113712650262]]]}},{"type":"Feature","properties":{"OBJECTID":"854","roadEN":null,"roadDI":null,"deadEnd":1,"SHAPE_Leng":16.00365},"geometry":{"type":"MultiLineString","coordinates":[[[73.50267588384831,4.173145273471271],[73.50265884479646,4.173001555325373]]]}},{"type":"Feature","properties":{"OBJECTID":"857","roadEN":null,"roadDI":null,"deadEnd":1,"SHAPE_Leng":26.54788},"geometry":{"type":"MultiLineString","coordinates":[[[73.50271608957023,4.173693816945291],[73.50268841716115,4.17345533791085]]]}},{"type":"Feature","properties":{"OBJECTID":"859","roadEN":null,"roadDI":null,"deadEnd":1,"SHAPE_Leng":27.4545},"geometry":{"type":"MultiLineString","coordinates":[[[73.5030473464694,4.173829899236276],[73.50280171467993,4.173858637318633]]]}},{"type":"Feature","properties":{"OBJECTID":"861","roadEN":"Blue Kiyaa Magu","roadDI":null,"deadEnd":0,"SHAPE_Leng":19.64843},"geometry":{"type":"MultiLineString","coordinates":[[[73.5024486751763,4.174094596268155],[73.50262463884046,4.174075566779593],[73.50296240975216,4.174039038622319],[73.50306840614577,4.174026783731086],[73.5031745298454,4.174014505570573],[73.50342248570743,4.173988227126818],[73.50358940628924,4.173970536781836],[73.50367311044276,4.173959881466453],[73.50376370209273,4.173948349380264],[73.50380021374919,4.173944481277861],[73.5042709555767,4.173894609985338]]]}},{"type":"Feature","properties":{"OBJECTID":"867","roadEN":"Sabudheli Magu","roadDI":"ސަބުދެލި މަގު","deadEnd":0,"SHAPE_Leng":95.70059},"geometry":{"type":"MultiLineString","coordinates":[[[73.50165222021403,4.174795845013791],[73.50250943743615,4.174704659967631],[73.50263546025114,4.174688282984184],[73.50281689752613,4.174669497869581],[73.502838586193,4.174667252329717],[73.50298852061756,4.174651728825856],[73.50313312414387,4.174636358945899],[73.50324164344589,4.174624824432309],[73.50344873977507,4.17460297466191],[73.50361922107247,4.174584987929643],[73.5037367897683,4.174572989154403],[73.50382924045579,4.174563553199654],[73.50386720863585,4.174559434038015],[73.50394716910613,4.174550759133298],[73.50433990582732,4.174508151033224]]]}},{"type":"Feature","properties":{"OBJECTID":"875","roadEN":"Iramaa Magu","roadDI":"އިރަމާ މަގު","deadEnd":0,"SHAPE_Leng":69.84332},"geometry":{"type":"MultiLineString","coordinates":[[[73.50257212345717,4.175312799094249],[73.50319785782058,4.175247469904015],[73.50337642595763,4.175228826573441],[73.50364413898401,4.17520108197229],[73.5038018010599,4.175184742522488],[73.50403264129949,4.175160819127891],[73.50416918881182,4.175146667834941],[73.5044022332796,4.17512251588647]]]}},{"type":"Feature","properties":{"OBJECTID":"881","roadEN":null,"roadDI":null,"deadEnd":1,"SHAPE_Leng":23.95345},"geometry":{"type":"MultiLineString","coordinates":[[[73.50363738205962,4.173617129786266],[73.5034228364133,4.173640066279825]]]}},{"type":"Feature","properties":{"OBJECTID":"882","roadEN":null,"roadDI":null,"deadEnd":1,"SHAPE_Leng":5.35817},"geometry":{"type":"MultiLineString","coordinates":[[[73.5034228364133,4.173640066279825],[73.50342796359784,4.173688249955124]]]}},{"type":"Feature","properties":{"OBJECTID":"884","roadEN":null,"roadDI":null,"deadEnd":1,"SHAPE_Leng":19.91366},"geometry":{"type":"MultiLineString","coordinates":[[[73.5034034941506,4.173809145421671],[73.50342248570743,4.173988227126818]]]}},{"type":"Feature","properties":{"OBJECTID":"886","roadEN":null,"roadDI":null,"deadEnd":1,"SHAPE_Leng":19.35473},"geometry":{"type":"MultiLineString","coordinates":[[[73.50379323320011,4.173508813357198],[73.5037748685083,4.173334748067274]]]}},{"type":"Feature","properties":{"OBJECTID":"888","roadEN":null,"roadDI":null,"deadEnd":1,"SHAPE_Leng":20.6786},"geometry":{"type":"MultiLineString","coordinates":[[[73.50398676341769,4.173123510686399],[73.5040059675744,4.173309526043578]]]}},{"type":"Feature","properties":{"OBJECTID":"890","roadEN":"Han'dhuvaree Hin'gun","roadDI":null,"deadEnd":0,"SHAPE_Leng":27.19762},"geometry":{"type":"MultiLineString","coordinates":[[[73.50471530881565,4.178085953937004],[73.5046910990132,4.177841189581266],[73.50467471915678,4.177675587101696],[73.50466258082935,4.177585838937219],[73.50465141931784,4.17750331314403],[73.50460717047547,4.177075578578263],[73.50459572232015,4.176978202066524],[73.5045840013127,4.176878504723388],[73.50456174034314,4.176666577074775],[73.50453955805007,4.17645539851739],[73.50452921605047,4.176362193190991],[73.50451829659484,4.176263783665201],[73.50447545997483,4.175854754598416],[73.50446604900087,4.175740596861925],[73.50445954493577,4.17566165185357],[73.50441005744797,4.175213570520568],[73.5044022332796,4.17512251588647],[73.5043936452374,4.175022571611543],[73.50433990582732,4.174508151033224],[73.50431688680777,4.174287801582743],[73.50431147187777,4.17424516842145],[73.50430041199088,4.174158091043015],[73.50429270009235,4.174097373255846],[73.50427206627353,4.173904967009976],[73.5042709555767,4.173894609985338],[73.50426434005225,4.173832921553529],[73.5042189330003,4.173377176729174],[73.5042073331357,4.173288212941527],[73.50419502275919,4.173193799975199],[73.5041633025914,4.172882929425911],[73.50415339889095,4.172785869170278],[73.50414268710789,4.172688971328029],[73.50413058683272,4.172579513844525],[73.50411356275467,4.17241266157315],[73.50407798264571,4.172063975259024],[73.50406721253725,4.171958385315859],[73.50401984920322,4.171510329480994],[73.50401001901542,4.171431047910066],[73.50401001374243,4.171431005382794],[73.50399975488573,4.171348266556516],[73.50394391873883,4.170818989634041]]]}},{"type":"Feature","properties":{"OBJECTID":"903","roadEN":"Alhivilaa Magu","roadDI":null,"deadEnd":0,"SHAPE_Leng":8.84601},"geometry":{"type":"MultiLineString","coordinates":[[[73.5044022332796,4.17512251588647],[73.5044814919296,4.175114301768591],[73.50448158424555,4.175114292201268],[73.50450002223491,4.175112419031142],[73.50451863976393,4.175112946622733],[73.50453703480144,4.175115875766553],[73.50462998000397,4.17516722774988],[73.50465880724386,4.175184459372088],[73.5047324282267,4.175227196290638]],[[73.50473246210603,4.175227215543422],[73.50476879743353,4.175247648124526],[73.50492495242648,4.17534524524379],[73.50505322743025,4.175425417291121],[73.50505533965907,4.175444092638364],[73.50508191668415,4.175679065711504]]]}},{"type":"Feature","properties":{"OBJECTID":"906","roadEN":null,"roadDI":null,"deadEnd":1,"SHAPE_Leng":17.28104},"geometry":{"type":"MultiLineString","coordinates":[[[73.50263995339347,4.174231093744815],[73.50262463884046,4.174075566779593]]]}},{"type":"Feature","properties":{"OBJECTID":"908","roadEN":null,"roadDI":null,"deadEnd":1,"SHAPE_Leng":23.70878},"geometry":{"type":"MultiLineString","coordinates":[[[73.5026953049371,4.174415371911332],[73.50248278482378,4.174436452680912]]]}},{"type":"Feature","properties":{"OBJECTID":"910","roadEN":null,"roadDI":null,"deadEnd":1,"SHAPE_Leng":13.49454},"geometry":{"type":"MultiLineString","coordinates":[[[73.50299126072275,4.174451041788165],[73.50311222055097,4.174439021079687]]]}},{"type":"Feature","properties":{"OBJECTID":"911","roadEN":null,"roadDI":null,"deadEnd":1,"SHAPE_Leng":17.6968},"geometry":{"type":"MultiLineString","coordinates":[[[73.50280121450761,4.174510229084557],[73.50281689752613,4.174669497869581]]]}},{"type":"Feature","properties":{"OBJECTID":"913","roadEN":null,"roadDI":null,"deadEnd":1,"SHAPE_Leng":28.21952},"geometry":{"type":"MultiLineString","coordinates":[[[73.50286583367168,4.174920991782821],[73.502838586193,4.174667252329717]]]}},{"type":"Feature","properties":{"OBJECTID":"915","roadEN":null,"roadDI":null,"deadEnd":1,"SHAPE_Leng":16.67033},"geometry":{"type":"MultiLineString","coordinates":[[[73.50268909802996,4.174985332954917],[73.50253979918836,4.175001424884227]]]}},{"type":"Feature","properties":{"OBJECTID":"917","roadEN":null,"roadDI":null,"deadEnd":1,"SHAPE_Leng":30.66602},"geometry":{"type":"MultiLineString","coordinates":[[[73.50297020375595,4.175899214325719],[73.50294088308728,4.175623445677916]]]}},{"type":"Feature","properties":{"OBJECTID":"919","roadEN":null,"roadDI":null,"deadEnd":1,"SHAPE_Leng":7.695},"geometry":{"type":"MultiLineString","coordinates":[[[73.50326863476774,4.174221268679406],[73.50319969883846,4.174228508543433]]]}},{"type":"Feature","properties":{"OBJECTID":"920","roadEN":null,"roadDI":null,"deadEnd":1,"SHAPE_Leng":12.11833},"geometry":{"type":"MultiLineString","coordinates":[[[73.50309156455238,4.174244020665237],[73.50320012708083,4.174232619106681]]]}},{"type":"Feature","properties":{"OBJECTID":"921","roadEN":null,"roadDI":null,"deadEnd":1,"SHAPE_Leng":0.457},"geometry":{"type":"MultiLineString","coordinates":[[[73.50320012708083,4.174232619106681],[73.50319969883846,4.174228508543433]]]}},{"type":"Feature","properties":{"OBJECTID":"923","roadEN":null,"roadDI":null,"deadEnd":1,"SHAPE_Leng":19.43478},"geometry":{"type":"MultiLineString","coordinates":[[[73.50352559068078,4.17423677430103],[73.5036996978394,4.174218488945129]]]}},{"type":"Feature","properties":{"OBJECTID":"924","roadEN":null,"roadDI":null,"deadEnd":1,"SHAPE_Leng":2.845},"geometry":{"type":"MultiLineString","coordinates":[[[73.50352825666455,4.174262364134079],[73.50352559068078,4.17423677430103]]]}},{"type":"Feature","properties":{"OBJECTID":"926","roadEN":null,"roadDI":null,"deadEnd":1,"SHAPE_Leng":7.4288},"geometry":{"type":"MultiLineString","coordinates":[[[73.50380907034993,4.174011074395086],[73.50380021374919,4.173944481277861]]]}},{"type":"Feature","properties":{"OBJECTID":"928","roadEN":null,"roadDI":null,"deadEnd":1,"SHAPE_Leng":34.42207},"geometry":{"type":"MultiLineString","coordinates":[[[73.50401303624677,4.174233665100692],[73.50370468079183,4.174266204522077]]]}},{"type":"Feature","properties":{"OBJECTID":"930","roadEN":null,"roadDI":null,"deadEnd":1,"SHAPE_Leng":25.19777},"geometry":{"type":"MultiLineString","coordinates":[[[73.504085744882,4.174268954306372],[73.50431147187777,4.17424516842145]]]}},{"type":"Feature","properties":{"OBJECTID":"932","roadEN":null,"roadDI":null,"deadEnd":1,"SHAPE_Leng":17.23319},"geometry":{"type":"MultiLineString","coordinates":[[[73.50385099812135,4.174404433633225],[73.50386720863585,4.174559434038015]]]}},{"type":"Feature","properties":{"OBJECTID":"934","roadEN":null,"roadDI":null,"deadEnd":1,"SHAPE_Leng":26.4653},"geometry":{"type":"MultiLineString","coordinates":[[[73.50387642044859,4.172437053055844],[73.50411356275467,4.17241266157315]]]}},{"type":"Feature","properties":{"OBJECTID":"936","roadEN":null,"roadDI":null,"deadEnd":1,"SHAPE_Leng":23.47289},"geometry":{"type":"MultiLineString","coordinates":[[[73.50437366062883,4.172861583168312],[73.5041633025914,4.172882929425911]]]}},{"type":"Feature","properties":{"OBJECTID":"938","roadEN":null,"roadDI":null,"deadEnd":1,"SHAPE_Leng":22.71634},"geometry":{"type":"MultiLineString","coordinates":[[[73.50447554701915,4.172858359989064],[73.50445563216257,4.172653894513908]]]}},{"type":"Feature","properties":{"OBJECTID":"940","roadEN":null,"roadDI":null,"deadEnd":1,"SHAPE_Leng":27.98406},"geometry":{"type":"MultiLineString","coordinates":[[[73.50452617248492,4.172934923209589],[73.50477693710059,4.172909262151089]]]}},{"type":"Feature","properties":{"OBJECTID":"942","roadEN":null,"roadDI":null,"deadEnd":1,"SHAPE_Leng":40.60379},"geometry":{"type":"MultiLineString","coordinates":[[[73.50348713424394,4.174968155854697],[73.50344873977507,4.17460297466191]]]}},{"type":"Feature","properties":{"OBJECTID":"943","roadEN":null,"roadDI":null,"deadEnd":1,"SHAPE_Leng":25.52918},"geometry":{"type":"MultiLineString","coordinates":[[[73.50397256691613,4.174780225914145],[73.50394716910613,4.174550759133298]]]}},{"type":"Feature","properties":{"OBJECTID":"946","roadEN":null,"roadDI":null,"deadEnd":1,"SHAPE_Leng":21.34703},"geometry":{"type":"MultiLineString","coordinates":[[[73.50364413898401,4.17520108197229],[73.50362395346008,4.175009091661492]]]}},{"type":"Feature","properties":{"OBJECTID":"948","roadEN":null,"roadDI":null,"deadEnd":1,"SHAPE_Leng":21.18798},"geometry":{"type":"MultiLineString","coordinates":[[[73.50418928484437,4.175337221220737],[73.50416918881182,4.175146667834941]]]}},{"type":"Feature","properties":{"OBJECTID":"949","roadEN":null,"roadDI":null,"deadEnd":1,"SHAPE_Leng":22.77912},"geometry":{"type":"MultiLineString","coordinates":[[[73.50405424575192,4.175365682489527],[73.50403264129949,4.175160819127891]]]}},{"type":"Feature","properties":{"OBJECTID":"952","roadEN":null,"roadDI":null,"deadEnd":1,"SHAPE_Leng":19.86666},"geometry":{"type":"MultiLineString","coordinates":[[[73.50409787803399,4.175779424096856],[73.50407903586458,4.175600753839285]]]}},{"type":"Feature","properties":{"OBJECTID":"953","roadEN":null,"roadDI":null,"deadEnd":1,"SHAPE_Leng":15.24},"geometry":{"type":"MultiLineString","coordinates":[[[73.50401078078758,4.17560801002177],[73.50407903586458,4.175600753839285],[73.5041472909424,4.175593497650349]]]}},{"type":"Feature","properties":{"OBJECTID":"955","roadEN":null,"roadDI":null,"deadEnd":1,"SHAPE_Leng":6.8456},"geometry":{"type":"MultiLineString","coordinates":[[[73.50356673178932,4.175623598728834],[73.50362803900767,4.175616973938371]]]}},{"type":"Feature","properties":{"OBJECTID":"956","roadEN":null,"roadDI":null,"deadEnd":1,"SHAPE_Leng":23.356},"geometry":{"type":"MultiLineString","coordinates":[[[73.50356673178932,4.175623598728834],[73.50358909105208,4.175833628021475]]]}},{"type":"Feature","properties":{"OBJECTID":"958","roadEN":null,"roadDI":null,"deadEnd":1,"SHAPE_Leng":39.45668},"geometry":{"type":"MultiLineString","coordinates":[[[73.50382847326141,4.175440068026363],[73.50347510782426,4.175478224615759]]]}},{"type":"Feature","properties":{"OBJECTID":"960","roadEN":null,"roadDI":null,"deadEnd":1,"SHAPE_Leng":29.47823},"geometry":{"type":"MultiLineString","coordinates":[[[73.50291944701077,4.17617304650723],[73.50288939073992,4.175908166576713]]]}},{"type":"Feature","properties":{"OBJECTID":"962","roadEN":null,"roadDI":null,"deadEnd":1,"SHAPE_Leng":22.56862},"geometry":{"type":"MultiLineString","coordinates":[[[73.50308371966513,4.176098763856618],[73.50328569837741,4.176075659857123]]]}},{"type":"Feature","properties":{"OBJECTID":"964","roadEN":null,"roadDI":null,"deadEnd":1,"SHAPE_Leng":25.68897},"geometry":{"type":"MultiLineString","coordinates":[[[73.50366566256683,4.17610450729123],[73.5038958319274,4.176080659077395]]]}},{"type":"Feature","properties":{"OBJECTID":"966","roadEN":null,"roadDI":null,"deadEnd":0,"SHAPE_Leng":34.82466},"geometry":{"type":"MultiLineString","coordinates":[[[73.50538961235223,4.172867054769336],[73.50529330323374,4.171933324355148]]]}},{"type":"Feature","properties":{"OBJECTID":"971","roadEN":"Koaruken'di Hin'gun","roadDI":null,"deadEnd":0,"SHAPE_Leng":40.11908},"geometry":{"type":"MultiLineString","coordinates":[[[73.50590356378477,4.171868033986301],[73.50594103605535,4.172228905103934],[73.50596196026478,4.172430412688438],[73.5059658147505,4.172489261704156]],[[73.50596581829481,4.172489315817545],[73.50597113869941,4.172570546023635],[73.50599293128637,4.172801637692093]]]}},{"type":"Feature","properties":{"OBJECTID":"976","roadEN":"Koaruken'di Magu","roadDI":null,"deadEnd":0,"SHAPE_Leng":24.19769},"geometry":{"type":"MultiLineString","coordinates":[[[73.50599293128637,4.172801637692093],[73.5060033703264,4.172863938036276],[73.50605142482583,4.172970065283207],[73.5060685830959,4.17300514545273],[73.50612063151848,4.173111558701675],[73.50618117646489,4.173246527262069],[73.50620338672098,4.173296822986545],[73.5062096025464,4.173310898890369],[73.50623240931273,4.173362545423032],[73.50632230720484,4.173562712125213],[73.50641160680216,4.173761546600237],[73.50643456316116,4.173813268514474],[73.50649508020771,4.173949616662031],[73.50655131280325,4.174076311685526]]]}},{"type":"Feature","properties":{"OBJECTID":"977","roadEN":"Badifasgan'du Hin'gun","roadDI":null,"deadEnd":0,"SHAPE_Leng":34.59525},"geometry":{"type":"MultiLineString","coordinates":[[[73.50657276182028,4.172425569640558],[73.50656515957249,4.172329538171221],[73.5065472335604,4.172165144581516],[73.50650781637685,4.171803662646256]],[[73.50660168578247,4.172737106160886],[73.50657959246713,4.172511854284482],[73.50657276397577,4.172425596868597]]]}},{"type":"Feature","properties":{"OBJECTID":"982","roadEN":"Raiveri Hin'gun","roadDI":null,"deadEnd":0,"SHAPE_Leng":67.66821},"geometry":{"type":"MultiLineString","coordinates":[[[73.5065472335604,4.172165144581516],[73.50533041525053,4.17229313037142]]]}},{"type":"Feature","properties":{"OBJECTID":"987","roadEN":null,"roadDI":null,"deadEnd":1,"SHAPE_Leng":20.37344},"geometry":{"type":"MultiLineString","coordinates":[[[73.50568552125411,4.172834218224598],[73.50564417439129,4.1726547035191]]]}},{"type":"Feature","properties":{"OBJECTID":"988","roadEN":null,"roadDI":null,"deadEnd":1,"SHAPE_Leng":17.98024},"geometry":{"type":"MultiLineString","coordinates":[[[73.50642283152565,4.172605191597862],[73.50640535269758,4.1724435324599]]]}},{"type":"Feature","properties":{"OBJECTID":"991","roadEN":null,"roadDI":null,"deadEnd":1,"SHAPE_Leng":16.55254},"geometry":{"type":"MultiLineString","coordinates":[[[73.50680987283508,4.172248887029541],[73.50682648041033,4.172397652616787]]]}},{"type":"Feature","properties":{"OBJECTID":"992","roadEN":null,"roadDI":null,"deadEnd":1,"SHAPE_Leng":19.84295},"geometry":{"type":"MultiLineString","coordinates":[[[73.50668378100687,4.172233015229072],[73.50670352204249,4.172411372070107]]]}},{"type":"Feature","properties":{"OBJECTID":"995","roadEN":null,"roadDI":null,"deadEnd":1,"SHAPE_Leng":18.3638},"geometry":{"type":"MultiLineString","coordinates":[[[73.50695017394823,4.172550951202],[73.5069319044218,4.172385889596144]]]}},{"type":"Feature","properties":{"OBJECTID":"997","roadEN":null,"roadDI":null,"deadEnd":1,"SHAPE_Leng":22.7141},"geometry":{"type":"MultiLineString","coordinates":[[[73.50760376389233,4.172424648982623],[73.50762370408061,4.172629091911757]]]}},{"type":"Feature","properties":{"OBJECTID":"998","roadEN":null,"roadDI":null,"deadEnd":1,"SHAPE_Leng":16.79939},"geometry":{"type":"MultiLineString","coordinates":[[[73.5073634796984,4.172656463426766],[73.50732731623955,4.172508936309378]]]}},{"type":"Feature","properties":{"OBJECTID":"1002","roadEN":"Gul-alaa Goalhi","roadDI":null,"deadEnd":0,"SHAPE_Leng":31.05235},"geometry":{"type":"MultiLineString","coordinates":[[[73.50696440870004,4.173455816407057],[73.50754919478427,4.17322252400793]]]}},{"type":"Feature","properties":{"OBJECTID":"1004","roadEN":"Gulaabee Magu","roadDI":null,"deadEnd":0,"SHAPE_Leng":35.06162},"geometry":{"type":"MultiLineString","coordinates":[[[73.50655131280325,4.174076311685526],[73.50685525844222,4.173990198197196],[73.50687648464877,4.173984184409989],[73.50710080196825,4.173920631011179],[73.50716206146134,4.173902303279812],[73.50721812145053,4.173885531140488],[73.50725588618515,4.173873671704287],[73.50731620613958,4.173854729141987],[73.50754376281472,4.173786801196702],[73.50765875787475,4.173752473987708],[73.50776166371644,4.173721755516264]]]}},{"type":"Feature","properties":{"OBJECTID":"1006","roadEN":"Maaveyo Magu","roadDI":"މާވެޔޮ މަގު","deadEnd":0,"SHAPE_Leng":34.38382},"geometry":{"type":"MultiLineString","coordinates":[[[73.50655131280325,4.174076311685526],[73.50656989246481,4.174118172643861],[73.50672385418589,4.1743335742158],[73.50680915589592,4.174452916318365],[73.50685426468597,4.174514862191765],[73.50690977973147,4.17459109849596],[73.5069652855331,4.174672457758329],[73.50703558658026,4.174775503566594],[73.5070739995298,4.174831808456877],[73.50720118553096,4.175009118636454],[73.50726402108737,4.175096717746047],[73.50749310196865,4.175417035203891]]]}},{"type":"Feature","properties":{"OBJECTID":"1007","roadEN":"Badi Fasgan'dudhoshu Magu","roadDI":null,"deadEnd":0,"SHAPE_Leng":36.7288},"geometry":{"type":"MultiLineString","coordinates":[[[73.50716206146134,4.173902303279812],[73.50704666160922,4.173641092581333],[73.50702762797769,4.173598798046637],[73.50698556607385,4.173505332496412],[73.50696440870004,4.173455816407057],[73.5069452232337,4.17341091530804],[73.50680569991066,4.173094200888596],[73.50678577561399,4.173047963706066],[73.50678528703597,4.173046829890859],[73.50676585131885,4.173001726523763],[73.50671870038327,4.172890341276868],[73.50664299810754,4.172733124842203]]]}},{"type":"Feature","properties":{"OBJECTID":"1011","roadEN":"Binhima Goalhi","roadDI":null,"deadEnd":0,"SHAPE_Leng":20.03209},"geometry":{"type":"MultiLineString","coordinates":[[[73.50649872834197,4.173178275705796],[73.50678528703597,4.173046829890826]],[[73.5062096025464,4.173310898890369],[73.50637372321498,4.173235616089882],[73.50649199678868,4.173181363498747]]]}},{"type":"Feature","properties":{"OBJECTID":"1014","roadEN":"En'boo Goalhi","roadDI":null,"deadEnd":0,"SHAPE_Leng":78.48027},"geometry":{"type":"MultiLineString","coordinates":[[[73.50722434263734,4.173352117280334],[73.50694289287549,4.172701041354467]]]}},{"type":"Feature","properties":{"OBJECTID":"1017","roadEN":null,"roadDI":null,"deadEnd":1,"SHAPE_Leng":20.59784},"geometry":{"type":"MultiLineString","coordinates":[[[73.50639754252086,4.172940529523247],[73.50633384403886,4.172765570661923]]]}},{"type":"Feature","properties":{"OBJECTID":"1018","roadEN":null,"roadDI":null,"deadEnd":1,"SHAPE_Leng":17.40005},"geometry":{"type":"MultiLineString","coordinates":[[[73.50627605959134,4.172923194531132],[73.50621338862354,4.172778960955826]]]}},{"type":"Feature","properties":{"OBJECTID":"1021","roadEN":null,"roadDI":null,"deadEnd":1,"SHAPE_Leng":25.64278},"geometry":{"type":"MultiLineString","coordinates":[[[73.50626935161883,4.173028736112237],[73.50637372321498,4.173235616089882]]]}},{"type":"Feature","properties":{"OBJECTID":"1022","roadEN":null,"roadDI":null,"deadEnd":1,"SHAPE_Leng":19.27385},"geometry":{"type":"MultiLineString","coordinates":[[[73.50642513089542,4.173020503078306],[73.50649199678868,4.173181363498747]]]}},{"type":"Feature","properties":{"OBJECTID":"1023","roadEN":null,"roadDI":null,"deadEnd":1,"SHAPE_Leng":0.82163},"geometry":{"type":"MultiLineString","coordinates":[[[73.50649199678868,4.173181363498747],[73.50649872834197,4.173178275705796]]]}},{"type":"Feature","properties":{"OBJECTID":"1025","roadEN":null,"roadDI":null,"deadEnd":1,"SHAPE_Leng":10.22484},"geometry":{"type":"MultiLineString","coordinates":[[[73.50720147308543,4.172764523762078],[73.5071698300612,4.172677681966771]]]}},{"type":"Feature","properties":{"OBJECTID":"1027","roadEN":null,"roadDI":null,"deadEnd":1,"SHAPE_Leng":25.1464},"geometry":{"type":"MultiLineString","coordinates":[[[73.50727006237474,4.173089251273055],[73.50734814081063,4.173302730496525]]]}},{"type":"Feature","properties":{"OBJECTID":"1029","roadEN":null,"roadDI":null,"deadEnd":1,"SHAPE_Leng":15.63079},"geometry":{"type":"MultiLineString","coordinates":[[[73.50727085177886,4.172937848320521],[73.50739983222194,4.172881169508818]]]}},{"type":"Feature","properties":{"OBJECTID":"1031","roadEN":null,"roadDI":null,"deadEnd":1,"SHAPE_Leng":33.57458},"geometry":{"type":"MultiLineString","coordinates":[[[73.50723182868461,4.173349130873605],[73.50735044389359,4.173628441048683]]]}},{"type":"Feature","properties":{"OBJECTID":"1033","roadEN":null,"roadDI":null,"deadEnd":1,"SHAPE_Leng":24.88027},"geometry":{"type":"MultiLineString","coordinates":[[[73.50745445845486,4.173580427085044],[73.50754376281472,4.173786801196702]]]}},{"type":"Feature","properties":{"OBJECTID":"1035","roadEN":null,"roadDI":null,"deadEnd":1,"SHAPE_Leng":10.89863},"geometry":{"type":"MultiLineString","coordinates":[[[73.50768391154818,4.173847748054608],[73.50765875787475,4.173752473987708]]]}},{"type":"Feature","properties":{"OBJECTID":"1037","roadEN":null,"roadDI":null,"deadEnd":1,"SHAPE_Leng":20.94793},"geometry":{"type":"MultiLineString","coordinates":[[[73.50657211449571,4.173352807836211],[73.50649872834197,4.173178275705796]]]}},{"type":"Feature","properties":{"OBJECTID":"1039","roadEN":null,"roadDI":null,"deadEnd":1,"SHAPE_Leng":9.84691},"geometry":{"type":"MultiLineString","coordinates":[[[73.50664425991981,4.173468340587843],[73.50656014592487,4.173496590932486]]]}},{"type":"Feature","properties":{"OBJECTID":"1040","roadEN":null,"roadDI":null,"deadEnd":1,"SHAPE_Leng":29.13493},"geometry":{"type":"MultiLineString","coordinates":[[[73.5066777528386,4.173725323728178],[73.50665336737383,4.173641458665405],[73.50666420800474,4.173552939330965],[73.50664425991981,4.173468340587843]]]}},{"type":"Feature","properties":{"OBJECTID":"1041","roadEN":"Saimaa Goalhi","roadDI":null,"deadEnd":0,"SHAPE_Leng":28.69668},"geometry":{"type":"MultiLineString","coordinates":[[[73.50643456316116,4.173813268514474],[73.50702762797769,4.173598798046637]]]}},{"type":"Feature","properties":{"OBJECTID":"1045","roadEN":null,"roadDI":null,"deadEnd":1,"SHAPE_Leng":19.70218},"geometry":{"type":"MultiLineString","coordinates":[[[73.50649508020771,4.173949616662031],[73.50666507444129,4.173898459304118]]]}},{"type":"Feature","properties":{"OBJECTID":"1046","roadEN":null,"roadDI":null,"deadEnd":1,"SHAPE_Leng":10.3029},"geometry":{"type":"MultiLineString","coordinates":[[[73.50682782661872,4.173901184980493],[73.50685525844222,4.173990198197196]]]}},{"type":"Feature","properties":{"OBJECTID":"1049","roadEN":null,"roadDI":null,"deadEnd":1,"SHAPE_Leng":18.13342},"geometry":{"type":"MultiLineString","coordinates":[[[73.50695991703917,4.174125169753055],[73.50687648464877,4.173984184409989]]]}},{"type":"Feature","properties":{"OBJECTID":"1051","roadEN":"Kaaminee Hin'gun","roadDI":null,"deadEnd":0,"SHAPE_Leng":61.80585},"geometry":{"type":"MultiLineString","coordinates":[[[73.50800584921707,4.175362094789069],[73.5077939840487,4.174937770139286],[73.50775827447772,4.174861476283654],[73.50771267509094,4.174764052723528],[73.50767952638222,4.174696241625821],[73.50763910947263,4.174613562225439],[73.50747577486179,4.17429821164958],[73.5073889753977,4.174130627616504],[73.50737362685543,4.174100994126257],[73.50725588618515,4.173873671704287]]]}},{"type":"Feature","properties":{"OBJECTID":"1054","roadEN":"Dhilbahaaru Goalhi","roadDI":null,"deadEnd":0,"SHAPE_Leng":51.28033},"geometry":{"type":"MultiLineString","coordinates":[[[73.50819811085206,4.174719841325564],[73.50775827447772,4.174861476283654]]]}},{"type":"Feature","properties":{"OBJECTID":"1057","roadEN":"Javaahiru Goalhi","roadDI":null,"deadEnd":0,"SHAPE_Leng":36.1019},"geometry":{"type":"MultiLineString","coordinates":[[[73.50767952638222,4.174696241625821],[73.50720118553096,4.175009118636454]]]}},{"type":"Feature","properties":{"OBJECTID":"1060","roadEN":null,"roadDI":null,"deadEnd":1,"SHAPE_Leng":25.60896},"geometry":{"type":"MultiLineString","coordinates":[[[73.50753643512134,4.175066203139562],[73.50740705872232,4.174874459530888]]]}},{"type":"Feature","properties":{"OBJECTID":"1062","roadEN":"Maaveyo Goalhi","roadDI":null,"deadEnd":0,"SHAPE_Leng":73.61274},"geometry":{"type":"MultiLineString","coordinates":[[[73.50737362685543,4.174100994126257],[73.50685426468597,4.174514862191765]]]}},{"type":"Feature","properties":{"OBJECTID":"1065","roadEN":null,"roadDI":null,"deadEnd":1,"SHAPE_Leng":18.71718},"geometry":{"type":"MultiLineString","coordinates":[[[73.50768930109325,4.173987207750224],[73.50784333465474,4.173918393245859]]]}},{"type":"Feature","properties":{"OBJECTID":"1067","roadEN":null,"roadDI":null,"deadEnd":1,"SHAPE_Leng":27.12157},"geometry":{"type":"MultiLineString","coordinates":[[[73.5073889753977,4.174130627616504],[73.50761466514933,4.174036738706858]]]}},{"type":"Feature","properties":{"OBJECTID":"1068","roadEN":null,"roadDI":null,"deadEnd":1,"SHAPE_Leng":16.43738},"geometry":{"type":"MultiLineString","coordinates":[[[73.50747577486179,4.17429821164958],[73.50760980207995,4.17423504489507]]]}},{"type":"Feature","properties":{"OBJECTID":"1071","roadEN":null,"roadDI":null,"deadEnd":1,"SHAPE_Leng":13.52051},"geometry":{"type":"MultiLineString","coordinates":[[[73.50801088047086,4.174595917884458],[73.50812197369349,4.174545817743161]]]}},{"type":"Feature","properties":{"OBJECTID":"1073","roadEN":null,"roadDI":null,"deadEnd":1,"SHAPE_Leng":21.92009},"geometry":{"type":"MultiLineString","coordinates":[[[73.50783680123862,4.174602846296036],[73.50774139261962,4.174429287216991]]]}},{"type":"Feature","properties":{"OBJECTID":"1074","roadEN":null,"roadDI":null,"deadEnd":1,"SHAPE_Leng":7.63448},"geometry":{"type":"MultiLineString","coordinates":[[[73.50774139261962,4.174429287216991],[73.50780361008682,4.174399879235329]]]}},{"type":"Feature","properties":{"OBJECTID":"1075","roadEN":null,"roadDI":null,"deadEnd":1,"SHAPE_Leng":25.59095},"geometry":{"type":"MultiLineString","coordinates":[[[73.50780562537715,4.174403518269686],[73.50801536293021,4.174307505947109]]]}},{"type":"Feature","properties":{"OBJECTID":"1076","roadEN":null,"roadDI":null,"deadEnd":1,"SHAPE_Leng":19.8296},"geometry":{"type":"MultiLineString","coordinates":[[[73.50771882607206,4.174246783681888],[73.50780361008682,4.174399879235364],[73.50780562537715,4.174403518269686]]]}},{"type":"Feature","properties":{"OBJECTID":"1078","roadEN":null,"roadDI":null,"deadEnd":1,"SHAPE_Leng":17.82988},"geometry":{"type":"MultiLineString","coordinates":[[[73.5070886741951,4.17456924216287],[73.5069652855331,4.174672457758329]]]}},{"type":"Feature","properties":{"OBJECTID":"1080","roadEN":"Muiveyo Magu","roadDI":null,"deadEnd":0,"SHAPE_Leng":19.34615},"geometry":{"type":"MultiLineString","coordinates":[[[73.50655131280325,4.174076311685526],[73.50639858031984,4.173992074769276],[73.5063479047016,4.173964125513981],[73.50605267092726,4.173806503367374],[73.50593863750541,4.173745339021028],[73.5058840118859,4.173716039354786],[73.50583151748717,4.173688939293159],[73.50552602230879,4.173531228316058],[73.50546505633184,4.173499754793293]]]}},{"type":"Feature","properties":{"OBJECTID":"1081","roadEN":"Javaahiru Hin'gun","roadDI":null,"deadEnd":0,"SHAPE_Leng":68.30951},"geometry":{"type":"MultiLineString","coordinates":[[[73.50558362904408,4.173076201959722],[73.50499113348641,4.172909602961289]]]}},{"type":"Feature","properties":{"OBJECTID":"1083","roadEN":"Naseemee Hin'gun","roadDI":null,"deadEnd":0,"SHAPE_Leng":60.72129},"geometry":{"type":"MultiLineString","coordinates":[[[73.50595365905457,4.17415868002253],[73.50577857360601,4.174115750650459],[73.50563765514299,4.174077806004593],[73.50542536554647,4.174020643441088],[73.50542437836295,4.174020377625154],[73.50538836239429,4.174010679710556],[73.5053256105788,4.173994165351385],[73.50524960304959,4.173974162486711],[73.50492773251074,4.173883247273149],[73.50486244950154,4.173864853552145],[73.5047058489339,4.173820730759652]]]}},{"type":"Feature","properties":{"OBJECTID":"1084","roadEN":"Gulhazaaru Goalhi","roadDI":null,"deadEnd":0,"SHAPE_Leng":16.95892},"geometry":{"type":"MultiLineString","coordinates":[[[73.5047058489339,4.173820730759652],[73.50474793401874,4.173673294179837],[73.50478977837723,4.173526700841768],[73.50481422002763,4.173441074366143],[73.50483649640238,4.173362681694162],[73.50485273767565,4.173305527098607],[73.50487826602816,4.173217185186325],[73.50491305201037,4.173096806811435],[73.50492593113508,4.173050775643919],[73.5049646384814,4.172912431998423]]]}},{"type":"Feature","properties":{"OBJECTID":"1087","roadEN":"Javaahiru Magu","roadDI":"ޖަވާހިރު މަގު","deadEnd":0,"SHAPE_Leng":27.30992},"geometry":{"type":"MultiLineString","coordinates":[[[73.50564966708902,4.172838284165116],[73.50558362904408,4.173076201959722],[73.5054952638757,4.17339455814669],[73.50546505633184,4.173499754793293],[73.50545417237154,4.173537657767994],[73.50542699192164,4.173632312615696],[73.5053256105788,4.173994165351385],[73.50531056182356,4.174047877682696],[73.50526177246995,4.174148675609937],[73.5052467532387,4.174179705063456],[73.50519095063396,4.174294992177066],[73.50514545116654,4.174391461672517],[73.5051192940112,4.174446920932761],[73.50500709907024,4.174675769490903],[73.50497783672292,4.174739485770944],[73.50494812662733,4.174804176968134],[73.50493570361971,4.174828540507451],[73.50482450011451,4.17504662856938],[73.5047324282267,4.175227196290638]]]}},{"type":"Feature","properties":{"OBJECTID":"1092","roadEN":"Muiveyo Goalhi","roadDI":null,"deadEnd":0,"SHAPE_Leng":71.25136},"geometry":{"type":"MultiLineString","coordinates":[[[73.50545417237154,4.173537657767994],[73.50483649640238,4.173362681694162]]]}},{"type":"Feature","properties":{"OBJECTID":"1095","roadEN":null,"roadDI":null,"deadEnd":1,"SHAPE_Leng":18.81196},"geometry":{"type":"MultiLineString","coordinates":[[[73.50508906342486,4.173096787701389],[73.50492593113508,4.173050775643919]]]}},{"type":"Feature","properties":{"OBJECTID":"1097","roadEN":"Alamaa Goalhi","roadDI":null,"deadEnd":0,"SHAPE_Leng":83.73826},"geometry":{"type":"MultiLineString","coordinates":[[[73.50552602230879,4.173531228316058],[73.5060685830959,4.17300514545273]]]}},{"type":"Feature","properties":{"OBJECTID":"1100","roadEN":null,"roadDI":null,"deadEnd":1,"SHAPE_Leng":17.04486},"geometry":{"type":"MultiLineString","coordinates":[[[73.50609194603419,4.173402854340631],[73.50620338672098,4.173296822986545]]]}},{"type":"Feature","properties":{"OBJECTID":"1102","roadEN":null,"roadDI":null,"deadEnd":1,"SHAPE_Leng":19.30693},"geometry":{"type":"MultiLineString","coordinates":[[[73.50619726906461,4.173684065834552],[73.50632230720484,4.173562712125213]]]}},{"type":"Feature","properties":{"OBJECTID":"1104","roadEN":null,"roadDI":null,"deadEnd":1,"SHAPE_Leng":25.7306},"geometry":{"type":"MultiLineString","coordinates":[[[73.50598135648328,4.173511410076912],[73.50583151748717,4.173688939293159]]]}},{"type":"Feature","properties":{"OBJECTID":"1106","roadEN":null,"roadDI":null,"deadEnd":1,"SHAPE_Leng":34.69258},"geometry":{"type":"MultiLineString","coordinates":[[[73.5061313938637,4.174154783557968],[73.50639858031984,4.173992074769276]]]}},{"type":"Feature","properties":{"OBJECTID":"1108","roadEN":null,"roadDI":null,"deadEnd":1,"SHAPE_Leng":18.01329},"geometry":{"type":"MultiLineString","coordinates":[[[73.50459166089419,4.173629474243535],[73.50474793401874,4.173673294179837]]]}},{"type":"Feature","properties":{"OBJECTID":"1110","roadEN":null,"roadDI":null,"deadEnd":1,"SHAPE_Leng":18.34486},"geometry":{"type":"MultiLineString","coordinates":[[[73.5046299581102,4.173484559757462],[73.50478977837723,4.173526700841768]]]}},{"type":"Feature","properties":{"OBJECTID":"1112","roadEN":"Unigas Magu","roadDI":null,"deadEnd":0,"SHAPE_Leng":75.44026},"geometry":{"type":"MultiLineString","coordinates":[[[73.50448158424555,4.175114292201268],[73.50468354829877,4.17446286056252],[73.50471523964086,4.174360640509608],[73.50473811803396,4.174277889295373],[73.50475952455014,4.174200461836848],[73.5048043236377,4.174054385121663],[73.50486244950154,4.173864853552145]]]}},{"type":"Feature","properties":{"OBJECTID":"1116","roadEN":"Nooree Goalhi","roadDI":null,"deadEnd":0,"SHAPE_Leng":59.96053},"geometry":{"type":"MultiLineString","coordinates":[[[73.5046222884166,4.175725486237779],[73.50465880724386,4.175184459372054]]]}},{"type":"Feature","properties":{"OBJECTID":"1121","roadEN":"Dhakan'dhaa Magu","roadDI":null,"deadEnd":0,"SHAPE_Leng":51.03661},"geometry":{"type":"MultiLineString","coordinates":[[[73.5052467532387,4.174179705063456],[73.50485592071938,4.174068033705179],[73.5048043236377,4.174054385121663]]]}},{"type":"Feature","properties":{"OBJECTID":"1122","roadEN":"Dhakan'dhaa Magu","roadDI":null,"deadEnd":0,"SHAPE_Leng":61.35842},"geometry":{"type":"MultiLineString","coordinates":[[[73.5048043236377,4.174054385121663],[73.50472897295549,4.174034453172586],[73.50427206627353,4.173904967009976]]]}},{"type":"Feature","properties":{"OBJECTID":"1124","roadEN":"Miriyaas Magu","roadDI":null,"deadEnd":0,"SHAPE_Leng":50.39057},"geometry":{"type":"MultiLineString","coordinates":[[[73.50430041199088,4.174158091043015],[73.50468802050598,4.174268725565748],[73.50473811803396,4.174277889295373],[73.50479025360852,4.174287425816616],[73.50508971065027,4.174375730972311],[73.50514545116654,4.174391461672517],[73.50520422997859,4.174408049814846],[73.50530627823696,4.174437154124536],[73.50543099414287,4.174472723260777],[73.50560282917897,4.174521730799097],[73.50560713003331,4.174523304264849],[73.50561115860773,4.174525486479427],[73.50561537918726,4.174528719360105],[73.50561899966628,4.174532617432793],[73.50562191738858,4.174537070170312],[73.50562404962405,4.174541951318353],[73.50562533591463,4.174547122475176],[73.50562573978837,4.1745524370162],[73.50562524979371,4.174557744251232],[73.50562387982411,4.174562893697175],[73.50556154361468,4.174736879711596],[73.50553156194744,4.174815747239341],[73.50551808420744,4.174851200764242],[73.50541838137528,4.175113471343594],[73.50540928112042,4.175152134085542],[73.50540504292977,4.175170140180202],[73.50534483043765,4.175327559698813]]]}},{"type":"Feature","properties":{"OBJECTID":"1130","roadEN":null,"roadDI":null,"deadEnd":1,"SHAPE_Leng":12.91146},"geometry":{"type":"MultiLineString","coordinates":[[[73.50479630672545,4.174491453270551],[73.50468354829877,4.17446286056252]]]}},{"type":"Feature","properties":{"OBJECTID":"1132","roadEN":null,"roadDI":null,"deadEnd":1,"SHAPE_Leng":19.43809},"geometry":{"type":"MultiLineString","coordinates":[[[73.5047708411337,4.174769346387158],[73.50493570361971,4.174828540507451]]]}},{"type":"Feature","properties":{"OBJECTID":"1137","roadEN":null,"roadDI":null,"deadEnd":0,"SHAPE_Leng":39.71668},"geometry":{"type":"MultiLineString","coordinates":[[[73.50492495242648,4.17534524524379],[73.50488908690238,4.175496065088322],[73.50491047250618,4.175699061089354]]]}},{"type":"Feature","properties":{"OBJECTID":"1140","roadEN":null,"roadDI":null,"deadEnd":0,"SHAPE_Leng":6.0254},"geometry":{"type":"MultiLineString","coordinates":[[[73.50505533965907,4.175444092638364],[73.50508280764554,4.175397094619605]]]}},{"type":"Feature","properties":{"OBJECTID":"1141","roadEN":null,"roadDI":null,"deadEnd":0,"SHAPE_Leng":7.30891},"geometry":{"type":"MultiLineString","coordinates":[[[73.50514837226336,4.175391115567575],[73.50508280764554,4.175397094619605]]]}},{"type":"Feature","properties":{"OBJECTID":"1142","roadEN":null,"roadDI":null,"deadEnd":0,"SHAPE_Leng":8.77668},"geometry":{"type":"MultiLineString","coordinates":[[[73.50522442041616,4.175145079953879],[73.5051991811085,4.175220300134508]]]}},{"type":"Feature","properties":{"OBJECTID":"1143","roadEN":null,"roadDI":null,"deadEnd":0,"SHAPE_Leng":19.65362},"geometry":{"type":"MultiLineString","coordinates":[[[73.50520683065967,4.17522334383653],[73.50514837226336,4.175391115567575]]]}},{"type":"Feature","properties":{"OBJECTID":"1144","roadEN":null,"roadDI":null,"deadEnd":0,"SHAPE_Leng":0.57183},"geometry":{"type":"MultiLineString","coordinates":[[[73.5052039695504,4.17522220542152],[73.5051991811085,4.175220300134508]]]}},{"type":"Feature","properties":{"OBJECTID":"1146","roadEN":null,"roadDI":null,"deadEnd":1,"SHAPE_Leng":18.63835},"geometry":{"type":"MultiLineString","coordinates":[[[73.50497468184113,4.175121966866144],[73.50482450011451,4.17504662856938]]]}},{"type":"Feature","properties":{"OBJECTID":"1148","roadEN":"Muniyaa Magu","roadDI":null,"deadEnd":0,"SHAPE_Leng":58.6952},"geometry":{"type":"MultiLineString","coordinates":[[[73.5053983266388,4.176122361425405],[73.5049532882045,4.176273519351525],[73.50489703789337,4.176290989273818],[73.50474786495957,4.176337318583978],[73.50460144510276,4.176352507704271],[73.50452921605047,4.176362193190991],[73.50443592081278,4.176374703517311],[73.50393143486855,4.176428481974036],[73.50332993415014,4.17649260180388],[73.5027059179299,4.17655912126246]]]}},{"type":"Feature","properties":{"OBJECTID":"1156","roadEN":"Fulooniyaa Magu","roadDI":null,"deadEnd":0,"SHAPE_Leng":34.96264},"geometry":{"type":"MultiLineString","coordinates":[[[73.50490924128884,4.176948440903342],[73.50466675065911,4.176972350587697],[73.50459572232015,4.176978202066524],[73.50449831880967,4.176986226382054],[73.50434778131061,4.177001679815362],[73.50427609264784,4.177009039007263],[73.504136432176,4.177023375817926],[73.50408921241255,4.177028223144928],[73.50399651306198,4.177038937099404],[73.50391191772479,4.177048714402424],[73.50378443794668,4.177062350429344],[73.50349569646619,4.177093235925533],[73.50339599134152,4.177103706773567],[73.50328844117901,4.177115001477826],[73.502768630211,4.177170369873458]]]}},{"type":"Feature","properties":{"OBJECTID":"1164","roadEN":"Asseyri Hin'gun","roadDI":null,"deadEnd":0,"SHAPE_Leng":42.66509},"geometry":{"type":"MultiLineString","coordinates":[[[73.50311705245386,4.177908492814629],[73.50324932558748,4.177546216215135]]]}},{"type":"Feature","properties":{"OBJECTID":"1165","roadEN":"Alimas Magu","roadDI":null,"deadEnd":0,"SHAPE_Leng":33.79806},"geometry":{"type":"MultiLineString","coordinates":[[[73.50672385418589,4.1743335742158],[73.5059842572187,4.17465392053683]]]}},{"type":"Feature","properties":{"OBJECTID":"1167","roadEN":"Asaree Hin'gun","roadDI":null,"deadEnd":0,"SHAPE_Leng":42.2697},"geometry":{"type":"MultiLineString","coordinates":[[[73.50703558658026,4.174775503566594],[73.50671412082245,4.174980345599932],[73.5066284400709,4.175034942407408],[73.50656675508574,4.175073265762475],[73.50651016374997,4.175108424550357],[73.50628546885748,4.175248021808474],[73.50628056258753,4.175250504676399],[73.50627530149647,4.17525209460984],[73.50626984537561,4.175252743318976],[73.50626435993976,4.175252431101052],[73.5062590117941,4.175251167438789],[73.50625396337398,4.175248990712512],[73.50624936801135,4.175245967034345],[73.50624536527792,4.175242188240363],[73.50624207674568,4.175237769100943],[73.5062396022949,4.175232843835594],[73.50623801708018,4.175227562035716],[73.50621760273884,4.175129197557656],[73.50618080369094,4.174951884988476],[73.50617930214332,4.174946815774584],[73.50617698093396,4.174942068328873],[73.50617390486211,4.174937775181876],[73.50617015979992,4.174934056181673],[73.50616585029516,4.174931015148579],[73.50616109665272,4.174928736976526],[73.50615603157598,4.174927285263315],[73.50607258999338,4.17491078809921],[73.50600113564444,4.174896147225958],[73.50599970209187,4.174895853493418],[73.50589104468766,4.174873589765194],[73.50553156194744,4.174815747239341]]]}},{"type":"Feature","properties":{"OBJECTID":"1169","roadEN":"Asaree Goalhi","roadDI":null,"deadEnd":0,"SHAPE_Leng":46.15308},"geometry":{"type":"MultiLineString","coordinates":[[[73.50651016374997,4.175108424550357],[73.5065643851357,4.175522256227318]]]}},{"type":"Feature","properties":{"OBJECTID":"1171","roadEN":"Ablaghee Goalhi","roadDI":null,"deadEnd":0,"SHAPE_Leng":35.05723},"geometry":{"type":"MultiLineString","coordinates":[[[73.50656675508574,4.175073265762475],[73.50640794730349,4.174799228645182],[73.50640790813516,4.174799161056653],[73.50640018246355,4.174785829711526],[73.50638825741137,4.17476435155712],[73.50626050968427,4.174534265683259]]]}},{"type":"Feature","properties":{"OBJECTID":"1174","roadEN":"Jan'bu Magu","roadDI":null,"deadEnd":0,"SHAPE_Leng":83.5463},"geometry":{"type":"MultiLineString","coordinates":[[[73.50593863750541,4.173745339021028],[73.50593748902438,4.173865513097351],[73.5059379582978,4.173871467025242],[73.50593819280769,4.173874443995532],[73.50593842716536,4.173877420973483],[73.50593866132012,4.173880397961693],[73.5059388952212,4.17388337496251],[73.5059391288179,4.173886351978683],[73.50593936205945,4.173889329012658],[73.50593959489517,4.173892306066968],[73.50593982727426,4.173895283144311],[73.50594005914606,4.173898260246983],[73.50594029045976,4.17390123737775],[73.50594052116472,4.173904214539027],[73.5059407512101,4.17390719173343],[73.50594098054526,4.173910168963503],[73.50594120911943,4.173913146231765],[73.50594143688186,4.173916123540794],[73.50594166378185,4.173919100893072],[73.50594188976865,4.173922078291199],[73.50594211479152,4.173925055737706],[73.50594233879977,4.173928033235189],[73.50594256174261,4.17393101078608],[73.50594278356935,4.173933988393027],[73.50594300422925,4.17393696605858],[73.50594322367154,4.173939943785186],[73.50594344184556,4.173942921575557],[73.50594365870049,4.173945899432027],[73.50594387418568,4.173948877357294],[73.50594408825035,4.17395185535389],[73.50594430084374,4.173954833424292],[73.50594451191522,4.173957811571103],[73.50594472141394,4.173960789796868],[73.50594492928926,4.17396376810412],[73.50594513549036,4.173966746495389],[73.50594533996659,4.173969724973275],[73.50594554266718,4.173972703540256],[73.50594574354137,4.173975682198916],[73.50594594253852,4.17397866095182],[73.50594613960779,4.173981639801482],[73.5059463346985,4.173984618750449],[73.50594652775992,4.173987597801304],[73.50594671874128,4.173990576956543],[73.5059469075919,4.173993556218748],[73.50594709426105,4.173996535590434],[73.50594727869793,4.1739995150742],[73.50594746085186,4.174002494672544],[73.5059476406721,4.174005474388026],[73.50594781810791,4.1740084542232],[73.50594799310858,4.174011434180596],[73.50594816562334,4.174014414262825],[73.50594833560147,4.17401739447229],[73.50594850299225,4.174020374811652],[73.50594866774496,4.174023355283496],[73.50594882980884,4.174026335890264],[73.50594898913315,4.174029316634525],[73.5059491456672,4.174032297518894],[73.50594929936021,4.174035278545835],[73.50594945016148,4.174038259717912],[73.50594959802027,4.174041241037739],[73.50594974288585,4.174044222507782],[73.50594988470746,4.174047204130589],[73.5059500234344,4.174050185908775],[73.50595015901591,4.174053167844868],[73.5059502914013,4.174056149941336],[73.50595040345326,4.1740587327923],[73.50595051314578,4.174061315761753],[73.50595062055484,4.174063898846035],[73.50595072575645,4.174066482041315],[73.50595082882658,4.174069065343947],[73.50595092984123,4.174071648750167],[73.50595102887638,4.174074232256215],[73.50595112600806,4.174076815858374],[73.50595122131222,4.174079399552951],[73.50595131486489,4.174081983336182],[73.50595140674201,4.174084567204303],[73.50595149701965,4.174087151153585],[73.50595158577374,4.1740897351804],[73.50595167308028,4.174092319280866],[73.50595175901528,4.174094903451373],[73.50595184365469,4.174097487688104],[73.50595192707456,4.174100071987399],[73.50595200935088,4.17410265634546],[73.50595209055959,4.17410524075856],[73.50595217077672,4.174107825223],[73.50595225007827,4.17411040973507],[73.5059523285402,4.174112994290936],[73.5059524062385,4.174115578886988],[73.50595248324922,4.174118163519362],[73.50595255964828,4.174120748184447],[73.50595263551173,4.174123332878445],[73.50595271091552,4.174125917597693],[73.50595278593568,4.17412850233838],[73.50595286064816,4.174131087096757],[73.50595293512897,4.174133671869129],[73.50595300945415,4.174136256651782],[73.5059530836996,4.174138841440987],[73.50595315794136,4.174141426233001],[73.50595323225546,4.174144011024021],[73.50595330671783,4.174146595810424],[73.5059533814045,4.17414918058841],[73.50595345639144,4.174151765354301],[73.50595353175466,4.174154350104267],[73.50595360757013,4.174156934834709],[73.50595365905457,4.17415868002253],[73.50595368391386,4.174159519541786],[73.50595376086186,4.174162104221815],[73.50595383849006,4.174164688871015],[73.50595391687453,4.174167273485726],[73.50595399609121,4.174169858062152],[73.5059540762161,4.174172442596578],[73.50595415732522,4.17417502708529],[73.50595423949453,4.174177611524563],[73.50595432280002,4.174180195910614],[73.5059544073177,4.17418278023978],[73.50595449312355,4.174185364508248],[73.50595458029362,4.174187948712341],[73.5059546689038,4.174190532848344],[73.50595475903015,4.174193116912459],[73.50595485074867,4.174195700901044],[73.50595494413528,4.174198284810199],[73.50595503926606,4.174200868636347],[73.50595513621695,4.174203452375739],[73.50595523506395,4.174206036024581],[73.50595533588309,4.174208619579209],[73.50595543875029,4.174211203035812],[73.5059555437416,4.174213786390707],[73.50595565093299,4.174216369640183],[73.50595576040045,4.174218952780461],[73.50595587221999,4.174221535807828],[73.5059559796132,4.17422396569199],[73.50595608911952,4.174226395474491],[73.50595620070324,4.174228825157086],[73.50595631432863,4.174231254741202],[73.50595642995992,4.174233684228611],[73.5059565475614,4.174236113620824],[73.50595666709734,4.174238542919511],[73.50595678853195,4.174240972126237],[73.50595691182953,4.174243401242687],[73.50595703695434,4.174245830270423],[73.50595716387065,4.174248259211097],[73.50595729254269,4.174250688066311],[73.50595742293476,4.174253116837614],[73.50595755501108,4.174255545526771],[73.50595768873595,4.174257974135213],[73.50595782407362,4.17426040266471],[73.50595796098834,4.174262831116811],[73.50595809944437,4.174265259493099],[73.505958239406,4.174267687795256],[73.50595838083747,4.174270116024883],[73.50595852370301,4.174272544183546],[73.50595866796696,4.174274972272978],[73.50595881359351,4.174277400294594],[73.50595896054698,4.174279828250213],[73.50595910879156,4.174282256141349],[73.50595925829157,4.17428468396962],[73.50595940901124,4.17428711173666],[73.50595956091486,4.174289539444081],[73.50595971396667,4.174291967093489],[73.50595986813093,4.174294394686529],[73.50596002337193,4.174296822224786],[73.50596017965388,4.174299249709859],[73.5059603369411,4.174301677143397],[73.50596049519781,4.174304104527036],[73.5059606543883,4.174306531862289],[73.50596081447678,4.174308959150924],[73.5059609754276,4.174311386394407],[73.50596113720496,4.174313813594456],[73.5059612997731,4.174316240752651],[73.50596146309634,4.174318667870645],[73.50596162713893,4.174321094949968],[73.50596179186508,4.174323521992289],[73.5059619572391,4.174325948999222],[73.50596212322523,4.174328375972404],[73.50596228978776,4.174330802913381],[73.50596245689093,4.174333229823819],[73.50596262449899,4.174335656705404],[73.50596279257621,4.174338083559568],[73.5059629610869,4.174340510388094],[73.50596312999524,4.174342937192513],[73.50596329926555,4.174345363974477],[73.50596346886206,4.174347790735554],[73.50596363874905,4.174350217477439],[73.50596380889077,4.174352644201669],[73.50596397925149,4.174355070909924],[73.50596414979547,4.174357497603757],[73.50596432048698,4.174359924284817],[73.50596449129026,4.174362350954769],[73.5059648330892,4.174367204267481],[73.50596517490642,4.174372057554996],[73.50596534573255,4.174374484193341],[73.505965516456,4.174376910830176],[73.50596565141194,4.174378830398753],[73.50596578628164,4.174380749967398],[73.50596592106537,4.174382669536285],[73.50596605576352,4.174384589105363],[73.50596619037636,4.174386508674733],[73.50596632490426,4.174388428244447],[73.50596645934755,4.174390347814489],[73.50596659370655,4.174392267385026],[73.50596672798154,4.174394186955944],[73.50596686217293,4.174396106527442],[73.50596699628097,4.174398026099455],[73.50596713030606,4.174399945672086],[73.5059672642485,4.174401865245383],[73.50596739810864,4.174403784819385],[73.50596753188672,4.17440570439414],[73.50596766558319,4.174407623969632],[73.5059677991983,4.174409543545962],[73.5059679327324,4.174411463123183],[73.50596806618582,4.174413382701395],[73.5059681995589,4.17441530228055],[73.50596833285195,4.174417221860731],[73.5059684660653,4.174419141441973],[73.50596859919928,4.174421061024376],[73.50596873225423,4.174422980607964],[73.50596886523046,4.174424900192679],[73.50596899812831,4.174426819778694],[73.5059691309481,4.174428739366008],[73.50596926369019,4.174430658954692],[73.50596939635489,4.174432578544759],[73.5059695289425,4.174434498136282],[73.50596966145338,4.174436417729309],[73.50596979388786,4.174438337323875],[73.50596992624625,4.174440256920032],[73.50597005852889,4.174442176517795],[73.5059701907361,4.174444096117267],[73.50597032286821,4.174446015718501],[73.50597045492557,4.174447935321411],[73.50597058690848,4.1744498549262],[73.50597071881731,4.174451774532906],[73.50597085065233,4.174453694141474],[73.5059709824139,4.174455613751973],[73.50597111410235,4.174457533364555],[73.505971245718,4.174459452979126],[73.50597137726119,4.174461372595847],[73.50597150873226,4.174463292214688],[73.50597164013148,4.174465211835751],[73.50597177145927,4.174467131459019],[73.50597190271588,4.174469051084626],[73.50597203390167,4.174470970712509],[73.50597216501697,4.174472890342836],[73.50597229606211,4.174474809975554],[73.50597242703739,4.174476729610752],[73.50597255794317,4.174478649248493],[73.50597268877978,4.174480568888767],[73.50597281954752,4.174482488531689],[73.50597295024674,4.174484408177274],[73.50597308087778,4.174486327825545],[73.50597321144093,4.174488247476617],[73.50597334193658,4.174490167130458],[73.505973472365,4.174492086787187],[73.50597360272653,4.174494006446753],[73.50597373302152,4.174495926109358],[73.5059738632503,4.174497845774853],[73.50597399337238,4.174499764841966],[73.50597416731848,4.174502331748895],[73.5059743411074,4.174504898060025],[73.50597451478075,4.174507464376897],[73.50597468833922,4.174510030699597],[73.50597486178367,4.174512597028279],[73.50597503511491,4.174515163362996],[73.50597520833365,4.174517729703935],[73.50597538144072,4.174520296051145],[73.50597555443689,4.174522862404797],[73.50597572732295,4.174525428764929],[73.50597590009967,4.174527995131722],[73.50597607276787,4.174530561505253],[73.5059762453283,4.1745331278856],[73.50597641778177,4.174535694272939],[73.50597659012905,4.174538260667353],[73.50597676237092,4.174540827068943],[73.50597693450818,4.174543393477846],[73.50597710654161,4.174545959894132],[73.50597727847202,4.174548526317987],[73.50597745030014,4.174551092749466],[73.50597762202676,4.174553659188719],[73.50597779365276,4.174556225635796],[73.50597796517881,4.17455879209084],[73.50597813660572,4.174561358553963],[73.50597830793431,4.174563925025289],[73.50597847916538,4.174566491504936],[73.50597865029967,4.174569057992971],[73.50597882133796,4.17457162448957],[73.50597899228107,4.174574190994813],[73.50597916312975,4.174576757508837],[73.50597933388485,4.174579324031628],[73.50597950454707,4.174581890563457],[73.50597965414069,4.174584141399622],[73.50597980366364,4.174586392242678],[73.5059799531161,4.174588643092672],[73.50598010249817,4.174590893949509],[73.50598025181004,4.174593144813168],[73.50598040105181,4.174595395683551],[73.50598055022367,4.174597646560673],[73.50598069932573,4.174599897444502],[73.50598084835818,4.174602148334885],[73.50598099732113,4.174604399231891],[73.50598114621472,4.174606650135435],[73.50598129503912,4.174608901045417],[73.50598144379447,4.174611151961906],[73.5059815924809,4.174613402884764],[73.50598174109857,4.174615653813878],[73.50598188964761,4.174617904749394],[73.50598203812818,4.17462015569115],[73.50598218654042,4.174622406639092],[73.50598233488448,4.174624657593221],[73.50598248316051,4.174626908553455],[73.50598263136862,4.174629159519774],[73.50598277950901,4.174631410492112],[73.50598292758178,4.17463366147042],[73.50598307558711,4.174635912454664],[73.50598322352512,4.174638163444793],[73.50598337139597,4.174640414440792],[73.5059835191998,4.174642665442558],[73.50598366693674,4.17464491645011],[73.50598381460698,4.174647167463347],[73.5059839622106,4.174649418482234],[73.5059841097478,4.174651669506757],[73.5059842572187,4.17465392053683],[73.50598440625886,4.174656196552281],[73.5059845552315,4.174658472573314],[73.50598470413688,4.174660748599912],[73.50598485297505,4.174663024632042],[73.50598500174617,4.174665300669586],[73.50598515045046,4.174667576712547],[73.50598529908802,4.174669852760871],[73.50598544765899,4.174672128814493],[73.50598559616355,4.174674404873462],[73.50598574460186,4.174676680937512],[73.50598589297402,4.174678957006791],[73.50598604128021,4.174681233081234],[73.50598618952058,4.174683509160691],[73.5059863376953,4.17468578524521],[73.50598648580447,4.174688061334726],[73.50598663384831,4.174690337429154],[73.5059867818269,4.174692613528478],[73.50598692974043,4.174694889632613],[73.50598707758904,4.174697165741561],[73.50598722537288,4.174699441855287],[73.5059873730921,4.174701717973623],[73.50598752074687,4.174703994096655],[73.5059876683373,4.174706270224283],[73.50598781586358,4.174708546356468],[73.50598796332582,4.174710822493149],[73.50598811072423,4.17471309863429],[73.50598825805889,4.174715374779875],[73.50598840533,4.174717650929769],[73.50598855253769,4.17471992708404],[73.50598869968212,4.174722203242537],[73.50598884676342,4.174724479405277],[73.50598899378177,4.174726755572191],[73.5059891407373,4.174729031743198],[73.50598928763017,4.174731307918313],[73.50598943446053,4.174733584097488],[73.50598958122852,4.174735860280587],[73.5059897279343,4.174738136467644],[73.505989874578,4.174740412658624],[73.5059900211598,4.174742688853378],[73.50599016767987,4.174744965051992],[73.50599031413827,4.174747241254311],[73.50599046053524,4.174749517460355],[73.5059906068709,4.17475179367007],[73.5059907531454,4.174754069883342],[73.50599089935888,4.174756346100171],[73.50599104551151,4.174758622320539],[73.50599119160341,4.174760898544363],[73.50599133763475,4.174763174771591],[73.50599148360571,4.17476545100221],[73.50599162951639,4.174767727236132],[73.50599177536695,4.17477000347331],[73.50599192115757,4.174772279713741],[73.50599221255953,4.174776832204069],[73.50599250372346,4.174781384706745],[73.50599279465055,4.174785937221335],[73.50599308534203,4.174790489747538],[73.50599337579908,4.174795042284883],[73.50599366602292,4.174799594833072],[73.50599385764711,4.174802602741265],[73.50599404916167,4.174805610654589],[73.50599424055822,4.174808618573703],[73.50599443182836,4.174811626499246],[73.50599462296374,4.17481463443176],[73.50599481395597,4.174817642371835],[73.50599500479669,4.17482065032016],[73.50599510015762,4.174822154297654],[73.50599519547755,4.174823658277346],[73.50599529075541,4.174825162259467],[73.50599538599016,4.17482666624398],[73.50599548118075,4.174828170231057],[73.50599557632616,4.174829674220707],[73.5059956714253,4.174831178212999],[73.50599576647713,4.174832682208082],[73.50599586148066,4.174834186205969],[73.50599595643477,4.174835690206776],[73.50599605133849,4.174837194210538],[73.5059961461907,4.174838698217286],[73.5059962409904,4.174840202227232],[73.50599633573651,4.17484170624038],[73.50599643042801,4.174843210256827],[73.50599652506386,4.174844714276586],[73.50599661964299,4.174846218299809],[73.50599671416435,4.174847722326526],[73.50599680862693,4.174849226356837],[73.50599690302967,4.174850730390843],[73.50599699737148,4.174852234428539],[73.50599709165137,4.174853738470074],[73.50599718586827,4.174855242515534],[73.50599728002113,4.174856746564914],[73.50599737410892,4.174858250618365],[73.50599746813056,4.174859754675933],[73.50599756208503,4.174861258737689],[73.50599765597131,4.174862762803759],[73.50599774978829,4.174864266874112],[73.505997843535,4.174865770948945],[73.50599793721032,4.174867275028277],[73.50599803081323,4.174868779112186],[73.5059981243427,4.174870283200756],[73.50599821779768,4.17487178729407],[73.50599831117712,4.174873291392175],[73.50599835783818,4.174874043443069],[73.50599840447997,4.174874795495205],[73.50599845110233,4.174875547548552],[73.50599849770516,4.174876299603191],[73.50599854428832,4.174877051659023],[73.50599859085169,4.174877803716198],[73.50599863739511,4.1748785557746],[73.50599868391848,4.17487930783431],[73.50599873042165,4.174880059895297],[73.50599877690449,4.174880811957691],[73.5059988233669,4.174881564021296],[73.5059988698087,4.174882316086223],[73.50599891622977,4.174883068152512],[73.50599896263003,4.174883820220175],[73.50599900900929,4.174884572289145],[73.50599905536743,4.17488532435954],[73.50599910170436,4.174886076431259],[73.5059991480199,4.174886828504454],[73.50599919431393,4.174887580578889],[73.50599924058636,4.174888332654866],[73.505999286837,4.174889084732147],[73.50599933306574,4.174889836810972],[73.50599937927247,4.174890588891101],[73.50599942545705,4.174891340972774],[73.50599947161932,4.174892093055833],[73.50599951775921,4.174892845140385],[73.50599956387651,4.174893597226425],[73.50599960997116,4.174894349313938],[73.50599965604299,4.17489510140289],[73.50599970209187,4.174895853493418]],[[73.50600113564444,4.174896147225924],[73.50600136095203,4.174901571670443],[73.50600158619976,4.174906992379109],[73.50600169878247,4.174909700165022],[73.50600181132778,4.174912405616018],[73.50600192382817,4.17491510826518],[73.50600203627621,4.174917807645405],[73.50600214866441,4.174920503289792],[73.50600226098526,4.174923194731328],[73.5060023732313,4.174925881503041],[73.50600248539503,4.17492856313797],[73.506002597469,4.174931239169076],[73.50600270944572,4.174933909129412],[73.5060028213177,4.174936572552023],[73.50600293307743,4.174939228969865],[73.50600304471747,4.174941877916],[73.50600315623032,4.174944518923412],[73.50600326760853,4.174947151525167],[73.50600337884457,4.174949775254266],[73.50600348993099,4.174952389643672],[73.50600360086031,4.174954994226457],[73.50600371162503,4.174957588535666],[73.50600382221768,4.174960172104266],[73.50600393263078,4.17496274446524],[73.50600404285684,4.174965305151705],[73.5060041528884,4.174967853696561],[73.50600426271795,4.174970389632906],[73.50600437233801,4.17497291249379],[73.50600448174113,4.17497542181215],[73.50600459091982,4.174977917121029],[73.50600469986657,4.174980397953481],[73.50600480720787,4.174982832961984],[73.50600491432247,4.174985253544876],[73.50600502121704,4.174987659845811],[73.50600512789828,4.174990052008265],[73.50600523437288,4.174992430175868],[73.50600534064758,4.174994794492233],[73.50600544672899,4.174997145100879],[73.50600555262388,4.174999482145477],[73.5060056583389,4.175001805769527],[73.50600576388075,4.175004116116632],[73.50600586925616,4.175006413330462],[73.50600597447178,4.175008697554502],[73.50600607953433,4.175010968932386],[73.50600618445046,4.175013227607668],[73.50600628922692,4.175015473723949],[73.50600639387038,4.175017707424814],[73.50600649838753,4.175019928853851],[73.50600660278506,4.175022138154678],[73.50600670706969,4.175024335470778],[73.50600681124808,4.175026520945838],[73.50600691532695,4.175028694723431],[73.50600701931297,4.175030856947103],[73.50600712321285,4.175033007760475],[73.50600722703328,4.175035147307084],[73.50600733078095,4.175037275730547],[73.50600743446257,4.175039393174452],[73.50600753808482,4.17504149978238],[73.50600764165438,4.175043595697904],[73.50600774517797,4.175045681064623],[73.50600784866228,4.175047756026127],[73.506007952114,4.175049820725981],[73.5060080555398,4.175051875307771],[73.5060081589464,4.175053919915101],[73.5060082623405,4.175055954691538],[73.50600836572877,4.175057979780719],[73.5060084691179,4.175059995326111],[73.50600857251463,4.175062001471436],[73.50600867592559,4.17506399836016],[73.50600877935753,4.175065986136002],[73.50600888281713,4.175067964942414],[73.50600898631103,4.175069934923052],[73.506009089846,4.17507189622148],[73.50600919342871,4.175073848981286],[73.50600929706582,4.175075793346069],[73.50600940076406,4.175077729459405],[73.50600950453011,4.175079657464873],[73.50600960837068,4.175081577506043],[73.50600971229245,4.175083489726569],[73.50600981630208,4.175085394269936],[73.50600992040631,4.175087291279795],[73.50601002461185,4.1750891808997],[73.50601012892534,4.175091063273235],[73.5060102333535,4.175092938544053],[73.50601033790305,4.175094806855689],[73.50601044258063,4.175096668351676],[73.50601054739298,4.175098523175706],[73.50601065234675,4.17510037147126],[73.50601075744866,4.175102213381973],[73.5060108627054,4.17510404905145],[73.50601096812368,4.175105878623258],[73.50601107371016,4.175107702240932],[73.50601117947157,4.175109520048125],[73.50601128541456,4.175111332188407],[73.50601139154587,4.175113138805363],[73.50601149787218,4.17511494004256],[73.50601160440017,4.175116736043585],[73.50601171113654,4.175118526952073],[73.50601181808798,4.175120312911528],[73.50601192526119,4.17512209406555],[73.50601203266287,4.175123870557775],[73.5060121402997,4.175125642531771],[73.5060122481784,4.17512741013111],[73.50601235630559,4.175129173499392],[73.50601246468807,4.175130932780185],[73.50601257333247,4.175132688117009],[73.50601268224547,4.175134439653601],[73.5060127914338,4.175136187533445],[73.50601290090415,4.175137931900175],[73.50601301066321,4.175139672897294],[73.50601312071767,4.175141410668471],[73.5060132310742,4.175143145357246],[73.50601334173956,4.175144877107213],[73.50601345272037,4.175146606061964],[73.50601356402335,4.175148332365098],[73.50601367565523,4.175150056160168],[73.50601378762263,4.175151777590777],[73.50601389993228,4.175153496800492],[73.50601401259094,4.175155213932951],[73.50601412560519,4.175156929131654],[73.5060142389818,4.175158642540272],[73.50601435272743,4.175160354302322],[73.50601446684878,4.175162064561457],[73.50601458135259,4.175163773461211],[73.50601469624546,4.175165481145155],[73.50601481153414,4.175167187756941],[73.50601492722537,4.175168893440052],[73.50601504332573,4.175170598338211],[73.506015159842,4.175172302594867],[73.50601527678084,4.175174006353708],[73.50601539414897,4.175175709758233],[73.50601551195308,4.175177412952078],[73.50601563019984,4.175179116078847],[73.50601574889593,4.175180819282077],[73.50601586804811,4.175182522705366],[73.506015987663,4.175184226492319],[73.50601610774736,4.175185930786503],[73.50601622830783,4.17518763573154],[73.5060163493511,4.175189341470962],[73.50601647088392,4.175191048148374],[73.50601659291294,4.175192755907375],[73.50601671544487,4.175194464891488],[73.50601683848639,4.175196175244412],[73.50601696204421,4.175197887109617],[73.50601708612503,4.175199600630755],[73.50601721073552,4.17520131595141],[73.50601733588236,4.175203033215154],[73.5060174615723,4.175204752565554],[73.50601758781197,4.175206474146212],[73.50601771460813,4.175208198100732],[73.50601784196742,4.175209924572663],[73.50601796989655,4.175211653705611],[73.50601809840221,4.17521338564314],[73.50601822749111,4.175215120528874],[73.50601835716994,4.175216858506344],[73.50601848744537,4.175218599719189],[73.50601861832413,4.17522034431101],[73.50601874981288,4.175222092425278],[73.50601888191832,4.175223844205691],[73.50601902773847,4.175225772712106],[73.50601917430295,4.1752277057654],[73.50601932160399,4.17522964331617],[73.50601946963384,4.17523158531504],[73.50601961838468,4.175233531712593],[73.50601976784878,4.175235482459454],[73.50601991801832,4.175237437506149],[73.5060200688856,4.175239396803293],[73.5060202204428,4.175241360301563],[73.50602037268216,4.175243327951454],[73.50602052559593,4.175245299703558],[73.50602067917627,4.175247275508541],[73.50602083341548,4.175249255316927],[73.50602098830576,4.175251239079412],[73.50602114383932,4.175253226746457],[73.50602130000841,4.175255218268791],[73.50602145680526,4.175257213596907],[73.50602161422208,4.17525921268142],[73.50602177225112,4.175261215472969],[73.50602193088457,4.175263221922104],[73.50602209011471,4.175265231979449],[73.50602224993374,4.175267245595585],[73.5060224103339,4.175269262721105],[73.50602257130737,4.175271283306587],[73.50602273284643,4.175273307302676],[73.5060228949433,4.1752753346599],[73.5060230575902,4.175277365328905],[73.50602322077934,4.175279399260301],[73.50602338450298,4.175281436404632],[73.50602354875336,4.175283476712459],[73.50602371352265,4.17528552013448],[73.50602387880313,4.175287566621252],[73.50602404458698,4.175289616123323],[73.50602421086647,4.175291668591319],[73.5060243776338,4.175293723975837],[73.50602454488124,4.175295782227535],[73.50602471260098,4.175297843296895],[73.50602488078526,4.17529990713454],[73.50602504942628,4.175301973691136],[73.50602521851631,4.175304042917175],[73.50602538804756,4.175306114763369],[73.50602555801225,4.175308189180196],[73.5060257284026,4.175310266118335],[73.50602589921087,4.175312345528295],[73.5060260704293,4.175314427360774],[73.50602624205005,4.175316511566297],[73.5060264140654,4.175318598095477],[73.50602658646756,4.175320686898941],[73.50602675924877,4.1753227779272],[73.50602693240126,4.17532487113095],[73.50602710591723,4.175326966460703],[73.5060272797889,4.175329063867136],[73.50602745400856,4.175331163300757],[73.5060276285684,4.175333264712218],[73.50602780346064,4.175335368052057],[73.50602797867752,4.175337473270955],[73.50602815421126,4.175339580319422],[73.5060283300541,4.175341689148103],[73.50602850619826,4.175343799707578],[73.50602868263597,4.175345911948474],[73.50602885935945,4.1753480258213],[73.50602903636094,4.175350141276721],[73.50602921363267,4.175352258265329],[73.50602939116685,4.175354376737685],[73.50602956895571,4.175356496644437],[73.50602974699149,4.175358617936126],[73.50602992526642,4.175360740563366],[73.5060301037727,4.175362864476766],[73.5060302825026,4.175364989626888],[73.50603046144832,4.175367115964378],[73.50603064060209,4.175369243439779],[73.50603081995615,4.175371372003688],[73.5060309995027,4.175373501606749],[73.50603117923401,4.175375632199521],[73.50603135914228,4.175377763732582],[73.50603153921973,4.175379896156581],[73.5060317194586,4.175382029422041],[73.50603189985115,4.17538416347961],[73.50603208038956,4.17538629827988],[73.50603226106607,4.175388433773432],[73.50603262280232,4.175392706642739],[73.50603298499772,4.175396981692322],[73.5060333475901,4.175401258526936],[73.50603371051727,4.175405536751355],[73.50603407371705,4.175409815970273],[73.50603443712731,4.175414095788542],[73.50603516433037,4.175422655641943],[73.50603661852604,4.175439765149697],[73.50603734452376,4.175448308480171],[73.50603806912488,4.175456839979141],[73.50603843074626,4.175461100303657],[73.50603879183195,4.175465356484617],[73.50603915231977,4.175469608126658],[73.50603951214755,4.17547385483469],[73.50603987125311,4.17547809621332],[73.50604005051562,4.17548021478064],[73.50604022957428,4.175482331867387],[73.50604040842128,4.17548444742421],[73.50604058704887,4.175486561401634],[73.50604076544924,4.175488673750304],[73.50604094361469,4.175490784420832],[73.50604118043334,4.175493591699013],[73.5060414168352,4.175496396010981],[73.50604165283377,4.175499197452441],[73.50604188844244,4.175501996119087],[73.50604212367467,4.175504792106591],[73.50604235854395,4.175507585510626],[73.50604259306365,4.175510376426917],[73.50604282724727,4.175513164951052],[73.50604306110822,4.175515951178807],[73.50604329465996,4.175518735205854],[73.50604352791592,4.175521517127815],[73.50604376088957,4.175524297040467],[73.50604399359433,4.175527075039398],[73.50604422604367,4.175529851220382],[73.50604469022979,4.175535398511069],[73.50604515355548,4.175540939677986],[73.50604561612832,4.175546475486636],[73.50604607805585,4.175552006702439],[73.50604653944559,4.175557534090904],[73.50604838177797,4.175579620680707]]]}},{"type":"Feature","properties":{"OBJECTID":"1181","roadEN":"Yaagooth Goalhi","roadDI":null,"deadEnd":0,"SHAPE_Leng":61.23685},"geometry":{"type":"MultiLineString","coordinates":[[[73.50497783672292,4.174739485770944],[73.50551808420744,4.174851200764242]]]}},{"type":"Feature","properties":{"OBJECTID":"1186","roadEN":"Ruvaa Magu","roadDI":null,"deadEnd":0,"SHAPE_Leng":31.91888},"geometry":{"type":"MultiLineString","coordinates":[[[73.50540928112042,4.175152134085542],[73.50565408896074,4.175303504968146],[73.50565688349229,4.175329182697229],[73.50566421640012,4.175396561587866],[73.50568813624149,4.175616350625016]]]}},{"type":"Feature","properties":{"OBJECTID":"1187","roadEN":null,"roadDI":null,"deadEnd":0,"SHAPE_Leng":12.01303},"geometry":{"type":"MultiLineString","coordinates":[[[73.50565688349229,4.175329182697229],[73.50569163839772,4.175226296327031]]]}},{"type":"Feature","properties":{"OBJECTID":"1188","roadEN":null,"roadDI":null,"deadEnd":0,"SHAPE_Leng":7.29946},"geometry":{"type":"MultiLineString","coordinates":[[[73.50569163839772,4.175226296327031],[73.50575687229818,4.175234546683578]]]}},{"type":"Feature","properties":{"OBJECTID":"1190","roadEN":null,"roadDI":null,"deadEnd":1,"SHAPE_Leng":20.64138},"geometry":{"type":"MultiLineString","coordinates":[[[73.5054793220147,4.17541619774476],[73.50566421640012,4.175396561587866]]]}},{"type":"Feature","properties":{"OBJECTID":"1194","roadEN":null,"roadDI":null,"deadEnd":1,"SHAPE_Leng":17.54936},"geometry":{"type":"MultiLineString","coordinates":[[[73.50527856618906,4.174593408218339],[73.50530627823696,4.174437154124536]]]}},{"type":"Feature","properties":{"OBJECTID":"1196","roadEN":null,"roadDI":null,"deadEnd":1,"SHAPE_Leng":17.90837},"geometry":{"type":"MultiLineString","coordinates":[[[73.50543099414287,4.174472723260777],[73.5054611408972,4.174313617980754]]]}},{"type":"Feature","properties":{"OBJECTID":"1197","roadEN":null,"roadDI":null,"deadEnd":1,"SHAPE_Leng":19.11471},"geometry":{"type":"MultiLineString","coordinates":[[[73.50561115860773,4.174525486479427],[73.50563478073852,4.174354252530273]]]}},{"type":"Feature","properties":{"OBJECTID":"1200","roadEN":null,"roadDI":null,"deadEnd":1,"SHAPE_Leng":27.1754},"geometry":{"type":"MultiLineString","coordinates":[[[73.50597399337238,4.174499764841966],[73.50585182550834,4.174507168849373],[73.50572948062604,4.174510512879817]]]}},{"type":"Feature","properties":{"OBJECTID":"1202","roadEN":null,"roadDI":null,"deadEnd":1,"SHAPE_Leng":19.30223},"geometry":{"type":"MultiLineString","coordinates":[[[73.50652071971902,4.174611460397849],[73.50644434951523,4.174454637972958]]]}},{"type":"Feature","properties":{"OBJECTID":"1203","roadEN":null,"roadDI":null,"deadEnd":1,"SHAPE_Leng":11.56288},"geometry":{"type":"MultiLineString","coordinates":[[[73.5064822072637,4.174719214403426],[73.50638825741137,4.17476435155712]]]}},{"type":"Feature","properties":{"OBJECTID":"1204","roadEN":null,"roadDI":null,"deadEnd":1,"SHAPE_Leng":14.63918},"geometry":{"type":"MultiLineString","coordinates":[[[73.50640790813516,4.174799161056653],[73.50653152700362,4.174753087003115]]]}},{"type":"Feature","properties":{"OBJECTID":"1208","roadEN":null,"roadDI":null,"deadEnd":1,"SHAPE_Leng":13.46739},"geometry":{"type":"MultiLineString","coordinates":[[[73.50688875573367,4.17521259376304],[73.50681806593967,4.175113615077847]]]}},{"type":"Feature","properties":{"OBJECTID":"1209","roadEN":null,"roadDI":null,"deadEnd":1,"SHAPE_Leng":18.75411},"geometry":{"type":"MultiLineString","coordinates":[[[73.50682143596225,4.175111330893697],[73.50671412082245,4.174980345599932]]]}},{"type":"Feature","properties":{"OBJECTID":"1210","roadEN":null,"roadDI":null,"deadEnd":1,"SHAPE_Leng":0.45141},"geometry":{"type":"MultiLineString","coordinates":[[[73.50682143596225,4.175111330893697],[73.50681806593967,4.175113615077847]]]}},{"type":"Feature","properties":{"OBJECTID":"1212","roadEN":null,"roadDI":null,"deadEnd":1,"SHAPE_Leng":24.23704},"geometry":{"type":"MultiLineString","coordinates":[[[73.50699426925269,4.175268334136965],[73.50710114954511,4.175459463056303]]]}},{"type":"Feature","properties":{"OBJECTID":"1214","roadEN":null,"roadDI":null,"deadEnd":1,"SHAPE_Leng":12.64288},"geometry":{"type":"MultiLineString","coordinates":[[[73.50526177246995,4.174148675609937],[73.50537206673329,4.174177140750182]]]}},{"type":"Feature","properties":{"OBJECTID":"1215","roadEN":null,"roadDI":null,"deadEnd":1,"SHAPE_Leng":23.58297},"geometry":{"type":"MultiLineString","coordinates":[[[73.50536534923056,4.174225255953159],[73.50542437836295,4.174020377625121]]]}},{"type":"Feature","properties":{"OBJECTID":"1218","roadEN":null,"roadDI":null,"deadEnd":1,"SHAPE_Leng":0.28676},"geometry":{"type":"MultiLineString","coordinates":[[[73.50548506168593,4.173876497498135],[73.50548744854922,4.173877488713839]]]}},{"type":"Feature","properties":{"OBJECTID":"1219","roadEN":null,"roadDI":null,"deadEnd":1,"SHAPE_Leng":5.60702},"geometry":{"type":"MultiLineString","coordinates":[[[73.50548744854922,4.173877488713839],[73.50550675189126,4.173830630194601]]]}},{"type":"Feature","properties":{"OBJECTID":"1220","roadEN":null,"roadDI":null,"deadEnd":1,"SHAPE_Leng":17.2617},"geometry":{"type":"MultiLineString","coordinates":[[[73.50548506168593,4.173876497498135],[73.50542536554647,4.174020643441088]]]}},{"type":"Feature","properties":{"OBJECTID":"1221","roadEN":"Bokarumaa Goalhi","roadDI":null,"deadEnd":0,"SHAPE_Leng":56.45895},"geometry":{"type":"MultiLineString","coordinates":[[[73.5128464543569,4.176669915228707],[73.51241517963076,4.176750137485884],[73.51234601993434,4.176760591587811]]]}},{"type":"Feature","properties":{"OBJECTID":"1222","roadEN":"Lilee Magu","roadDI":null,"deadEnd":0,"SHAPE_Leng":150.67242},"geometry":{"type":"MultiLineString","coordinates":[[[73.51234601993434,4.176760591587811],[73.51226466515179,4.176772881432778],[73.51205759256636,4.17680094213148],[73.51204058792148,4.176803246452311],[73.51199967363964,4.176806292971581],[73.51185230852485,4.176817265910311],[73.51180832085863,4.176820541265846],[73.51149956479013,4.17685245106253],[73.51134250953815,4.17686868260061],[73.51120137688086,4.1768832685225],[73.5110589137528,4.176898669396683],[73.51089921683374,4.176915933284784],[73.50970914509395,4.177040851861189]]]}},{"type":"Feature","properties":{"OBJECTID":"1224","roadEN":"Husnuheenaa Magu","roadDI":null,"deadEnd":0,"SHAPE_Leng":25.18642},"geometry":{"type":"MultiLineString","coordinates":[[[73.5129417007445,4.177008085521599],[73.51287996680601,4.176788900485544],[73.5128464543569,4.176669915228673],[73.5128135840729,4.176553209952938],[73.51278826319269,4.17646601699006],[73.5127194138397,4.176228932813202],[73.51267793256764,4.176075037414257],[73.51265426177555,4.175987218835179],[73.5126283729069,4.175891171190036],[73.51260105684396,4.175794421789894],[73.51256763408193,4.175676043365045],[73.51254474764168,4.175594983008692],[73.512415669417,4.175137057239959],[73.5123872881552,4.175036370121457],[73.51234930354401,4.174901613552168]]]}},{"type":"Feature","properties":{"OBJECTID":"1226","roadEN":"Varudhee Hin'gun","roadDI":null,"deadEnd":0,"SHAPE_Leng":54.44404},"geometry":{"type":"MultiLineString","coordinates":[[[73.50599346437873,4.178562550598479],[73.5059934486754,4.178562393309873],[73.50594455156296,4.178072627438827]]]}},{"type":"Feature","properties":{"OBJECTID":"1227","roadEN":"Shaariuvarudhee","roadDI":null,"deadEnd":0,"SHAPE_Leng":53.60602},"geometry":{"type":"MultiLineString","coordinates":[[[73.50594455156296,4.178072627438827],[73.50595610485149,4.178071489536449],[73.50596227038835,4.17807033145677],[73.50596814245193,4.178068117324576],[73.50597354307232,4.178064914245607],[73.50597830856792,4.178060819298493],[73.50598229450654,4.178055956592569],[73.50598538008265,4.178050473506282],[73.50598747177895,4.178044536220512],[73.5059885062005,4.178038324682037],[73.50598845199613,4.178032027149591],[73.50598731080872,4.178025834488267],[73.50592734591072,4.177808385819758],[73.50592732751379,4.177808319107507],[73.50591332185179,4.177757530846099],[73.50587222497776,4.177646293175258],[73.5058633075759,4.177622156276123],[73.50581636406586,4.177475832843477],[73.50579899992923,4.177415729193431],[73.50577713806175,4.177340057241208],[73.50569831750474,4.177087507339316],[73.50568058300397,4.177041145743662],[73.50566193829154,4.176992404666165],[73.50564041160317,4.176919742657882],[73.50558868741321,4.176745150824452],[73.50557474875276,4.176693934692008],[73.50555244614279,4.176611986107615],[73.50551054757895,4.176481112493169],[73.505477945039,4.176379275761431],[73.5053983347573,4.176122387622355],[73.5053983266388,4.176122361425405],[73.50525487825166,4.175659478958885]]]}},{"type":"Feature","properties":{"OBJECTID":"1231","roadEN":"Chan'beyli Magu","roadDI":null,"deadEnd":0,"SHAPE_Leng":68.36814},"geometry":{"type":"MultiLineString","coordinates":[[[73.50494634155227,4.178172908720104],[73.50499749387266,4.178167909319106],[73.50513643472162,4.178154329838843],[73.50524461344975,4.178143756897748],[73.50533179147897,4.178134169008452],[73.50543536824502,4.178122777563365],[73.50594455156296,4.178072627438827]]]}},{"type":"Feature","properties":{"OBJECTID":"1233","roadEN":"Fulooniyaa Goalhi","roadDI":null,"deadEnd":0,"SHAPE_Leng":67.11013},"geometry":{"type":"MultiLineString","coordinates":[[[73.5034286312237,4.177412169463593],[73.50402948376102,4.17734567793629]]]}},{"type":"Feature","properties":{"OBJECTID":"1236","roadEN":"Gan'dhakoalhi Magu","roadDI":null,"deadEnd":0,"SHAPE_Leng":48.06218},"geometry":{"type":"MultiLineString","coordinates":[[[73.5036291363501,4.177683831961487],[73.50406001123326,4.177641654409029],[73.50442282936812,4.177606135445682],[73.50452815878675,4.177595824432144],[73.50466258082935,4.177585838937219],[73.50477079070284,4.177577800586777],[73.50527192445976,4.177523882547458]]]}},{"type":"Feature","properties":{"OBJECTID":"1242","roadEN":null,"roadDI":null,"deadEnd":1,"SHAPE_Leng":33.88697},"geometry":{"type":"MultiLineString","coordinates":[[[73.50305084761143,4.176752816539333],[73.50335435544393,4.176720262088699]]]}},{"type":"Feature","properties":{"OBJECTID":"1244","roadEN":null,"roadDI":null,"deadEnd":1,"SHAPE_Leng":31.50251},"geometry":{"type":"MultiLineString","coordinates":[[[73.50275236702154,4.177000281863759],[73.50303451853189,4.176970018261129]]]}},{"type":"Feature","properties":{"OBJECTID":"1245","roadEN":null,"roadDI":null,"deadEnd":1,"SHAPE_Leng":0.61},"geometry":{"type":"MultiLineString","coordinates":[[[73.50303445633867,4.176969433744041],[73.50303387267917,4.176963948275615]]]}},{"type":"Feature","properties":{"OBJECTID":"1246","roadEN":null,"roadDI":null,"deadEnd":1,"SHAPE_Leng":4.35209},"geometry":{"type":"MultiLineString","coordinates":[[[73.50303387267917,4.176963948275615],[73.50307285204701,4.176959767335678]]]}},{"type":"Feature","properties":{"OBJECTID":"1248","roadEN":null,"roadDI":null,"deadEnd":1,"SHAPE_Leng":13.48878},"geometry":{"type":"MultiLineString","coordinates":[[[73.50377142443593,4.176941063145286],[73.50378443794668,4.17706235042931]]]}},{"type":"Feature","properties":{"OBJECTID":"1250","roadEN":null,"roadDI":null,"deadEnd":1,"SHAPE_Leng":28.05419},"geometry":{"type":"MultiLineString","coordinates":[[[73.504136432176,4.177023375817926],[73.5041100430319,4.176771048117878]]]}},{"type":"Feature","properties":{"OBJECTID":"1251","roadEN":null,"roadDI":null,"deadEnd":1,"SHAPE_Leng":17.59178},"geometry":{"type":"MultiLineString","coordinates":[[[73.5042615695167,4.176850613073833],[73.50427609264784,4.177009039007263]]]}},{"type":"Feature","properties":{"OBJECTID":"1252","roadEN":"Nedhun Goalhi","roadDI":null,"deadEnd":0,"SHAPE_Leng":32.00818},"geometry":{"type":"MultiLineString","coordinates":[[[73.50489703789337,4.176290989273818],[73.5048092795399,4.176015251341822]]]}},{"type":"Feature","properties":{"OBJECTID":"1255","roadEN":null,"roadDI":null,"deadEnd":1,"SHAPE_Leng":14.93986},"geometry":{"type":"MultiLineString","coordinates":[[[73.50468110091006,4.176056395638847],[73.5048092795399,4.176015251341822]]]}},{"type":"Feature","properties":{"OBJECTID":"1256","roadEN":"Nedhun Goalhi","roadDI":null,"deadEnd":0,"SHAPE_Leng":34.47669},"geometry":{"type":"MultiLineString","coordinates":[[[73.5048092795399,4.176015251341822],[73.50471475320704,4.175718248231884]]]}},{"type":"Feature","properties":{"OBJECTID":"1257","roadEN":null,"roadDI":null,"deadEnd":1,"SHAPE_Leng":20.91355},"geometry":{"type":"MultiLineString","coordinates":[[[73.50503215590335,4.175875136841197],[73.50500323340148,4.17568824247589]]]}},{"type":"Feature","properties":{"OBJECTID":"1259","roadEN":null,"roadDI":null,"deadEnd":1,"SHAPE_Leng":23.54422},"geometry":{"type":"MultiLineString","coordinates":[[[73.50432719385502,4.176789757599277],[73.50434778131061,4.177001679815362]]]}},{"type":"Feature","properties":{"OBJECTID":"1262","roadEN":null,"roadDI":null,"deadEnd":1,"SHAPE_Leng":25.10825},"geometry":{"type":"MultiLineString","coordinates":[[[73.5043368158137,4.176690290417334],[73.50456174034314,4.176666577074775]]]}},{"type":"Feature","properties":{"OBJECTID":"1264","roadEN":null,"roadDI":null,"deadEnd":1,"SHAPE_Leng":18.22591},"geometry":{"type":"MultiLineString","coordinates":[[[73.50325365387579,4.177317119851733],[73.50341691929509,4.177299850928224]]]}},{"type":"Feature","properties":{"OBJECTID":"1266","roadEN":"Kaarneyshan Magu","roadDI":null,"deadEnd":0,"SHAPE_Leng":70.46947},"geometry":{"type":"MultiLineString","coordinates":[[[73.50662357283647,4.17697755048089],[73.50650768215813,4.177038709340739],[73.5064898025763,4.177048144910034],[73.50632900364893,4.177133003092911],[73.50618114923222,4.177211030035705],[73.50612301982984,4.177241706545891],[73.50604128880137,4.177284838280627],[73.50585419694897,4.177383571792027],[73.50579899992923,4.177415729193431],[73.50547635968078,4.177588906476894],[73.5054706215761,4.177591371002513],[73.50546454596382,4.177592804346141],[73.50545831514327,4.177593163500085],[73.50545211607084,4.177592437688029],[73.50544613475027,4.177590648687984],[73.50544055065167,4.177587850179022],[73.5054355313264,4.177584126130769],[73.50537998329872,4.177534901776733],[73.50526352020498,4.177438209346163],[73.50522712409825,4.177407991800942],[73.50510860328068,4.177306776945722],[73.50504191681654,4.177245661904148],[73.50493928085324,4.17715160079613],[73.50492317685756,4.177012642291588],[73.50490924128884,4.176948440903342]]]}},{"type":"Feature","properties":{"OBJECTID":"1269","roadEN":"Kuhlhavah Goalhi","roadDI":null,"deadEnd":0,"SHAPE_Leng":91.81921},"geometry":{"type":"MultiLineString","coordinates":[[[73.50490924128884,4.176948440903342],[73.50489365565001,4.176876637613542],[73.50488864560371,4.176854990212446],[73.5048875730785,4.17684771045567],[73.50488769080755,4.176840352433707],[73.5048889956728,4.176833111022608],[73.50489145311509,4.17682617800998],[73.50489499804942,4.176819737015424],[73.50489953658878,4.176813958627768],[73.50490494853067,4.17680899588654],[73.5049110905407,4.17680498022925],[73.50491779994876,4.176802018009825],[73.50492489905726,4.176800187682237],[73.50520955918168,4.176751156797292],[73.5052867662066,4.176739871940975],[73.50557474875276,4.176693934692008]]]}},{"type":"Feature","properties":{"OBJECTID":"1270","roadEN":null,"roadDI":null,"deadEnd":1,"SHAPE_Leng":27.0546},"geometry":{"type":"MultiLineString","coordinates":[[[73.50442282936812,4.177606135445682],[73.50439883202482,4.177362649765121]]]}},{"type":"Feature","properties":{"OBJECTID":"1271","roadEN":null,"roadDI":null,"deadEnd":1,"SHAPE_Leng":6.09578},"geometry":{"type":"MultiLineString","coordinates":[[[73.50438875764277,4.177308252724521],[73.50439416458441,4.177363113491036]]]}},{"type":"Feature","properties":{"OBJECTID":"1272","roadEN":null,"roadDI":null,"deadEnd":1,"SHAPE_Leng":0.52071},"geometry":{"type":"MultiLineString","coordinates":[[[73.50439883202482,4.177362649765121],[73.50439416458441,4.177363113491036]]]}},{"type":"Feature","properties":{"OBJECTID":"1276","roadEN":null,"roadDI":null,"deadEnd":1,"SHAPE_Leng":9.06056},"geometry":{"type":"MultiLineString","coordinates":[[[73.5050828003825,4.177146642229164],[73.50511353985193,4.177222549111202]]]}},{"type":"Feature","properties":{"OBJECTID":"1277","roadEN":null,"roadDI":null,"deadEnd":1,"SHAPE_Leng":13.16337},"geometry":{"type":"MultiLineString","coordinates":[[[73.50510542920429,4.177067866109664],[73.50521971173616,4.177036148099786]]]}},{"type":"Feature","properties":{"OBJECTID":"1278","roadEN":null,"roadDI":null,"deadEnd":1,"SHAPE_Leng":17.92499},"geometry":{"type":"MultiLineString","coordinates":[[[73.50521506180097,4.177019619874241],[73.50521971173616,4.177036148099786],[73.50525895113215,4.177175624784121]]]}},{"type":"Feature","properties":{"OBJECTID":"1279","roadEN":"Kulhidhoshu Magu","roadDI":null,"deadEnd":0,"SHAPE_Leng":8.35214},"geometry":{"type":"MultiLineString","coordinates":[[[73.50607435447004,4.176921616485446],[73.5057327613145,4.177025770787523],[73.50568058300397,4.177041145743662],[73.50562416039047,4.17705777132881],[73.50525895113215,4.177175624784121],[73.50525887074977,4.177175650723609],[73.50511353985193,4.177222549111202],[73.50504191681654,4.177245661904148]]]}},{"type":"Feature","properties":{"OBJECTID":"1281","roadEN":null,"roadDI":null,"deadEnd":1,"SHAPE_Leng":13.22392},"geometry":{"type":"MultiLineString","coordinates":[[[73.50575378707116,4.176883069997433],[73.50564041160317,4.176919742657882]]]}},{"type":"Feature","properties":{"OBJECTID":"1295","roadEN":null,"roadDI":null,"deadEnd":1,"SHAPE_Leng":27.31004},"geometry":{"type":"MultiLineString","coordinates":[[[73.5046910990132,4.177841189581266],[73.50493560187131,4.177814035933389]]]}},{"type":"Feature","properties":{"OBJECTID":"1297","roadEN":null,"roadDI":null,"deadEnd":1,"SHAPE_Leng":20.89965},"geometry":{"type":"MultiLineString","coordinates":[[[73.50497774641595,4.177979940923731],[73.50499749387266,4.178167909319106]]]}},{"type":"Feature","properties":{"OBJECTID":"1298","roadEN":null,"roadDI":null,"deadEnd":1,"SHAPE_Leng":28.49729},"geometry":{"type":"MultiLineString","coordinates":[[[73.50513643472162,4.178154329838843],[73.50510950843017,4.177898029355575]]]}},{"type":"Feature","properties":{"OBJECTID":"1302","roadEN":null,"roadDI":null,"deadEnd":1,"SHAPE_Leng":28.98961},"geometry":{"type":"MultiLineString","coordinates":[[[73.50592732751379,4.177808319107507],[73.50566753515363,4.177834751064459]]]}},{"type":"Feature","properties":{"OBJECTID":"1304","roadEN":"Funa Goalhi","roadDI":null,"deadEnd":0,"SHAPE_Leng":29.53699},"geometry":{"type":"MultiLineString","coordinates":[[[73.50622021303668,4.176130751021191],[73.50621674269443,4.176150353377607],[73.50621005274274,4.176169095734755],[73.50620033202262,4.176186449040983],[73.50618785492648,4.176201923454219],[73.50617297365268,4.176215082168953],[73.5061561082638,4.176225553746316],[73.5061377348292,4.17623304259893],[73.5059111413763,4.176326908427753],[73.50586671842885,4.176344704922562],[73.50575974105199,4.176387561638697],[73.50572733717107,4.176400543107368],[73.50551054757895,4.176481112493169]]]}},{"type":"Feature","properties":{"OBJECTID":"1305","roadEN":"Iraaku Magu","roadDI":null,"deadEnd":0,"SHAPE_Leng":34.12803},"geometry":{"type":"MultiLineString","coordinates":[[[73.50618114923222,4.177211030035705],[73.50609023843803,4.17696251156825],[73.50607435447004,4.176921616485446],[73.5060565144864,4.176875685415026],[73.5060317376039,4.176806368008877],[73.50586671842885,4.176344704922562]]]}},{"type":"Feature","properties":{"OBJECTID":"1311","roadEN":null,"roadDI":null,"deadEnd":1,"SHAPE_Leng":20.32249},"geometry":{"type":"MultiLineString","coordinates":[[[73.5060317376039,4.176806368008877],[73.5062040464936,4.176744326143338]]]}},{"type":"Feature","properties":{"OBJECTID":"1313","roadEN":"Jahaamuguri Goalhi","roadDI":null,"deadEnd":0,"SHAPE_Leng":64.24984},"geometry":{"type":"MultiLineString","coordinates":[[[73.50575974105199,4.176387561638697],[73.50575661516261,4.175994486356243],[73.50575627727024,4.175961681833906],[73.5057571352927,4.175949777159205],[73.50575993103897,4.17593817612084],[73.50576458841957,4.175927194454057],[73.50577098067866,4.175917131037159],[73.50577893384377,4.175908259757209],[73.5057882314606,4.175900822055992],[73.50579862048419,4.175895020358828],[73.50580981816566,4.175891012565401],[73.50582151974773,4.175888907752262],[73.5058334067588,4.17588876320429],[73.50584515568065,4.175890582855523],[73.50585644675333,4.175894317182181],[73.50586697267771,4.175899864550453]]]}},{"type":"Feature","properties":{"OBJECTID":"1314","roadEN":null,"roadDI":null,"deadEnd":0,"SHAPE_Leng":6.34354},"geometry":{"type":"MultiLineString","coordinates":[[[73.50574543179758,4.17581913144527],[73.50569585824931,4.17584765970947]]]}},{"type":"Feature","properties":{"OBJECTID":"1315","roadEN":null,"roadDI":null,"deadEnd":0,"SHAPE_Leng":9.72618},"geometry":{"type":"MultiLineString","coordinates":[[[73.50569585824931,4.17584765970947],[73.50562629805657,4.175805569160601],[73.50561990679888,4.175805471415825]]]}},{"type":"Feature","properties":{"OBJECTID":"1316","roadEN":null,"roadDI":null,"deadEnd":0,"SHAPE_Leng":11.60044},"geometry":{"type":"MultiLineString","coordinates":[[[73.50561990679888,4.175805471415825],[73.50561221101088,4.175809161648994],[73.50559190631321,4.175903328798899]]]}},{"type":"Feature","properties":{"OBJECTID":"1318","roadEN":"Fareedhee Magu","roadDI":"ފަރީދީ މަގު","deadEnd":0,"SHAPE_Leng":16.22034},"geometry":{"type":"MultiLineString","coordinates":[[[73.5057214574821,4.175613338031887],[73.50574153275576,4.175807654792796],[73.50574225288199,4.175811662671187],[73.5057435623979,4.175815517171803],[73.50574543179758,4.175819131445304],[73.50574781895986,4.175822424055133],[73.50575067009741,4.175825320812509],[73.5057539209686,4.175827756447867],[73.50586697267771,4.175899864550453],[73.506078965306,4.176035080363336],[73.50612444445613,4.176065884545558],[73.50622021303668,4.176130751021191],[73.50633966445479,4.176211658454471],[73.50685667264513,4.176545493878921],[73.5073005058184,4.176832079325767],[73.50744208434065,4.176923497252658],[73.5075434430733,4.176989828799636],[73.5076384107333,4.177051977859663],[73.50778025489016,4.17714418679495],[73.50804168306843,4.177314133869291],[73.5081091217881,4.177357973854598],[73.50817708211707,4.177399580850976],[73.50828559452125,4.177466014814285],[73.50853455931215,4.177608019556831],[73.5085676775004,4.177630908606687],[73.50861534088752,4.177663850309503],[73.50875498906503,4.177740641983429],[73.50889788891597,4.177819221697693],[73.50893408236003,4.177831065353732],[73.5089674873348,4.177841996531552],[73.50901950745215,4.177859019177218],[73.50921275098138,4.17791406407853],[73.50924851882148,4.177916623386306],[73.50930879781619,4.177920936544979],[73.50933782782889,4.177923013735417],[73.50991247811925,4.17798605984251],[73.51002728584608,4.177983748421809],[73.51002908106643,4.177983530358944]]]}},{"type":"Feature","properties":{"OBJECTID":"1322","roadEN":"Medhu Ziyaaraiy Magu","roadDI":"މެދު ޒިޔާރަތް މަގު","deadEnd":0,"SHAPE_Leng":85.61358},"geometry":{"type":"MultiLineString","coordinates":[[[73.51002908106643,4.177983530358944],[73.51079466155926,4.177890535974409],[73.51080320434451,4.177881222288825],[73.5108131405739,4.17787342566274],[73.51082420628444,4.17786735321918],[73.51083610750757,4.177863166276952],[73.51084852807884,4.17786097606509],[73.51086113803693,4.177860840768302],[73.5108736023893,4.177862763980835],[73.51088559001151,4.177866694611178],[73.51089678244378,4.177872528239415],[73.51090688235116,4.177880109891026],[73.51091562142221,4.177889238154036],[73.51092276749729,4.177899670529592],[73.51092813073564,4.17791112987415],[73.51093156865885,4.17792331176202],[73.51093298993594,4.177935892572418],[73.51144934695233,4.177866762122137],[73.51187788747136,4.177809378843079],[73.51195317856143,4.177799732182972],[73.51213883666053,4.177775944732329],[73.51224903180885,4.177759977997516],[73.51230825272603,4.177751397170941],[73.51230945249206,4.177750928837368],[73.5123106523821,4.177750461359553],[73.51231185252024,4.177749995593227],[73.51231305303057,4.177749532394166],[73.51231425403708,4.1777490726181],[73.51231545566385,4.177748617120793],[73.51231665803495,4.177748166757952],[73.51231786127443,4.177747722385358],[73.51231906550629,4.177747284858757],[73.51232027085463,4.177746855033945],[73.51232147744352,4.177746433766596],[73.51232268539695,4.177746021912527],[73.51232389483906,4.177745620327461],[73.5123251058938,4.177745229867099],[73.5123263186853,4.17774485138728],[73.51232753333757,4.177744485743689],[73.5123287499747,4.177744133792101],[73.51232996872069,4.177743796388243],[73.51233118969964,4.177743474387879],[73.5123324130356,4.177743168646806],[73.51233363885257,4.177742880020715],[73.51233486727467,4.177742609365388],[73.51233609842592,4.177742357536517],[73.51233733243039,4.177742125389933],[73.51233856941208,4.177741913781346],[73.51233980949512,4.177741723566503],[73.5123410528035,4.17774155560118],[73.51234229946131,4.177741410741093],[73.51234354959257,4.177741289841983],[73.51234480332137,4.17774119375968],[73.51234606077173,4.17774112334983],[73.51234732206773,4.177741079468244],[73.51234848654452,4.177741063140595],[73.51234965377873,4.177741069969914],[73.51235082316374,4.177741099907599],[73.51235199409301,4.177741152905042],[73.51235316595994,4.177741228913553],[73.51235433815796,4.177741327884562],[73.51235551008054,4.177741449769462],[73.51235668112105,4.177741594519565],[73.51235785067296,4.177741762086245],[73.51235901812969,4.177741952420913],[73.5123601828846,4.177742165474969],[73.51236134433123,4.177742401199735],[73.5123625018629,4.177742659546591],[73.51236365487311,4.177742940466913],[73.51236480275529,4.177743243912095],[73.51236594490281,4.177743569833533],[73.51236708070915,4.177743918182538],[73.51236820956771,4.177744288910517],[73.5123693308719,4.177744681968853],[73.5123704440152,4.177745097308902],[73.51237154839099,4.177745534882061],[73.51237264339271,4.177745994639708],[73.51237372841382,4.177746476533152],[73.51237480284769,4.177746980513837],[73.51237586608777,4.177747506533109],[73.51237691752749,4.177748054542363],[73.51237795656031,4.177748624492922],[73.51237898257962,4.177749216336216],[73.51237999497884,4.177749830023626],[73.5123809931514,4.177750465506476],[73.51238197649074,4.177751122736175],[73.51238294439031,4.177751801664072],[73.51238384965964,4.17775246716978],[73.51238473962317,4.17775315202266],[73.51238561347844,4.17775385600215],[73.51238647042301,4.177754578887679],[73.51238730965437,4.17775532045874],[73.5123881303701,4.177756080494746],[73.51238893176766,4.177756858775082],[73.51238971304466,4.177757655079255],[73.51239047339858,4.177758469186694],[73.51239121202701,4.17775930087679],[73.51239192812744,4.177760149929026],[73.51239262089746,4.17776101612287],[73.51239328953451,4.177761899237725],[73.5123939332362,4.177762799053009],[73.51239455120006,4.17776371534819],[73.51239514262356,4.177764647902722],[73.51260404966287,4.177736101200107],[73.51271087191623,4.177710259857607],[73.51278926387324,4.177691296069233],[73.51285405547176,4.177680902914234],[73.51285434481848,4.1776808565004],[73.51292743929945,4.17766913148122],[73.5131408755787,4.177638850978216],[73.51323204443084,4.177625916706466],[73.51331209883753,4.17761414825885],[73.51355833570013,4.177577950000135],[73.51361803396718,4.177569761799891],[73.51368900907588,4.177560026864193],[73.513978638273,4.177519654098674],[73.51404136354193,4.177511452073166],[73.51410276589323,4.177503423028613],[73.51424213686002,4.177483662817448],[73.51479338474962,4.177405505853029],[73.51519401915638,4.177348702886133]]]}},{"type":"Feature","properties":{"OBJECTID":"1327","roadEN":"Ibraahimee Magu","roadDI":null,"deadEnd":0,"SHAPE_Leng":97.69367},"geometry":{"type":"MultiLineString","coordinates":[[[73.51100410583656,4.178887815300086],[73.51086416305364,4.178015539919195]]]}},{"type":"Feature","properties":{"OBJECTID":"1330","roadEN":"Nasreen Goalhi","roadDI":null,"deadEnd":0,"SHAPE_Leng":60.75194},"geometry":{"type":"MultiLineString","coordinates":[[[73.51373937983486,4.178105510586627],[73.51361803396718,4.177569761799858]]]}},{"type":"Feature","properties":{"OBJECTID":"1333","roadEN":"Shaheedh Abdhulla Zuhairu Hin'gun","roadDI":null,"deadEnd":0,"SHAPE_Leng":55.26217},"geometry":{"type":"MultiLineString","coordinates":[[[73.51295651418431,4.178843190227536],[73.51286684600676,4.178459661091465],[73.51284397092391,4.178356358700572],[73.51282834058436,4.178285773097568],[73.51279680809408,4.178156016743301],[73.51279089748395,4.178106614444068],[73.51278412733862,4.178050027946802],[73.51271087191623,4.177710259857607]]]}},{"type":"Feature","properties":{"OBJECTID":"1338","roadEN":"Gan'dhakoalhi Hin'gun","roadDI":null,"deadEnd":0,"SHAPE_Leng":42.17227},"geometry":{"type":"MultiLineString","coordinates":[[[73.50368704844524,4.17811785323642],[73.50381765781047,4.177759711204069]]]}},{"type":"Feature","properties":{"OBJECTID":"1341","roadEN":"Ban'dharumathee Hin'gun","roadDI":null,"deadEnd":0,"SHAPE_Leng":42.73342},"geometry":{"type":"MultiLineString","coordinates":[[[73.50425388012613,4.178324557812971],[73.50438563536284,4.177961433063688]]]}},{"type":"Feature","properties":{"OBJECTID":"1344","roadEN":"Dhilshaadhu Hingun","roadDI":null,"deadEnd":0,"SHAPE_Leng":42.17677},"geometry":{"type":"MultiLineString","coordinates":[[[73.50455824830755,4.178433946206425],[73.50468884626432,4.178075756387869]]]}},{"type":"Feature","properties":{"OBJECTID":"1347","roadEN":"Chan'beyli Hin'gun","roadDI":null,"deadEnd":0,"SHAPE_Leng":41.59305},"geometry":{"type":"MultiLineString","coordinates":[[[73.5048676616147,4.178545147657553],[73.50499645203294,4.17819191503722]]]}},{"type":"Feature","properties":{"OBJECTID":"1350","roadEN":"Aabaadhee Hin'gun","roadDI":null,"deadEnd":0,"SHAPE_Leng":41.20752},"geometry":{"type":"MultiLineString","coordinates":[[[73.50530238089341,4.178306977723578],[73.50517479077266,4.178656938639889]]]}},{"type":"Feature","properties":{"OBJECTID":"1353","roadEN":"Nerumathee Hin'gun","roadDI":null,"deadEnd":0,"SHAPE_Leng":41.27098},"geometry":{"type":"MultiLineString","coordinates":[[[73.50548366626667,4.178772052021682],[73.50561145924048,4.178421554451003]]]}},{"type":"Feature","properties":{"OBJECTID":"1356","roadEN":"Meerubahuru Hin'gun","roadDI":null,"deadEnd":0,"SHAPE_Leng":41.3695},"geometry":{"type":"MultiLineString","coordinates":[[[73.50579308128259,4.178887366337661],[73.5057931140807,4.178887276591184],[73.5059214425484,4.178536128897048]]]}},{"type":"Feature","properties":{"OBJECTID":"1359","roadEN":null,"roadDI":null,"deadEnd":0,"SHAPE_Leng":19.24871},"geometry":{"type":"MultiLineString","coordinates":[[[73.50576560691492,4.178664260780006],[73.50582569641216,4.178500969214516]]]}},{"type":"Feature","properties":{"OBJECTID":"1361","roadEN":"Abadhahfehi Magu","roadDI":null,"deadEnd":0,"SHAPE_Leng":57.97944},"geometry":{"type":"MultiLineString","coordinates":[[[73.51417805310466,4.175377031262968],[73.51416919446562,4.175348070034073],[73.5141311800129,4.175223790746291],[73.51411930281998,4.175180574352561],[73.51410416523663,4.175125494689174],[73.51398446777463,4.174729812046668]],[[73.51463678450851,4.176905221339942],[73.51461583729196,4.176831617808716],[73.51443970138456,4.176257284323417],[73.5144217209665,4.176198540736752],[73.51440554866139,4.176145704408865],[73.51431790738513,4.175858617032092],[73.51429788177005,4.175788361047039],[73.51428372218433,4.175738684885056],[73.51419074457755,4.17541852303547],[73.51417808626427,4.175377139670468]],[[73.51479338474962,4.177405505853029],[73.51465607158534,4.176972991530877],[73.51463680765592,4.176905302674381]]]}},{"type":"Feature","properties":{"OBJECTID":"1364","roadEN":"Hiyfaseyha Goalhi","roadDI":null,"deadEnd":0,"SHAPE_Leng":55.7858},"geometry":{"type":"MultiLineString","coordinates":[[[73.51500161648147,4.177741040171639],[73.51513937596877,4.178226225193091]]]}},{"type":"Feature","properties":{"OBJECTID":"1367","roadEN":null,"roadDI":null,"deadEnd":1,"SHAPE_Leng":29.15693},"geometry":{"type":"MultiLineString","coordinates":[[[73.51487805668343,4.177073983291792],[73.5151281214638,4.176993394377829]]]}},{"type":"Feature","properties":{"OBJECTID":"1369","roadEN":"Malani Goalhi","roadDI":null,"deadEnd":0,"SHAPE_Leng":73.79176},"geometry":{"type":"MultiLineString","coordinates":[[[73.51417808626427,4.175377139670468],[73.5147815563517,4.175097413885974]]]}},{"type":"Feature","properties":{"OBJECTID":"1372","roadEN":"Vailet Goalhi","roadDI":null,"deadEnd":0,"SHAPE_Leng":56.55867},"geometry":{"type":"MultiLineString","coordinates":[[[73.51396696793275,4.176429042079824],[73.514359255869,4.176229189387756],[73.5144217209665,4.176198540736752],[73.51442174714879,4.176198532165819],[73.5144822674511,4.176178720491058],[73.51494701078981,4.176018397625445]]]}},{"type":"Feature","properties":{"OBJECTID":"1376","roadEN":"Shaheedh Aadham Naseer Hin'gun","roadDI":null,"deadEnd":0,"SHAPE_Leng":58.42127},"geometry":{"type":"MultiLineString","coordinates":[[[73.51195317856143,4.177799732182972],[73.51207832642814,4.178245871287164],[73.51210120177342,4.178306521112819],[73.5121123317631,4.178336030258383],[73.51217525091917,4.178550159119713]]]}},{"type":"Feature","properties":{"OBJECTID":"1379","roadEN":"Shaheedh Mohamed Ibrahim Hin'gun","roadDI":null,"deadEnd":0,"SHAPE_Leng":79.69584},"geometry":{"type":"MultiLineString","coordinates":[[[73.51210120177342,4.178306521112819],[73.51279089748395,4.178106614444068]]]}},{"type":"Feature","properties":{"OBJECTID":"1382","roadEN":"Jumuhooree Hin'gun","roadDI":null,"deadEnd":0,"SHAPE_Leng":53.78498},"geometry":{"type":"MultiLineString","coordinates":[[[73.51162544161373,4.178710425841625],[73.51176270296334,4.179176913771131]]]}},{"type":"Feature","properties":{"OBJECTID":"1385","roadEN":"Shaheedh Mohamed Hin'gun","roadDI":null,"deadEnd":0,"SHAPE_Leng":55.02855},"geometry":{"type":"MultiLineString","coordinates":[[[73.51225343074961,4.178524943648405],[73.51239016760522,4.179003298704266]]]}},{"type":"Feature","properties":{"OBJECTID":"1388","roadEN":"Lotas Goalhi","roadDI":null,"deadEnd":0,"SHAPE_Leng":54.6492},"geometry":{"type":"MultiLineString","coordinates":[[[73.51333451818662,4.178221057346539],[73.51346458845083,4.178697726932054]]]}},{"type":"Feature","properties":{"OBJECTID":"1391","roadEN":"Naadhee Goalhi","roadDI":null,"deadEnd":0,"SHAPE_Leng":54.64314},"geometry":{"type":"MultiLineString","coordinates":[[[73.5138521878105,4.17807395122497],[73.51399644560556,4.178546430120118]]]}},{"type":"Feature","properties":{"OBJECTID":"1394","roadEN":"Finihiyaa Goalhi","roadDI":null,"deadEnd":0,"SHAPE_Leng":55.20342},"geometry":{"type":"MultiLineString","coordinates":[[[73.51451941636199,4.17788105521233],[73.51466532999048,4.178358324414102]]]}},{"type":"Feature","properties":{"OBJECTID":"1397","roadEN":"Huvan'dhumaa Goalhi","roadDI":null,"deadEnd":0,"SHAPE_Leng":53.42231},"geometry":{"type":"MultiLineString","coordinates":[[[73.50978461212276,4.175750502720698],[73.50931278581427,4.175845395470542]]]}},{"type":"Feature","properties":{"OBJECTID":"1399","roadEN":"Bodufulhah Goalhi","roadDI":null,"deadEnd":0,"SHAPE_Leng":12.74466},"geometry":{"type":"MultiLineString","coordinates":[[[73.50961431541396,4.175190774156071],[73.50964775376295,4.175301035908582],[73.50976920636369,4.17570152138167],[73.50978461212276,4.175750502720698],[73.50979742279922,4.175791233206861],[73.5098226626855,4.175879447871168],[73.50983301994921,4.175918002516765],[73.50985334613486,4.175993666212173],[73.50992345409723,4.176249308912675],[73.50995851827355,4.176377167416932]]]}},{"type":"Feature","properties":{"OBJECTID":"1400","roadEN":null,"roadDI":null,"deadEnd":1,"SHAPE_Leng":16.88393},"geometry":{"type":"MultiLineString","coordinates":[[[73.50992345409723,4.176249308912675],[73.51007030490321,4.176209607218131]]]}},{"type":"Feature","properties":{"OBJECTID":"1401","roadEN":null,"roadDI":null,"deadEnd":1,"SHAPE_Leng":22.16418},"geometry":{"type":"MultiLineString","coordinates":[[[73.50995851827355,4.176377167416932],[73.51015160461372,4.176326218342986]]]}},{"type":"Feature","properties":{"OBJECTID":"1403","roadEN":"Seeraazee Goalhi","roadDI":null,"deadEnd":0,"SHAPE_Leng":21.43753},"geometry":{"type":"MultiLineString","coordinates":[[[73.51051800869516,4.175995175117895],[73.51032611524413,4.175973555965613]]]}},{"type":"Feature","properties":{"OBJECTID":"1407","roadEN":null,"roadDI":null,"deadEnd":0,"SHAPE_Leng":34.25632},"geometry":{"type":"MultiLineString","coordinates":[[[73.51039026702894,4.176337311909021],[73.510316861982,4.176036399793766]]]}},{"type":"Feature","properties":{"OBJECTID":"1408","roadEN":null,"roadDI":null,"deadEnd":1,"SHAPE_Leng":7.02438},"geometry":{"type":"MultiLineString","coordinates":[[[73.510316861982,4.176036399793766],[73.51032611524413,4.175973555965613]]]}},{"type":"Feature","properties":{"OBJECTID":"1409","roadEN":"Seeraazee Goalhi","roadDI":null,"deadEnd":0,"SHAPE_Leng":55.08656},"geometry":{"type":"MultiLineString","coordinates":[[[73.51032611524413,4.175973555965613],[73.50983301994921,4.175918002516765]]]}},{"type":"Feature","properties":{"OBJECTID":"1410","roadEN":"Shaheedh Kuda Aadham Kuda Thuhthu Hin'gun","roadDI":null,"deadEnd":0,"SHAPE_Leng":62.49278},"geometry":{"type":"MultiLineString","coordinates":[[[73.51144934695233,4.177866762122137],[73.51134250953815,4.17686868260061]]]}},{"type":"Feature","properties":{"OBJECTID":"1413","roadEN":"Dharumavantha Magu","roadDI":null,"deadEnd":0,"SHAPE_Leng":58.21463},"geometry":{"type":"MultiLineString","coordinates":[[[73.51138919581841,4.177304827546373],[73.51215437599888,4.17726953598088]]]}},{"type":"Feature","properties":{"OBJECTID":"1414","roadEN":"Shaheedh Hussain Mohamed Hin'gun","roadDI":null,"deadEnd":0,"SHAPE_Leng":55.23856},"geometry":{"type":"MultiLineString","coordinates":[[[73.51224903180885,4.177759977997516],[73.51215437599888,4.17726953598088]]]}},{"type":"Feature","properties":{"OBJECTID":"1417","roadEN":null,"roadDI":null,"deadEnd":1,"SHAPE_Leng":21.79064},"geometry":{"type":"MultiLineString","coordinates":[[[73.51191301057543,4.177280668295762],[73.51191925583774,4.17708369840476]]]}},{"type":"Feature","properties":{"OBJECTID":"1419","roadEN":null,"roadDI":null,"deadEnd":1,"SHAPE_Leng":32.30122},"geometry":{"type":"MultiLineString","coordinates":[[[73.51185306645424,4.177109389905082],[73.51185230852485,4.176817265910311]]]}},{"type":"Feature","properties":{"OBJECTID":"1421","roadEN":null,"roadDI":null,"deadEnd":1,"SHAPE_Leng":20.26779},"geometry":{"type":"MultiLineString","coordinates":[[[73.51207251521672,4.17698362611174],[73.51205759256636,4.17680094213148]]]}},{"type":"Feature","properties":{"OBJECTID":"1423","roadEN":null,"roadDI":null,"deadEnd":1,"SHAPE_Leng":25.44054},"geometry":{"type":"MultiLineString","coordinates":[[[73.51146892806948,4.176624438053974],[73.51149956479013,4.17685245106253]]]}},{"type":"Feature","properties":{"OBJECTID":"1427","roadEN":"Nooraanee Goalhi","roadDI":null,"deadEnd":0,"SHAPE_Leng":70.63182},"geometry":{"type":"MultiLineString","coordinates":[[[73.51285405547176,4.177680902914234],[73.51279325406914,4.177045048000484]]]}},{"type":"Feature","properties":{"OBJECTID":"1429","roadEN":"Deizee Magu","roadDI":null,"deadEnd":0,"SHAPE_Leng":131.87868},"geometry":{"type":"MultiLineString","coordinates":[[[73.51199967363964,4.176806292971581],[73.51143373253782,4.175757669144484]]]}},{"type":"Feature","properties":{"OBJECTID":"1431","roadEN":null,"roadDI":null,"deadEnd":1,"SHAPE_Leng":29.86314},"geometry":{"type":"MultiLineString","coordinates":[[[73.51194658834612,4.176257360851715],[73.51220568795071,4.176184794161161]]]}},{"type":"Feature","properties":{"OBJECTID":"1433","roadEN":null,"roadDI":null,"deadEnd":1,"SHAPE_Leng":13.07732},"geometry":{"type":"MultiLineString","coordinates":[[[73.51217782961808,4.176070335415812],[73.512062677558,4.176095240974569]]]}},{"type":"Feature","properties":{"OBJECTID":"1434","roadEN":null,"roadDI":null,"deadEnd":1,"SHAPE_Leng":5.19966},"geometry":{"type":"MultiLineString","coordinates":[[[73.512062677558,4.176095240974569],[73.51205172956776,4.176049519175373]]]}},{"type":"Feature","properties":{"OBJECTID":"1435","roadEN":null,"roadDI":null,"deadEnd":1,"SHAPE_Leng":11.21272},"geometry":{"type":"MultiLineString","coordinates":[[[73.51205172956776,4.176049519175373],[73.51195780912877,4.176086811751059]]]}},{"type":"Feature","properties":{"OBJECTID":"1436","roadEN":null,"roadDI":null,"deadEnd":1,"SHAPE_Leng":8.39805},"geometry":{"type":"MultiLineString","coordinates":[[[73.51195780912877,4.176086811751059],[73.51192943645003,4.176016406496649]]]}},{"type":"Feature","properties":{"OBJECTID":"1438","roadEN":"Kalhuhuraa Magu","roadDI":null,"deadEnd":0,"SHAPE_Leng":54.92464},"geometry":{"type":"MultiLineString","coordinates":[[[73.5121597594,4.175972117716035],[73.51257216270142,4.175984352692087],[73.51265426177555,4.175987218835179],[73.51272645371627,4.175989739105443],[73.51321774429101,4.176005648462366],[73.51328784434286,4.176005312755172],[73.5132935930164,4.176005281482511],[73.51335291331867,4.176005001136053],[73.51381258932372,4.176023212635384],[73.51389226425866,4.175988101964776],[73.51413309931954,4.175869506003712],[73.51429788177005,4.175788361047039]]]}},{"type":"Feature","properties":{"OBJECTID":"1442","roadEN":"Han'dhuvarudhey Hin'gun","roadDI":null,"deadEnd":0,"SHAPE_Leng":81.50304},"geometry":{"type":"MultiLineString","coordinates":[[[73.51265264333237,4.174870691069898],[73.51290824913963,4.175561666919597]]]}},{"type":"Feature","properties":{"OBJECTID":"1444","roadEN":"Han'dhuvarudhey Goalhi","roadDI":null,"deadEnd":0,"SHAPE_Leng":44.62681},"geometry":{"type":"MultiLineString","coordinates":[[[73.51322911220736,4.175318553585033],[73.51260105684396,4.175794421789894]]]}},{"type":"Feature","properties":{"OBJECTID":"1446","roadEN":"Karankaa Magu","roadDI":null,"deadEnd":0,"SHAPE_Leng":12.14219},"geometry":{"type":"MultiLineString","coordinates":[[[73.51422867913203,4.177061108916507],[73.51418663214524,4.176959736808777],[73.51410263738117,4.17675723173344],[73.51400100750027,4.176512209631811],[73.51397646746292,4.176452251913606],[73.51396696793275,4.176429042079824],[73.51394451851236,4.17637419227804],[73.51382497208532,4.176079332120244],[73.51381258932372,4.176023212635384],[73.51375969513195,4.17573761018418],[73.51374985442989,4.175684475263727],[73.51372578543779,4.175554514618342],[73.5136720616507,4.17526443275087],[73.51365963216664,4.175197319686113],[73.51358153503023,4.174775633776846]]]}},{"type":"Feature","properties":{"OBJECTID":"1452","roadEN":"Hadheebee Magu","roadDI":null,"deadEnd":0,"SHAPE_Leng":46.17399},"geometry":{"type":"MultiLineString","coordinates":[[[73.51318627130422,4.174816643249399],[73.51322153517377,4.175232727032523],[73.51322882965022,4.175318767674615]],[[73.51322911220736,4.175318553584999],[73.51323840058326,4.175406536793571],[73.51325668494992,4.175589447387677],[73.513268595874,4.175708600262372],[73.51328060948127,4.175828780373759],[73.51329299038777,4.175952634853512],[73.5132935930164,4.176005281482511],[73.51329428018464,4.176065313756037],[73.51330196064727,4.176137054100542],[73.51333551587749,4.176450481126558],[73.51337096036924,4.176781555226485]]]}},{"type":"Feature","properties":{"OBJECTID":"1455","roadEN":"Samandhu Goalhi","roadDI":null,"deadEnd":0,"SHAPE_Leng":26.0171},"geometry":{"type":"MultiLineString","coordinates":[[[73.5136720616507,4.17526443275087],[73.51411930281998,4.175180574352561]]]}},{"type":"Feature","properties":{"OBJECTID":"1457","roadEN":"Neeloafaru Magu","roadDI":null,"deadEnd":0,"SHAPE_Leng":25.58719},"geometry":{"type":"MultiLineString","coordinates":[[[73.51052680687296,4.176048050836004],[73.51074076645831,4.175975723528787],[73.51074523462908,4.175974213098945],[73.510915993714,4.175916489313017],[73.51117985654177,4.175827292428177],[73.51122633349368,4.175817673499924],[73.51127772588623,4.175807037262197],[73.51139311458594,4.175769509534282],[73.51143373253782,4.175757669144484],[73.51149405341852,4.17574008522136],[73.51175391700438,4.175654745412356],[73.51206287906292,4.175553281399179]]]}},{"type":"Feature","properties":{"OBJECTID":"1461","roadEN":"Neeloafaru Hin'gun","roadDI":null,"deadEnd":0,"SHAPE_Leng":23.68387},"geometry":{"type":"MultiLineString","coordinates":[[[73.51122633349368,4.175817673499924],[73.51116801444641,4.175611640867102]]]}},{"type":"Feature","properties":{"OBJECTID":"1463","roadEN":null,"roadDI":null,"deadEnd":1,"SHAPE_Leng":19.35769},"geometry":{"type":"MultiLineString","coordinates":[[[73.51169444463741,4.17549017697238],[73.51175391700438,4.175654745412356]]]}},{"type":"Feature","properties":{"OBJECTID":"1465","roadEN":null,"roadDI":null,"deadEnd":1,"SHAPE_Leng":23.18938},"geometry":{"type":"MultiLineString","coordinates":[[[73.51093557097357,4.175555898578137],[73.51113223496357,4.175485237186998]]]}},{"type":"Feature","properties":{"OBJECTID":"1466","roadEN":"Neeloafaru Hin'gun","roadDI":null,"deadEnd":0,"SHAPE_Leng":50.84598},"geometry":{"type":"MultiLineString","coordinates":[[[73.51113223496357,4.175485237186998],[73.51107986540447,4.175300223166589],[73.51100703214343,4.175042913815953]]]}},{"type":"Feature","properties":{"OBJECTID":"1467","roadEN":null,"roadDI":null,"deadEnd":1,"SHAPE_Leng":24.74942},"geometry":{"type":"MultiLineString","coordinates":[[[73.51086530466073,4.175360974741955],[73.51107986540447,4.175300223166555]]]}},{"type":"Feature","properties":{"OBJECTID":"1468","roadEN":null,"roadDI":null,"deadEnd":1,"SHAPE_Leng":22.22723},"geometry":{"type":"MultiLineString","coordinates":[[[73.51097692464349,4.175671623428493],[73.51116801444641,4.175611640867102]]]}},{"type":"Feature","properties":{"OBJECTID":"1469","roadEN":"Neeloafaru Hin'gun","roadDI":null,"deadEnd":0,"SHAPE_Leng":14.53036},"geometry":{"type":"MultiLineString","coordinates":[[[73.51116801444641,4.175611640867102],[73.51113223496357,4.175485237186998]]]}},{"type":"Feature","properties":{"OBJECTID":"1470","roadEN":null,"roadDI":null,"deadEnd":1,"SHAPE_Leng":16.82603},"geometry":{"type":"MultiLineString","coordinates":[[[73.51068643930132,4.175833959292602],[73.51074523462908,4.175974213098945]]]}},{"type":"Feature","properties":{"OBJECTID":"1472","roadEN":null,"roadDI":null,"deadEnd":1,"SHAPE_Leng":27.10932},"geometry":{"type":"MultiLineString","coordinates":[[[73.510915993714,4.175916489313017],[73.51082049637347,4.175690845454142]]]}},{"type":"Feature","properties":{"OBJECTID":"1474","roadEN":null,"roadDI":null,"deadEnd":0,"SHAPE_Leng":17.46702},"geometry":{"type":"MultiLineString","coordinates":[[[73.51078369569032,4.176127697208085],[73.51074076645831,4.175975723528787]]]}},{"type":"Feature","properties":{"OBJECTID":"1475","roadEN":"Hithah Finivaa Magu","roadDI":null,"deadEnd":0,"SHAPE_Leng":29.60048},"geometry":{"type":"MultiLineString","coordinates":[[[73.51397646746292,4.176452251913606],[73.51390072165019,4.176494146172431],[73.51386127426198,4.176515961490749],[73.51384154833448,4.176526865441246],[73.51382181972724,4.17653776494195],[73.51381195413963,4.176543212560179],[73.51380208754713,4.176548658509812],[73.51379221983818,4.176554102605443],[73.51378235090111,4.176559544661727],[73.51377248062425,4.176564984493269],[73.51376260889602,4.176570421914729],[73.51375273560474,4.176575856740645],[73.51374286063877,4.176581288785725],[73.51373349070606,4.176586439374657],[73.51372411907032,4.17659158713562],[73.51371474563622,4.176596731910317],[73.51371005821501,4.176599303128373],[73.51370537030846,4.176601873540545],[73.51370068190465,4.176604443126984],[73.5136959929917,4.176607011867958],[73.51369130355768,4.176609579743634],[73.51368661359064,4.176612146734233],[73.5136819230787,4.176614712820018],[73.51367723200995,4.176617277981194],[73.51367254037247,4.176619842197925],[73.51366784815433,4.176622405450483],[73.51366315534361,4.176624967719015],[73.51365846192843,4.17662752898381],[73.51365376789683,4.176630089225046],[73.51364907323692,4.176632648422947],[73.51364437793677,4.17663520655771],[73.5136396819845,4.176637763609538],[73.51363498536818,4.176640319558698],[73.51363028807587,4.176642874385356],[73.51362559009569,4.176645428069767],[73.51362089141568,4.176647980592096],[73.51361619202397,4.176650531932627],[73.51361149190863,4.176653082071514],[73.51360679105775,4.176655630988954],[73.51360208945938,4.176658178665233],[73.51359738710167,4.176660725080522],[73.51359268397262,4.176663270215065],[73.5135879800604,4.17666581404902],[73.51358327535304,4.176668356562668],[73.51357856983866,4.176670897736178],[73.5135738635053,4.176673437549765],[73.51356915634109,4.176675975983683],[73.51356444833408,4.176678513018116],[73.5135597394724,4.176681048633247],[73.5135550297441,4.176683582809378],[73.51355031913725,4.176686115526643],[73.51354560763998,4.176688646765326],[73.51354089524034,4.176691176505563],[73.51353618192643,4.176693704727603],[73.51353382492289,4.176694968263152],[73.51353146768635,4.176696231411665],[73.51352911021523,4.176697494170778],[73.51352675250814,4.176698756537999],[73.51352439456353,4.176700018510779],[73.51352203637991,4.176701280086756],[73.51351967795583,4.17670254126337],[73.51351731928976,4.176703802038156],[73.51351496038023,4.176705062408687],[73.51351260122576,4.176706322372483],[73.51351024182483,4.176707581927028],[73.513507882176,4.176708841069884],[73.51350552227774,4.176710099798567],[73.51350316212856,4.176711358110597],[73.51350080172699,4.17671261600348],[73.51349844107152,4.176713873474806],[73.51349608016069,4.17671513052206],[73.51349371899299,4.176716387142761],[73.51349135756693,4.176717643334467],[73.51348899588103,4.176718899094698],[73.51348663393378,4.17672015442094],[73.51348427172373,4.1767214093108],[73.51348190924935,4.176722663761694],[73.51347954650917,4.176723917771251],[73.5134771835017,4.176725171336934],[73.51347482022544,4.176726424456302],[73.51347245667893,4.176727677126874],[73.51347009286063,4.176728929346156],[73.5134677287691,4.176730181111735],[73.51346536440283,4.176731432421064],[73.51346299976034,4.176732683271729],[73.51346063484011,4.176733933661256],[73.5134582696407,4.176735183587081],[73.51345590416057,4.176736433046805],[73.51345353839825,4.176737682037986],[73.51345117235228,4.176738930558076],[73.51344880602113,4.176740178604648],[73.51344643940332,4.176741426175205],[73.51344407249739,4.176742673267301],[73.51344170530183,4.176743919878458],[73.51343720021042,4.176746290756496],[73.51343269621631,4.176748659753637],[73.51342370012614,4.176753391583755],[73.51342145515119,4.176754573162096],[73.51341921233312,4.176755754156114],[73.5134169719409,4.176756934549571],[73.5134147342435,4.176758114326202],[73.51341361648936,4.176758703978043],[73.51341249950978,4.176759293469621],[73.5134113833384,4.176759882798807],[73.51341026800878,4.176760471963644],[73.51340915355459,4.176761060961992],[73.51340804000938,4.176761649791905],[73.5134069274068,4.176762238451244],[73.51340581578053,4.176762826938099],[73.5134047051641,4.176763415250365],[73.51340359559116,4.176764003386014],[73.51340248709533,4.176764591342969],[73.51340137971023,4.176765179119275],[73.51340027346949,4.176765766712855],[73.51339916840669,4.176766354121651],[73.51339806455547,4.176766941343655],[73.51339696194944,4.176767528376807],[73.51339586062224,4.176768115219118],[73.51339476060747,4.176768701868494],[73.51339366193872,4.176769288322927],[73.51339256464968,4.176769874580375],[73.51339146877388,4.176770460638798],[73.513390374345,4.176771046496184],[73.51338928139664,4.176771632150444],[73.51338818996243,4.176772217599602],[73.51338710007595,4.176772802841582],[73.51338601177083,4.176773387874361],[73.51338492508071,4.176773972695928],[73.51338384003924,4.176774557304176],[73.51338275667995,4.176775141697113],[73.51338167503651,4.176775725872714],[73.51338059514254,4.176776309828937],[73.51337951703162,4.176776893563724],[73.51337844073741,4.176777477075081],[73.51337736629351,4.176778060360903],[73.51337629373354,4.176778643419196],[73.51337522309113,4.176779226247918],[73.51337415439987,4.176779808845063],[73.51337308769338,4.176780391208551],[73.51337202300532,4.176780973336379],[73.51337096036924,4.176781555226485],[73.51336943259894,4.17678244568093],[73.51336792178503,4.176783326741865],[73.51336642778281,4.176784198487804],[73.51336495044752,4.176785060997307],[73.51336348963444,4.176785914348955],[73.51336204519885,4.17678675862129],[73.513360616996,4.176787593892842],[73.51335920488117,4.176788420242256],[73.51335780870964,4.176789237748044],[73.51335642833666,4.176790046488734],[73.51335506361755,4.176790846542956],[73.51335371440751,4.176791637989237],[73.51335238056186,4.176792420906088],[73.51335106193581,4.176793195372209],[73.51334975838468,4.176793961466005],[73.51334846976376,4.176794719266091],[73.51334719592826,4.176795468851064],[73.51334593673347,4.176796210299467],[73.5133446920347,4.176796943689879],[73.51334346168717,4.176797669100796],[73.51334224554618,4.176798386610844],[73.51334104346697,4.17679909629857],[73.5133398553048,4.176799798242553],[73.51333868091503,4.176800492521271],[73.51333752015282,4.176801179213368],[73.51333637287351,4.176801858397389],[73.51333523893231,4.176802530151884],[73.51333411818457,4.176803194555389],[73.51333301048548,4.176803851686524],[73.51333191569034,4.176804501623782],[73.51333083365445,4.176805144445771],[73.51332976423303,4.176805780231092],[73.51332870728137,4.176806409058169],[73.51332766265477,4.176807031005716],[73.51332663020844,4.176807646152194],[73.5133256097977,4.176808254576199],[73.5133246012778,4.176808856356375],[73.51332360450401,4.176809451571066],[73.51332261933159,4.176810040299037],[73.51332164561582,4.176810622618814],[73.51332068321197,4.176811198608843],[73.51331973197532,4.176811768347754],[73.51331879176112,4.176812331914154],[73.51331786242463,4.176812889386627],[73.51331694382117,4.176813440843583],[73.51331603580594,4.176813986363731],[73.51331513823428,4.176814526025535],[73.51331425096141,4.176815059907606],[73.51331337384262,4.176815588088509],[73.51331250673316,4.176816110646802],[73.51331164948833,4.176816627661012],[73.51331080196339,4.176817139209739],[73.5133099640136,4.17681764537151],[73.51330913549423,4.176818146224967],[73.51330831626055,4.176818641848541],[73.51330750616783,4.176819132320895],[73.51330670507134,4.176819617720538],[73.51330591282635,4.176820098126067],[73.51330512928816,4.176820573616025],[73.51330435431198,4.176821044268958],[73.51330358775311,4.17682151016348],[73.51330282946682,4.176821971378066],[73.5133020793084,4.176822427991348],[73.5133013448089,4.176822875404557],[73.51330061940574,4.176823317599501],[73.5132999090293,4.176823750946],[73.51329920586873,4.176824180194724],[73.51329850978894,4.176824605419046],[73.51329782065484,4.176825026692207],[73.51329713833134,4.176825444087565],[73.5132964626834,4.176825857678478],[73.51329579357586,4.176826267538237],[73.51329513087373,4.176826673740114],[73.51329447444186,4.176827076357536],[73.51329382414521,4.176827475463777],[73.51329317984869,4.176827871132092],[73.51329254141719,4.176828263435959],[73.51329190871566,4.176828652448549],[73.513291281609,4.17682903824329],[73.51329065996215,4.176829420893435],[73.51329004364,4.176829800472344],[73.51328943250748,4.176830177053359],[73.51328882642952,4.176830550709771],[73.51328822527103,4.176830921514902],[73.5132876288969,4.176831289542144],[73.51328703717213,4.176831654864671],[73.51328644996154,4.176832017555925],[73.51328586713011,4.176832377689214],[73.51328471406437,4.176833090575155],[73.51328357689418,4.176833794109058],[73.51328245453895,4.17683448887753],[73.51328134591803,4.176835175467136],[73.5132770271641,4.17683785176891],[73.51327492209587,4.17683915609798],[73.51327387935667,4.176839801860146],[73.51327284170657,4.176840444136132],[73.51327180806483,4.176841083512579],[73.51327129240941,4.176841402296791],[73.51327077735085,4.176841720576133],[73.51327026275409,4.176842038423763],[73.51326974848399,4.176842355913188],[73.51326923440556,4.176842673117633],[73.51326872038362,4.176842990110488],[73.51326820628312,4.176843306965026],[73.51326769196899,4.176843623754592],[73.51326717730618,4.176843940552526],[73.51326666215957,4.176844257432099],[73.51326614639406,4.176844574466652],[73.51326562987458,4.176844891729544],[73.51326511246612,4.176845209294085],[73.51326459403349,4.176845527233581],[73.51326404014894,4.176845866627236],[73.51326348495424,4.176846206526323],[73.51326292845636,4.176846546926853],[73.51326237066233,4.176846887824754],[73.51326181157917,4.176847229216123],[73.51326125121389,4.176847571097008],[73.51326068957349,4.176847913463349],[73.51326012666502,4.17684825631115],[73.51325956249543,4.176848599636515],[73.51325899707179,4.176848943435382],[73.5132584304011,4.176849287703872],[73.51325786249035,4.176849632437855],[73.51325729334657,4.17684997763347],[73.51325672297679,4.176850323286701],[73.51325615138799,4.176850669393491],[73.51325557858722,4.176851015949975],[73.51325500458148,4.176851362952054],[73.51325442937777,4.176851710395838],[73.51325385298311,4.176852058277277],[73.51325327540451,4.176852406592461],[73.513252696649,4.17685275533731],[73.51325211672358,4.176853104507962],[73.51325153563526,4.176853454100319],[73.51325095339106,4.176853804110507],[73.51325036999802,4.176854154534425],[73.5132497854631,4.176854505368128],[73.51324919979334,4.176854856607689],[73.51324861299575,4.176855208249079],[73.51324802507736,4.176855560288301],[73.51324743604519,4.176855912721442],[73.51324684590621,4.176856265544459],[73.51324625466745,4.176856618753318],[73.51324566233595,4.176856972344162],[73.51324506891869,4.176857326312925],[73.51324447442272,4.176857680655647],[73.51324387885501,4.176858035368329],[73.5132432822226,4.176858390447045],[73.5132426845325,4.176858745887682],[73.51324208579173,4.176859101686342],[73.51324148600729,4.176859457839098],[73.5132408851862,4.176859814341906],[73.51324028333548,4.176860171190749],[73.51323968046212,4.176860528381768],[73.51323907657317,4.176860885910816],[73.5132384716756,4.17686124377393],[73.51323786577647,4.17686160196725],[73.51323725888277,4.17686196048671],[73.5132366510015,4.176862319328351],[73.5132360421397,4.176862678488176],[73.51323543230437,4.176863037962188],[73.51323482150251,4.17686339774646],[73.51323420974117,4.176863757836943],[73.51323359702732,4.176864118229712],[73.51323298336801,4.176864478920719],[73.51323236877023,4.176864839906036],[73.51323175324102,4.176865201181648],[73.51323113678734,4.176865562743611],[73.51323051941628,4.17686592458788],[73.51322990113478,4.176866286710509],[73.51322928194992,4.176866649107518],[73.51322866186865,4.176867011774929],[73.51322804089804,4.176867374708712],[73.51322741904504,4.176867737904919],[73.51322679631674,4.176868101359594],[73.51322617272008,4.176868465068718],[73.51322554826213,4.176868829028316],[73.51322492294986,4.176869193234439],[73.51322429679033,4.176869557682977],[73.51322366979052,4.176869922370084],[73.51322304195743,4.176870287291797],[73.51322241329814,4.176870652443954],[73.51322178381957,4.176871017822759],[73.5132211535288,4.176871383424132],[73.51322052243285,4.176871749244095],[73.51321989053868,4.176872115278703],[73.51321925785334,4.176872481523993],[73.51321862438384,4.176872847975866],[73.51321799013718,4.176873214630448],[73.5132173551204,4.176873581483709],[73.51321671934048,4.176873948531682],[73.51321608280445,4.176874315770393],[73.51321544551932,4.176874683195845],[73.51321480749213,4.17687505080404],[73.51321416872986,4.176875418591019],[73.51321352923954,4.176875786552765],[73.51321288902817,4.176876154685371],[73.51321224810276,4.176876522984754],[73.51321160647035,4.17687689144697],[73.51321096413793,4.17687726006809],[73.51321032111252,4.176877628844066],[73.51320967740114,4.17687799777099],[73.5132090330108,4.17687836684471],[73.51320838794852,4.176878736061402],[73.5132077422213,4.176879105417053],[73.51320709583617,4.176879474907666],[73.51320644880009,4.176879844529261],[73.51320580112015,4.17688021427781],[73.51320515280334,4.176880584149384],[73.51320450385661,4.176880954140004],[73.51320385428711,4.176881324245675],[73.51320320410171,4.176881694462367],[73.51320255330748,4.176882064786116],[73.51320190191147,4.176882435213013],[73.51320124992066,4.176882805739009],[73.51320059734205,4.176883176360143],[73.51319994418269,4.176883547072403],[73.51319929044955,4.176883917871793],[73.51319863614965,4.176884288754382],[73.51319798129005,4.176884659716196],[73.51319732587771,4.176885030753199],[73.51319666991967,4.176885401861418],[73.51319601342294,4.176885773036871],[73.51319535639455,4.176886144275595],[73.51319469884146,4.176886515573613],[73.51319404077076,4.176886886926925],[73.5131933821894,4.176887258331524],[73.51319272310442,4.176887629783463],[73.51319206352282,4.176888001278743],[73.51319140345164,4.176888372813388],[73.51319074289788,4.176888744383436],[73.51319008186853,4.176889115984837],[73.51318942037064,4.176889487613699],[73.51318875841122,4.176889859265927],[73.51318809599725,4.176890230937621],[73.51318743313576,4.176890602624757],[73.51318676983378,4.176890974323435],[73.51318610609832,4.176891346029562],[73.51318544193636,4.176891717739206],[73.51318477735497,4.176892089448376],[73.51318411236112,4.176892461153106],[73.51318344696182,4.176892832849399],[73.51318278116412,4.176893204533246],[73.51318211497501,4.176893576200783],[73.51318144840148,4.176893947847782],[73.5131807814506,4.176894319470494],[73.51318011412933,4.176894691064845],[73.51317944644474,4.17689506262685],[73.5131787784038,4.176895434152569],[73.51317811001351,4.176895805637934],[73.51317744128092,4.176896177079022],[73.51317677221304,4.176896548471831],[73.51317610281687,4.176896919812388],[73.51317543309943,4.176897291096758],[73.51317476306772,4.176897662320866],[73.51317409272876,4.176898033480783],[73.5131734220896,4.176898404572511],[73.5131727511572,4.176898775592073],[73.51317207993858,4.176899146535487],[73.51317140844081,4.176899517398742],[73.51317073667084,4.176899888177877],[73.51317006463572,4.176900258868928],[73.51316939234242,4.176900629467902],[73.51316871979802,4.176900999970782],[73.51316804700947,4.176901370373607],[73.5131673739838,4.1769017406724],[73.51316670072805,4.176902110863216],[73.51316602724921,4.17690248094197],[73.51316535355431,4.17690285090479],[73.51316467965036,4.176903220747627],[73.51316400554437,4.176903590466484],[73.51316333124335,4.1769039600574],[73.51316265675429,4.176904329516412],[73.51316198208424,4.176904698839562],[73.51316130724022,4.176905068022796],[73.51316063222919,4.176905437062107],[73.51315995705822,4.176905805953648],[73.51315928173433,4.176906174693341],[73.51315860626447,4.176906543277189],[73.5131579306557,4.176906911701248],[73.513157254915,4.176907279961551],[73.51315657904942,4.176907648054041],[73.513155903066,4.176908015974803],[73.51315522697168,4.17690838371979],[73.51315455077349,4.176908751285143],[73.51315387447848,4.176909118666714],[73.51315319809365,4.176909485860624],[73.51315252162601,4.176909852862895],[73.51315184508255,4.176910219669495],[73.51315116847032,4.176910586276465],[73.51315049179632,4.176910952679792],[73.51314981506755,4.176911318875562],[73.51314913829101,4.176911684859715],[73.51314846147379,4.176912050628352],[73.51314778462283,4.176912416177395],[73.51314710774517,4.176912781502882],[73.51314643084781,4.176913146600903],[73.51314575393778,4.176913511467394],[73.51314507702209,4.176913876098455],[73.51314440010775,4.176914240489995],[73.51314372320175,4.176914604638085],[73.51314304631116,4.176914968538726],[73.51314236944293,4.17691533218801],[73.51314169260412,4.176915695581835],[73.51314101580174,4.176916058716328],[73.51314033904276,4.176916421587443],[73.51313966233424,4.176916784191181],[73.51313898568318,4.176917146523628],[73.51313830909659,4.176917508580727],[73.51313763258148,4.17691787035853],[73.51313695614488,4.176918231853072],[73.5131362797938,4.176918593060378],[73.5131356035352,4.176918953976417],[73.5131349273762,4.176919314597142],[73.51313425132369,4.176919674918709],[73.51313357538478,4.176920034937088],[73.51313289956646,4.176920394648267],[73.51313222387571,4.176920754048335],[73.51313154831959,4.176921113133195],[73.51313087290507,4.176921471898932],[73.51313019763917,4.17692183034157],[73.51312952252896,4.176922188457097],[73.51312884758138,4.176922546241565],[73.51312817280349,4.17692290369093],[73.51312749820227,4.176923260801295],[73.51312682378477,4.176923617568598],[73.51312614955796,4.176923973988928],[73.5131254755289,4.176924330058205],[73.51312480170458,4.176924685772565],[73.513124128092,4.176925041127898],[73.51312345469822,4.176925396120323],[73.5131227815302,4.176925750745812],[73.51312210859497,4.176926105000386],[73.51312143589955,4.176926458880032],[73.51312076345097,4.176926812380853],[73.51312009125621,4.176927165498755],[73.5131194193223,4.17692751822986],[73.51311874765625,4.17692787057012],[73.51311807626509,4.17692822251554],[73.51311740515581,4.176928574062192],[73.51311673433544,4.176928925206078],[73.51311606381098,4.176929275943188],[73.51311539358947,4.176929626269523],[73.51311472367789,4.176929976181174],[73.51311405408326,4.176930325674078],[73.51311338481261,4.176930674744336],[73.51311271587295,4.176931023387841],[73.51311204727129,4.176931371600725],[73.51311137901463,4.176931719378979],[73.51311071111,4.176932066718575],[73.51311004356441,4.176932413615582],[73.51310937638486,4.176932760066003],[73.5131087095784,4.176933106065825],[73.513108043152,4.17693345161109],[73.51310737711272,4.176933796697798],[73.51310671146753,4.176934141321974],[73.51310604622346,4.17693448547965],[73.5131053813875,4.17693482916687],[73.51310471696674,4.176935172379567],[73.5131040529681,4.176935515113812],[73.51310338939864,4.176935857365645],[73.51310272626539,4.176936199130987],[73.5131020635753,4.176936540405957],[73.51310140133546,4.176936881186558],[73.51310073955283,4.176937221468732],[73.51310007823444,4.176937561248564],[73.51309941738732,4.176937900522056],[73.51309882054119,4.176938206690055],[73.5130982188608,4.176938515000302],[73.5130976071224,4.176938828010793],[73.51309698010223,4.176939148279333],[73.51309633257652,4.176939478363717],[73.51309565932151,4.176939820821993],[73.51309495511344,4.176940178212016],[73.51309421472855,4.176940553091677],[73.51309343294305,4.176940948018843],[73.5130926045332,4.176941365551437],[73.51309172427524,4.176941808247336],[73.51309126307079,4.176942039830887],[73.51309078694538,4.176942278664448],[73.51309029524609,4.176942525067821],[73.51308978731991,4.176942779360652],[73.51308926251387,4.176943041862758],[73.513088720175,4.176943312893838],[73.51308815965035,4.176943592773677],[73.51308758028695,4.176943881821919],[73.51308698143181,4.176944180358366],[73.51308636243195,4.176944488702786],[73.51308572263441,4.176944807174825],[73.51308506138625,4.176945136094282],[73.51308437803448,4.176945475780874],[73.5130836719261,4.176945826554349],[73.51308294240815,4.176946188734409],[73.51308218882771,4.176946562640848],[73.51308141053175,4.176946948593369],[73.51308060686732,4.176947346911738],[73.51307977718146,4.176947757915685],[73.51307892082119,4.176948181924827],[73.51307803713355,4.176948619259062],[73.51307712546557,4.176949070238056],[73.51307618516425,4.176949535181578],[73.51307521557663,4.176950014409337],[73.5130731859307,4.176951016996477],[73.5130710313039,4.176952080557453],[73.51306874647257,4.176953207650119],[73.51306632621286,4.176954400832374],[73.51306376530111,4.176955662662102],[73.51306105851347,4.176956995697199],[73.51305820062619,4.176958402495587],[73.51305201065773,4.176961447613633],[73.51305177140647,4.176961561992274],[73.5130515321828,4.176961676308148],[73.51305129298649,4.176961790561444],[73.51305105381735,4.176961904752095],[73.51305081467513,4.176962018880196],[73.51305057555969,4.176962132945802],[73.51305033647078,4.176962246949014],[73.51305009740824,4.176962360889744],[73.5130498583718,4.176962474768161],[73.5130496193613,4.176962588584285],[73.51304938037653,4.176962702338112],[73.51304914141728,4.176962816029761],[73.51304890248335,4.17696292965923],[73.51304866357452,4.176963043226603],[73.5130484246906,4.176963156731917],[73.51304818583138,4.176963270175235],[73.51304794699666,4.176963383556575],[73.51304770818624,4.176963496875986],[73.51304746939988,4.176963610133568],[73.51304723063741,4.176963723329274],[73.51304699189862,4.176963836463269],[73.5130467531833,4.176963949535502],[73.51304651449125,4.17696406254611],[73.51304627582225,4.17696417549509],[73.51304603717612,4.17696428838246],[73.51304579855265,4.176964401208317],[73.5130455599516,4.176964513972717],[73.51304532137281,4.176964626675672],[73.51304508281603,4.176964739317268],[73.5130448442811,4.176964851897554],[73.5130446057678,4.176964964416512],[73.51304436727592,4.176965076874247],[73.51304412880528,4.17696518927082],[73.5130438903556,4.176965301606285],[73.51304365192676,4.176965413880624],[73.5130434135185,4.176965526093937],[73.51304317513066,4.176965638246242],[73.513042936763,4.176965750337639],[73.51304269841532,4.176965862368142],[73.51304246008743,4.176965974337787],[73.51304222177913,4.176966086246659],[73.51304198349017,4.176966198094789],[73.51304174522042,4.176966309882193],[73.5130415069696,4.176966421609004],[73.51304126873754,4.17696653327516],[73.51304103052404,4.176966644880808],[73.51304079232888,4.17696675642595],[73.51304055415187,4.176966867910632],[73.5130403159928,4.176966979334924],[73.51304007785144,4.176967090698859],[73.51303983972764,4.17696720200247],[73.51303960162114,4.176967313245844],[73.51303936353177,4.176967424429024],[73.5130391254593,4.176967535552031],[73.51303888740355,4.176967646614934],[73.51303864936429,4.176967757617779],[73.51303841134136,4.176967868560602],[73.51303817333446,4.176967979443485],[73.5130379353435,4.176968090266464],[73.5130376973682,4.176968201029552],[73.5130374594084,4.176968311732784],[73.51303722146385,4.176968422376312],[73.51303698353438,4.176968532960084],[73.51303674561976,4.1769686434842],[73.5130365077198,4.176968753948712],[73.51303626983432,4.176968864353634],[73.51303603196307,4.176968974699037],[73.51303579410585,4.176969084984984],[73.5130355562625,4.176969195211492],[73.51303531843276,4.176969305378598],[73.51303508061645,4.176969415486415],[73.51303484281337,4.17696952553491],[73.5130346050233,4.176969635524204],[73.51303436724605,4.176969745454291],[73.51303412948141,4.176969855325291],[73.51303389172915,4.176969965137173],[73.51303365398913,4.176970074890051],[73.5130334162611,4.176970184583874],[73.51303317854482,4.176970294218811],[73.51303294084015,4.176970403794847],[73.51303270314686,4.17697051331206],[73.51303246546472,4.176970622770455],[73.51303222779357,4.176970732170147],[73.5130319901332,4.176970841511104],[73.51303175248336,4.17697095079344],[73.51303151484389,4.176971060017143],[73.51303127721455,4.176971169182359],[73.51303103959518,4.176971278289026],[73.51303080198554,4.176971387337302],[73.51303056438542,4.176971496327097],[73.51303032679465,4.176971605258605],[73.51303008921299,4.176971714131779],[73.51302985164025,4.176971822946719],[73.51302961407623,4.17697193170344],[73.51302937652072,4.176972040401994],[73.51302913897354,4.176972149042463],[73.51302890143442,4.176972257624831],[73.5130286639032,4.176972366149199],[73.51302842637969,4.176972474615649],[73.51302818886364,4.17697258302415],[73.51302795135491,4.176972691374765],[73.51302771385322,4.176972799667632],[73.5130274763584,4.176972907902697],[73.51302723887027,4.176973016080013],[73.51302700138856,4.176973124199714],[73.51302676391316,4.176973232261762],[73.51302652644377,4.176973340266247],[73.51302628898024,4.176973448213197],[73.51302605152233,4.176973556102682],[73.51302581406988,4.176973663934771],[73.51302557662265,4.176973771709456],[73.51302533918046,4.176973879426795],[73.51302510174308,4.176973987086884],[73.51302486431031,4.176974094689724],[73.51302462688194,4.176974202235434],[73.5130243894578,4.176974309723927],[73.51302415203764,4.176974417155408],[73.5130239146213,4.176974524529837],[73.51302367720854,4.176974631847255],[73.51302343979916,4.176974739107774],[73.51302320239297,4.176974846311362],[73.51302296498976,4.176974953458136],[73.51302272758932,4.176975060548094],[73.5130224901914,4.176975167581323],[73.5130222527959,4.176975274557888],[73.51302201540253,4.176975381477772],[73.51302177801112,4.176975488341077],[73.51302154062144,4.176975595147835],[73.51302130323332,4.176975701898113],[73.51302106584653,4.176975808591894],[73.51302082846087,4.176975915229329],[73.51302059107616,4.176976021810401],[73.51302035369214,4.176976128335127],[73.51302011630865,4.176976234803639],[73.51301987892548,4.176976341215891],[73.51301964154239,4.176976447572064],[73.51301940415921,4.176976553872089],[73.51301916677573,4.176976660116054],[73.51301892939176,4.17697676630404],[73.51301869200707,4.176976872436013],[73.51301845462145,4.176976978512126],[73.5130182172347,4.176977084532344],[73.51301797984665,4.176977190496751],[73.51301774245705,4.17697729640541],[73.5130175050657,4.176977402258328],[73.51301726767244,4.176977508055602],[73.51301703027701,4.176977613797211],[73.51301679287923,4.176977719483279],[73.51301655547888,4.176977825113836],[73.5130163180758,4.176977930688915],[73.51301608066974,4.17697803620857],[73.51301584326049,4.176978141672828],[73.5130156058479,4.17697824708181],[73.51301536843168,4.176978352435468],[73.5130151310117,4.176978457733879],[73.51301489358774,4.17697856297715],[73.51301465615954,4.176978668165276],[73.51301441872697,4.176978773298311],[73.51301418128978,4.176978878376318],[73.5130139438478,4.176978983399384],[73.51301370640078,4.176979088367459],[73.51301346894854,4.176979193280639],[73.51301323149089,4.17697929813901],[73.51301299402758,4.176979402942591],[73.51301275655847,4.176979507691413],[73.51301251908329,4.176979612385559],[73.51301228160187,4.176979717025015],[73.513012044114,4.176979821609946],[73.51301180661947,4.176979926140302],[73.5130115691181,4.176980030616131],[73.51301133160963,4.176980135037557],[73.51301109409393,4.176980239404556],[73.5130108565707,4.176980343717198],[73.51301061903985,4.176980447975582],[73.51301038150108,4.176980552179661],[73.51301014395419,4.176980656329564],[73.51300990639905,4.176980760425309],[73.5130096688354,4.176980864466968],[73.51300943126301,4.176980968454502],[73.51300919368174,4.176981072388112],[73.51300895609137,4.176981176267681],[73.51300871849166,4.176981280093379],[73.51300848088242,4.176981383865222],[73.51300824326346,4.176981487583242],[73.51300800563455,4.17698159124747],[73.51300776799552,4.176981694857978],[73.51300753034612,4.17698179841488],[73.51300729268617,4.17698190191811],[73.51300705501548,4.176982005367785],[73.51300681733383,4.17698210876397],[73.51300657964103,4.176982212106634],[73.51300634193682,4.17698231539591],[73.51300610422105,4.176982418631765],[73.5130058664935,4.176982521814332],[73.51300562875397,4.17698262494361],[73.51300539100225,4.176982728019651],[73.51300515323814,4.176982831042555],[73.51300491546142,4.176982934012272],[73.5130046776719,4.17698303692895],[73.51300443986935,4.17698313979256],[73.51300420205364,4.176983242603212],[73.51300396422445,4.176983345360931],[73.51300372638165,4.176983448065728],[73.51300348852503,4.176983550717689],[73.51300325065439,4.176983653316913],[73.51300301276949,4.176983755863351],[73.51300277487016,4.176983858357103],[73.51300253695617,4.176983960798203],[73.51300229902733,4.176984063186731],[73.51300206108344,4.176984165522725],[73.51300182312426,4.176984267806199],[73.51300158514964,4.176984370037238],[73.5130013471593,4.176984472215843],[73.51300110915311,4.176984574342111],[73.51300087113084,4.176984676416094],[73.51300063309228,4.176984778437842],[73.51300039503722,4.176984880407371],[73.51300015696549,4.1769849823247],[73.51299991887682,4.17698508418996],[73.51299968077105,4.176985186003169],[73.51299944264797,4.176985287764362],[73.51299920450735,4.176985389473601],[73.51299896634904,4.176985491130925],[73.51299872817279,4.176985592736415],[73.5129984899784,4.176985694290019],[73.51299825176568,4.176985795791924],[73.51299801353441,4.176985897242113],[73.51299777528439,4.176985998640566],[73.51299753701541,4.176986099987455],[73.51299729872729,4.176986201282759],[73.5129970604198,4.176986302526563],[73.51299682209272,4.176986403718903],[73.5129965837459,4.176986504859758],[73.51299634537908,4.17698660594928],[73.5129961069921,4.176986706987472],[73.51299586858472,4.176986807974415],[73.51299563015674,4.176986908910123],[73.51299539170797,4.176987009794634],[73.51299515323821,4.176987110627979],[73.5129949147472,4.176987211410292],[73.51299467623481,4.176987312141523],[73.51299443770078,4.176987412821856],[73.51299419914496,4.176987513451174],[73.51299396056709,4.176987614029611],[73.51299372196698,4.176987714557217],[73.51299348334446,4.176987815034075],[73.51299324469927,4.176987915460169],[73.51299300603125,4.176988015835566],[73.51299276734017,4.176988116160348],[73.51299252862584,4.176988216434466],[73.51299228988805,4.176988316658121],[73.5129920511266,4.176988416831212],[73.51299181234127,4.176988516953908],[73.51299157353185,4.176988617026205],[73.51299133469814,4.176988717048106],[73.51299109583996,4.176988817019744],[73.51299071501538,4.176988976284605],[73.51299033412806,4.176989135421426],[73.512989953178,4.176989294429731],[73.51298957216528,4.176989453309234],[73.51298919108986,4.176989612059515],[73.51298880995178,4.17698977068022],[73.51298842875106,4.176989929170945],[73.51298804748767,4.176990087531319],[73.51298766616166,4.176990245760988],[73.51298728477309,4.176990403859566],[73.5129869033219,4.176990561826681],[73.51298652180816,4.176990719661963],[73.51298614023183,4.176990877364924],[73.51298575859299,4.176991034935394],[73.51298537689162,4.176991192372818],[73.51298499512775,4.176991349676944],[73.51298461330138,4.176991506847266],[73.51298423141256,4.176991663883515],[73.51298384946125,4.176991820785286],[73.51298346744751,4.176991977552174],[73.51298308537139,4.176992134183863],[73.51298270323282,4.176992290679911],[73.51298232103186,4.176992447039932],[73.51298193876852,4.176992603263654],[73.51298155644282,4.17699275935056],[73.51298117405481,4.176992915300393],[73.51298079160443,4.176993071112699],[73.51298040909178,4.176993226787159],[73.5129800265168,4.176993382323318],[73.51297964387956,4.176993537720907],[73.51297926118005,4.176993692979437],[73.5129788784183,4.176993848098586],[73.51297849559431,4.176994003078021],[73.51297811270814,4.17699415791725],[73.51297772975974,4.176994312616039],[73.51297734674917,4.176994467173883],[73.51297696367642,4.176994621590494],[73.51297658054153,4.176994775865452],[73.51297619734451,4.176994929998387],[73.5129758140854,4.176995083988927],[73.51297543076417,4.176995237836684],[73.51297504738085,4.176995391541291],[73.51297466393548,4.176995545102425],[73.51297428042804,4.176995698519598],[73.51297389685858,4.176995851792458],[73.51297351322708,4.17699600492073],[73.51297312953359,4.176996157903967],[73.51297274577813,4.176996310741761],[73.51297236196069,4.176996463433789],[73.51297197808131,4.176996615979635],[73.51297159413998,4.176996768378943],[73.5129712101367,4.176996920631324],[73.51297082607155,4.176997072736429],[73.51297044194452,4.176997224693881],[73.51297005775562,4.176997376503248],[73.51296967350483,4.176997528164208],[73.51296928919221,4.176997679676403],[73.51296890481778,4.176997831039368],[73.51296852038155,4.176997982252812],[73.51296813588353,4.176998133316317],[73.51296775132373,4.176998284229477],[73.51296736670216,4.176998434991989],[73.51296698201884,4.176998585603432],[73.51296659727382,4.176998736063419],[73.51296621246708,4.176998886371631],[73.51296582759865,4.176999036527609],[73.51296544266852,4.176999186531054],[73.51296505767675,4.176999336381543],[73.51296467262334,4.176999486078723],[73.51296428750831,4.176999635622189],[73.51296390233163,4.176999785011539],[73.5129635170934,4.176999934246516],[73.51296313179357,4.177000083326653],[73.51296274643217,4.177000232251544],[73.51296236100923,4.177000381020851],[73.51296197552475,4.17700052963422],[73.51296158997877,4.177000678091283],[73.51296120437127,4.177000826391601],[73.51296081870233,4.17700097453482],[73.51296043297188,4.177001122520586],[73.51296004717999,4.177001270348527],[73.5129596613267,4.177001418018243],[73.51295927541197,4.177001565529358],[73.51295888943584,4.177001712881471],[73.51295850339832,4.17700186007428],[73.51295811729943,4.177002007107362],[73.51295773113918,4.177002153980312],[73.51295734491762,4.177002300692812],[73.51295695863473,4.177002447244439],[73.51295657229053,4.177002593634822],[73.51295618588507,4.177002739863627],[73.51295579941828,4.177002885930432],[73.51295541289028,4.177003031834881],[73.51295502630104,4.177003177576572],[73.51295463965059,4.177003323155151],[73.5129542529389,4.17700346857028],[73.51295386616601,4.177003613821488],[73.51295347933203,4.177003758908472],[73.5129530924368,4.177003903830828],[73.51295270548047,4.177004048588185],[73.51295231846302,4.177004193180139],[73.51295193138446,4.177004337606403],[73.5129515442448,4.177004481866489],[73.51295115704406,4.177004625960062],[73.51295076978228,4.177004769886797],[73.51295038245944,4.177004913646211],[73.51294999507557,4.177005057238063],[73.51294960763069,4.177005200661887],[73.51294922012482,4.177005343917292],[73.51294883255798,4.177005487003923],[73.51294844493016,4.17700562992143],[73.51294805724142,4.177005772669407],[73.51294766949172,4.177005915247501],[73.51294728168112,4.177006057655307],[73.51294689380963,4.177006199892485],[73.51294650587725,4.177006341958604],[73.51294611788401,4.177006483853321],[73.51294572982994,4.177006625576303],[73.512945341715,4.177006767127093],[73.51294495353928,4.177006908505337],[73.51294456530273,4.177007049710702],[73.51294417700542,4.177007190742778],[73.51294378864733,4.177007331601163],[73.5129434002285,4.177007472285524],[73.51294301174892,4.177007612795485],[73.51294262320863,4.177007753130628],[73.51294223460764,4.177007893290612],[73.51294184594596,4.177008033275055],[73.5129417007445,4.177008085521599],[73.51294148122747,4.177008164456008],[73.51294111645558,4.177008295481829],[73.51294075163032,4.177008426352151],[73.5129403867517,4.177008557066685],[73.51294002181973,4.177008687624995],[73.51293965683439,4.177008818026963],[73.51293929179573,4.177008948272183],[73.51293892670377,4.177009078360371],[73.51293856155847,4.17700920829119],[73.51293819635993,4.177009338064369],[73.51293783110809,4.177009467679502],[73.512937465803,4.177009597136426],[73.51293710044466,4.177009726434664],[73.51293673503307,4.177009855574035],[73.51293636956828,4.177009984554164],[73.51293600405027,4.177010113374751],[73.51293563847908,4.177010242035528],[73.5129352728547,4.177010370536104],[73.51293490717715,4.177010498876244],[73.51293454144644,4.177010627055543],[73.51293417566261,4.177010755073803],[73.51293380982564,4.177010882930666],[73.51293344393555,4.177011010625796],[73.51293307799237,4.177011138158923],[73.5129327119961,4.177011265529678],[73.51293234594677,4.177011392737793],[73.51293197984437,4.17701151978298],[73.51293161368892,4.17701164666483],[73.51293124748044,4.177011773383147],[73.51293088121894,4.177011899937576],[73.51293051490443,4.177012026327781],[73.51293014853695,4.177012152553505],[73.51292978211646,4.177012278614366],[73.51292941564301,4.177012404510092],[73.51292904911662,4.177012530240344],[73.51292868253728,4.177012655804873],[73.51292831590503,4.17701278120334],[73.51292794921987,4.177012906435428],[73.51292758248181,4.17701303150081],[73.51292721569084,4.177013156399156],[73.512926848847,4.177013281130245],[73.51292648195032,4.177013405693673],[73.51292611500078,4.177013530089152],[73.51292574799842,4.177013654316396],[73.51292538094323,4.177013778375088],[73.51292501383526,4.17701390226492],[73.51292464667449,4.177014025985541],[73.51292427946095,4.177014149536698],[73.51292391219462,4.177014272918022],[73.51292354487553,4.177014396129276],[73.51292317750372,4.177014519170037],[73.5129228100792,4.177014642040088],[73.51292244260196,4.177014764739109],[73.51292207507201,4.177014887266746],[73.5129217074894,4.177015009622762],[73.51292133985412,4.177015131806721],[73.51292097216614,4.177015253818487],[73.51292060442555,4.177015375657522],[73.51292023663231,4.177015497323707],[73.51291986878648,4.177015618816657],[73.51291950088802,4.177015740136063],[73.512919132937,4.177015861281662],[73.51291876493337,4.177015982253046],[73.51291839687721,4.177016103049981],[73.51291802876848,4.177016223672111],[73.51291766060721,4.177016344119169],[73.51291729239344,4.177016464390867],[73.51291692412714,4.177016584486787],[73.51291655580836,4.177016704406673],[73.51291618743707,4.177016824150238],[73.51291581901334,4.177016943717129],[73.51291545053715,4.177017063107114],[73.5129150820085,4.177017182319853],[73.51291471342743,4.177017301354873],[73.51291434479396,4.177017420212108],[73.51291397610805,4.177017538891088],[73.51291360736978,4.177017657391591],[73.51291323857913,4.177017775713233],[73.51291286973613,4.177017893855759],[73.51291250084076,4.177018011818814],[73.51291213189307,4.177018129602148],[73.51291176289305,4.177018247205373],[73.51291139384071,4.177018364628219],[73.5129110247361,4.177018481870367],[73.5129106555792,4.177018598931528],[73.51291028637,4.177018715811369],[73.5129099171086,4.177018832509567],[73.51290954779493,4.177018949025818],[73.51290917842903,4.177019065359858],[73.51290880901092,4.177019181511292],[73.51290843954061,4.177019297479872],[73.51290807001813,4.17701941326531],[73.51290770044345,4.177019528867171],[73.5129073308166,4.177019644285301],[73.51290696113765,4.177019759519262],[73.51290659140655,4.177019874568852],[73.51290622162328,4.177019989433632],[73.51290585178796,4.177020104113402],[73.51290548190052,4.17702021860779],[73.51290511196102,4.177020332916494],[73.51290474196942,4.17702044703926],[73.5129043719258,4.177020560975687],[73.51290400183015,4.177020674725534],[73.51290363168242,4.177020788288518],[73.5129032614827,4.177020901664115],[73.51290289123101,4.17702101485231],[73.51290252092733,4.177021127852631],[73.51290215057163,4.177021240664724],[73.51290178016401,4.177021353288402],[73.51290140970443,4.177021465723279],[73.51290103919293,4.177021577969055],[73.5129006686295,4.177021690025455],[73.51290029801417,4.177021801892096],[73.51289992734695,4.177021913568738],[73.51289955662786,4.17702202505503],[73.51289918585687,4.177022136350687],[73.51289881503406,4.177022247455351],[73.51289844415939,4.17702235836874],[73.51289807323292,4.177022469090582],[73.51289770225462,4.177022579620489],[73.51289733122452,4.177022689958211],[73.51289696014264,4.177022800103393],[73.51289658900897,4.177022910055798],[73.51289621782357,4.177023019815024],[73.51289584658643,4.177023129380766],[73.51289547529755,4.177023238752787],[73.51289510395695,4.177023347930719],[73.51289473256465,4.177023456914276],[73.51289436112064,4.177023565703153],[73.51289398962498,4.17702367429698],[73.51289361807763,4.177023782695504],[73.51289324647864,4.17702389089844],[73.51289287482803,4.177023998905382],[73.51289250312576,4.177024106716078],[73.5128921313719,4.177024214330226],[73.51289175956644,4.177024321747571],[73.51289138770943,4.177024428967576],[73.51289101580079,4.177024535990189],[73.51289064384062,4.177024642814957],[73.51289027182891,4.177024749441609],[73.51288989976568,4.177024855869841],[73.51288952765093,4.177024962099336],[73.51288915548467,4.177025068129806],[73.5128887832669,4.177025173960844],[73.51288841099768,4.177025279592254],[73.51288803867699,4.177025385023677],[73.51288766630486,4.177025490254795],[73.51288729388126,4.177025595285305],[73.51288692140629,4.177025700114885],[73.51288654887988,4.177025804743251],[73.51288617630209,4.177025909170117],[73.51288580367289,4.177026013395023],[73.51288543099234,4.17702611741781],[73.51288505826044,4.177026221238149],[73.51288468547719,4.177026324855707],[73.51288431264261,4.177026428270131],[73.51288393975672,4.17702653148115],[73.51288356681953,4.177026634488461],[73.51288319383104,4.177026737291762],[73.51288282079129,4.177026839890697],[73.51288244770029,4.17702694228498],[73.512882074558,4.177027044474294],[73.5128817013645,4.177027146458333],[73.5128813281198,4.177027248236794],[73.51288095482384,4.177027349809361],[73.51288058147672,4.177027451175756],[73.51288020807843,4.177027552335582],[73.51287983462893,4.177027653288551],[73.51287946112834,4.17702775403446],[73.51287908757656,4.177027854572837],[73.51287871397365,4.177027954903465],[73.51287834031963,4.177028055026088],[73.51287796661454,4.177028154940204],[73.51287759285833,4.177028254645693],[73.51287721905106,4.17702835414217],[73.51287684519274,4.177028453429326],[73.51287647128335,4.177028552506832],[73.51287609732296,4.177028651374432],[73.51287572331152,4.177028750031754],[73.51287534924909,4.177028848478495],[73.51287497513566,4.177028946714405],[73.51287460097126,4.177029044739077],[73.51287422675588,4.177029142552292],[73.51287385248953,4.177029240153664],[73.51287347817228,4.177029337542959],[73.51287310380408,4.177029434719818],[73.51287272938498,4.177029531683876],[73.51287235491498,4.17702962843491],[73.51287198039408,4.177029724972567],[73.51287160582234,4.177029821296598],[73.5128712311997,4.177029917406577],[73.51287085652623,4.17703001330227],[73.51287048180193,4.177030108983407],[73.51287010702681,4.177030204449586],[73.5128697322009,4.177030299700553],[73.51286935732419,4.177030394735936],[73.51286898239668,4.177030489555484],[73.51286860741843,4.17703058415886],[73.51286823238942,4.177030678545793],[73.51286785730969,4.17703077271595],[73.5128674821792,4.177030866668922],[73.51286710699802,4.177030960404526],[73.51286673176614,4.177031053922406],[73.51286635648357,4.177031147222246],[73.51286598115034,4.17703124030381],[73.51286560576644,4.177031333166656],[73.5128652303319,4.177031425810534],[73.51286485484674,4.177031518235191],[73.51286447931096,4.177031610440172],[73.51286410372457,4.177031702425309],[73.51286372808757,4.177031794190247],[73.51286335240002,4.177031885734634],[73.51286297666189,4.177031977058199],[73.51286260087325,4.177032068160624],[73.51286222503401,4.17703215904157],[73.51286184914431,4.177032249700749],[73.51286147320405,4.177032340137881],[73.51286109721333,4.177032430352607],[73.51286072117209,4.177032520344661],[73.51286034508041,4.177032610113682],[73.51285996893826,4.177032699659428],[73.51285959274568,4.177032788981453],[73.51285921650265,4.177032878079557],[73.51285884020922,4.177032966953421],[73.51285846386538,4.177033055602725],[73.51285808747116,4.17703314402713],[73.51285771102656,4.177033232226385],[73.51285733453159,4.17703332020012],[73.51285695798627,4.177033407948048],[73.51285658139062,4.177033495469832],[73.51285620474464,4.177033582765184],[73.51285582804837,4.177033669833805],[73.5128554513018,4.17703375667537],[73.51285507450494,4.177033843289596],[73.51285469765781,4.177033929676098],[73.51285432076044,4.177034015834614],[73.51285394381283,4.177034101764852],[73.51285356681497,4.1770341874665],[73.51285318976691,4.177034272939177],[73.51285281266864,4.177034358182626],[73.51285243552019,4.177034443196546],[73.51285205832156,4.177034527980632],[73.51285168107276,4.177034612534499],[73.51285130377384,4.17703469685791],[73.51285092642476,4.177034780950528],[73.51285054902557,4.177034864812083],[73.51285017157629,4.177034948442206],[73.51284979407689,4.177035031840575],[73.51284941652743,4.177035115006922],[73.51284903892788,4.177035197940924],[73.51284866127831,4.177035280642285],[73.51284828357865,4.177035363110694],[73.512847905829,4.177035445345783],[73.51284752802933,4.177035527347318],[73.51284715017964,4.17703560911491],[73.51284677227999,4.177035690648323],[73.51284635736634,4.177035779885386],[73.51284594239267,4.177035868840444],[73.51284552735925,4.177035957514206],[73.5128451122663,4.17703604590731],[73.51284469711406,4.177036134020466],[73.5128442819027,4.177036221854298],[73.51284386663252,4.177036309409464],[73.51284345130371,4.177036396686652],[73.51284303591653,4.177036483686537],[73.51284262047118,4.177036570409729],[73.51284220496788,4.177036656856983],[73.51284178940689,4.177036743028875],[73.51284137378845,4.17703682892611],[73.51284095811276,4.177036914549382],[73.51284054238008,4.17703699989928],[73.51284012659059,4.177037084976512],[73.51283971074453,4.177037169781749],[73.51283929484218,4.17703725431567],[73.51283887888374,4.177037338578915],[73.51283846286942,4.177037422572139],[73.51283804679949,4.177037506296017],[73.51283763067414,4.17703758975119],[73.51283721449362,4.177037672938384],[73.51283679825816,4.177037755858203],[73.51283638196797,4.177037838511324],[73.51283596562331,4.177037920898452],[73.51283554922438,4.177038003020248],[73.51283513277144,4.177038084877315],[73.51283471626469,4.177038166470381],[73.51283429970437,4.177038247800053],[73.51283388309072,4.177038328867052],[73.51283346642398,4.177038409671973],[73.51283304970434,4.177038490215552],[73.51283263293207,4.177038570498419],[73.51283221610737,4.177038650521277],[73.51283179923047,4.177038730284736],[73.51283138230163,4.177038809789468],[73.51283096532104,4.177038889036197],[73.51283054828897,4.177038968025501],[73.51283013120562,4.177039046758118],[73.51282971407124,4.177039125234654],[73.51282929688603,4.177039203455836],[73.51282887965026,4.177039281422286],[73.51282846236411,4.177039359134682],[73.51282804502786,4.177039436593659],[73.51282762764171,4.177039513799894],[73.51282721020588,4.177039590754112],[73.51282679272065,4.177039667456902],[73.5128263751862,4.177039743908957],[73.51282595760276,4.177039820110951],[73.5128255399706,4.177039896063523],[73.5128251222899,4.177039971767364],[73.51282470456093,4.177040047223167],[73.51282428678391,4.177040122431469],[73.51282386895905,4.177040197393064],[73.51282345108659,4.177040272108609],[73.51282303316677,4.177040346578694],[73.51282261519981,4.177040420804044],[73.51282219718595,4.177040494785301],[73.51282177912542,4.177040568523118],[73.51282136101842,4.17704064201819],[73.5128209428652,4.177040715271171],[73.51282052466601,4.177040788282724],[73.51282010642105,4.1770408610535],[73.51281968813055,4.177040933584163],[73.51281926979476,4.177041005875399],[73.51281885141387,4.177041077927865],[73.51281843298818,4.177041149742223],[73.51281801451788,4.177041221319127],[73.51281759600316,4.177041292659284],[73.51281717744432,4.17704136376327],[73.51281675884152,4.177041434631843],[73.51281634019506,4.17704150526566],[73.51281592150512,4.177041575665291],[73.51281550277196,4.177041645831501],[73.51281508399579,4.177041715764892],[73.51281466517685,4.177041785466223],[73.51281424631534,4.177041854936018],[73.51281382741153,4.177041924175085],[73.51281340846562,4.177041993183948],[73.51281298947787,4.177042061963363],[73.51281257044847,4.177042130513975],[73.5128121513777,4.177042198836469],[73.51281173226577,4.17704226693149],[73.51281131311289,4.177042334799679],[73.51281089391927,4.177042402441723],[73.5128104746852,4.177042469858281],[73.51281005541087,4.177042537050083],[73.51280963609653,4.177042604017643],[73.51280921674241,4.177042670761759],[73.51280879734871,4.177042737283053],[73.51280837791569,4.177042803582216],[73.51280795844356,4.177042869659854],[73.51280753893256,4.177042935516646],[73.51280711938293,4.17704300115331],[73.51280669979487,4.177043066570456],[73.51280628016862,4.177043131768761],[73.51280586050444,4.177043196748927],[73.51280544080251,4.177043261511566],[73.51280502106312,4.177043326057349],[73.51280460128643,4.177043390386986],[73.51280418147272,4.177043454501067],[73.5128037616222,4.177043518400349],[73.51280334173511,4.177043582085441],[73.5128029218117,4.177043645556978],[73.51280250185214,4.177043708815694],[73.51280208185668,4.177043771862205],[73.51280166182558,4.177043834697223],[73.51280124175906,4.177043897321334],[73.51280082165735,4.177043959735284],[73.51280040152064,4.177044021939714],[73.51279998134922,4.177044083935225],[73.51279956114327,4.177044145722596],[73.51279914090307,4.177044207302387],[73.51279872062877,4.177044268675318],[73.51279830032068,4.177044329842063],[73.512797879979,4.177044390803231],[73.51279745960396,4.177044451559547],[73.51279703919577,4.177044512111616],[73.51279661875469,4.177044572460182],[73.51279619828095,4.17704463260583],[73.51279577777476,4.177044692549241],[73.51279535723634,4.177044752291136],[73.51279493666595,4.177044811832156],[73.5127945160638,4.17704487117289],[73.51279409543015,4.177044930314134],[73.51279367476518,4.177044989256422],[73.51279325406914,4.177045048000484],[73.51279227242492,4.177045184289093],[73.51279129061578,4.177045319510687],[73.51279030864461,4.177045453673761],[73.51278932651435,4.177045586786678],[73.51278834422789,4.177045718857983],[73.51278736178817,4.177045849896019],[73.5127863791981,4.177045979909317],[73.51278539646059,4.177046108906219],[73.51276867019034,4.177048154531536],[73.51276768529755,4.177048266677492],[73.51276670031274,4.17704837796749],[73.51276571523881,4.177048488409961],[73.51276473007867,4.177048598013318],[73.51276374483527,4.177048706786022],[73.51276275951146,4.177048814736483],[73.51276177411022,4.177048921873197],[73.51276078863442,4.177049028204524],[73.51275980308702,4.177049133738996],[73.51275881747088,4.177049238484988],[73.51275783178897,4.177049342450963],[73.51264487409878,4.177057817573756],[73.5126438957093,4.177057872278477],[73.51264291739855,4.177057926824899],[73.51264193916724,4.177057981217352],[73.512640961016,4.177058035459931],[73.51261946333774,4.177059199477566],[73.51261848721744,4.177059251444673],[73.51261751119361,4.177059303363685],[73.51261653526697,4.177059355238861],[73.51261555943816,4.177059407074485],[73.51261458370793,4.177059458874717],[73.51261360807692,4.177059510643804],[73.51261263254584,4.177059562386026],[73.51260483197582,4.177059975864593],[73.51260288288027,4.177060079262103],[73.51260190849325,4.177060130988341],[73.51260093421439,4.177060182738535],[73.51259996004428,4.177060234516982],[73.51259898598369,4.177060286327826],[73.51259801203322,4.177060338175383],[73.5125970381936,4.177060390063899],[73.5125960644655,4.177060441997567],[73.51257952881281,4.177061335887388],[73.51257855720895,4.177061389358823],[73.51257758572957,4.177061442955941],[73.51257661437539,4.177061496683023],[73.51257564314707,4.177061550544278],[73.51257467204529,4.177061604543889],[73.51257370107074,4.177061658686219],[73.51257273022412,4.177061712975378],[73.51257175950609,4.177061767415699],[73.51257078891736,4.177061822011376],[73.51256981845857,4.177061876766638],[73.51246031156451,4.177070212816271],[73.51245944081906,4.177070303465051],[73.51245856985759,4.177070394522659],[73.51245769866499,4.177070485987166],[73.51245682722623,4.177070577856554],[73.51245595552625,4.177070670128741],[73.51245508354997,4.177070762801778],[73.51243315029733,4.177073203998821],[73.51243226585129,4.177073306385753],[73.5124313807223,4.177073409119043],[73.51243049489536,4.177073512196742],[73.51242960835535,4.177073615616764],[73.51242872108723,4.177073719377177],[73.51242783307596,4.177073823475951],[73.51242694430645,4.177073927910998],[73.51242605476365,4.177074032680355],[73.51242516443249,4.177074137782058],[73.51242410520568,4.177074263127345],[73.5124230448187,4.177074388935799],[73.51242198324626,4.177074515204049],[73.51221888143371,4.177099742167367],[73.51221787041248,4.177099871534717],[73.51221686766235,4.177100000032012],[73.5122158732888,4.177100127648472],[73.51221488739733,4.177100254373496],[73.51221391009351,4.177100380196419],[73.51221294148286,4.177100505106496],[73.51221198167089,4.177100629093109],[73.51221103076308,4.177100752145561],[73.51221008886502,4.177100874253187],[73.51220915608219,4.177100995405322],[73.51220823252014,4.177101115591302],[73.51220731828435,4.177101234800393],[73.51220641348036,4.177101353021967],[73.51220551821372,4.177101470245371],[73.51220463258991,4.177101586459878],[73.5122037567145,4.177101701654871],[73.51220289069295,4.177101815819618],[73.51220203463085,4.177101928943507],[73.51220118863365,4.17710204101582],[73.51220035280693,4.177102152025875],[73.51219958539023,4.177102254256],[73.51219882659237,4.177102355862504],[73.51219807616161,4.177102457147943],[73.51219733384629,4.177102558414855],[73.51219659939468,4.177102659965806],[73.51219587255514,4.177102762103251],[73.5121951530759,4.177102865129828],[73.51219444070533,4.177102969348089],[73.51219373519166,4.177103075060521],[73.51219303628326,4.177103182569712],[73.5121923437284,4.177103292178162],[73.51219165727538,4.177103404188444],[73.51219097667251,4.177103518903126],[73.51219030166811,4.17710363662473],[73.51218963201043,4.177103757655809],[73.51218896744786,4.1771038822989],[73.51218830772861,4.177104010856536],[73.51218765260103,4.177104143631292],[73.51218700181342,4.177104280925718],[73.51218635511408,4.177104423042335],[73.51218571225131,4.177104570283682],[73.51218507297342,4.177104722952325],[73.51218443702868,4.177104881350803],[73.51218380416545,4.177105045781651],[73.51218317413199,4.177105216547459],[73.5121825466766,4.177105393950694],[73.51218192154761,4.177105578293943],[73.51218129849329,4.177105769879827],[73.512180677262,4.17710596901073],[73.51218005760195,4.177106175989344],[73.51217943926154,4.177106391118102],[73.51217882198904,4.177106614699657],[73.51217820553272,4.177106847036511],[73.51217758964088,4.177107088431155],[73.51217697406187,4.177107339186191],[73.51217635854395,4.17710759960417],[73.51217574283547,4.177107869987599],[73.51217512668468,4.17710815063906],[73.51217450983994,4.177108441861091],[73.51217389204949,4.177108743956216],[73.51217327306166,4.177109057227001],[73.51217265262478,4.177109381976001],[73.51217203048711,4.177109718505735],[73.51217140639696,4.177110067118754],[73.51217078010266,4.1771104281176],[73.51217015135246,4.177110801804872],[73.51216951989474,4.177111188483043],[73.51216888547773,4.177111588454648],[73.51216824784979,4.177112002022322],[73.51216760675916,4.177112429488555],[73.5121669619542,4.177112871155883],[73.5121663131832,4.177113327326839],[73.51216566019443,4.177113798304013],[73.51216500273623,4.177114284389961],[73.51216434055686,4.177114785887179],[73.51216367340467,4.177115303098242],[73.51216300102793,4.177115836325669],[73.51216232317498,4.17711638587208],[73.51216163959407,4.177116952039877],[73.51216095003355,4.177117535131749],[73.51216025424168,4.177118135450162],[73.51215955196682,4.177118753297675],[73.51215884295719,4.177119388976905],[73.51215812696118,4.17712004279027],[73.51215755338109,4.177120575093378],[73.51215697583208,4.177121119210645],[73.5121563949093,4.177121675330657],[73.51215581120786,4.177122243642136],[73.51215522532294,4.177122824333698],[73.51215463784965,4.177123417594032],[73.51215404938316,4.177124023611793],[73.51215346051859,4.177124642575599],[73.5121528718511,4.177125274674119],[73.5121522839758,4.177125920096008],[73.51215169748787,4.177126579030003],[73.51215111298242,4.177127251664638],[73.51215053105463,4.177127938188636],[73.51214995229961,4.177128638790649],[73.51214937731253,4.177129353659346],[73.51214880668849,4.177130082983348],[73.51214824102267,4.177130826951307],[73.5121476809102,4.177131585751929],[73.51214712694623,4.177132359573833],[73.5121465797259,4.17713314860567],[73.51214603984434,4.177133953036113],[73.51214550789668,4.177134773053812],[73.5121449844781,4.177135608847473],[73.51214447018371,4.177136460605685],[73.51214396560867,4.177137328517095],[73.51214347134814,4.177138212770394],[73.51214298799721,4.17713911355425],[73.51214251615107,4.177140031057318],[73.51214205640484,4.177140965468219],[73.51214160935366,4.177141916975651],[73.51214117559269,4.177142885768256],[73.51214075571706,4.177143872034686],[73.5121403503219,4.177144875963575],[73.51213996000239,4.177145897743632],[73.51213958535362,4.177146937563454],[73.51213922697079,4.177147995611748],[73.512138885449,4.17714907207715],[73.5121385613834,4.177150167148314],[73.51213825536912,4.177151281013926],[73.51213796800134,4.177152413862588],[73.5121376998752,4.177153565882973],[73.5121375732137,4.177154149141539],[73.5121374515858,4.177154737263781],[73.51213733506587,4.177155330273256],[73.5121372237283,4.177155928193601],[73.51213711764751,4.177156531048358],[73.51213701689788,4.177157138861135],[73.51213692155378,4.17715775165552],[73.51213683168962,4.177158369455038],[73.5121367473798,4.177158992283328],[73.51213666869869,4.177159620163946],[73.51213659572073,4.177160253120499],[73.51213652852027,4.177160891176562],[73.5121364671717,4.177161534355655],[73.51213641174945,4.177162182681471],[73.51213636232788,4.177162836177499],[73.51213631898139,4.177163494867414],[73.51213628178438,4.177164158774636],[73.51213625081124,4.177164827922957],[73.51213622613633,4.1771655023358],[73.51213620783412,4.177166182036788],[73.51213619597893,4.177166867049545],[73.51213619064518,4.177167557397611],[73.51213619190729,4.177168253104592],[73.5121361998396,4.177168954194029],[73.51213621451652,4.177169660689526],[73.51213623601245,4.177170372614711],[73.51213626440179,4.177171089993137],[73.51213629975894,4.177171812848363],[73.51213634215827,4.177172541203992],[73.5121363916742,4.177173275083552],[73.51213644838109,4.177174014510729],[73.51213651235335,4.177174759509017],[73.51213658366535,4.177175510102001],[73.51213666239153,4.177176266313342],[73.51213674860625,4.177177028166562],[73.5121368423839,4.177177795685233],[73.51213694379886,4.17717856889298],[73.5121370529256,4.177179347813309],[73.51213716983841,4.177180132469912],[73.51213729461176,4.177180922886309],[73.51213742732,4.177181719086073],[73.51213756803755,4.177182521092781],[73.51213771683877,4.177183328930088],[73.51213787379807,4.177184142621484],[73.51213803898985,4.177184962190574],[73.51213821248848,4.177185787660984],[73.51215437599888,4.17726953598088]]]}},{"type":"Feature","properties":{"OBJECTID":"1481","roadEN":"Guleynooran Magu","roadDI":null,"deadEnd":0,"SHAPE_Leng":28.58208},"geometry":{"type":"MultiLineString","coordinates":[[[73.51463680765592,4.176905302674381],[73.51469896692001,4.176880296901603],[73.51485615558181,4.176820457761297],[73.51507999748179,4.176735244749854]],[[73.51398808925202,4.177153037616932],[73.51417771682725,4.177078874803057],[73.51422867913203,4.177061108916507],[73.51428104035134,4.177042855351869],[73.51430371380236,4.177034951193216],[73.51463678450851,4.176905221339942]]]}},{"type":"Feature","properties":{"OBJECTID":"1484","roadEN":"Sikka Goalhi","roadDI":null,"deadEnd":0,"SHAPE_Leng":40.06992},"geometry":{"type":"MultiLineString","coordinates":[[[73.5133013448089,4.176822875404557],[73.51338098928659,4.177054922445511],[73.51338334472013,4.177060314876308],[73.51338654025419,4.177065252211616],[73.5133904912261,4.177069603641415],[73.51339509295865,4.177073253878714],[73.51340022353322,4.177076106213817],[73.51340574702014,4.177078085076924],[73.51341151707979,4.177079138039718],[73.51341738083993,4.177079237205139],[73.51389092732778,4.177048464139779],[73.51393869389238,4.177045360048766],[73.51394464024884,4.177045467486201],[73.513950487993,4.177046555594223],[73.51395607779264,4.177048594725385],[73.51396125734377,4.177051529319963],[73.5139658855203,4.177055279419737],[73.51396983621927,4.177059742846532],[73.51397300179691,4.177064797986375],[73.5139752960014,4.177070307103037],[73.51397665632302,4.177076120090802],[73.51398808925202,4.177153037616932],[73.51404136354193,4.177511452073166]]]}},{"type":"Feature","properties":{"OBJECTID":"1488","roadEN":null,"roadDI":null,"deadEnd":1,"SHAPE_Leng":25.50273},"geometry":{"type":"MultiLineString","coordinates":[[[73.51381689300658,4.176830129544648],[73.51389092732778,4.177048464139779]]]}},{"type":"Feature","properties":{"OBJECTID":"1490","roadEN":null,"roadDI":null,"deadEnd":1,"SHAPE_Leng":25.20481},"geometry":{"type":"MultiLineString","coordinates":[[[73.51389285240266,4.176844378778561],[73.51410263738117,4.17675723173344]]]}},{"type":"Feature","properties":{"OBJECTID":"1492","roadEN":null,"roadDI":null,"deadEnd":1,"SHAPE_Leng":12.75183},"geometry":{"type":"MultiLineString","coordinates":[[[73.51356734458118,4.176388741793125],[73.51367486099107,4.176348162753613]]]}},{"type":"Feature","properties":{"OBJECTID":"1493","roadEN":null,"roadDI":null,"deadEnd":1,"SHAPE_Leng":26.86019},"geometry":{"type":"MultiLineString","coordinates":[[[73.51374286063877,4.176581288785725],[73.51367486099107,4.176348162753613]]]}},{"type":"Feature","properties":{"OBJECTID":"1495","roadEN":null,"roadDI":null,"deadEnd":1,"SHAPE_Leng":5.42393},"geometry":{"type":"MultiLineString","coordinates":[[[73.5131778448306,4.17653344586145],[73.51316642772568,4.176485751260312]]]}},{"type":"Feature","properties":{"OBJECTID":"1496","roadEN":null,"roadDI":null,"deadEnd":1,"SHAPE_Leng":19.17281},"geometry":{"type":"MultiLineString","coordinates":[[[73.51316642772568,4.176485751260312],[73.51333551587749,4.176450481126558]]]}},{"type":"Feature","properties":{"OBJECTID":"1498","roadEN":null,"roadDI":null,"deadEnd":1,"SHAPE_Leng":18.03361},"geometry":{"type":"MultiLineString","coordinates":[[[73.51316642772568,4.176485751260312],[73.51312846783927,4.176327175003591]]]}},{"type":"Feature","properties":{"OBJECTID":"1500","roadEN":"Hakuraa Goalhi","roadDI":null,"deadEnd":0,"SHAPE_Leng":77.73307},"geometry":{"type":"MultiLineString","coordinates":[[[73.51331209883753,4.17761414825885],[73.51305201065773,4.176961447613633]]]}},{"type":"Feature","properties":{"OBJECTID":"1503","roadEN":"Fan'diyaaru Magu","roadDI":"ފަނޑިޔާރު މަގު","deadEnd":0,"SHAPE_Leng":66.07956},"geometry":{"type":"MultiLineString","coordinates":[[[73.50622021303668,4.176130751021191],[73.50732017917915,4.175435753681509]]]}},{"type":"Feature","properties":{"OBJECTID":"1512","roadEN":null,"roadDI":null,"deadEnd":1,"SHAPE_Leng":16.63248},"geometry":{"type":"MultiLineString","coordinates":[[[73.51039594266285,4.175407070807164],[73.51024890443394,4.175435904011565]]]}},{"type":"Feature","properties":{"OBJECTID":"1513","roadEN":null,"roadDI":null,"deadEnd":1,"SHAPE_Leng":9.62713},"geometry":{"type":"MultiLineString","coordinates":[[[73.51024890443394,4.175435904011565],[73.51023095153676,4.175350724780804]]]}},{"type":"Feature","properties":{"OBJECTID":"1514","roadEN":null,"roadDI":null,"deadEnd":1,"SHAPE_Leng":14.96335},"geometry":{"type":"MultiLineString","coordinates":[[[73.51023095153676,4.175350724780804],[73.51009898998359,4.175378262471046]]]}},{"type":"Feature","properties":{"OBJECTID":"1516","roadEN":"Kan'di Dhon Maniku Goalhi","roadDI":null,"deadEnd":0,"SHAPE_Leng":83.8398},"geometry":{"type":"MultiLineString","coordinates":[[[73.510548426896,4.179483903799191],[73.51021892479389,4.179605028732454],[73.50981758280047,4.179653998782595],[73.50932699646961,4.179712419470735],[73.50917047643061,4.179727280055475]]]}},{"type":"Feature","properties":{"OBJECTID":"1518","roadEN":"Guraabu Thun'di Hin'gun","roadDI":null,"deadEnd":0,"SHAPE_Leng":40.98334},"geometry":{"type":"MultiLineString","coordinates":[[[73.50610525359195,4.178998908550014],[73.50623164097613,4.178650664836693]]]}},{"type":"Feature","properties":{"OBJECTID":"1521","roadEN":null,"roadDI":null,"deadEnd":0,"SHAPE_Leng":12.06524},"geometry":{"type":"MultiLineString","coordinates":[[[73.50622247207326,4.178542093877935],[73.50623198159087,4.178650790374042]]]}},{"type":"Feature","properties":{"OBJECTID":"1522","roadEN":"Lainoofaru Hin'gun","roadDI":null,"deadEnd":0,"SHAPE_Leng":41.0427},"geometry":{"type":"MultiLineString","coordinates":[[[73.5064152000259,4.179111236687098],[73.50654177054638,4.178762488601781]]]}},{"type":"Feature","properties":{"OBJECTID":"1525","roadEN":"Dhandehelu Hingun","roadDI":null,"deadEnd":0,"SHAPE_Leng":41.42489},"geometry":{"type":"MultiLineString","coordinates":[[[73.50685076188489,4.178873023887624],[73.5067227504319,4.179224923544076]]]}},{"type":"Feature","properties":{"OBJECTID":"1528","roadEN":"Faalandhoshu Hin'gun","roadDI":null,"deadEnd":0,"SHAPE_Leng":41.74354},"geometry":{"type":"MultiLineString","coordinates":[[[73.5073429880756,4.179455683575414],[73.50734315919571,4.17945521424179],[73.50747224379457,4.179101172188236]]]}},{"type":"Feature","properties":{"OBJECTID":"1531","roadEN":"Faarukendi Hin'gun","roadDI":null,"deadEnd":0,"SHAPE_Leng":42.18615},"geometry":{"type":"MultiLineString","coordinates":[[[73.50765554471923,4.179574037696389],[73.50778617580924,4.179215769081675]]]}},{"type":"Feature","properties":{"OBJECTID":"1534","roadEN":"Aaburuzu Hin'gun","roadDI":null,"deadEnd":0,"SHAPE_Leng":42.28134},"geometry":{"type":"MultiLineString","coordinates":[[[73.5082713877661,4.1798057102225],[73.50839692685453,4.179444699079289],[73.50841075505694,4.179396543205677],[73.50860543116924,4.178798789497677],[73.50867443741254,4.178586905214872],[73.50870571954121,4.178505865491569],[73.50893408236003,4.177831065353732]]]}},{"type":"Feature","properties":{"OBJECTID":"1537","roadEN":"Kendhigas Hin'gun","roadDI":null,"deadEnd":0,"SHAPE_Leng":42.50832},"geometry":{"type":"MultiLineString","coordinates":[[[73.50885009204107,4.179611256750358],[73.50871846397425,4.179972261841082]]]}},{"type":"Feature","properties":{"OBJECTID":"1540","roadEN":"Husainee Goalhi","roadDI":null,"deadEnd":0,"SHAPE_Leng":44.06078},"geometry":{"type":"MultiLineString","coordinates":[[[73.50909088936311,4.180117661151237],[73.50917047643061,4.179727280055475],[73.50918598312121,4.179658684215797],[73.50921283031356,4.179516928314044],[73.50922092842458,4.179481859084865],[73.50923751286297,4.179410039420622],[73.50935343791498,4.178828932106184]]]}},{"type":"Feature","properties":{"OBJECTID":"1541","roadEN":"Mohamed Ismail Dheedhee Goalhi","roadDI":null,"deadEnd":0,"SHAPE_Leng":28.15158},"geometry":{"type":"MultiLineString","coordinates":[[[73.50972359701467,4.17940419741115],[73.50981304247631,4.179642428911686],[73.50995631394098,4.180007520009118]]]}},{"type":"Feature","properties":{"OBJECTID":"1549","roadEN":"Kolige Umaru Maniku Goalhi","roadDI":null,"deadEnd":0,"SHAPE_Leng":48.35171},"geometry":{"type":"MultiLineString","coordinates":[[[73.50980788196341,4.179380571914625],[73.50982606573295,4.178943671579421]]]}},{"type":"Feature","properties":{"OBJECTID":"1550","roadEN":"Oakid Magu","roadDI":"އޯކިޑް މަގު","deadEnd":0,"SHAPE_Leng":54.05299},"geometry":{"type":"MultiLineString","coordinates":[[[73.50824130440111,4.178247896289823],[73.50824125717625,4.17824786165901],[73.50823991314819,4.178246876492204],[73.5082385216053,4.178245857460983],[73.5082371297061,4.178244839278187],[73.50823573738424,4.178243822025864],[73.50823434457327,4.178242805786042],[73.50823295120681,4.178241790640781],[73.50823155721854,4.178240776671942],[73.50823016254203,4.178239763961739],[73.50822876711095,4.178238752592149],[73.50822737085888,4.178237742645168],[73.50822597371945,4.178236734202905],[73.50822457562627,4.178235727347308],[73.508223176513,4.178234722160436],[73.50822177631322,4.178233718724335],[73.50822037496057,4.178232717121037],[73.50821897238866,4.178231717432515],[73.50795441562356,4.178069244601648],[73.50795245612804,4.178067887081326],[73.50795049821764,4.178066527169809],[73.50794854186651,4.178065164906095],[73.50794658704879,4.178063800329435],[73.50794463373867,4.178062433478997],[73.50794268191027,4.178061064393964],[73.50794073153774,4.17805969311342],[73.50793878259526,4.178058319676513],[73.507936835057,4.178056944122443],[73.5076093737921,4.177819426817925],[73.50760471226457,4.177816174715005],[73.50760005003012,4.177812923549279],[73.50759072375493,4.177806423533744],[73.5075813955951,4.177799925780056],[73.50756273613585,4.177786933093022],[73.50754407668096,4.177773937558467],[73.5075347485266,4.177767436245183],[73.5075300851177,4.177764184268429],[73.50752542225905,4.177760931246326],[73.50752076002927,4.177757677055026],[73.5075160985069,4.177754421570613],[73.50751143777053,4.177751164669171],[73.50750677789873,4.177747906226784],[73.50750211897005,4.17774464611957],[73.5074974610631,4.177741384223612],[73.5074951325173,4.177739752566146],[73.5074928042564,4.177738120415028],[73.50749047629023,4.177736487754795],[73.50748814862861,4.177734854569901],[73.50748545178432,4.177732961396658],[73.50748275538587,4.177731067471426],[73.50748005945695,4.177729172767366],[73.50747736402128,4.177727277257701],[73.50747466910259,4.177725380915712],[73.50747197472457,4.177723483714439],[73.50746928091091,4.177721585627246],[73.50746658768539,4.177719686627378],[73.50746389507168,4.177717786687906],[73.50746120309348,4.177715885782216],[73.50745851177454,4.177713983883327],[73.50745582113855,4.17771208096469],[73.50745313120926,4.177710176999261],[73.50745044201034,4.177708271960418],[73.50744775356551,4.177706365821374],[73.50744506589851,4.177704458555269],[73.50744237903304,4.177702550135401],[73.50743969299282,4.177700640534945],[73.50743700780154,4.177698729727111],[73.50743432348294,4.177696817685097],[73.50743164006073,4.177694904382157],[73.5074289575586,4.177692989791475],[73.50742627600032,4.177691073886275],[73.50742359540952,4.177689156639801],[73.50742091580999,4.177687238025229],[73.50741823722542,4.177685318015807],[73.5074155596795,4.177683396584741],[73.50741288319598,4.177681473705177],[73.50741020779856,4.177679549350428],[73.50740753351093,4.177677623493685],[73.50740486035683,4.17767569610814],[73.50740218835998,4.177673767167042],[73.50740106443325,4.177672955067843],[73.50739994071736,4.177672142686564],[73.5073988172141,4.177671330021123],[73.5073976939252,4.177670517069582],[73.50739657085245,4.177669703829858],[73.5073954479976,4.177668890300052],[73.50739432536245,4.17766807647816],[73.50739320294872,4.177667262362097],[73.50739208075821,4.177666447949966],[73.5073909587927,4.177665633239714],[73.50738983705388,4.177664818229352],[73.50738871554361,4.177664002916919],[73.50738759426359,4.177663187300427],[73.50738647321563,4.17766237137779],[73.50738535240149,4.177661555147093],[73.5073842318229,4.177660738606366],[73.50738311148167,4.177659921753529],[73.50738199137955,4.177659104586658],[73.5073808715183,4.177658287103706],[73.5073797518997,4.177657469302703],[73.50737863252549,4.177656651181632],[73.50737751339747,4.177655832738578],[73.50737639451738,4.1776550139714],[73.50737527588703,4.177654194878253],[73.50737415750812,4.177653375457032],[73.50737303938244,4.177652555705822],[73.50737192151179,4.17765173562257],[73.50737080389791,4.177650915205273],[73.5073696865426,4.177650094451984],[73.50736856944756,4.177649273360718],[73.50736745261459,4.177648451929387],[73.5073663360455,4.177647630156142],[73.50736521974198,4.177646808038815],[73.50736410370584,4.177645985575555],[73.50736298793885,4.177645162764295],[73.50736187244274,4.177644339603082],[73.50736075721933,4.177643516089868],[73.50735964227034,4.177642692222681],[73.50735852759757,4.177641867999537],[73.50735741320278,4.177641043418422],[73.50735629908772,4.177640218477365],[73.50735518525417,4.177639393174365],[73.50735407170387,4.177638567507389],[73.50735295843863,4.177637741474484],[73.50735184546019,4.177636915073686],[73.50735073277032,4.177636088302904],[73.50734962037079,4.177635261160225],[73.50734850826336,4.177634433643563],[73.5073473964498,4.17763360575105],[73.5073462849319,4.177632777480603],[73.50734517371139,4.177631948830254],[73.50734406279001,4.177631119797965],[73.50734295216962,4.177630290381806],[73.5073418418519,4.177629460579757],[73.50734073183867,4.177628630389819],[73.50733962213168,4.17762779981002],[73.50733851273269,4.177626968838293],[73.50733740364346,4.177626137472724],[73.50733629486578,4.177625305711243],[73.50733518640139,4.177624473551915],[73.50733407825207,4.177623640992721],[73.5073329704196,4.177622808031713],[73.5073318629057,4.17762197466682],[73.50733075571222,4.177621140896078],[73.50732964569819,4.177620304348175],[73.50732853600992,4.177619467388096],[73.5073274266492,4.177618630013827],[73.50732631761778,4.177617792223344],[73.50732520891748,4.177616954014649],[73.50732410055,4.177616115385758],[73.5073229925172,4.177615276334636],[73.50732188482085,4.177614436859233],[73.50732077746274,4.177613596957592],[73.50731967044459,4.177612756627648],[73.50731856376824,4.177611915867437],[73.50731745743546,4.177611074674954],[73.50731635144803,4.177610233048114],[73.50731524580772,4.177609390984984],[73.50731414051631,4.177608548483528],[73.50731303557562,4.177607705541694],[73.50731193098738,4.177606862157535],[73.5073108267534,4.177606018328995],[73.50730972287545,4.17760517405404],[73.50730861935533,4.177604329330705],[73.5073075161948,4.177603484156969],[73.50730641339565,4.177602638530831],[73.50730531095968,4.177601792450224],[73.50730420888864,4.177600945913181],[73.50730310718433,4.177600098917683],[73.5073020058485,4.177599251461726],[73.50730090488301,4.177598403543314],[73.50729980428957,4.177597555160357],[73.50729870406997,4.177596706310875],[73.50696272973998,4.177303738739127],[73.50695796659751,4.177299285967949],[73.50694844259375,4.17729037796834],[73.50691460392609,4.177258712154656],[73.50664020168789,4.176994689898238],[73.50663915591592,4.176993616658487],[73.50663811056418,4.176992543001084],[73.50663720040562,4.17699160750992],[73.50663629054716,4.176990671720443],[73.50663538096883,4.176989735652489],[73.50663447165059,4.176988799326033],[73.50663356257242,4.176987862760915],[73.50663265371433,4.176986925976975],[73.5066308365784,4.176985051832387],[73.5066290200827,4.176983177051389],[73.50662720406719,4.176981301793084],[73.50662357283647,4.17697755048089],[73.50662209647493,4.176976018953739],[73.5066206209029,4.176974486588234],[73.50661914611685,4.176972953382836],[73.50661767211332,4.176971419335818],[73.50661619888884,4.176969884445612],[73.50661472643992,4.176968348710487],[73.50661325476311,4.176966812128891],[73.50661178385495,4.176965274699132],[73.50661031371192,4.176963736419533],[73.50660884433053,4.176962197288542],[73.50660737570738,4.176960657304464],[73.5066059078389,4.176959116465661],[73.50660444072172,4.176957574770441],[73.50660297435229,4.176956032217265],[73.50660150872713,4.17695448880442],[73.50660004384281,4.176952944530274],[73.5065985796958,4.176951399393232],[73.50659711628269,4.176949853391568],[73.50659565359994,4.176948306523677],[73.50659419164413,4.176946758787969],[73.50659273041174,4.176945210182703],[73.5065912698993,4.176943660706355],[73.50658981010336,4.176942110357149],[73.50658835102044,4.176940559133546],[73.50658689264704,4.176939007033857],[73.5065854349797,4.176937454056456],[73.50658397801494,4.176935900199718],[73.5065825217493,4.176934345461954],[73.50658106617927,4.176932789841542],[73.50657961130139,4.176931233336837],[73.5065781571122,4.176929675946234],[73.50657670360822,4.176928117668059],[73.50657563135582,4.176926967070088],[73.50657455952317,4.176925815954687],[73.50657348815884,4.176924664288712],[73.50657241731122,4.176923512039088],[73.50657134702885,4.17692235917267],[73.5065702773602,4.176921205656366],[73.50656920835374,4.176920051456984],[73.50656814005795,4.17691889654148],[73.5065670725213,4.176917740876693],[73.50656600579231,4.176916584429549],[73.50656493991946,4.176915427166885],[73.50656387495115,4.176914269055577],[73.50656281093597,4.176913110062531],[73.50656174792235,4.17691195015462],[73.50656068595877,4.176910789298717],[73.5065596250937,4.176909627461733],[73.50655856537563,4.176908464610537],[73.50655750685307,4.176907300711968],[73.50655644957448,4.176906135732954],[73.50655539358831,4.176904969640334],[73.50655433894309,4.176903802401063],[73.50655328568729,4.176902633981951],[73.50655223386939,4.176901464349885],[73.50655118353784,4.176900293471773],[73.50655013474115,4.176899121314486],[73.5065490875278,4.176897947844937],[73.50654804194627,4.176896773029944],[73.50654699804505,4.176895596836399],[73.50654595587258,4.176894419231242],[73.5065449154774,4.176893240181299],[73.50654387690795,4.176892059653474],[73.50654284021275,4.176890877614605],[73.50654180544022,4.176889694031654],[73.50654077263889,4.176888508871425],[73.50653974185721,4.17688732210086],[73.50653871314371,4.176886133686763],[73.50653768654682,4.176884943596092],[73.50653666211507,4.176883751795689],[73.50653563989688,4.176882558252425],[73.50653461994078,4.176881362933225],[73.50653360229524,4.176880165804929],[73.50653258700872,4.176878966834444],[73.50653157412972,4.176877765988625],[73.50653056370673,4.176876563234381],[73.5065295557882,4.176875358538586],[73.50652855042266,4.17687415186806],[73.50652754765855,4.176872943189781],[73.50652654754434,4.17687173247057],[73.50652555012857,4.176870519677351],[73.50652455545965,4.176869304776931],[73.50652356358611,4.1768680877363],[73.50652257455644,4.176866868522265],[73.50652158841908,4.176865647101681],[73.50652060522253,4.176864423441492],[73.50651962501529,4.176863197508536],[73.5065186478458,4.176861969269701],[73.50651767376257,4.176860738691881],[73.50651670281407,4.176859505741983],[73.50651573504881,4.176858270386825],[73.50651477051522,4.176857032593372],[73.50651380926182,4.176855792328407],[73.50651285133708,4.176854549558873],[73.50651189678949,4.176853304251612],[73.50651094566751,4.176852056373562],[73.5065097694725,4.176850503282443],[73.50650859854133,4.176848946246482],[73.50650743278142,4.176847385335474],[73.50650627210011,4.176845820619373],[73.50650511640491,4.176844252168026],[73.50650396560317,4.176842680051401],[73.50650281960236,4.176841104339313],[73.50650167830985,4.176839525101665],[73.50650054163306,4.176837942408371],[73.50649940947943,4.176836356329318],[73.50649828175635,4.176834766934401],[73.50649715837126,4.176833174293505],[73.50649603923158,4.176831578476466],[73.50649492424468,4.176829979553246],[73.50649381331804,4.176828377593732],[73.50649270635901,4.176826772667789],[73.50649160327504,4.17682516484532],[73.50649050397355,4.176823554196238],[73.50648940836197,4.17682194079036],[73.50648831634768,4.176820324697637],[73.50648722783812,4.176818705987968],[73.50648614274068,4.176817084731204],[73.50648506096277,4.17681546099728],[73.50648398241188,4.176813834856043],[73.50648290699534,4.176812206377394],[73.50648183462062,4.176810575631248],[73.50648076519509,4.176808942687476],[73.50647969862621,4.176807307616023],[73.50647863482135,4.176805670486643],[73.50647757368797,4.176804031369334],[73.50647651513349,4.17680239033403],[73.50647545906529,4.176800747450529],[73.50647440539078,4.176799102788701],[73.50647335401739,4.176797456418561],[73.50647230485257,4.176795808409874],[73.50647125780368,4.176794158832625],[73.50647021277817,4.176792507756632],[73.50646916968344,4.176790855251793],[73.50646812842695,4.176789201388056],[73.50646708891604,4.176787546235258],[73.50646605105815,4.176785889863349],[73.50646501476076,4.176784232342159],[73.5064639799312,4.176782573741574],[73.50646294647693,4.176780914131544],[73.50646191430538,4.176779253581935],[73.50646088332391,4.176777592162612],[73.50645985343999,4.176775929943479],[73.50645882456101,4.176774266994429],[73.50645779659439,4.176772603385354],[73.50645676944755,4.176770939186182],[73.5064557430279,4.176769274466748],[73.50645471724286,4.176767609296933],[73.50645369199984,4.176765943746723],[73.50645266720625,4.176764277885884],[73.50645061859706,4.176760945512082],[73.50644652269824,4.17675428011286],[73.50644549845839,4.176752614035014],[73.50644447392727,4.176750948205722],[73.50644344901235,4.176749282694851],[73.50644242362101,4.176747617572315],[73.50644106609342,4.176745415166041],[73.50643970758642,4.17674321354933],[73.50643834811679,4.176741012709593],[73.50643698770116,4.176738812634196],[73.50643562635628,4.176736613310553],[73.50643426409879,4.176734414726095],[73.50643290094538,4.176732216868203],[73.50643153691273,4.176730019724259],[73.50643017201757,4.17672782328171],[73.50642880627657,4.176725627527921],[73.5064274397064,4.176723432450306],[73.50642607232378,4.176721238036265],[73.50642470414535,4.176719044273227],[73.50642333518786,4.176716851148574],[73.50642196546792,4.176714658649669],[73.50642059500231,4.176712466764012],[73.50641922380764,4.176710275478916],[73.50641785190065,4.176708084781814],[73.50641647929798,4.176705894660119],[73.50641510601636,4.176703705101195],[73.50641373207246,4.176701516092526],[73.50641235748299,4.176699327621439],[73.50641098226461,4.176697139675337],[73.50640960643403,4.176694952241681],[73.5064082300079,4.176692765307818],[73.50640685300299,4.176690578861183],[73.50640547543587,4.17668839288917],[73.50640409732331,4.176686207379161],[73.506402718682,4.176684022318608],[73.5064013395286,4.17668183769487],[73.5063999598798,4.176679653495314],[73.50639857975229,4.176677469707473],[73.50639719916276,4.176675286318607],[73.5063958181279,4.176673103316184],[73.5063944366644,4.176670920687601],[73.50639305478894,4.176668738420291],[73.50639167251823,4.176666556501598],[73.50639028986895,4.176664374918972],[73.50638752350137,4.176660012711465],[73.50638475581975,4.176655651696962],[73.50638198695759,4.17665129177472],[73.50637921704839,4.176646932843954],[73.50637644622564,4.176642574803878],[73.50637090237359,4.176633860992595],[73.50636535646944,4.176625149534789],[73.50635426277708,4.176607730454394],[73.50634871712492,4.176599021219364],[73.50634317369288,4.176590311112864],[73.50634040314314,4.176585955480836],[73.50633763354895,4.176581599328544],[73.50633486504381,4.17657724255532],[73.5063320977612,4.176572885060279],[73.50632933183465,4.176568526742693],[73.50632656739765,4.176564167501771],[73.50632518577945,4.176561987503589],[73.50632380458372,4.176559807236784],[73.50632242382713,4.176557626688727],[73.50632104352636,4.176555445846832],[73.5063196636981,4.176553264698593],[73.50631828435905,4.176551083231278],[73.5063169055259,4.176548901432367],[73.50631552721534,4.176546719289258],[73.50631414944405,4.176544536789298],[73.50631277222872,4.176542353919987],[73.50631139558604,4.176540170668638],[73.50631001953268,4.176537987022697],[73.50630864408535,4.176535802969566],[73.50630726926072,4.176533618496658],[73.50630589507551,4.176531433591369],[73.50630452154637,4.176529248241049],[73.50630314869002,4.17652706243316],[73.50630177652313,4.176524876155086],[73.50630040506239,4.176522689394225],[73.5062990343245,4.176520502137989],[73.50629766432611,4.176518314373794],[73.50629629508398,4.17651612608902],[73.50629492661473,4.17651393727107],[73.50629355893507,4.176511747907352],[73.5062921920617,4.1765095579853],[73.50629082601128,4.176507367492244],[73.50628946080055,4.176505176415617],[73.50628809644613,4.176502984742866],[73.50628673296477,4.176500792461372],[73.50628537037313,4.176498599558518],[73.50628400868789,4.176496406021698],[73.50628264792573,4.176494211838347],[73.5062812881034,4.176492016995844],[73.50627992923751,4.176489821481604],[73.50627857134478,4.17648762528301],[73.50627721444192,4.176485428387489],[73.5062758585456,4.176483230782445],[73.5062745036725,4.176481032455253],[73.5062731498393,4.176478833393349],[73.50627179706275,4.176476633584127],[73.50627044535945,4.176474433014954],[73.50626909474613,4.176472231673296],[73.50626774523947,4.176470029546515],[73.5062663968562,4.176467826621971],[73.50626557209534,4.176466477850194],[73.50626474776809,4.176465128772184],[73.50626392388074,4.176463779385498],[73.50626310043981,4.176462429687484],[73.50626227745165,4.176461079675613],[73.50626145492274,4.176459729347269],[73.50626063285945,4.176458378699903],[73.50625981126825,4.176457027730966],[73.50625899015553,4.176455676437794],[73.50625816952773,4.176454324817922],[73.50625734939128,4.176452972868717],[73.50625652975258,4.17645162058763],[73.50625571061803,4.176450267972081],[73.50625489199413,4.176448915019437],[73.50625407388723,4.176447561727199],[73.50625325630382,4.176446208092789],[73.50625243925023,4.176444854113618],[73.50625162273298,4.176443499787043],[73.5062508067584,4.176442145110598],[73.50624999133302,4.176440790081666],[73.50624917646316,4.176439434697668],[73.5062483621553,4.176438078956036],[73.50624754841584,4.176436722854173],[73.50624673525121,4.17643536638953],[73.50624592266783,4.176434009559543],[73.50624511067213,4.176432652361627],[73.50624429927055,4.176431294793185],[73.50624348846944,4.176429936851671],[73.5062426782753,4.176428578534485],[73.50624186869452,4.176427219839092],[73.50624105973354,4.176425860762881],[73.50624025139875,4.176424501303303],[73.50623944369661,4.176423141457724],[73.50623863663353,4.176421781223661],[73.5062378302159,4.176420420598488],[73.50623702445019,4.176419059579668],[73.5062362193428,4.17641769816457],[73.50623541490015,4.17641633635063],[73.50623461112866,4.176414974135299],[73.50623380803478,4.176413611515979],[73.50623300562488,4.17641224849017],[73.50623220390544,4.176410885055192],[73.50623140288286,4.176409521208528],[73.50623060256355,4.17640815694758],[73.50622980295394,4.176406792269836],[73.50622900406047,4.176405427172677],[73.50622820588953,4.176404061653454],[73.50622740844757,4.176402695709703],[73.506226611741,4.176401329338811],[73.50622581577622,4.176399962538209],[73.50622502055973,4.176398595305352],[73.50622422609786,4.176397227637572],[73.50622343239708,4.176395859532389],[73.5062226394638,4.176394490987169],[73.50622184730446,4.1763931219994],[73.50622105592545,4.176391752566432],[73.50622026533324,4.176390382685766],[73.5062194755342,4.176389012354787],[73.50621868653478,4.176387641570932],[73.5062178983414,4.17638627033158],[73.5062171109605,4.176384898634239],[73.50621632439847,4.176383526476273],[73.50621553866176,4.176382153855135],[73.50621475375675,4.176380780768226],[73.5062139696899,4.176379407213032],[73.50621318646765,4.176378033186888],[73.50621240409637,4.176376658687309],[73.50621162258254,4.176375283711649],[73.50621084193251,4.176373908257411],[73.50621006215277,4.176372532321943],[73.50620928324973,4.176371155902698],[73.50620850522976,4.176369778997111],[73.50620772809935,4.1763684016026],[73.50620695186491,4.176367023716583],[73.5062061765328,4.176365645336546],[73.50620540210952,4.176364266459823],[73.50620462860147,4.176362887083879],[73.50620385601505,4.176361507206154],[73.50620308435668,4.176360126824099],[73.50620231363283,4.176358745935043],[73.50620154384987,4.17635736453651],[73.50620077501425,4.176355982625918],[73.50620000713239,4.176354600200632],[73.5061992402107,4.176353217258088],[73.50619847425564,4.176351833795739],[73.50619770927358,4.176350449811033],[73.50619694527099,4.176349065301326],[73.50619618225423,4.176347680264134],[73.50619542022979,4.176346294696825],[73.50619465920406,4.176344908596799],[73.50619389918344,4.176343521961576],[73.50619314017442,4.176342134788474],[73.50619238218337,4.176340747074963],[73.5061916252167,4.176339358818524],[73.50619086928089,4.176337970016477],[73.5061901143823,4.176336580666358],[73.5061893605274,4.176335190765515],[73.50618860772259,4.176333800311404],[73.50618785597429,4.17633240930139],[73.50618710528894,4.176331017733009],[73.50618635567294,4.176329625603612],[73.50618560713275,4.176328232910651],[73.50618485967475,4.176326839651559],[73.50618411330537,4.176325445823722],[73.50618336803102,4.176324051424628],[73.50618262385817,4.176322656451608],[73.50618188079324,4.176321260902164],[73.50618113884259,4.176319864773746],[73.5061803980127,4.176318468063677],[73.50617965830996,4.176317070769487],[73.50617891974082,4.176315672888546],[73.5061781823117,4.176314274418274],[73.50617744602899,4.176312875356169],[73.50617671089914,4.176311475699553],[73.50617597692857,4.176310075445889],[73.5061752441237,4.176308674592649],[73.50617451249096,4.176307273137201],[73.50617378203674,4.176305871076996],[73.5061730527675,4.176304468409484],[73.50617232468962,4.176303065132085],[73.5061715978096,4.17630166124215],[73.50617087213377,4.176300256737163],[73.50617014766864,4.176298851614593],[73.50616942442056,4.176297445871776],[73.50616870239598,4.17629603950621],[73.50616798160134,4.176294632515282],[73.50616726204304,4.176293224896445],[73.50616654372752,4.176291816647066],[73.50616561623451,4.176289993750249],[73.50616469080201,4.176288169809162],[73.50616376739956,4.176286344839295],[73.50616284599664,4.176284518856085],[73.50616192656284,4.176282691874991],[73.50616100906765,4.176280863911399],[73.50616009348062,4.176279034980752],[73.50615917977123,4.176277205098554],[73.5061582679091,4.176275374280229],[73.50615735786369,4.17627354254115],[73.50615644960453,4.176271709896875],[73.5061555431012,4.17626987636274],[73.5061546383232,4.176268041954271],[73.50615373524005,4.176266206686822],[73.5061528338213,4.176264370575884],[73.50615193403647,4.176262533636915],[73.50615103585508,4.176260695885317],[73.50615013924669,4.176258857336567],[73.5061492441808,4.176257018006102],[73.50614835062697,4.176255177909346],[73.5061474585547,4.176253337061755],[73.50614656793354,4.17625149547877],[73.50614567873302,4.176249653175778],[73.50614479092265,4.176247810168321],[73.50614390447197,4.176245966471788],[73.50614301935052,4.176244122101568],[73.50614213552782,4.176242277073183],[73.5061412529734,4.176240431402076],[73.50614037165683,4.176238585103634],[73.50613949154756,4.176236738193348],[73.50613861261517,4.176234890686622],[73.5061377348292,4.17623304259893],[73.5061374416097,4.176232424601358],[73.50613714851379,4.176231806541221],[73.50613685554033,4.176231188418955],[73.50613656268821,4.176230570235252],[73.50613626995626,4.176229951990695],[73.50613597734333,4.176229333685689],[73.50611069992773,4.176164090975819],[73.50611061033503,4.176163597599144],[73.50611052232722,4.176163103676081],[73.50611043590791,4.176162609212431],[73.50611035108072,4.176162114214081],[73.50611026784917,4.176161618686948],[73.50611018621674,4.176161122636954],[73.50611010618692,4.176160626070068],[73.5061100277631,4.176160128992126],[73.50610995094868,4.176159631409265],[73.50610987574692,4.176159133327468],[73.5061098021611,4.176158634752762],[73.50610973019447,4.176158135691161],[73.50610965985017,4.176157636148839],[73.50610959113135,4.176157136131801],[73.50610952404107,4.176156635646315],[73.50610942391508,4.17612279179085],[73.5061178107647,4.176082016663945],[73.50611798838705,4.176081519015231],[73.50611816752013,4.176081021860421],[73.50611834815952,4.176080525205151],[73.50611853030081,4.176080029054922],[73.50611871393949,4.176079533415384],[73.50611889907103,4.176079038292021],[73.5061190856909,4.17607854369043],[73.5061192737945,4.176078049616016],[73.5061194633772,4.176077556074206],[73.50611965443434,4.176077063070519],[73.50611984696124,4.176076570610318],[73.50612004095309,4.176076078698936],[73.50612023640521,4.176075587341789],[73.50612043331273,4.176075096544118],[73.50612063167087,4.176074606311293],[73.5061208314747,4.176074116648456],[73.50612103271935,4.176073627560923],[73.50612123539987,4.176073139053856],[73.50612143951129,4.176072651132432],[73.5061216450486,4.176072163801781],[73.50612185200677,4.17607167706703],[73.50612206038073,4.176071190933192],[73.50612227016539,4.176070705405406],[73.5061224813556,4.176070220488606],[73.5061226939462,4.176069736187848],[73.50612290793201,4.176069252507972],[73.5061231233078,4.176068769454024],[73.50612334006833,4.176068287030895],[73.5061235582083,4.176067805243309],[73.50612377772242,4.176067324096207],[73.50612399860535,4.176066843594401],[73.50612422085172,4.176066363742559],[73.50612444445613,4.176065884545558]],[[73.51039685036471,4.179060759640957],[73.51038819706625,4.179059376651031],[73.51038387047282,4.179058684898054],[73.51037954394636,4.179057992835549],[73.51037521750915,4.179057300360329],[73.510373054331,4.179056953935704],[73.51037089118351,4.179056607369226],[73.5103687280695,4.17905626064793],[73.51036656499176,4.17905591375902],[73.51036440195305,4.17905556668951],[73.51036223895619,4.179055219426575],[73.51036007600395,4.179054871957244],[73.51035791309916,4.179054524268705],[73.51035575024453,4.179054176347992],[73.51035358744292,4.179053828182209],[73.51035142469708,4.179053479758521],[73.51034926200983,4.179053131063983],[73.5103470993839,4.179052782085694],[73.51034493682215,4.179052432810775],[73.51034277432731,4.179052083226311],[73.51034061190224,4.17905173331945],[73.51033844954966,4.179051383077212],[73.5103362872724,4.179051032486787],[73.51033412507321,4.17905068153522],[73.51033196295494,4.179050330209702],[73.51032980092032,4.179049978497179],[73.51032763897216,4.179049626384889],[73.51032547711324,4.179049273859921],[73.51032331534637,4.179048920909286],[73.51032115367434,4.179048567520207],[73.51031899209991,4.179048213679701],[73.51031683062588,4.179047859374904],[73.51031466925507,4.179047504592901],[73.51031250799021,4.179047149320825],[73.51031034683415,4.179046793545748],[73.51030818578963,4.179046437254804],[73.51030602485947,4.179046080435074],[73.51030386404645,4.179045723073665],[73.51030170335336,4.179045365157677],[73.51029954278297,4.179045006674228],[73.51029738233811,4.179044647610421],[73.51029522202153,4.179044287953323],[73.51029306183604,4.179043927690103],[73.51029090178443,4.179043566807763],[73.51028874186947,4.179043205293488],[73.51028658209397,4.179042843134398],[73.51028442246071,4.179042480317539],[73.51028226297245,4.17904211683002],[73.51028010363203,4.179041752658972],[73.51027794444221,4.179041387791465],[73.5102757854058,4.179041022214651],[73.51027362652555,4.179040655915562],[73.51027146780429,4.179040288881354],[73.51026930924479,4.179039921099143],[73.51026715084984,4.179039552555998],[73.51026499262223,4.179039183239021],[73.51026283456474,4.179038813135311],[73.51026067668019,4.179038442232027],[73.51025851897133,4.179038070516197],[73.51025636144095,4.179037697974958],[73.5102542040919,4.179037324595397],[73.51025204692687,4.179036950364696],[73.51024988994874,4.179036575269809],[73.51024773316026,4.179036199297973],[73.51024557656419,4.17903582243625],[73.51024342016338,4.179035444671717],[73.51024126396057,4.179035065991485],[73.51023910795857,4.179034686382693],[73.51023695216017,4.179034305832408],[73.51023479656814,4.179033924327749],[73.5102326411853,4.179033541855802],[73.51023048601444,4.1790331584037],[73.5102283310583,4.179032773958498],[73.51022617631972,4.179032388507344],[73.51022402180146,4.179032002037359],[73.51022186750633,4.17903161453556],[73.5102197134371,4.179031225989117],[73.51021755959655,4.179030836385145],[73.51021540598751,4.179030445710684],[73.51021325261274,4.179030053952918],[73.51021109947501,4.17902966109886],[73.51020894657717,4.179029267135686],[73.51020679392194,4.179028872050479],[73.51020464151216,4.179028475830319],[73.51020248935059,4.179028078462313],[73.51020033744003,4.179027679933596],[73.51019818578328,4.17902728023125],[73.51019603438307,4.179026879342381],[73.51019388324228,4.179026477254085],[73.51019173236364,4.179026073953505],[73.51018958174997,4.179025669427685],[73.51018743140399,4.179025263663699],[73.51018528132859,4.179024856648778],[73.5101831315265,4.179024448369926],[73.5101809820005,4.179024038814279],[73.51017883275341,4.179023627968935],[73.51017668378802,4.179023215820967],[73.51017453510707,4.179022802357507],[73.51017238671342,4.179022387565676],[73.5101702386098,4.179021971432523],[73.51016809079904,4.179021553945219],[73.5101659432839,4.179021135090847],[73.51016379606718,4.179020714856477],[73.51016164915167,4.179020293229209],[73.51015950254015,4.179019870196213],[73.51015735623544,4.17901944574454],[73.51015521024028,4.179019019861277],[73.5101530645575,4.17901859253354],[73.51015091918987,4.179018163748465],[73.51014877414019,4.17901773349312],[73.51014662941121,4.179017301754623],[73.5101444850058,4.179016868520112],[73.51014234092665,4.179016433776603],[73.51014019717663,4.179015997511297],[73.51013805375848,4.179015559711198],[73.510135910675,4.17901512036349],[73.510133767929,4.179014679455225],[73.51013162552326,4.179014236973556],[73.51012948346056,4.179013792905566],[73.51012734174368,4.179013347238288],[73.51012520037543,4.179012899958946],[73.51012305935859,4.179012451054589],[73.51012091869595,4.179012000512269],[73.51011976265673,4.179011756486283],[73.51011860672082,4.179011511982254],[73.5101174508874,4.179011267003715],[73.51011629515565,4.179011021554188],[73.51011513952476,4.179010775637205],[73.51011398399385,4.179010529256255],[73.51011282856214,4.179010282414923],[73.5101116732288,4.179010035116694],[73.51011051799301,4.179009787365107],[73.51010936285392,4.179009539163676],[73.51010820781075,4.179009290515942],[73.51010705286262,4.179009041425452],[73.51010589800875,4.179008791895682],[73.51010474324829,4.179008541930196],[73.51010358858044,4.17900829153255],[73.51010243400432,4.179008040706192],[73.51010127951916,4.17900778945466],[73.51010012512411,4.179007537781577],[73.51009897081838,4.179007285690306],[73.51009781660112,4.179007033184536],[73.51009666247147,4.179006780267706],[73.51009550842868,4.179006526943396],[73.51009435447186,4.179006273215027],[73.51009320060021,4.179006019086219],[73.51009204681291,4.179005764560509],[73.51009089310914,4.179005509641346],[73.51008973948807,4.17900525433232],[73.51008858594884,4.17900499863693],[73.5100874324907,4.179004742558699],[73.51008627911276,4.179004486101175],[73.51008512581421,4.179004229267849],[73.51008397259426,4.179003972062302],[73.51008281945205,4.179003714488005],[73.51008166638675,4.179003456548528],[73.51008051339755,4.179003198247356],[73.51007936048363,4.179002939588059],[73.51007820764416,4.179002680574103],[73.51007705487831,4.179002421209078],[73.51007590218528,4.179002161496469],[73.51007474956421,4.179001901439862],[73.51007359701427,4.179001641042674],[73.51007244453467,4.179001380308542],[73.51007129212458,4.179001119240921],[73.51007013978317,4.179000857843376],[73.51006898750961,4.179000596119429],[73.51006783530305,4.179000334072597],[73.51006668316272,4.179000071706384],[73.51006553108776,4.178999809024361],[73.51006437907735,4.178999546030009],[73.51006322713067,4.178999282726902],[73.5100620752469,4.178999019118524],[73.51006092342521,4.178998755208443],[73.51005977166476,4.178998491000146],[73.51005861996477,4.17899822649717],[73.51005746832435,4.178997961703049],[73.5100563167427,4.178997696621286],[73.51005516521906,4.178997431255451],[73.5100540137525,4.178997165609045],[73.51005286234228,4.178996899685605],[73.5100517109875,4.178996633488615],[73.51005055968743,4.178996367021664],[73.51004940844116,4.178996100288256],[73.51004825724789,4.178995833291921],[73.51004710610681,4.178995566036114],[73.51004595501708,4.178995298524471],[73.51004480397789,4.178995030760462],[73.51004365298843,4.178994762747622],[73.51004250204781,4.178994494489455],[73.51004135115531,4.178994225989511],[73.51004020030999,4.178993957251344],[73.5100390495111,4.17899368827844],[73.51003789875779,4.178993419074302],[73.51003674804926,4.178993149642513],[73.51003559738463,4.178992879986595],[73.51003444676314,4.178992610110051],[73.5100332961839,4.178992340016399],[73.51003214564615,4.178992069709156],[73.51003099514905,4.178991799191894],[73.51002984469173,4.178991528468133],[73.51002869427339,4.178991257541357],[73.51002754389326,4.178990986415084],[73.51002639355042,4.178990715092935],[73.51002524324412,4.178990443578347],[73.5100240929735,4.178990171874871],[73.51002294273773,4.178989899986042],[73.51002179253604,4.178989627915382],[73.51002064236754,4.178989355666423],[73.51001949223141,4.178989083242686],[73.51001834212686,4.178988810647674],[73.51001719205304,4.178988537884941],[73.51001604200914,4.178988264958003],[73.51001489199435,4.178987991870396],[73.51001374200781,4.178987718625659],[73.51001259204872,4.178987445227293],[73.51001144211624,4.178987171678799],[73.51001029220953,4.178986897983781],[73.51000914232782,4.17898662414569],[73.51000799247024,4.178986350168083],[73.51000684263599,4.178986076054507],[73.51000569282421,4.178985801808468],[73.51000454303409,4.178985527433484],[73.51000339326482,4.178985252933056],[73.51000224351561,4.178984978310754],[73.51000109378556,4.1789847035701],[73.5099999440739,4.178984428714661],[73.50999879437974,4.178984153747839],[73.50999649504082,4.178983603494438],[73.50999419576216,4.178983052838142],[73.5099918965372,4.178982501807148],[73.50998959735931,4.178981950429662],[73.50998729822193,4.178981398733888],[73.50998499911843,4.178980846748062],[73.50998270004223,4.178980294500352],[73.5099781019453,4.178979189332271],[73.50997350387838,4.178978083455251],[73.50995511085507,4.178973657371812],[73.50995051214643,4.178972551335518],[73.50994591315111,4.178971445944439],[73.50994361352943,4.178970893561356],[73.50994131381628,4.178970341424238],[73.50993901400513,4.178969789561236],[73.50993671408925,4.17896923800059],[73.50993441406216,4.178968686770484],[73.50993211391717,4.178968135899175],[73.50992981364773,4.17896758541488],[73.50992866346431,4.178967310326613],[73.50992751324728,4.17896703534572],[73.50992636299584,4.178966760475655],[73.50992521270916,4.178966485719966],[73.5099240623864,4.178966211082227],[73.5099229120268,4.178965936565872],[73.50992176162944,4.178965662174503],[73.50992061119358,4.178965387911573],[73.50991946071832,4.178965113780651],[73.5099183102029,4.17896483978529],[73.50991715964649,4.178964565928992],[73.50991600904823,4.178964292215276],[73.5099148584073,4.178964018647695],[73.50991370772289,4.178963745229719],[73.50991255699417,4.178963471964949],[73.50991140622031,4.178963198856837],[73.50991025540053,4.178962925908972],[73.50990910453392,4.178962653124853],[73.50990795361972,4.178962380507952],[73.50990680265708,4.178962108061902],[73.50990565164521,4.178961835790159],[73.50990450058325,4.178961563696272],[73.50990334947038,4.178961291783763],[73.50990219830575,4.17896102005613],[73.50990104708859,4.178960748516966],[73.50989989581804,4.178960477169734],[73.50989874449331,4.178960206018025],[73.50989759311354,4.178959935065254],[73.5098964416779,4.178959664315072],[73.5098952901856,4.178959393770938],[73.50989413863574,4.178959123436382],[73.50989298702761,4.178958853314945],[73.5098918353603,4.178958583410141],[73.50989068363305,4.178958313725508],[73.50988953184495,4.178958044264584],[73.50988837999526,4.178957775030868],[73.50988722808309,4.178957506027912],[73.50988607610765,4.178957237259174],[73.5098849240681,4.178956968728285],[73.50988377196366,4.178956700438699],[73.50988261979343,4.178956432393952],[73.50988146755664,4.178956164597632],[73.50988031525243,4.178955897053152],[73.50987916288003,4.178955629764152],[73.50987801043857,4.17895536273407],[73.5098768579272,4.178955095966502],[73.50987570534517,4.17895482946491],[73.5098745526916,4.178954563232905],[73.50987339996568,4.178954297273926],[73.50987224716658,4.178954031591524],[73.5098710942935,4.178953766189253],[73.50986994134558,4.178953501070601],[73.50986878832204,4.17895323623913],[73.50986763522201,4.178952971698336],[73.50986648204469,4.178952707451827],[73.50986532878923,4.178952443502983],[73.50986417545482,4.178952179855432],[73.50986302204068,4.178951916512713],[73.50986186854588,4.178951653478261],[73.50986071496972,4.178951390755697],[73.50985956131127,4.178951128348506],[73.50985840756977,4.178950866260238],[73.50985725374439,4.178950604494365],[73.50985609983427,4.178950343054456],[73.5098549458386,4.178950081944029],[73.50985379175657,4.178949821166604],[73.50985263758736,4.178949560725735],[73.50985148333012,4.178949300624904],[73.50985032898403,4.178949040867648],[73.50984917454828,4.178948781457538],[73.50984802002205,4.178948522398079],[73.50984686540447,4.178948263692734],[73.50984571069478,4.178948005345106],[73.5098445558921,4.178947747358703],[73.50984340099563,4.178947489737091],[73.50984224600455,4.178947232483672],[73.50984109091806,4.1789469756021],[73.50983993573524,4.178946719095827],[73.50983878045538,4.178946462968405],[73.50983762507761,4.178946207223368],[73.50983646960107,4.178945951864206],[73.50983531402497,4.178945696894519],[73.5098341583485,4.178945442317743],[73.5098330025708,4.17894518813748],[73.50983184669106,4.178944934357217],[73.50983069070847,4.178944680980491],[73.50982953462217,4.178944428010817],[73.50982837843138,4.178944175451736],[73.50982722213524,4.178943923306747],[73.50982606573295,4.178943671579421],[73.50982346543209,4.178943112631042],[73.50982216544223,4.178942833285575],[73.50945297403499,4.178863644591924],[73.50945204805024,4.17886333930699],[73.5094511208835,4.178863033093361],[73.5094501925463,4.178862725960206],[73.50944926305027,4.178862417916529],[73.509448332407,4.178862108971575],[73.50937906233368,4.178838086370212],[73.50937709585986,4.178837385837917],[73.50937512827356,4.178836684431549],[73.50937315966749,4.178835982224007],[73.50937119013436,4.178835279288108],[73.50936921976688,4.178834575696644],[73.50936527689967,4.178833166838472],[73.5093613318075,4.178831756232216],[73.50935343791498,4.178828932106184],[73.5093520304377,4.178828374342686],[73.50927662024989,4.178796497137159],[73.50927523398954,4.178795878264136],[73.50927384807305,4.178795258498204],[73.50927246249897,4.178794637847263],[73.5092710772658,4.178794016319022],[73.509269692372,4.17879339392131],[73.5092683078161,4.178792770661929],[73.50920632828077,4.178763958514736],[73.50920495765173,4.178763304042539],[73.5091515455074,4.178737389138106],[73.50894327318275,4.178631119536505],[73.50886629892729,4.17859062096316],[73.50885490193892,4.178584605230235],[73.50880930689908,4.178560532355204],[73.50875751478146,4.178533213302247],[73.50874456432675,4.178526381292999],[73.50873161445183,4.178519546587475],[73.50871866593168,4.178512708286651],[73.50871219242181,4.178509287507047],[73.50870571954121,4.178505865491569],[73.5086819355004,4.178493245580291],[73.5086701579426,4.178486993683665],[73.50865851773978,4.17848081145802],[73.50865276345424,4.178477753729192],[73.50864706067678,4.178474722126968],[73.5086414151305,4.178471719554326],[73.50863583253853,4.178468748914212],[73.50863031862394,4.178465813109606],[73.50862487910992,4.178462915043467],[73.50861951971949,4.178460057618744],[73.50861687185912,4.178458645054109],[73.50861424617581,4.178457243738397],[73.50861150191592,4.178455778496809],[73.50860878258466,4.178454325950235],[73.5086034165949,4.178451458072461],[73.50859814398041,4.178448638365071],[73.50859296051512,4.178445865088096],[73.50857303362322,4.178435201484665],[73.50856823251205,4.178432634260035],[73.50856585614278,4.178431364252874],[73.5085634951934,4.178430103025867],[73.50856114913559,4.178428850361479],[73.50855881744111,4.178427606042226],[73.5085564995817,4.178426369850602],[73.5085541950291,4.178425141569122],[73.50855190325507,4.178423920980285],[73.5085507619949,4.178423313502623],[73.50854962373128,4.178422707866572],[73.50854848839816,4.178422104044905],[73.50854735592951,4.178421502010513],[73.50854622625931,4.178420901736111],[73.50854509932152,4.178420303194571],[73.50854397505009,4.178419706358713],[73.50854285337901,4.17841911120131],[73.50854173424221,4.178418517695182],[73.5085406175737,4.178417925813164],[73.50853950330743,4.178417335528078],[73.50853839137736,4.178416746812694],[73.50853728171747,4.178416159639847],[73.50853617426172,4.178415573982348],[73.50853506894408,4.178414989813044],[73.50853396569852,4.178414407104656],[73.508532864459,4.17841382583009],[73.50853176515949,4.178413245962134],[73.50853066773394,4.178412667473625],[73.50852957211636,4.178412090337264],[73.50852847824068,4.178411514525974],[73.50852738604088,4.178410940012539],[73.5085262954509,4.178410366769802],[73.50852520640476,4.178409794770493],[73.50852411883639,4.178409223987507],[73.50852303267976,4.178408654393607],[73.50852194786884,4.178408085961602],[73.50852086433763,4.178407518664377],[73.50851978202004,4.17840695247467],[73.50851870085008,4.178406387365283],[73.50851762076168,4.17840582330909],[73.50851654168883,4.178405260278874],[73.50851546356552,4.178404698247459],[73.50851438632567,4.178404137187663],[73.50851330990328,4.17840357707226],[73.5085122342323,4.178403017874099],[73.50851115924671,4.178402459565954],[73.50851008488046,4.178401902120696],[73.50850901106753,4.178401345511073],[73.50850793774188,4.178400789709947],[73.5085068648375,4.178400234690135],[73.50850579228833,4.178399680424438],[73.50850472002836,4.178399126885598],[73.50850364799152,4.178398574046565],[73.5085025761118,4.178398021880011],[73.50850150432318,4.178397470358841],[73.5085004325596,4.178396919455841],[73.50849936075505,4.178396369143814],[73.50849828884348,4.178395819395615],[73.5084972167589,4.17839527018398],[73.5084961444352,4.178394721481782],[73.50849507180641,4.178394173261823],[73.50849399880647,4.178393625496923],[73.50849292536935,4.178393078159869],[73.50849185142904,4.178392531223485],[73.50849077691946,4.178391984660587],[73.50848970177462,4.178391438443982],[73.50848862592848,4.178390892546505],[73.50848754931496,4.17839034694093],[73.50848647186812,4.178389801600087],[73.50848539352184,4.178389256496803],[73.50848431421012,4.178388711603864],[73.50848323386694,4.178388166894106],[73.50848215242624,4.17838762234035],[73.50848106982201,4.178387077915416],[73.5084799859882,4.178386533592042],[73.50847890085879,4.178385989343099],[73.50847781436775,4.178385445141388],[73.50847672644903,4.178384900959784],[73.50847563703661,4.178384356770986],[73.50847454606445,4.178383812547884],[73.50847345346652,4.17838326826323],[73.5084723591768,4.178382723889948],[73.50847126312925,4.178382179400704],[73.50847016525779,4.178381634768423],[73.50846906549648,4.178381089965889],[73.50846796377921,4.17838054496589],[73.50846686003996,4.178379999741265],[73.50846575867773,4.178379456459759],[73.50846465527559,4.178378912913487],[73.50846354986484,4.178378369087424],[73.50846244247685,4.178377824966659],[73.50846133314289,4.178377280536157],[73.50846022189435,4.178376735780951],[73.5084591087625,4.178376190686076],[73.5084579937787,4.178375645236564],[73.50845687697431,4.178375099417398],[73.50845575838058,4.178374553213646],[73.5084546380289,4.178374006610293],[73.50845351595056,4.178373459592386],[73.50845239217693,4.17837291214491],[73.50845126673931,4.178372364252933],[73.50845013966904,4.178371815901418],[73.50844901099742,4.178371267075454],[73.50844788075582,4.178370717760036],[73.50844674897553,4.178370167940135],[73.50844448092425,4.178369066727209],[73.50843992773606,4.178366857588963],[73.50843535343779,4.17836463870214],[73.50843305899896,4.178363525303457],[73.5084307600345,4.178362409108121],[73.50842960893345,4.178361849924281],[73.508428456795,4.178361289996341],[73.50842730365048,4.178360729309319],[73.50842614953112,4.178360167848266],[73.50842499446838,4.178359605598161],[73.50842383849348,4.178359042544044],[73.50842268163782,4.178358478670961],[73.50842152393271,4.178357913963913],[73.50842036540945,4.178357348407901],[73.5084192060994,4.17835678198799],[73.50841804603385,4.178356214689164],[73.50841688524419,4.178355646496493],[73.50841572376169,4.178355077394957],[73.5084145616177,4.178354507369558],[73.50841339884354,4.178353936405343],[73.50841223547056,4.17835336448735],[73.50841107153009,4.178352791600592],[73.50840990705339,4.178352217730055],[73.50840874207188,4.17835164286084],[73.50840757661685,4.178351066977894],[73.5084064107196,4.178350490066251],[73.50840524441152,4.178349912110929],[73.50840407772385,4.178349333097013],[73.50840291068802,4.17834875300945],[73.50840174333528,4.178348171833291],[73.50840057569701,4.178347589553573],[73.50839940780448,4.178347006155291],[73.50839823968907,4.178346421623464],[73.50839707138208,4.178345835943111],[73.50839590291484,4.178345249099311],[73.5083947343187,4.178344661077018],[73.50839356562498,4.178344071861264],[73.50839239686499,4.178343481437097],[73.50839122807008,4.17834288978954],[73.50839005927156,4.178342296903554],[73.50838889050075,4.178341702764223],[73.50838772178902,4.178341107356566],[73.50838655316765,4.1783405106656],[73.508385384668,4.178339912676307],[73.50838421632137,4.178339313373756],[73.5083830481591,4.178338712742962],[73.50838188021255,4.178338110768906],[73.50838071251304,4.178337507436644],[73.50837954509184,4.178336902731223],[73.5083783779803,4.178336296637574],[73.50837721120982,4.178335689140817],[73.50837604481163,4.178335080225954],[73.50837487881712,4.178334469877981],[73.50837371325758,4.178333858081917],[73.50837254816437,4.178333244822762],[73.5083713835688,4.178332630085599],[73.5083702195022,4.178332013855428],[73.5083690559959,4.1783313961172],[73.50836789308124,4.178330776856083],[73.50836673078955,4.178330156056973],[73.50836556915212,4.178329533704907],[73.50836440820031,4.178328909784951],[73.50836324796545,4.178328284282123],[73.50836208847882,4.178327657181422],[73.5083609297718,4.178327028467847],[73.50835977187573,4.178326398126464],[73.5083586148219,4.178325766142295],[73.50835745864163,4.178325132500337],[73.50835630336628,4.178324497185604],[73.5083551490272,4.178323860183184],[73.50835399565564,4.178323221477993],[73.50835284328299,4.178322581055113],[73.50835169194056,4.178321938899577],[73.50835054165967,4.178321294996372],[73.50834939247166,4.17832064933056],[73.50834824440786,4.178320001887096],[73.50834709749958,4.178319352651093],[73.50834595177817,4.178318701607469],[73.50834480727494,4.178318048741342],[73.50834366402124,4.178317394037713],[73.50834252204837,4.178316737481561],[73.50834138138765,4.178316079057924],[73.50834024207047,4.178315418751835],[73.50833910412811,4.178314756548324],[73.50833796759188,4.178314092432379],[73.50833683249316,4.178313426388996],[73.50833569886325,4.178312758403295],[73.50833456673345,4.178312088460241],[73.50833343613516,4.178311416544851],[73.50833230709964,4.178310742642162],[73.50833117965824,4.178310066737168],[73.5083300538423,4.178309388814926],[73.50832892968313,4.178308708860396],[73.50832780721207,4.178308026858701],[73.50832668646046,4.178307342794802],[73.5083255674596,4.178306656653687],[73.50832445024083,4.178305968420438],[73.50832333483548,4.178305278080072],[73.50832222127488,4.178304585617556],[73.50832110959034,4.17830389101799],[73.50831999981322,4.178303194266306],[73.50831891990796,4.178302513025586],[73.50831784181895,4.178301829757734],[73.50831676552042,4.178301144494625],[73.50831569098655,4.178300457268217],[73.5083146181915,4.178299768110383],[73.50831354710951,4.178299077052959],[73.50831247771472,4.178298384127938],[73.50831140998137,4.178297689367142],[73.50831034388358,4.178296992802512],[73.5083092793956,4.178296294465919],[73.5083082164916,4.178295594389237],[73.50830715514579,4.178294892604455],[73.50830609533232,4.178294189143346],[73.50830503702541,4.178293484037869],[73.50830398019922,4.178292777319911],[73.50830292482799,4.178292069021428],[73.50830187088584,4.178291359174194],[73.50830081834704,4.178290647810184],[73.50829976718573,4.178289934961299],[73.50829871737609,4.1782892206594],[73.50829766889235,4.178288504936394],[73.50829662170868,4.178287787824183],[73.50829557579925,4.178287069354678],[73.50829453113829,4.17828634955978],[73.50829348769996,4.178285628471301],[73.50829244545845,4.178284906121211],[73.50829140438795,4.178284182541415],[73.50829036446268,4.178283457763789],[73.5082893256568,4.178282731820256],[73.50828828794451,4.178282004742621],[73.5082872513,4.178281276562889],[73.50828621569744,4.178280547312887],[73.50828518111106,4.178279817024534],[73.50828414751501,4.17827908572972],[73.5082831148835,4.178278353460353],[73.5082820831907,4.17827762024834],[73.50828105241084,4.178276886125537],[73.50828002251808,4.178276151123883],[73.50827899348658,4.178275415275248],[73.50827796529063,4.178274678611528],[73.50827693790431,4.178273941164591],[73.50827591130187,4.178273202966396],[73.50827488545747,4.178272464048798],[73.50827386034531,4.178271724443721],[73.50827283593964,4.178270984182985],[73.50827181221453,4.178270243298619],[73.50827078914428,4.178269501822372],[73.508269766703,4.178268759786291],[73.50826874486492,4.178268017222143],[73.50826772360422,4.17826727416187],[73.5082667028951,4.178266530637397],[73.50826568271174,4.178265786680579],[73.50826466302836,4.178265042323287],[73.50826364381908,4.178264297597529],[73.50826262505815,4.178263552535095],[73.50826160671974,4.178262807167909],[73.50826058877804,4.178262061527856],[73.50825957120725,4.178261315646863],[73.50825855398155,4.178260569556819],[73.50825753707511,4.178259823289601],[73.50825652046217,4.178259076877123],[73.50825550411685,4.178258330351281],[73.50825347212604,4.178256837087027]]]}},{"type":"Feature","properties":{"OBJECTID":"1552","roadEN":"Ibraahim Hasan Dheedhee Magu","roadDI":null,"deadEnd":0,"SHAPE_Leng":56.47383},"geometry":{"type":"MultiLineString","coordinates":[[[73.50922092842458,4.179481859084865],[73.50968598538901,4.179413770947907],[73.50972351073014,4.179404219373741],[73.50972359701467,4.17940419741115],[73.50977078255298,4.179392186959705],[73.50980788196341,4.179380571914625],[73.50987513071775,4.179359517738231],[73.51045348450054,4.179197305812704]]]}},{"type":"Feature","properties":{"OBJECTID":"1557","roadEN":"Faamudheyri Magu","roadDI":null,"deadEnd":0,"SHAPE_Leng":23.39218},"geometry":{"type":"MultiLineString","coordinates":[[[73.50935343791498,4.178828932106184],[73.50936707736662,4.178760560362967],[73.50934734887437,4.178620126722134]]]}},{"type":"Feature","properties":{"OBJECTID":"1559","roadEN":"Dhan'bu Goalhi","roadDI":null,"deadEnd":0,"SHAPE_Leng":74.76245},"geometry":{"type":"MultiLineString","coordinates":[[[73.50934734887437,4.178620126722134],[73.51000410690595,4.17847064528185]]]}},{"type":"Feature","properties":{"OBJECTID":"1561","roadEN":"Faamudheyri Magu","roadDI":null,"deadEnd":0,"SHAPE_Leng":78.55875},"geometry":{"type":"MultiLineString","coordinates":[[[73.50934734887437,4.178620126722134],[73.50924851882148,4.177916623386306]]]}},{"type":"Feature","properties":{"OBJECTID":"1565","roadEN":"Fareedhee Goalhi","roadDI":null,"deadEnd":0,"SHAPE_Leng":77.24658},"geometry":{"type":"MultiLineString","coordinates":[[[73.5085676775004,4.177630908606687],[73.50824125717625,4.17824786165901]]]}},{"type":"Feature","properties":{"OBJECTID":"1568","roadEN":"Faraeedhee Hin'gun","roadDI":null,"deadEnd":0,"SHAPE_Leng":51.55892},"geometry":{"type":"MultiLineString","coordinates":[[[73.5089674873348,4.177841996531552],[73.50911406289612,4.177399542633214]]]}},{"type":"Feature","properties":{"OBJECTID":"1570","roadEN":"Bentheyo Goalhi","roadDI":null,"deadEnd":0,"SHAPE_Leng":72.0464},"geometry":{"type":"MultiLineString","coordinates":[[[73.50778025489016,4.17714418679495],[73.50740218835998,4.177673767167042]]]}},{"type":"Feature","properties":{"OBJECTID":"1574","roadEN":"Fenfiyaazu Goalhi","roadDI":null,"deadEnd":0,"SHAPE_Leng":36.55999},"geometry":{"type":"MultiLineString","coordinates":[[[73.50825347212604,4.178256837087027],[73.50819899377335,4.178520697071822],[73.50818931185023,4.178581089789086],[73.50818221153078,4.178625379281538],[73.50817345257126,4.178664938353705],[73.50816113183427,4.178720583868524],[73.50803332994532,4.179308597232557]]]}},{"type":"Feature","properties":{"OBJECTID":"1575","roadEN":null,"roadDI":null,"deadEnd":0,"SHAPE_Leng":1.67396},"geometry":{"type":"MultiLineString","coordinates":[[[73.50825347212604,4.178256837087027],[73.508247387625,4.178252363574267],[73.50824586691625,4.178251245901149],[73.50824434620054,4.178250128724551],[73.50824282539108,4.178249012151679],[73.50824206492408,4.178248454125182],[73.50824130440111,4.178247896289823]]]}},{"type":"Feature","properties":{"OBJECTID":"1577","roadEN":"Fukkafa Goalhi","roadDI":null,"deadEnd":0,"SHAPE_Leng":19.2183},"geometry":{"type":"MultiLineString","coordinates":[[[73.50860543116924,4.178798789497677],[73.50844002054505,4.178747536059811]]]}},{"type":"Feature","properties":{"OBJECTID":"1580","roadEN":"Fiyaathoshi Magu","roadDI":null,"deadEnd":0,"SHAPE_Leng":48.95582},"geometry":{"type":"MultiLineString","coordinates":[[[73.50818931185023,4.178581089789086],[73.50699226269334,4.178170988082858]]]}},{"type":"Feature","properties":{"OBJECTID":"1582","roadEN":"Fiyaathoshi Hin'gun","roadDI":null,"deadEnd":0,"SHAPE_Leng":40.82185},"geometry":{"type":"MultiLineString","coordinates":[[[73.50777197010224,4.178438111291893],[73.50772950408363,4.178705842530698],[73.50771154272847,4.178802248289725],[73.50767988209769,4.178972183410705],[73.5076709939597,4.179033212377043],[73.50765153664958,4.179166812785255]]]}},{"type":"Feature","properties":{"OBJECTID":"1585","roadEN":"Haveeree Goalhi","roadDI":null,"deadEnd":0,"SHAPE_Leng":28.22713},"geometry":{"type":"MultiLineString","coordinates":[[[73.5076709939597,4.179033212377043],[73.50743851343506,4.178929848119566]]]}},{"type":"Feature","properties":{"OBJECTID":"1587","roadEN":"Ithaa Goalhi","roadDI":null,"deadEnd":0,"SHAPE_Leng":19.41822},"geometry":{"type":"MultiLineString","coordinates":[[[73.50700997913263,4.178931333223764],[73.50731358251502,4.178281070482413]]]}},{"type":"Feature","properties":{"OBJECTID":"1591","roadEN":"Lainoofaru Magu","roadDI":null,"deadEnd":0,"SHAPE_Leng":43.70496},"geometry":{"type":"MultiLineString","coordinates":[[[73.50733075571222,4.177621140896078],[73.50661295805986,4.178787128093524]]]}},{"type":"Feature","properties":{"OBJECTID":"1594","roadEN":"Feeroazu Magu","roadDI":null,"deadEnd":0,"SHAPE_Leng":53.54493},"geometry":{"type":"MultiLineString","coordinates":[[[73.50712377633543,4.177957357807601],[73.50665551834969,4.177841341922698],[73.50651707932253,4.177807042129466],[73.50639068818289,4.177775727311019],[73.50634222025425,4.177764305478309],[73.50629209434071,4.177754714934639],[73.50628714286249,4.177753767572801],[73.50625868525024,4.177748322803144],[73.50623979169154,4.177743132337214],[73.5061344006806,4.177714179156544],[73.50587222497776,4.177646293175258]]]}},{"type":"Feature","properties":{"OBJECTID":"1597","roadEN":"Sameemi Goalhi","roadDI":null,"deadEnd":0,"SHAPE_Leng":72.08639},"geometry":{"type":"MultiLineString","coordinates":[[[73.50629209434071,4.177754714934639],[73.50628122913233,4.178295610298355],[73.50628512388863,4.178391388480811],[73.50628567447569,4.178396380698878],[73.5062869084555,4.178401248227719],[73.50628880203932,4.178405897230918],[73.5062915978281,4.178410644670342],[73.50629507991549,4.178414910218961],[73.50629916736422,4.178418594728791],[73.50630376516595,4.178421612557361],[73.50630876644988,4.17842389355858],[73.50673938828282,4.178581755822476]]]}},{"type":"Feature","properties":{"OBJECTID":"1601","roadEN":"Shaheedh Kudanevi Thuhthu Hin'gun","roadDI":null,"deadEnd":0,"SHAPE_Leng":51.22386},"geometry":{"type":"MultiLineString","coordinates":[[[73.5076080622587,4.176257912776154],[73.50804787271377,4.176117874765646],[73.5081084086776,4.176098598958423],[73.50835749641062,4.176019284600765],[73.508425542886,4.175999227600665],[73.50848854005241,4.17598065889992],[73.50879764909853,4.175887190467767],[73.50927854347759,4.17574177724963]]]}},{"type":"Feature","properties":{"OBJECTID":"1603","roadEN":"Kenaree Magu","roadDI":"ކެނެރީ މަގު","deadEnd":0,"SHAPE_Leng":27.04202},"geometry":{"type":"MultiLineString","coordinates":[[[73.50989395214782,4.177582975972321],[73.50942278739727,4.177473961878175],[73.50912968914804,4.177406147151159],[73.50912578113609,4.177405006104578],[73.50912202622622,4.177403429821048],[73.50911406289612,4.177399542633214],[73.50893345418437,4.177311380997096],[73.50889605646435,4.177290570165602],[73.50884594326685,4.177262683506941],[73.50866779400984,4.177171494184323],[73.50855937885215,4.177115999653866],[73.50848983617144,4.177080402790772],[73.5084613295728,4.177067194298534],[73.50843353448549,4.177054315482794],[73.50837592184823,4.177027620742187],[73.50800823128056,4.176841371630664],[73.50771591722653,4.176693303401687],[73.50769711167504,4.176683777667038],[73.50765097975426,4.176660410073557]]]}},{"type":"Feature","properties":{"OBJECTID":"1605","roadEN":"Champaa Magu","roadDI":null,"deadEnd":0,"SHAPE_Leng":36.14861},"geometry":{"type":"MultiLineString","coordinates":[[[73.50771591722653,4.176693303401687],[73.50765682372968,4.176459791813958],[73.50764487709027,4.176410543973564],[73.50761963172322,4.176306474550439],[73.5076080622587,4.176257912776154],[73.50759552702307,4.176205297263844],[73.50752427652469,4.17594202402921],[73.50748933450797,4.175812911959456],[73.50738535365619,4.175428698705284]]]}},{"type":"Feature","properties":{"OBJECTID":"1609","roadEN":"Raiyfus Goalhi","roadDI":null,"deadEnd":0,"SHAPE_Leng":43.46236},"geometry":{"type":"MultiLineString","coordinates":[[[73.50771591722653,4.176693303401687],[73.50769711167504,4.176683777667038],[73.50768991426149,4.176680882463692],[73.50768232891735,4.176679269639658],[73.5076745804621,4.176678986996849],[73.50766689854952,4.176680042912426],[73.50765951086123,4.176682406090422],[73.50765263635842,4.176686006489416],[73.50764647879215,4.176690737398364],[73.50764122066442,4.176696458599533],[73.50763701781914,4.176703000524027],[73.50763399482301,4.176710169278111],[73.5075434430733,4.176989828799636]]]}},{"type":"Feature","properties":{"OBJECTID":"1611","roadEN":"Sayyidh Kilegefaanu Magu","roadDI":"ސައްޔިދު ކިލެގެފާނު މަގު","deadEnd":0,"SHAPE_Leng":58.91745},"geometry":{"type":"MultiLineString","coordinates":[[[73.50839760586044,4.175321114681214],[73.5084088351186,4.175634490502702],[73.50841919990333,4.175923742270263],[73.50842553637605,4.175999069715197]],[[73.508425542886,4.175999227600665],[73.508444772874,4.176465612290534],[73.50844313166206,4.176531642978229]],[[73.50844312966504,4.176531723324087],[73.5084420902301,4.176573542741739],[73.5084613295728,4.177067194298534]]]}},{"type":"Feature","properties":{"OBJECTID":"1612","roadEN":"Bulbul Goalhi","roadDI":null,"deadEnd":0,"SHAPE_Leng":82.88054},"geometry":{"type":"MultiLineString","coordinates":[[[73.5081084086776,4.176098598958423],[73.50800823128056,4.176841371630664]]]}},{"type":"Feature","properties":{"OBJECTID":"1616","roadEN":"Dhidhi Goalhi","roadDI":null,"deadEnd":0,"SHAPE_Leng":59.9008},"geometry":{"type":"MultiLineString","coordinates":[[[73.50945175680803,4.176266440848363],[73.50844312966504,4.176531723324087]]]}},{"type":"Feature","properties":{"OBJECTID":"1619","roadEN":"Narugis Goalhi","roadDI":null,"deadEnd":0,"SHAPE_Leng":18.87371},"geometry":{"type":"MultiLineString","coordinates":[[[73.50843353448549,4.177054315482794],[73.50817708211707,4.177399580850976]]]}},{"type":"Feature","properties":{"OBJECTID":"1622","roadEN":"Zamaanee Goalhi","roadDI":null,"deadEnd":0,"SHAPE_Leng":48.8359},"geometry":{"type":"MultiLineString","coordinates":[[[73.50804787271377,4.176117874765646],[73.50785410011262,4.175378269178271]]]}},{"type":"Feature","properties":{"OBJECTID":"1627","roadEN":"Athamaa Goalhi","roadDI":null,"deadEnd":0,"SHAPE_Leng":67.08569},"geometry":{"type":"MultiLineString","coordinates":[[[73.50867719934142,4.175292658541934],[73.50879764909853,4.175887190467767]]]}},{"type":"Feature","properties":{"OBJECTID":"1630","roadEN":"Asrumaa Goalhi","roadDI":null,"deadEnd":0,"SHAPE_Leng":63.82809},"geometry":{"type":"MultiLineString","coordinates":[[[73.50764487709027,4.176410543973564],[73.50730078259551,4.176445572316871],[73.5072914442247,4.176445708584158],[73.5072822219221,4.176444228627373],[73.50727339108948,4.176441176641896],[73.50726521543842,4.176436643767931],[73.50725793911501,4.176430765368811],[73.50725177940899,4.176423716988809],[73.50724692026513,4.176415709110749],[73.50724350678999,4.176406980870604],[73.5071997161411,4.176258371217402],[73.50714825617695,4.176083734648712],[73.50710615093452,4.175940616439934],[73.50710361177593,4.17593198568901],[73.50701217861223,4.17563035961394]]]}},{"type":"Feature","properties":{"OBJECTID":"1633","roadEN":null,"roadDI":null,"deadEnd":1,"SHAPE_Leng":28.0761},"geometry":{"type":"MultiLineString","coordinates":[[[73.50989925382619,4.175274412621759],[73.50964775376295,4.175301035908582]]]}},{"type":"Feature","properties":{"OBJECTID":"1635","roadEN":null,"roadDI":null,"deadEnd":1,"SHAPE_Leng":13.64299},"geometry":{"type":"MultiLineString","coordinates":[[[73.50891126232834,4.175391743282463],[73.50888561333191,4.175271076752876]]]}},{"type":"Feature","properties":{"OBJECTID":"1636","roadEN":null,"roadDI":null,"deadEnd":1,"SHAPE_Leng":5.00983},"geometry":{"type":"MultiLineString","coordinates":[[[73.50886883254496,4.175407169037117],[73.50891126232834,4.175391743282463]]]}},{"type":"Feature","properties":{"OBJECTID":"1638","roadEN":null,"roadDI":null,"deadEnd":1,"SHAPE_Leng":13.26291},"geometry":{"type":"MultiLineString","coordinates":[[[73.50891126232834,4.175391743282463],[73.50902359005958,4.175350905442883]]]}},{"type":"Feature","properties":{"OBJECTID":"1639","roadEN":null,"roadDI":null,"deadEnd":1,"SHAPE_Leng":28.45128},"geometry":{"type":"MultiLineString","coordinates":[[[73.50815650651482,4.175679463663712],[73.5084088351186,4.175634490502702]]]}},{"type":"Feature","properties":{"OBJECTID":"1641","roadEN":null,"roadDI":null,"deadEnd":1,"SHAPE_Leng":20.14436},"geometry":{"type":"MultiLineString","coordinates":[[[73.50809484213713,4.175581040208187],[73.50791969918164,4.175628652603048]]]}},{"type":"Feature","properties":{"OBJECTID":"1642","roadEN":null,"roadDI":null,"deadEnd":1,"SHAPE_Leng":12.53186},"geometry":{"type":"MultiLineString","coordinates":[[[73.50793596708908,4.175690745159063],[73.5080433678696,4.175655863547718]]]}},{"type":"Feature","properties":{"OBJECTID":"1645","roadEN":null,"roadDI":null,"deadEnd":1,"SHAPE_Leng":24.80089},"geometry":{"type":"MultiLineString","coordinates":[[[73.50748933450797,4.175812911959456],[73.5077049046665,4.175754076931883]]]}},{"type":"Feature","properties":{"OBJECTID":"1646","roadEN":null,"roadDI":null,"deadEnd":1,"SHAPE_Leng":13.16021},"geometry":{"type":"MultiLineString","coordinates":[[[73.50752427652469,4.17594202402921],[73.50763695964723,4.175905075893639]]]}},{"type":"Feature","properties":{"OBJECTID":"1649","roadEN":null,"roadDI":null,"deadEnd":1,"SHAPE_Leng":20.23573},"geometry":{"type":"MultiLineString","coordinates":[[[73.50710615093452,4.175940616439934],[73.50727049928692,4.1758614773899]]]}},{"type":"Feature","properties":{"OBJECTID":"1651","roadEN":null,"roadDI":null,"deadEnd":1,"SHAPE_Leng":24.47067},"geometry":{"type":"MultiLineString","coordinates":[[[73.5071997161411,4.176258371217402],[73.50697937308436,4.176252587418485]]]}},{"type":"Feature","properties":{"OBJECTID":"1654","roadEN":null,"roadDI":null,"deadEnd":1,"SHAPE_Leng":8.95869},"geometry":{"type":"MultiLineString","coordinates":[[[73.50765097975426,4.176660410073557],[73.50757059997323,4.176667564965017]]]}},{"type":"Feature","properties":{"OBJECTID":"1655","roadEN":null,"roadDI":null,"deadEnd":1,"SHAPE_Leng":22.90108},"geometry":{"type":"MultiLineString","coordinates":[[[73.5073005058184,4.176832079325767],[73.50738716784582,4.176644131662029]]]}},{"type":"Feature","properties":{"OBJECTID":"1657","roadEN":null,"roadDI":null,"deadEnd":1,"SHAPE_Leng":28.1525},"geometry":{"type":"MultiLineString","coordinates":[[[73.50685667264513,4.176545493878921],[73.50687417675863,4.176291496874514]]]}},{"type":"Feature","properties":{"OBJECTID":"1659","roadEN":null,"roadDI":null,"deadEnd":1,"SHAPE_Leng":47.62156},"geometry":{"type":"MultiLineString","coordinates":[[[73.5068705885054,4.176201767717933],[73.5068757709789,4.176126497009157],[73.50684928049805,4.176071886657501],[73.50685434900784,4.176070277649561],[73.50672397293195,4.175812458186941]]]}},{"type":"Feature","properties":{"OBJECTID":"1661","roadEN":null,"roadDI":null,"deadEnd":1,"SHAPE_Leng":19.71546},"geometry":{"type":"MultiLineString","coordinates":[[[73.50325746975076,4.177739182645704],[73.50331844428437,4.177571720627872]]]}},{"type":"Feature","properties":{"OBJECTID":"1663","roadEN":null,"roadDI":null,"deadEnd":0,"SHAPE_Leng":10.16161},"geometry":{"type":"MultiLineString","coordinates":[[[73.50619769307788,4.178414706044132],[73.50628880203932,4.178405897230918]]]}},{"type":"Feature","properties":{"OBJECTID":"1665","roadEN":null,"roadDI":null,"deadEnd":0,"SHAPE_Leng":20.58151},"geometry":{"type":"MultiLineString","coordinates":[[[73.50706675178182,4.178399021198329],[73.50689497034196,4.178329029300525]]]}},{"type":"Feature","properties":{"OBJECTID":"1667","roadEN":null,"roadDI":null,"deadEnd":1,"SHAPE_Leng":19.79415},"geometry":{"type":"MultiLineString","coordinates":[[[73.50716010831776,4.178609784266596],[73.50733724419236,4.178630166879058]]]}},{"type":"Feature","properties":{"OBJECTID":"1669","roadEN":null,"roadDI":null,"deadEnd":1,"SHAPE_Leng":18.20799},"geometry":{"type":"MultiLineString","coordinates":[[[73.50734256062216,4.178464957950418],[73.50739845885295,4.178310148623678]]]}},{"type":"Feature","properties":{"OBJECTID":"1670","roadEN":null,"roadDI":null,"deadEnd":1,"SHAPE_Leng":24.13667},"geometry":{"type":"MultiLineString","coordinates":[[[73.50744279149816,4.178555660204055],[73.50750206013329,4.178345641807941]]]}},{"type":"Feature","properties":{"OBJECTID":"1671","roadEN":null,"roadDI":null,"deadEnd":1,"SHAPE_Leng":21.97923},"geometry":{"type":"MultiLineString","coordinates":[[[73.50755446304133,4.178571942572398],[73.50759423245555,4.178377219486265]]]}},{"type":"Feature","properties":{"OBJECTID":"1675","roadEN":null,"roadDI":null,"deadEnd":1,"SHAPE_Leng":23.66977},"geometry":{"type":"MultiLineString","coordinates":[[[73.50771154272847,4.178802248289725],[73.50765008465592,4.178794361180893],[73.50764859018803,4.178802647843541],[73.50750694778677,4.17878396589566]]]}},{"type":"Feature","properties":{"OBJECTID":"1677","roadEN":null,"roadDI":null,"deadEnd":1,"SHAPE_Leng":13.11592},"geometry":{"type":"MultiLineString","coordinates":[[[73.50745750631486,4.178812773823484],[73.50743851343506,4.178929848119566]]]}},{"type":"Feature","properties":{"OBJECTID":"1678","roadEN":"Haveeree Goalhi","roadDI":null,"deadEnd":0,"SHAPE_Leng":43.01737},"geometry":{"type":"MultiLineString","coordinates":[[[73.50743851343506,4.178929848119566],[73.50708421968,4.178772323749564]]]}},{"type":"Feature","properties":{"OBJECTID":"1679","roadEN":null,"roadDI":null,"deadEnd":0,"SHAPE_Leng":17.38472},"geometry":{"type":"MultiLineString","coordinates":[[[73.50848853421081,4.178598048295034],[73.50844002054505,4.178747536059811]]]}},{"type":"Feature","properties":{"OBJECTID":"1680","roadEN":"Fukkafa Goalhi","roadDI":null,"deadEnd":0,"SHAPE_Leng":30.97131},"geometry":{"type":"MultiLineString","coordinates":[[[73.50844002054505,4.178747536059811],[73.50817345257126,4.178664938353705]]]}},{"type":"Feature","properties":{"OBJECTID":"1681","roadEN":null,"roadDI":null,"deadEnd":0,"SHAPE_Leng":27.1312},"geometry":{"type":"MultiLineString","coordinates":[[[73.50875498906503,4.177740641983429],[73.50867383213632,4.177972085092176]]]}},{"type":"Feature","properties":{"OBJECTID":"1682","roadEN":null,"roadDI":null,"deadEnd":0,"SHAPE_Leng":15.03486},"geometry":{"type":"MultiLineString","coordinates":[[[73.50867383213632,4.177972085092176],[73.5085437082,4.177934410597013]]]}},{"type":"Feature","properties":{"OBJECTID":"1684","roadEN":null,"roadDI":null,"deadEnd":1,"SHAPE_Leng":13.94005},"geometry":{"type":"MultiLineString","coordinates":[[[73.50804168306843,4.177314133869291],[73.50811186788627,4.177209596413486]]]}},{"type":"Feature","properties":{"OBJECTID":"1686","roadEN":null,"roadDI":null,"deadEnd":1,"SHAPE_Leng":14.39112},"geometry":{"type":"MultiLineString","coordinates":[[[73.50833190196124,4.177191144814972],[73.50821727845711,4.177130363657063]]]}},{"type":"Feature","properties":{"OBJECTID":"1688","roadEN":null,"roadDI":null,"deadEnd":1,"SHAPE_Leng":19.6933},"geometry":{"type":"MultiLineString","coordinates":[[[73.50858917199693,4.176940428106667],[73.50855937885215,4.177115999653866]]]}},{"type":"Feature","properties":{"OBJECTID":"1690","roadEN":null,"roadDI":null,"deadEnd":1,"SHAPE_Leng":30.63903},"geometry":{"type":"MultiLineString","coordinates":[[[73.50866779400984,4.177171494184323],[73.50872197826658,4.176899795066168]]]}},{"type":"Feature","properties":{"OBJECTID":"1692","roadEN":null,"roadDI":null,"deadEnd":0,"SHAPE_Leng":18.43186},"geometry":{"type":"MultiLineString","coordinates":[[[73.50996663881575,4.178308252158725],[73.51000410690595,4.17847064528185]]]}},{"type":"Feature","properties":{"OBJECTID":"1693","roadEN":"Dhan'bu Goalhi","roadDI":null,"deadEnd":0,"SHAPE_Leng":19.52642},"geometry":{"type":"MultiLineString","coordinates":[[[73.51000410690595,4.17847064528185],[73.51017563864441,4.178431603685113]]]}},{"type":"Feature","properties":{"OBJECTID":"1694","roadEN":null,"roadDI":null,"deadEnd":1,"SHAPE_Leng":20.2962},"geometry":{"type":"MultiLineString","coordinates":[[[73.51518049585518,4.172466584112661],[73.51536232767566,4.172447555524351]]]}},{"type":"Feature","properties":{"OBJECTID":"1696","roadEN":null,"roadDI":null,"deadEnd":1,"SHAPE_Leng":27.38002},"geometry":{"type":"MultiLineString","coordinates":[[[73.50284391313602,4.175542358546924],[73.50259868248119,4.17556863781051]]]}},{"type":"Feature","properties":{"OBJECTID":"1698","roadEN":null,"roadDI":null,"deadEnd":1,"SHAPE_Leng":24.76263},"geometry":{"type":"MultiLineString","coordinates":[[[73.50636803313974,4.176860515552861],[73.5064898025763,4.177048144910034]]]}},{"type":"Feature","properties":{"OBJECTID":"1699","roadEN":null,"roadDI":null,"deadEnd":0,"SHAPE_Leng":15.34135},"geometry":{"type":"MultiLineString","coordinates":[[[73.50661620129527,4.177525863339275],[73.50657484730296,4.177526322793821],[73.50656920203785,4.177437508063447],[73.50656638617318,4.177429784389561]]]}},{"type":"Feature","properties":{"OBJECTID":"1700","roadEN":null,"roadDI":null,"deadEnd":0,"SHAPE_Leng":5.78758},"geometry":{"type":"MultiLineString","coordinates":[[[73.5065142920833,4.177431764010708],[73.50656638617318,4.177429784389561]]]}},{"type":"Feature","properties":{"OBJECTID":"1701","roadEN":null,"roadDI":null,"deadEnd":0,"SHAPE_Leng":8.95938},"geometry":{"type":"MultiLineString","coordinates":[[[73.5065142920833,4.177431764010708],[73.50651953699415,4.177512619171092]]]}},{"type":"Feature","properties":{"OBJECTID":"1702","roadEN":null,"roadDI":null,"deadEnd":0,"SHAPE_Leng":43.75175},"geometry":{"type":"MultiLineString","coordinates":[[[73.50656638617318,4.177429784389561],[73.50656326523213,4.17742122391745],[73.50650768215813,4.177038709340739]]]}},{"type":"Feature","properties":{"OBJECTID":"1705","roadEN":null,"roadDI":null,"deadEnd":1,"SHAPE_Leng":15.19813},"geometry":{"type":"MultiLineString","coordinates":[[[73.5060834103506,4.177415618423109],[73.50604128880137,4.177284838280627]]]}},{"type":"Feature","properties":{"OBJECTID":"1706","roadEN":null,"roadDI":null,"deadEnd":1,"SHAPE_Leng":13.74955},"geometry":{"type":"MultiLineString","coordinates":[[[73.50612301982984,4.177241706545891],[73.5061629336845,4.177359419461508]]]}},{"type":"Feature","properties":{"OBJECTID":"1707","roadEN":null,"roadDI":null,"deadEnd":1,"SHAPE_Leng":25.55727},"geometry":{"type":"MultiLineString","coordinates":[[[73.50638693227252,4.177356699227452],[73.50632900364893,4.177133003092911]]]}},{"type":"Feature","properties":{"OBJECTID":"1711","roadEN":null,"roadDI":null,"deadEnd":1,"SHAPE_Leng":38.74236},"geometry":{"type":"MultiLineString","coordinates":[[[73.5067872485524,4.177598831575324],[73.506836055812,4.177465532119176],[73.50694844259375,4.17729037796834]]]}},{"type":"Feature","properties":{"OBJECTID":"1713","roadEN":null,"roadDI":null,"deadEnd":1,"SHAPE_Leng":18.79029},"geometry":{"type":"MultiLineString","coordinates":[[[73.50623979169154,4.177743132337214],[73.50623192193802,4.177573381416915]]]}},{"type":"Feature","properties":{"OBJECTID":"1714","roadEN":null,"roadDI":null,"deadEnd":0,"SHAPE_Leng":21.76436},"geometry":{"type":"MultiLineString","coordinates":[[[73.50628714286249,4.177753767572801],[73.50630146666623,4.177557462202442]]]}},{"type":"Feature","properties":{"OBJECTID":"1715","roadEN":null,"roadDI":null,"deadEnd":0,"SHAPE_Leng":1.43509},"geometry":{"type":"MultiLineString","coordinates":[[[73.50628739271114,4.177543449528112],[73.50628649205427,4.177556396570917]]]}},{"type":"Feature","properties":{"OBJECTID":"1716","roadEN":null,"roadDI":null,"deadEnd":0,"SHAPE_Leng":1.66664},"geometry":{"type":"MultiLineString","coordinates":[[[73.50630146666623,4.177557462202442],[73.50628649205427,4.177556396570917]]]}},{"type":"Feature","properties":{"OBJECTID":"1718","roadEN":null,"roadDI":null,"deadEnd":1,"SHAPE_Leng":15.26055},"geometry":{"type":"MultiLineString","coordinates":[[[73.50667258947448,4.177704397676314],[73.50665551834969,4.177841341922698]]]}},{"type":"Feature","properties":{"OBJECTID":"1719","roadEN":null,"roadDI":null,"deadEnd":1,"SHAPE_Leng":17.35763},"geometry":{"type":"MultiLineString","coordinates":[[[73.50654682689486,4.177652931530311],[73.50651707932253,4.177807042129466]]]}},{"type":"Feature","properties":{"OBJECTID":"1722","roadEN":"Moosaa Ibrahim Dheedhee Goalhi","roadDI":null,"deadEnd":0,"SHAPE_Leng":46.63912},"geometry":{"type":"MultiLineString","coordinates":[[[73.50939046668285,4.180129371014199],[73.50932699646961,4.179712419470735]]]}},{"type":"Feature","properties":{"OBJECTID":"1725","roadEN":null,"roadDI":null,"deadEnd":1,"SHAPE_Leng":13.00499},"geometry":{"type":"MultiLineString","coordinates":[[[73.50858419308321,4.176373045510157],[73.50861502270871,4.176486513260348]]]}},{"type":"Feature","properties":{"OBJECTID":"1727","roadEN":null,"roadDI":null,"deadEnd":1,"SHAPE_Leng":28.36478},"geometry":{"type":"MultiLineString","coordinates":[[[73.50901219499633,4.176646306781996],[73.50900243154152,4.176626791307047],[73.50892981400452,4.176403719011794]]]}},{"type":"Feature","properties":{"OBJECTID":"1729","roadEN":null,"roadDI":null,"deadEnd":1,"SHAPE_Leng":0.24792},"geometry":{"type":"MultiLineString","coordinates":[[[73.50894014749043,4.176786325527068],[73.50894207769768,4.176785198031745]]]}},{"type":"Feature","properties":{"OBJECTID":"1730","roadEN":null,"roadDI":null,"deadEnd":1,"SHAPE_Leng":2.71977},"geometry":{"type":"MultiLineString","coordinates":[[[73.50892975794737,4.176763937520432],[73.50894207769768,4.176785198031745]]]}},{"type":"Feature","properties":{"OBJECTID":"1731","roadEN":null,"roadDI":null,"deadEnd":1,"SHAPE_Leng":7.11544},"geometry":{"type":"MultiLineString","coordinates":[[[73.50892975794737,4.176763937520432],[73.50898633550185,4.176733703535938]]]}},{"type":"Feature","properties":{"OBJECTID":"1732","roadEN":null,"roadDI":null,"deadEnd":1,"SHAPE_Leng":11.58558},"geometry":{"type":"MultiLineString","coordinates":[[[73.50898633550185,4.176733703535938],[73.50893453183599,4.176642747638026]]]}},{"type":"Feature","properties":{"OBJECTID":"1733","roadEN":null,"roadDI":null,"deadEnd":1,"SHAPE_Leng":17.17201},"geometry":{"type":"MultiLineString","coordinates":[[[73.50894014749043,4.176786325527068],[73.50901970465611,4.176919507799582]]]}},{"type":"Feature","properties":{"OBJECTID":"1734","roadEN":null,"roadDI":null,"deadEnd":1,"SHAPE_Leng":3.92523},"geometry":{"type":"MultiLineString","coordinates":[[[73.50922986450144,4.176989943346164],[73.50921727482383,4.176956771223662]]]}},{"type":"Feature","properties":{"OBJECTID":"1735","roadEN":null,"roadDI":null,"deadEnd":1,"SHAPE_Leng":5.71098},"geometry":{"type":"MultiLineString","coordinates":[[[73.50921727482383,4.176956771223662],[73.50926568578771,4.17693930577131]]]}},{"type":"Feature","properties":{"OBJECTID":"1736","roadEN":null,"roadDI":null,"deadEnd":1,"SHAPE_Leng":12.19401},"geometry":{"type":"MultiLineString","coordinates":[[[73.50921727482383,4.176956771223662],[73.50917816408605,4.176853719632903]]]}},{"type":"Feature","properties":{"OBJECTID":"1737","roadEN":null,"roadDI":null,"deadEnd":1,"SHAPE_Leng":20.59777},"geometry":{"type":"MultiLineString","coordinates":[[[73.50921813915743,4.176839182994189],[73.50913147322606,4.176674473801826]]]}},{"type":"Feature","properties":{"OBJECTID":"1738","roadEN":null,"roadDI":null,"deadEnd":1,"SHAPE_Leng":17.86982},"geometry":{"type":"MultiLineString","coordinates":[[[73.50940661736483,4.177634754783503],[73.50942278739727,4.177473961878175]]]}},{"type":"Feature","properties":{"OBJECTID":"1739","roadEN":null,"roadDI":null,"deadEnd":1,"SHAPE_Leng":24.26398},"geometry":{"type":"MultiLineString","coordinates":[[[73.50932768712173,4.177702319861832],[73.50930879781619,4.177920936544979]]]}},{"type":"Feature","properties":{"OBJECTID":"1742","roadEN":"Dhilkushaa Goalhi","roadDI":null,"deadEnd":0,"SHAPE_Leng":44.51809},"geometry":{"type":"MultiLineString","coordinates":[[[73.5095951055789,4.176702101804611],[73.50921813915743,4.176839182994189],[73.50921807733137,4.17683920547679],[73.50917816408605,4.176853719632903],[73.50912449912545,4.176873234493965],[73.50902723123968,4.176914692205336],[73.50902329608928,4.176916768275491],[73.5090197531866,4.176919464013852],[73.50901970465611,4.176919507799582],[73.50901726884238,4.176922015086502],[73.50901513938702,4.17692487140955],[73.50901340164593,4.176927983587387],[73.50901208567062,4.176931297799963],[73.50889605646435,4.177290570165602]]]}},{"type":"Feature","properties":{"OBJECTID":"1748","roadEN":null,"roadDI":null,"deadEnd":1,"SHAPE_Leng":15.88968},"geometry":{"type":"MultiLineString","coordinates":[[[73.51224490378283,4.175050976601557],[73.5123872881552,4.175036370121457]]]}},{"type":"Feature","properties":{"OBJECTID":"1749","roadEN":null,"roadDI":null,"deadEnd":1,"SHAPE_Leng":19.60204},"geometry":{"type":"MultiLineString","coordinates":[[[73.512415669417,4.175137057239959],[73.51224577953658,4.175185339448267]]]}},{"type":"Feature","properties":{"OBJECTID":"1750","roadEN":null,"roadDI":null,"deadEnd":1,"SHAPE_Leng":17.08767},"geometry":{"type":"MultiLineString","coordinates":[[[73.51196272686177,4.175135304839123],[73.51211293770773,4.175101598776159]]]}},{"type":"Feature","properties":{"OBJECTID":"1754","roadEN":null,"roadDI":null,"deadEnd":1,"SHAPE_Leng":23.99401},"geometry":{"type":"MultiLineString","coordinates":[[[73.51207611654463,4.175614949183689],[73.51228595079776,4.175562974726275]]]}},{"type":"Feature","properties":{"OBJECTID":"1755","roadEN":null,"roadDI":null,"deadEnd":1,"SHAPE_Leng":20.23841},"geometry":{"type":"MultiLineString","coordinates":[[[73.51239214666496,4.175725601167274],[73.51256763408193,4.175676043365045]]]}},{"type":"Feature","properties":{"OBJECTID":"1756","roadEN":null,"roadDI":null,"deadEnd":1,"SHAPE_Leng":19.27562},"geometry":{"type":"MultiLineString","coordinates":[[[73.51230192397827,4.175811522831952],[73.51213376473167,4.175854916619319]]]}},{"type":"Feature","properties":{"OBJECTID":"1760","roadEN":null,"roadDI":null,"deadEnd":1,"SHAPE_Leng":33.93795},"geometry":{"type":"MultiLineString","coordinates":[[[73.51301199555881,4.175134601906739],[73.51298141957074,4.175051628932018],[73.51291085290825,4.17484498021965]]]}},{"type":"Feature","properties":{"OBJECTID":"1762","roadEN":null,"roadDI":null,"deadEnd":1,"SHAPE_Leng":29.33835},"geometry":{"type":"MultiLineString","coordinates":[[[73.5133980009603,4.175214650949865],[73.51353025455735,4.175222210143272],[73.51353366648993,4.175222188530213],[73.51353704851165,4.175221735405365],[73.51365963216664,4.175197319686113]]]}},{"type":"Feature","properties":{"OBJECTID":"1763","roadEN":null,"roadDI":null,"deadEnd":1,"SHAPE_Leng":19.24017},"geometry":{"type":"MultiLineString","coordinates":[[[73.51339451455476,4.175243390385522],[73.51322153517377,4.175232727032523]]]}},{"type":"Feature","properties":{"OBJECTID":"1767","roadEN":null,"roadDI":null,"deadEnd":1,"SHAPE_Leng":13.18227},"geometry":{"type":"MultiLineString","coordinates":[[[73.51314002629438,4.175611665500763],[73.51325668494992,4.175589447387677]]]}},{"type":"Feature","properties":{"OBJECTID":"1769","roadEN":null,"roadDI":null,"deadEnd":1,"SHAPE_Leng":23.64178},"geometry":{"type":"MultiLineString","coordinates":[[[73.513541234971,4.175727388285759],[73.51374985442989,4.175684475263727]]]}},{"type":"Feature","properties":{"OBJECTID":"1770","roadEN":null,"roadDI":null,"deadEnd":1,"SHAPE_Leng":18.76436},"geometry":{"type":"MultiLineString","coordinates":[[[73.51355882805653,4.175580941877766],[73.51372578543779,4.175554514618342]]]}},{"type":"Feature","properties":{"OBJECTID":"1773","roadEN":null,"roadDI":null,"deadEnd":1,"SHAPE_Leng":6.86403},"geometry":{"type":"MultiLineString","coordinates":[[[73.51344452333181,4.175737878162429],[73.51343392082534,4.175676720908649]]]}},{"type":"Feature","properties":{"OBJECTID":"1774","roadEN":null,"roadDI":null,"deadEnd":1,"SHAPE_Leng":18.68964},"geometry":{"type":"MultiLineString","coordinates":[[[73.51343392082534,4.175676720908649],[73.513268595874,4.175708600262372]]]}},{"type":"Feature","properties":{"OBJECTID":"1776","roadEN":null,"roadDI":null,"deadEnd":1,"SHAPE_Leng":17.41958},"geometry":{"type":"MultiLineString","coordinates":[[[73.51328060948127,4.175828780373759],[73.5134351975945,4.175801799743268]]]}},{"type":"Feature","properties":{"OBJECTID":"1778","roadEN":null,"roadDI":null,"deadEnd":1,"SHAPE_Leng":15.79146},"geometry":{"type":"MultiLineString","coordinates":[[[73.5131709204286,4.176192603532082],[73.51330196064727,4.176137054100542]]]}},{"type":"Feature","properties":{"OBJECTID":"1780","roadEN":null,"roadDI":null,"deadEnd":1,"SHAPE_Leng":21.91019},"geometry":{"type":"MultiLineString","coordinates":[[[73.51267793256764,4.176075037414257],[73.51248114363959,4.176090040253157]]]}},{"type":"Feature","properties":{"OBJECTID":"1782","roadEN":null,"roadDI":null,"deadEnd":1,"SHAPE_Leng":19.5101},"geometry":{"type":"MultiLineString","coordinates":[[[73.51228091090009,4.176493855126749],[73.51245249435632,4.176455721618657]]]}},{"type":"Feature","properties":{"OBJECTID":"1784","roadEN":null,"roadDI":null,"deadEnd":1,"SHAPE_Leng":15.76411},"geometry":{"type":"MultiLineString","coordinates":[[[73.5124504942764,4.176590052170468],[73.51231279222112,4.176624842684193]]]}},{"type":"Feature","properties":{"OBJECTID":"1786","roadEN":null,"roadDI":null,"deadEnd":1,"SHAPE_Leng":21.21601},"geometry":{"type":"MultiLineString","coordinates":[[[73.51269356000046,4.176831174716018],[73.51287996680601,4.176788900485544]]]}},{"type":"Feature","properties":{"OBJECTID":"1789","roadEN":null,"roadDI":null,"deadEnd":1,"SHAPE_Leng":17.89869},"geometry":{"type":"MultiLineString","coordinates":[[[73.51278826319269,4.17646601699006],[73.51294119874348,4.176414789331766]]]}},{"type":"Feature","properties":{"OBJECTID":"1791","roadEN":null,"roadDI":null,"deadEnd":1,"SHAPE_Leng":29.90411},"geometry":{"type":"MultiLineString","coordinates":[[[73.5130823097317,4.177374874673407],[73.5131408755787,4.177638850978216]]]}},{"type":"Feature","properties":{"OBJECTID":"1793","roadEN":null,"roadDI":null,"deadEnd":1,"SHAPE_Leng":14.85034},"geometry":{"type":"MultiLineString","coordinates":[[[73.51422004483153,4.177351203830209],[73.51424213686002,4.177483662817448]]]}},{"type":"Feature","properties":{"OBJECTID":"1795","roadEN":null,"roadDI":null,"deadEnd":1,"SHAPE_Leng":10.03734},"geometry":{"type":"MultiLineString","coordinates":[[[73.5143193453093,4.177125081121871],[73.51428104035134,4.177042855351869]]]}},{"type":"Feature","properties":{"OBJECTID":"1797","roadEN":null,"roadDI":null,"deadEnd":1,"SHAPE_Leng":12.45651},"geometry":{"type":"MultiLineString","coordinates":[[[73.51408276206615,4.177002337250356],[73.51418663214524,4.176959736808777]]]}},{"type":"Feature","properties":{"OBJECTID":"1799","roadEN":null,"roadDI":null,"deadEnd":0,"SHAPE_Leng":19.47655},"geometry":{"type":"MultiLineString","coordinates":[[[73.5131333773126,4.178462129368492],[73.51308581403698,4.17829258482433]]]}},{"type":"Feature","properties":{"OBJECTID":"1801","roadEN":null,"roadDI":null,"deadEnd":1,"SHAPE_Leng":11.65344},"geometry":{"type":"MultiLineString","coordinates":[[[73.51489347653693,4.176918962676878],[73.51485615558181,4.176820457761297]]]}},{"type":"Feature","properties":{"OBJECTID":"1804","roadEN":null,"roadDI":null,"deadEnd":1,"SHAPE_Leng":21.72579},"geometry":{"type":"MultiLineString","coordinates":[[[73.51487320232366,4.176662872300511],[73.51505316593568,4.176585688946342]]]}},{"type":"Feature","properties":{"OBJECTID":"1806","roadEN":null,"roadDI":null,"deadEnd":1,"SHAPE_Leng":23.85024},"geometry":{"type":"MultiLineString","coordinates":[[[73.51390242725006,4.175221238887532],[73.51383418734004,4.175016713510531]]]}},{"type":"Feature","properties":{"OBJECTID":"1808","roadEN":null,"roadDI":null,"deadEnd":1,"SHAPE_Leng":33.9452},"geometry":{"type":"MultiLineString","coordinates":[[[73.51446300577366,4.174987807982936],[73.51440484300713,4.174686420228196]]]}},{"type":"Feature","properties":{"OBJECTID":"1810","roadEN":null,"roadDI":null,"deadEnd":1,"SHAPE_Leng":11.89398},"geometry":{"type":"MultiLineString","coordinates":[[[73.51375969513195,4.17573761018418],[73.51386481213288,4.175716832513573]]]}},{"type":"Feature","properties":{"OBJECTID":"1812","roadEN":null,"roadDI":null,"deadEnd":1,"SHAPE_Leng":38.61345},"geometry":{"type":"MultiLineString","coordinates":[[[73.51402048756418,4.175539104741623],[73.51413309931954,4.175869506003712]]]}},{"type":"Feature","properties":{"OBJECTID":"1814","roadEN":null,"roadDI":null,"deadEnd":1,"SHAPE_Leng":25.15168},"geometry":{"type":"MultiLineString","coordinates":[[[73.51395070302443,4.175408209220624],[73.51416919446562,4.175348070034073]]]}},{"type":"Feature","properties":{"OBJECTID":"1816","roadEN":null,"roadDI":null,"deadEnd":1,"SHAPE_Leng":5.78928},"geometry":{"type":"MultiLineString","coordinates":[[[73.51782962890405,4.175480549841506],[73.5178491395126,4.175529104224702]]]}},{"type":"Feature","properties":{"OBJECTID":"1817","roadEN":null,"roadDI":null,"deadEnd":1,"SHAPE_Leng":16.13177},"geometry":{"type":"MultiLineString","coordinates":[[[73.5178491395126,4.175529104224702],[73.51799328916424,4.175510729565683]]]}},{"type":"Feature","properties":{"OBJECTID":"1819","roadEN":null,"roadDI":null,"deadEnd":0,"SHAPE_Leng":23.47108},"geometry":{"type":"MultiLineString","coordinates":[[[73.51733906966749,4.172508240377987],[73.5173609862098,4.172719364424651]]]}},{"type":"Feature","properties":{"OBJECTID":"1820","roadEN":null,"roadDI":null,"deadEnd":0,"SHAPE_Leng":2.63371},"geometry":{"type":"MultiLineString","coordinates":[[[73.51733906966749,4.172508240377987],[73.5173626738193,4.172505858701776]]]}},{"type":"Feature","properties":{"OBJECTID":"1821","roadEN":null,"roadDI":null,"deadEnd":1,"SHAPE_Leng":18.80582},"geometry":{"type":"MultiLineString","coordinates":[[[73.51620694100032,4.172722960796721],[73.51624390942558,4.172888937031981]]]}},{"type":"Feature","properties":{"OBJECTID":"1822","roadEN":null,"roadDI":null,"deadEnd":1,"SHAPE_Leng":15.04296},"geometry":{"type":"MultiLineString","coordinates":[[[73.51628686658178,4.173016795519902],[73.51625136974113,4.172885501354276]]]}},{"type":"Feature","properties":{"OBJECTID":"1823","roadEN":null,"roadDI":null,"deadEnd":0,"SHAPE_Leng":0.91121},"geometry":{"type":"MultiLineString","coordinates":[[[73.51624390942558,4.172888937031981],[73.51625136974113,4.172885501354276]]]}},{"type":"Feature","properties":{"OBJECTID":"1825","roadEN":null,"roadDI":null,"deadEnd":0,"SHAPE_Leng":20.10738},"geometry":{"type":"MultiLineString","coordinates":[[[73.51086416305364,4.178015539919195],[73.51085123065839,4.178015883561817],[73.51083842201703,4.17801405890899],[73.51082609523401,4.178010116974463],[73.51081459494199,4.178004167967092],[73.51080424266651,4.177996378209391],[73.51079532783686,4.177986965487742],[73.51078809969401,4.177976192963373],[73.51078276032256,4.177964361814888],[73.51077945900074,4.177951802817922],[73.51077828802687,4.177938867097223],[73.51077928013899,4.177925916310129],[73.5107824075995,4.177913312535134],[73.51078758297066,4.177901408148852],[73.51079466155926,4.177890535974409]]]}},{"type":"Feature","properties":{"OBJECTID":"1826","roadEN":null,"roadDI":null,"deadEnd":0,"SHAPE_Leng":12.801},"geometry":{"type":"MultiLineString","coordinates":[[[73.51093298993594,4.177935892572418],[73.51093233004607,4.177948738758033],[73.51092956784515,4.177961299494694],[73.51092477907036,4.17797323037702],[73.51091809502599,4.17798420426992],[73.51090969898314,4.177993920277984],[73.51089982115444,4.1780021119962],[73.51088873238209,4.17800855481418],[73.51087673671127,4.178013072075069],[73.51086416305364,4.178015539919195]]]}}]}