{"type":"FeatureCollection","name":"Resort_16","crs":{"type":"name","properties":{"name":"urn:ogc:def:crs:OGC:1.3:CRS84"}},"features":[{"type":"Feature","properties":{"OBJECTID":"1","srl":null,"Atoll":"Alifu Alifu","FCOde":"LD1080","Island":"Bathalaa","is3":"Bathala","Rooms":70,"Beds":140,"Phone":"7905040","Fax":null,"Email":"resmg.thudufushi@diamonds-resorts.com","Resort_Pho":"4002400","Resort_Fax":"-","Resort_Ema":"info.bathala@sandies-resorts.com","Operator":"Away Hotels Maldives Pvt. Ltd. \nM. Veeza \nDhambu Goalhi 20190\nMale’, Republic of Maldives","Owner_Less":"B Resorts Investment Pvt. Ltd. \nG. Neem Building, 3rd Floor\nMajeedhee Magu\nMale’, Republic of Maldives","Management":"-","State":"Operating","resortName":"Sandies Bathala","numRoom":70,"numBeds":140,"lat":4.07035,"long":72.94566},"geometry":{"type":"Point","coordinates":[72.94565829250186,4.070347823599987]}},{"type":"Feature","properties":{"OBJECTID":"2","srl":"54","Atoll":"Alifu Alifu","FCOde":"LD0201","Island":"Ellaidhoo","is3":"Ellaidhoo","Rooms":112,"Beds":224,"Phone":"331 3738\n333 2867","Fax":"332 6264","Email":"resorts@cinnamonhotels.com","Resort_Pho":"666 0514","Resort_Fax":null,"Resort_Ema":"ellaidhoo@cinnamonhotels.com","Operator":"Travel Club Pvt. Ltd. \nH. Maizaan, 2nd Floor\nSosun Magu\nMale', Republic of Maldives","Owner_Less":"Ellaidhoo Investments Pvt Ltd\n5A STO Aifaanu Building, \nBoduthakurufaanu Magu Male', Republic of Maldives","Management":null,"State":"Operating","resortName":"Ellaidhoo Maldives By Cinnamon","numRoom":112,"numBeds":224,"lat":4.00619,"long":72.94914},"geometry":{"type":"Point","coordinates":[72.94913537450185,4.006194811559992]}},{"type":"Feature","properties":{"OBJECTID":"3","srl":"171","Atoll":"Alifu Alifu","FCOde":"LD1002","Island":"Fesdhoo","is3":"Fesdhoo","Rooms":81,"Beds":162,"Phone":"7931698","Fax":null,"Email":"vijay.kumar@marriott.com","Resort_Pho":"6662222","Resort_Fax":"6662222","Resort_Ema":"reservations.wmaldives@whotels.com","Operator":"Manta Resort Holdings I Pvt. Ltd \nH. #02-01, Millennia Tower\n10 Ameer Ahmed Magu 20026\nMale', Republic of Maldives","Owner_Less":"Manta Resort Holdings I Pvt. Ltd \nH. #02-01, Millennia Tower\n10 Ameer Ahmed Magu 20026\nMale', Republic of Maldives","Management":"Marriott Hotels Maldives Pvt Ltd \nH. #04-01, Millennia Tower\n10 Ameer Ahmed Magu 20026\nMale', Republic of Maldives","State":"Not Operating","resortName":"W Maldives","numRoom":81,"numBeds":162,"lat":4.00686,"long":72.81102},"geometry":{"type":"Point","coordinates":[72.81101637100289,4.006856101839973]}},{"type":"Feature","properties":{"OBJECTID":"4","srl":"67","Atoll":"Alifu Alifu","FCOde":"LD0343","Island":"Gangehi","is3":"Gangehi","Rooms":36,"Beds":72,"Phone":"332 9013","Fax":"332 9014","Email":"info@gangehi.com / info@fushifaru.com","Resort_Pho":"666-0505","Resort_Fax":"666-0505","Resort_Ema":"info@gangehi.com / info@fushifaru.com","Operator":"Noomadi Resorts Pvt. Ltd.\nH. East Light, No.4/A, 4th floor, \nAmeer Ahmed Magu, \nMale', Republic of Maldives","Owner_Less":"Gangehi Invesments Pvt Ltd\nH. Dhonveli Thundi, Ground Floor, \nDhunbugas Magu, \nMale', Republic of Maldives","Management":"-","State":"Operating","resortName":"Gangehi Island Resort","numRoom":36,"numBeds":72,"lat":4.22006,"long":72.75497},"geometry":{"type":"Point","coordinates":[72.75497277630343,4.220064957139958]}},{"type":"Feature","properties":{"OBJECTID":"5","srl":"41","Atoll":"Alifu Alifu","FCOde":"LD0375","Island":"Halaveli","is3":"Halaveli","Rooms":86,"Beds":172,"Phone":"3343613\n3343614","Fax":"3343615","Email":"officemgr@halaveli.com","Resort_Pho":"666 7000","Resort_Fax":null,"Resort_Ema":"resa@constancehotels.com","Operator":"The Waterfront Pvt Ltd .\n2nd Floor, H.Thandiraiymaage\nRoashanee Magu\nMale', Republic of Maldives","Owner_Less":"Eastinvest Pvt Ltd \n2nd Floor, (West Wing) #2-04, H.Aage \nBoduthakurufaanu Magu\nMale', Republic of Maldives\nadmin@bb-mld.com","Management":"Constance Hotels International Services Pvt Ltd \nC/O Shah, Hussain & Co, 06th Floor, H. Aage \n12, Boduthakurufaanu Magu\nMale', Republic of Maldives","State":"Operating","resortName":"Constance Halaveli Resort","numRoom":86,"numBeds":172,"lat":4.03844,"long":72.91936},"geometry":{"type":"Point","coordinates":[72.91936387100205,4.038439065779997]}},{"type":"Feature","properties":{"OBJECTID":"6","srl":"87","Atoll":"Alifu Alifu","FCOde":"LD0027","Island":"Kan'dholhudhoo","is3":"Kandholhudhoo","Rooms":30,"Beds":60,"Phone":"6680789 / 6680790\n3323080","Fax":"6680788\n3333618","Email":"www.kandholhu.com","Resort_Pho":"668 0790","Resort_Fax":null,"Resort_Ema":"info@kandolhu.com","Operator":"Kandholhudhoo Holdings Pvt Ltd \n39 Orchid Magu, Male'","Owner_Less":"Kandholhudhoo Island Investment Pvt. Ltd. \n39 Orchid Magu, Male'","Management":null,"State":"Operating","resortName":"Kandolhu Island Maldives","numRoom":30,"numBeds":60,"lat":4.00256,"long":72.88176},"geometry":{"type":"Point","coordinates":[72.88175817440231,4.002556046419976]}},{"type":"Feature","properties":{"OBJECTID":"7","srl":"111","Atoll":"Alifu Alifu","FCOde":"LD0893","Island":"Kudafolhudhoo","is3":"Kudafolhudhoo","Rooms":52,"Beds":104,"Phone":"7771643\n6660516\n3314541","Fax":"3325097","Email":"nika_htl@dhivehinet.net.mv","Resort_Pho":"6660516","Resort_Fax":"6660516","Resort_Ema":"reservation@nikaisland.com.mv","Operator":"Nika Maldives Pvt.Ltd. \nG. Nafaa, Raadhafathi Hingun\nM. West House, Chambeylee Magu\nMale', Republic of Maldives","Owner_Less":"Nika Maldives Pvt.Ltd. \nM. West House, Chambeylee Magu\nMale', Republic of Maldives\nnika_htl@dhivehinet.net.mv","Management":"-","State":"Operating","resortName":"Nika Island Resort and Spa","numRoom":52,"numBeds":104,"lat":4.18126,"long":72.76687},"geometry":{"type":"Point","coordinates":[72.76686899380331,4.181263787069966]}},{"type":"Feature","properties":{"OBJECTID":"8","srl":"94","Atoll":"Alifu Alifu","FCOde":"LD1139","Island":"Kuramathi","is3":"Kuramathi","Rooms":395,"Beds":790,"Phone":"3323080","Fax":"3333618","Email":"iyaz.waheed@universalenterprises.com","Resort_Pho":"6660527","Resort_Fax":"6660556","Resort_Ema":"info@kuramathi.com","Operator":"Universal Enterprises Pvt. Ltd. \nH. 39, Orchid Magu\nMale', Republic of Maldives","Owner_Less":"Universal Enterprises Pvt. Ltd. \nH. 39, Orchid Magu\nMale', Republic of Maldives","Management":null,"State":"Operating","resortName":"Kuramathi Maldives","numRoom":395,"numBeds":790,"lat":4.25891,"long":72.981},"geometry":{"type":"Point","coordinates":[72.98099533000163,4.258908236789988]}},{"type":"Feature","properties":{"OBJECTID":"9","srl":"100","Atoll":"Alifu Alifu","FCOde":"LD0300","Island":"Maayafushi","is3":"Maayafushi","Rooms":75,"Beds":150,"Phone":"3323214","Fax":"3322516","Email":"manager.maleoffice@nakairesorts.com","Resort_Pho":"6660588","Resort_Fax":"6660588","Resort_Ema":"maayafushi@nakairesorts.com / reservations@maayafushi.com","Operator":"Maayafushi Resort Management Pvt Ltd \nM. Omadu Fanu Building, 2nd Floor \nHaveeree Hingun\nMale', Republic of Maldives","Owner_Less":"I.R.T.S Private Limited\nM.Omadu Fanu Building, 2nd Floor\nHaveeree Hingun\nMale', Republic of Maldives","Management":null,"State":"Operating","resortName":"Maayafushi Tourist Resort","numRoom":75,"numBeds":150,"lat":4.07359,"long":72.88759},"geometry":{"type":"Point","coordinates":[72.88759058410224,4.073591322019996]}},{"type":"Feature","properties":{"OBJECTID":"10","srl":"167","Atoll":"Alifu Alifu","FCOde":"LD0807","Island":"Veligan'du","is3":"Veligan'du","Rooms":91,"Beds":182,"Phone":"3322432","Fax":"3324009","Email":"info@crowncompany.com","Resort_Pho":"666 0519","Resort_Fax":"666 0519","Resort_Ema":"reservations@veligandu.com","Operator":"Crown Company Pvt. Ltd. \nFasmeeru Building, 6th Floor\nBoduthakurufaanu Magu\nMale', Republic of Maldives","Owner_Less":"Crown Company Pvt. Ltd. \nFasmeeru Building, 6th Floor\nBoduthakurufaanu Magu\nMale', Republic of Maldives","Management":"-","State":"Not Operating","resortName":"Veligandu Maldives Resort Island","numRoom":91,"numBeds":182,"lat":4.29881,"long":73.01152},"geometry":{"type":"Point","coordinates":[73.01151937610148,4.298806941470017]}},{"type":"Feature","properties":{"OBJECTID":"11","srl":"12","Atoll":"Alifu Dhaalu","FCOde":"LD0316","Island":"Angaagau","is3":"Angaga","Rooms":90,"Beds":180,"Phone":"331 3523","Fax":"331 3522","Email":"info@happymarket.com.mv","Resort_Pho":"6680510","Resort_Fax":"6680510","Resort_Ema":"angaga@dhivehinet.net.mv","Operator":"Angiri Resorts Management and Operations Pvt Ltd\nM.New Plot, 2nd Floor \nAmeenee Magu\nMale', Republic of Maldives","Owner_Less":"Angiri Resorts Management and Operations Pvt Ltd \nM.New Plot, 2nd Floor \nAmeenee Magu\nMale', Republic of Maldives","Management":null,"State":"Operating","resortName":"Angaga Island Resort and Spa","numRoom":90,"numBeds":180,"lat":3.65221,"long":72.82205},"geometry":{"type":"Point","coordinates":[72.82204596110284,3.652209859469985]}},{"type":"Feature","properties":{"OBJECTID":"12","srl":"49","Atoll":"Alifu Dhaalu","FCOde":"LD1147","Island":"Athurugau","is3":"Athurugau","Rooms":73,"Beds":146,"Phone":"3323617","Fax":"3325336","Email":"info@voyages.com","Resort_Pho":"6680508","Resort_Fax":"6680508","Resort_Ema":"es.athuruga@diamonds-resorts.comiinfo@voyagesmaldives.com","Operator":"Voyages Maldives Pvt. Ltd.\nM. Narugis, \nChaandhanee Magu,\nMale', Republic of Maldives","Owner_Less":"Voyages Maldives Pvt. Ltd.\nM. Narugis, \nChaandhanee Magu,\nMale', Republic of Maldives\ninfo@voyages.com","Management":null,"State":"Operating","resortName":"Diamonds Athuruga Beach & Water Villas","numRoom":73,"numBeds":146,"lat":3.88716,"long":72.8162},"geometry":{"type":"Point","coordinates":[72.81619516550286,3.887158780549975]}},{"type":"Feature","properties":{"OBJECTID":"13","srl":"20","Atoll":"Alifu Dhaalu","FCOde":"LD0220","Island":"Bodufinolhu","is3":"Bodufinolhu","Rooms":100,"Beds":200,"Phone":"7231441 / 7379247","Fax":null,"Email":"whalelagoon.gm@barcelo.com","Resort_Pho":"9606683000","Resort_Fax":null,"Resort_Ema":"whalelagoon.info@barcelo.com","Operator":"Browns Ari Resort Pvt Ltd \nM. No. 6-A, Faamudheyri Building\nOrchid Magu 20209\nMale', Republic of Maldives","Owner_Less":"Browns Ari Resort Pvt Ltd \nM. No. 6-A, Faamudheyri Building\nOrchid Magu 20209\nMale', Republic of Maldives","Management":"Barcelo Indian Ocean Pvt Ltd \nH. Aage, 06th Floor\n12 Boduthakurufaanu Magu\nMale', Republic of Maldives","State":"Operating","resortName":"Barceló Whale Lagoon Maldives","numRoom":100,"numBeds":200,"lat":3.49442,"long":72.7609},"geometry":{"type":"Point","coordinates":[72.76089825100345,3.494417740729983]}},{"type":"Feature","properties":{"OBJECTID":"14","srl":"99","Atoll":"Alifu Dhaalu","FCOde":"LD1007","Island":"Dhihdhoofinolhu","is3":"Dhidhdhoofinolhu","Rooms":193,"Beds":386,"Phone":"331 2204","Fax":"331 7508","Email":"reservation@luxresorts.com / stay@luxmaldivesresort.com","Resort_Pho":"668-0901","Resort_Fax":"668-0901","Resort_Ema":"reservation@luxresorts.com / stay@luxmaldivesresort.com","Operator":"White Sands Resort and Spa Pvt Ltd\nJazeera Building, 5th Floor\nBoduthakurufaanu Magu\nMale', Republic of Maldives","Owner_Less":"Ari Beach Co Pvt Ltd\nM.Kinbidhooge\nIzzudheen Magu\nMale', Republic of Maldives","Management":null,"State":"Operating","resortName":"Lux* South Ari Atoll, Maldives","numRoom":193,"numBeds":386,"lat":3.49859,"long":72.89629},"geometry":{"type":"Point","coordinates":[72.89629209880223,3.498592193349982]}},{"type":"Feature","properties":{"OBJECTID":"15","srl":"126","Atoll":"Alifu Dhaalu","FCOde":"LD0388","Island":"Huruelhi","is3":"Huruelhi","Rooms":116,"Beds":232,"Phone":"9151593","Fax":"3310940","Email":"james.wong@changhua.com.sg","Resort_Pho":"9151593","Resort_Fax":"9151593","Resort_Ema":"james.wong@changhua.com.sg / eunice.tan@carlsonrezidor.com","Operator":"Huruelhi Investment Pvt Ltd \nM. P.O Box 2152\nMale', Republic of Maldives","Owner_Less":"Huruelhi Investment Pvt Ltd \nM. P.O Box 2152\nMale', Republic of Maldives","Management":null,"State":"Operating","resortName":"Radisson Blu Resort","numRoom":116,"numBeds":232,"lat":3.54424,"long":72.71973},"geometry":{"type":"Point","coordinates":[72.71973316130394,3.544237389509963]}},{"type":"Feature","properties":{"OBJECTID":"16","srl":"98","Atoll":"Alifu Dhaalu","FCOde":"LD0419","Island":"Huvahendhoo","is3":"Huvahendhoo","Rooms":125,"Beds":250,"Phone":"331 7464","Fax":"331 7466","Email":"lilyhotels@dhivehinet.net.mv","Resort_Pho":"6680013","Resort_Fax":"6680013","Resort_Ema":"reservations@lilybeachmaldives.com","Operator":"Lily Hotels Pvt. Ltd. \nH. Fasmeeru Building, 2nd Floor,\nBoduthakurufaanu Magu,\nMale', Republic of Maldives","Owner_Less":"Lily Hotels Pvt. Ltd. \nH. Fasmeeru Building, 2nd Floor,\nBoduthakurufaanu Magu,\nMale', Republic of Maldives","Management":"-","State":"Operating","resortName":"Lily Beach Resort","numRoom":125,"numBeds":250,"lat":3.65372,"long":72.95396},"geometry":{"type":"Point","coordinates":[72.95396151860184,3.653716023219978]}},{"type":"Feature","properties":{"OBJECTID":"17","srl":"8","Atoll":"Alifu Dhaalu","FCOde":"LD0581","Island":"Kudarah","is3":"Kudarah","Rooms":51,"Beds":102,"Phone":"6680000","Fax":"6681000","Email":"rm.kudarah@amayaresorts.com","Resort_Pho":"6 6 80000","Resort_Fax":null,"Resort_Ema":"reservations.kudarah@amayaresorts.com","Operator":"Luxury Resort Pvt Ltd \nG.Sosanee, 3rd Floor\nMale', Rep. of Maldives","Owner_Less":"Luxury Resort Pvt Ltd \nG.Sosanee, 3rd Floor\nMale', Rep. of Maldives","Management":null,"State":"Operating","resortName":"Amaya Kuda Rah Maldives","numRoom":51,"numBeds":102,"lat":3.57394,"long":72.91082},"geometry":{"type":"Point","coordinates":[72.91081755140213,3.573935027579965]}},{"type":"Feature","properties":{"OBJECTID":"18","srl":"120","Atoll":"Alifu Dhaalu","FCOde":"LD1176","Island":"Maafushivaru","is3":"Maafushivaru","Rooms":89,"Beds":178,"Phone":"7770948","Fax":null,"Email":"juni@sandalawyers.com","Resort_Pho":"6680001","Resort_Fax":null,"Resort_Ema":"maldives.maafushivaru@outrigger.com","Operator":"OM Maldives Pvt Ltd \n#02-01 Millennia Tower\nAmeer Ahmed Magu\nMale', Republic of Maldives","Owner_Less":"OM Maldives Pvt Ltd \n#02-01 Millennia Tower\nAmeer Ahmed Magu\nMale', Republic of Maldives","Management":"OGHM Private Limited \nH. #04-01 Millenia Tower\nAmeer Ahmed Magu\nMale', Republic of Maldives","State":"Operating","resortName":"Outrigger Maldives Maafushivaru Resort","numRoom":89,"numBeds":178,"lat":3.60795,"long":72.90035},"geometry":{"type":"Point","coordinates":[72.9003454536022,3.607947078249988]}},{"type":"Feature","properties":{"OBJECTID":"19","srl":"26","Atoll":"Alifu Dhaalu","FCOde":"LD1062","Island":"Mahchafushi","is3":"Machchafushi","Rooms":112,"Beds":224,"Phone":"330 6566\n 333 3644","Fax":"331 5453\n332 3463","Email":"ahrdcirm@chr.co.th","Resort_Pho":"668 8000","Resort_Fax":null,"Resort_Ema":"cirm@chr.co.th","Operator":"R.M.L Leisure Pvt. Ltd.\nc/o Shah, Hussain & Co.\n2nd Floor, (West Wing) H. Aage\n12, Boduthakurufaanu Magu\nMale', Republic of Maldives","Owner_Less":"Sioux Investment Pvt. Ltd.\n2nd Floor, Filla Building \nBoduthakurufaanu Magu\nMale', Republic of Maldives","Management":"Centara International Management Co, Ltd\n (manager since 11th Oct 2009)","State":"Operating","resortName":"Centara Grand Island Resort & Spa Maldives","numRoom":112,"numBeds":224,"lat":3.59385,"long":72.88356},"geometry":{"type":"Point","coordinates":[72.88356295070233,3.593847459309993]}},{"type":"Feature","properties":{"OBJECTID":"20","srl":"108","Atoll":"Alifu Dhaalu","FCOde":"LD0461","Island":"Mirihi","is3":"Mirihi","Rooms":38,"Beds":76,"Phone":"7773152","Fax":null,"Email":"zayan@salihshihab.co","Resort_Pho":"668 05 00","Resort_Fax":null,"Resort_Ema":"info@mirihi.com","Operator":"Vie Maldives Pvt Ltd \nM. Marina Buiilding, Level 7\nKoli Umaru Manik Goalhi\nMale', Republic of Maldives","Owner_Less":"Vie Maldives Pvt Ltd \nM. Marina Buiilding, Level 7\nKoli Umaru Manik Goalhi\nMale', Republic of Maldives","Management":null,"State":"Operating","resortName":"Mirihi Island Resort","numRoom":38,"numBeds":76,"lat":3.61952,"long":72.78051},"geometry":{"type":"Point","coordinates":[72.78050970790324,3.619522969819977]}},{"type":"Feature","properties":{"OBJECTID":"21","srl":"42","Atoll":"Alifu Dhaalu","FCOde":"LD0900","Island":"Moofushi","is3":"Moofushi","Rooms":110,"Beds":220,"Phone":"333 3644\n668 0517","Fax":"331 5453\n668 0509","Email":"ea@moofushiresort.com\nwww.moofushiresort.com","Resort_Pho":"668 05 09","Resort_Fax":null,"Resort_Ema":"mkt@constancehotels.com","Operator":"Moofushi Development Ltd.\n10, Frere Felix de Valois Street\nPort Loius, Mauritius\nc/o Shah Hussain & Co.\n12, Boduthakurufaanu Magu\n2nd Floor (East Wing) H.Aage\nMale', Rep. of Maldives","Owner_Less":"Moofushi Investments Pvt. Ltd.\nYaagoothuge, Muniyaa Magu\nMale'Republic of Maldives","Management":null,"State":"Operating","resortName":"Constance Moofushi Resort","numRoom":110,"numBeds":220,"lat":3.88451,"long":72.7275},"geometry":{"type":"Point","coordinates":[72.72750277160378,3.88450939812999]}},{"type":"Feature","properties":{"OBJECTID":"22","srl":"170","Atoll":"Alifu Dhaalu","FCOde":"LD0725","Island":"Nalaguraidhoo","is3":"Nalaguraidhoo","Rooms":462,"Beds":924,"Phone":"332 5195","Fax":"332 5177","Email":"info@villa.com.mv","Resort_Pho":"668 0099","Resort_Fax":"668 0099","Resort_Ema":"reservations@sun-island.com.mv","Operator":"Villa Shipping & Trading Company Pvt.Ltd.\nVilla Building, Ibrahim Hassan Didi Magu\nMale', Republic of Maldives","Owner_Less":"Villa Shipping & Trading Company Pvt.Ltd.\nVilla Building, Ibrahim Hassan Didi Magu\nMale', Republic of Maldives\ninfo@villa.com.mv","Management":null,"State":"Operating","resortName":"Villa Park Sun Island","numRoom":462,"numBeds":924,"lat":3.48334,"long":72.80178},"geometry":{"type":"Point","coordinates":[72.80177508120306,3.483342336139991]}},{"type":"Feature","properties":{"OBJECTID":"23","srl":"40","Atoll":"Alifu Dhaalu","FCOde":"LD0214","Island":"Rangali","is3":"Rangalifinolhu","Rooms":176,"Beds":352,"Phone":"3013211 / 7779779","Fax":"-","Email":"shahdy@suoodanwar.com\nlamaan@suoodanwar.com","Resort_Pho":"6680629 / 9309999","Resort_Fax":"6680629 / 9309999","Resort_Ema":"mlehi.maldives@conradhotels.com","Operator":"Maldives Property Holdings \nH. Meerubahuruge Aage, 3rd Floor\nAmeer Ahmed Magu\nMale', Republic of Maldives","Owner_Less":"Maldives Property Holdings\nH. Meerubahuruge Aage, 3rd Floor\nAmeer Ahmed Magu\nMale', Republic of Maldives","Management":"Hilton International Manage (Maldives) Pvt Ltd\nH. Aage, 2nd FloorBoduthakurufaanu MaguMale', Republic of Maldives","State":"Operating","resortName":"Conrad Maldives Rangali Island","numRoom":176,"numBeds":352,"lat":3.61823,"long":72.72335},"geometry":{"type":"Point","coordinates":[72.72335266350387,3.618227838639969]}},{"type":"Feature","properties":{"OBJECTID":"24","srl":"52","Atoll":"Alifu Dhaalu","FCOde":"LD0175","Island":"Theluveligaa","is3":"Theluveliga","Rooms":30,"Beds":60,"Phone":"3347777","Fax":"3347887","Email":"info@driftretreat.com\nhawwa.shakeela@theluveligaretreat.com\nnabeel.hilmy@castawaymaldives.com","Resort_Pho":"6680668","Resort_Fax":"6680668","Resort_Ema":"info@driftretreat.com","Operator":"Theluveliga Retreat Pvt Ltd \nMa. Vahaari, \nJavaahiru Goalhi, \nMale', Republic of Maldives","Owner_Less":"Theluveliga Retreat Pvt Ltd \nMa. Vahaari, \nJavaahiru Goalhi, \nMale', Republic of Maldives","Management":"-","State":"Operating","resortName":"Drift Theluveliga Retreat","numRoom":30,"numBeds":60,"lat":3.66983,"long":72.90257},"geometry":{"type":"Point","coordinates":[72.90257268870218,3.669829186750011]}},{"type":"Feature","properties":{"OBJECTID":"25","srl":"50","Atoll":"Alifu Dhaalu","FCOde":"LD1198","Island":"Thun'dufushi","is3":"Thundufushi","Rooms":72,"Beds":144,"Phone":"332 5349\n332 3617","Fax":"332 5336","Email":"info@seagull.com.mv","Resort_Pho":"6680583","Resort_Fax":"6680583","Resort_Ema":"info.thudufushi@diamonds-resorts.com","Operator":"Seagull Group Pvt. Ltd.\nNarugis, \nChaandhanee Magu\nMale', Republic of Maldives","Owner_Less":"Seagull Group Pvt. Ltd.\nNarugis, \nChaandhanee Magu\nMale', Republic of Maldives","Management":"-","State":"Operating","resortName":"Diamonds Thudufushi Beach and Water Villas","numRoom":72,"numBeds":144,"lat":3.78626,"long":72.73078},"geometry":{"type":"Point","coordinates":[72.73078217790376,3.786261422939996]}},{"type":"Feature","properties":{"OBJECTID":"26","srl":"115","Atoll":"Alifu Dhaalu","FCOde":"LD0610","Island":"Vakarufalhi","is3":"Vakarufalhi","Rooms":57,"Beds":114,"Phone":"7908835","Fax":null,"Email":"afzam.zuhury@reollo.com","Resort_Pho":"7261212","Resort_Fax":"7261212","Resort_Ema":"hello@nova-maldives.com","Operator":"Nova Resorts Pvt Ltd \n4th Floor , M. Kaneeru Villa\nOrchid Magu\nMale', Republic of Maldives","Owner_Less":"Athama Travels and Trade Pvt. Ltd. \nG. Dhivehi Atha\nMajeedhee Magu\nMale', Republic of Maldives","Management":null,"State":"Operating","resortName":"Nova Maldives","numRoom":57,"numBeds":114,"lat":3.57866,"long":72.90207},"geometry":{"type":"Point","coordinates":[72.90207130690219,3.578655714950003]}},{"type":"Feature","properties":{"OBJECTID":"27","srl":"168","Atoll":"Alifu Dhaalu","FCOde":"LD0263","Island":"Vilamendhoo","is3":"Vilamendhoo","Rooms":194,"Beds":388,"Phone":"331 4149\n7983342","Fax":null,"Email":"cfo@champaresorts.com","Resort_Pho":null,"Resort_Fax":null,"Resort_Ema":null,"Operator":"Vilamendhoo Investments Pvt. Ltd.\nChampa Building, 3rd Floor\nKandidhon Manik Goalhi\nMale', Republic of Maldives","Owner_Less":"Vilamendhoo Investments Pvt. Ltd.\nChampa Building, 3rd Floor\nKandidhon Manik Goalhi\nMale', Republic of Maldives","Management":null,"State":"Operating","resortName":"Vilamendhoo Island Resort","numRoom":194,"numBeds":388,"lat":3.63375,"long":72.95847},"geometry":{"type":"Point","coordinates":[72.95847482930179,3.633751944619991]}},{"type":"Feature","properties":{"OBJECTID":"28","srl":"48","Atoll":"Baa","FCOde":"LD0440","Island":"Dhigufaruvinagan'du","is3":"Dhigufaruvinagandu","Rooms":85,"Beds":170,"Phone":"3302656","Fax":"3330804","Email":"info@dhigufaru.com","Resort_Pho":"660-2656","Resort_Fax":null,"Resort_Ema":"reservations@dhigufaru.com","Operator":"Dhigufaru Investments Pvt Ltd \nM. Huraa\nFareedhee Magu\nMale',City, Republic of Maldives","Owner_Less":"Dhigufaru Investments Pvt Ltd \nM. Huraa\nFareedhee Magu\nMale',City, Republic of Maldives","Management":null,"State":"Operating","resortName":"Dhigufaru Island Resort","numRoom":85,"numBeds":170,"lat":5.3522,"long":72.98993},"geometry":{"type":"Point","coordinates":[72.98992846370153,5.352195922670015]}},{"type":"Feature","properties":{"OBJECTID":"29","srl":"35","Atoll":"Baa","FCOde":"LD1146","Island":"Dhunikolhu","is3":"Dhunikolhu","Rooms":98,"Beds":196,"Phone":"332 4658\n 333 6611\n 6600011","Fax":"332 5542\n 333 6622","Email":"sunland@dhivehinet.net.mv","Resort_Pho":"6646600","Resort_Fax":null,"Resort_Ema":"reservations@cococollection.com","Operator":"Sunland Hotels Pte. Ltd.\n#04-01, STO Trade Center,\nOrchid Magu\nMale', Republic of Maldives","Owner_Less":"Sunland Hotels Pte. Ltd.\n#04-01, STO Trade Center, \nOrchid Magu\nMale', Republic of Maldives\nsunland@dhivehinet.net.mv","Management":null,"State":"Operating","resortName":"Coco Palm Dhunikolhu","numRoom":98,"numBeds":196,"lat":5.03965,"long":72.88141},"geometry":{"type":"Point","coordinates":[72.88141008930222,5.03964666844998]}},{"type":"Feature","properties":{"OBJECTID":"30","srl":"15","Atoll":"Baa","FCOde":"LD0252","Island":"Fares","is3":"Fares","Rooms":111,"Beds":222,"Phone":"7773152","Fax":null,"Email":"zayan@salihshihab.co","Resort_Pho":"6601660","Resort_Fax":"6601660","Resort_Ema":"reservations.fares@avanihotels.com","Operator":"Plexus Maldives Private Limited\nThe Cyprea, 08th Floor 66/17,\nBoduthakurufaanu Magu,\nMale' 20066, Republic of Maldives","Owner_Less":"Plexus Maldives Private Limited\nThe Cyprea, 08th Floor 66/17,\nBoduthakurufaanu Magu,\nMale' 20066, Republic of Maldives","Management":"Minor Hotel Group (Maldives) Private Limited \nAnantara Kihavah Villas,\nKihavah Huravalhi, Baa Atoll,\nRepublic of Maldives","State":"Operating","resortName":"Avani + Fares Maldives","numRoom":111,"numBeds":222,"lat":5.23216,"long":72.87726},"geometry":{"type":"Point","coordinates":[72.87725930970223,5.232162699519995]}},{"type":"Feature","properties":{"OBJECTID":"31","srl":"129","Atoll":"Baa","FCOde":"LD0451","Island":"Fonimagoodhoo","is3":"Fonimagoodhoo","Rooms":130,"Beds":260,"Phone":"7988638","Fax":"-","Email":"manal@salihshihab.co\nedarmawan@aresmgmt.com\nthchua@aresmgmt.com","Resort_Pho":"6602626","Resort_Fax":"6602626","Resort_Ema":"info@reethibeach.com / website: https://www.reethibeach.com/","Operator":"Hanifaru Holdings Pvt Ltd \nLevel 2, H. Orchidmaage\nAmeer Ahmed Magu\nMale', Republic of Maldives","Owner_Less":"Hanifaru Holdings Pvt Ltd\nLevel 2, H. Orchidmaage\nAmeer Ahmed Magu\nMale', Republic of Maldives","Management":"-","State":"Operating","resortName":"Reethi Beach Resort","numRoom":130,"numBeds":260,"lat":5.25514,"long":73.16353},"geometry":{"type":"Point","coordinates":[73.16353384650081,5.25513665095]}},{"type":"Feature","properties":{"OBJECTID":"32","srl":"51","Atoll":"Baa","FCOde":"LD0732","Island":"Hirundhoo","is3":"Hirundhoo","Rooms":90,"Beds":180,"Phone":"3313523","Fax":"3313522","Email":"info@happymarket.com.mv","Resort_Pho":"660-0101","Resort_Fax":"660-0101","Resort_Ema":"reservations@dreamland.com.mv","Operator":"Angiri Joint Venture Pvt Ltd \nM. Newport, \nAmeenee Magu, \nMale', Republic of Maldives","Owner_Less":"Angiri Joint Venture Pvt Ltd \nM. Newport, \nAmeenee Magu, \nMale', Republic of Maldives","Management":"-","State":"Operating","resortName":"Dreamland - The Unique Sea & Lake Resort/Spa","numRoom":90,"numBeds":180,"lat":5.21712,"long":73.1536},"geometry":{"type":"Point","coordinates":[73.15360253050085,5.217118901770012]}},{"type":"Feature","properties":{"OBJECTID":"33","srl":"135","Atoll":"Baa","FCOde":"LD0185","Island":"Horubadhoo","is3":"Horubadhoo","Rooms":152,"Beds":304,"Phone":"332 5195","Fax":"332 5177\n6600088","Email":"info@villa.com.mv","Resort_Pho":"660 0088","Resort_Fax":"660 0088","Resort_Ema":"bookings@royal-island.com.mv","Operator":"Villa Shipping and Trading Company Pvt Ltd \nVilla Building\nIbrahim Hassan Didi Magu\nMale', Republic of Maldives","Owner_Less":"Island Travel and Trade Pvt. Ltd\nVilla Building\nIbrahim Hassan Didi Magu\nMale', Republic of Maldives","Management":null,"State":"Operating","resortName":"Royal Island Resort and Spa","numRoom":152,"numBeds":304,"lat":5.16269,"long":73.0528},"geometry":{"type":"Point","coordinates":[73.05279572410123,5.162692523589989]}},{"type":"Feature","properties":{"OBJECTID":"34","srl":"61","Atoll":"Baa","FCOde":"LD0022","Island":"Kanufushi","is3":"Kanufushi","Rooms":136,"Beds":272,"Phone":"3333644","Fax":"3315453","Email":"dheena@shclawyers.com","Resort_Pho":"660 8800","Resort_Fax":null,"Resort_Ema":"stay@finolhu.mv","Operator":"Seaside Finolhu Maldives Pvt Ltd \n6th Floor, H. Aage'\n12 Boduthakurufaanu Magu\nMale', Republic of Maldives","Owner_Less":"Seaside Finolhu Maldives Pvt Ltd \n6th Floor, H. Aage'\n12 Boduthakurufaanu Magu\nMale', Republic of Maldives","Management":null,"State":"Operating","resortName":"Finolhu Baa Atoll Maldives","numRoom":136,"numBeds":272,"lat":5.01111,"long":72.95189},"geometry":{"type":"Point","coordinates":[72.95188764160174,5.011110490210017]}},{"type":"Feature","properties":{"OBJECTID":"35","srl":"88","Atoll":"Baa","FCOde":"LD1197","Island":"Kihaadhuffaru","is3":"Kihaadhuffaru","Rooms":118,"Beds":236,"Phone":"7909181","Fax":"-","Email":"kihaamaldives@coralislandresorts.com / \nhttps://kihaamaldives.com/","Resort_Pho":"7909181","Resort_Fax":"-","Resort_Ema":"kihaamaldives@coralislandresorts.com","Operator":"Coral Island Resort Maldives Pvt Ltd \nH. Thuniya, 3rd Floor, Boduthakurufaanu Magu, \nMale', Republic of Maldives","Owner_Less":"Athama Marine International Pvt Ltd \nG, Dhon Atha 2, Lonuziyaaraiy Magu, \nMale', Republic of Maldives","Management":null,"State":"Operating","resortName":"Kihaa Maldives","numRoom":118,"numBeds":236,"lat":5.19088,"long":73.1323},"geometry":{"type":"Point","coordinates":[73.13230102990093,5.190875240570003]}},{"type":"Feature","properties":{"OBJECTID":"36","srl":"9","Atoll":"Baa","FCOde":"LD1061","Island":"KihavahHuravalhi","is3":"Kihavah Huravalhi","Rooms":89,"Beds":178,"Phone":"0060(87)453-288","Fax":"0060(87)451-288","Email":"dkoegerl@anantara.com","Resort_Pho":"6644111","Resort_Fax":"6644111","Resort_Ema":"mailto:kihavahmaldives@anantara.com","Operator":"Minor International (Labuan) Ltd\nLevel 15 (A2), Main Office Tower Financial Park\nLabuan, Jalan Mereedeka, 87000 FT\nMalaysia","Owner_Less":"Maldives Tourism Development Corporation Plc\n01st Floor, Fathuruvehi\nBuruzu Magu\nRepublic of Maldives","Management":null,"State":"Operating","resortName":"Anantara Kihavah Villas","numRoom":89,"numBeds":178,"lat":5.29604,"long":73.05702},"geometry":{"type":"Point","coordinates":[73.05701810380121,5.296035706739982]}},{"type":"Feature","properties":{"OBJECTID":"37","srl":"144","Atoll":"Baa","FCOde":"LD0217","Island":"Kunfunadhoo","is3":"Kunfunadhoo","Rooms":165,"Beds":330,"Phone":"3017201","Fax":null,"Email":"mgr-male@soneva.com","Resort_Pho":"660 0304","Resort_Fax":"660 0304","Resort_Ema":"mail@soneva.com","Operator":"Soneva Management (BVI) Limited\nJazeera Building, 4th Floor\nBoduthakurufaanu Magu\nMale', Republic of Maldives","Owner_Less":"Bunny Holdings (BVI) Ltd.\nJazeera Building, 4th Floor\nBoduthakurufaanu Magu\nMale', Republic of Maldives","Management":"Soneva Management (BVI) Limited\nJazeera Building, 4th Floor\nBoduthakurufaanu Magu\nMale', Republic of Maldives","State":"Operating","resortName":"Soneva Fushi Resort","numRoom":165,"numBeds":330,"lat":5.11228,"long":73.0775},"geometry":{"type":"Point","coordinates":[73.07750402050112,5.112284983330002]}},{"type":"Feature","properties":{"OBJECTID":"38","srl":"64","Atoll":"Baa","FCOde":"LD0256","Island":"Lan'daaGiraavaru","is3":"Landaa Giraavaru","Rooms":130,"Beds":260,"Phone":"3330888","Fax":"0065 6738 8379\n660 0700","Email":"reservations.mal@fourseasons.com","Resort_Pho":"6600888","Resort_Fax":"6600888","Resort_Ema":"reservations.mal@fourseasons.com","Operator":"Landaa Giraavaru Pvt Ltd \nM. Lux Lodge, Level 02\nOrchid Magu\nMale', Republic of Maldives","Owner_Less":"Landaa Giraavaru Pvt Ltd \nM. Lux Lodge, Level 02\nOrchid Magu\nMale', Republic of Maldives","Management":"FS Kuda Huraa Hotel Management Pvt Ltd \nKuda Huraa, Kaafu Atoll\nRepublic of Maldives","State":"Operating","resortName":"Four Seasons Resort Maldives at Landaa Giraavaru","numRoom":130,"numBeds":260,"lat":5.28619,"long":73.11222},"geometry":{"type":"Point","coordinates":[73.11222302220098,5.286185373139999]}},{"type":"Feature","properties":{"OBJECTID":"39","srl":"107","Atoll":"Baa","FCOde":"LD1075","Island":"Milaidhoo","is3":"Milaidhoo","Rooms":50,"Beds":100,"Phone":"3323080","Fax":"3320274","Email":"iyaz.waheed@universalenterprises.com","Resort_Pho":"660 77 88","Resort_Fax":null,"Resort_Ema":"welcome@milaidhoo.com","Operator":"Universal Enterprises Pvt Ltd \n39, Orchid Magu\nMale', Republic of Maldives","Owner_Less":"Universal Enterprises Pvt Ltd \n39, Orchid Magu\nK.Male', Republic of Maldives","Management":null,"State":"Operating","resortName":"Milaidhoo Island Maldives","numRoom":50,"numBeds":100,"lat":5.26712,"long":73.12844},"geometry":{"type":"Point","coordinates":[73.12844251160092,5.267119198050006]}},{"type":"Feature","properties":{"OBJECTID":"40","srl":"161","Atoll":"Baa","FCOde":"LD0147","Island":"Miriandhoo","is3":"Miriandhoo","Rooms":73,"Beds":146,"Phone":"7991100","Fax":null,"Email":"majdee.imad@alohamaldives.com","Resort_Pho":"660-4444","Resort_Fax":"660-4444","Resort_Ema":"mlewi.reservation@westinhotels.com","Operator":"Miriandhoo Maldives Resorts Pvt Ltd\nM. Whale Shark, 2nd Floor\nAaburuzu Hingun\nMale', Republic of Maldives","Owner_Less":"Miriandhoo Maldives Resorts Pvt Ltd\nM. Whale Shark, 2nd Floor\nAaburuzu Hingun\nMale', Republic of Maldives","Management":"Starwood Asia Pacific Hotels and Resorts Pte Ltd\n02 Harbour Front, Bank of America \nMerril Lynch, #06-08, Singapore 098499","State":"Operating","resortName":"The Westin Maldives Miriandhoo Resort","numRoom":73,"numBeds":146,"lat":5.0632,"long":73.03123},"geometry":{"type":"Point","coordinates":[73.03123385720133,5.063201465690014]}},{"type":"Feature","properties":{"OBJECTID":"41","srl":"53","Atoll":"Baa","FCOde":"LD1015","Island":"Mudhdhoo","is3":"Mudhdhoo","Rooms":104,"Beds":208,"Phone":"660 8888","Fax":"660 9999","Email":"bhanwar.ratore@dusit.com","Resort_Pho":"6608888","Resort_Fax":"6608888","Resort_Ema":"bhanwar.rathore@dusit.comresmaldives@dusit.com","Operator":"Dusit Maldives Management Pvt Ltd,  \nH. #02-01, Millenia Tower, \n10 Ameer Ahmed Magu, \nMale', Republic of Maldives","Owner_Less":"Dusit Maldives Investment Pvt Ltd,\nH. #02-01, Millenia Tower, \n10 Ameer Ahmed Magu, \nMale', Republic of Maldives","Management":"Dusit Worldwide Maldives Pvt Ltd,  \nH. #02-01, Millenia Tower, \n10 Ameer Ahmed Magu, \nMale', Republic of Maldives","State":"Operating","resortName":"Dusit Thani Maldives","numRoom":104,"numBeds":208,"lat":5.20668,"long":73.08468},"geometry":{"type":"Point","coordinates":[73.0846820739011,5.206679849160015]}},{"type":"Feature","properties":{"OBJECTID":"42","srl":"155","Atoll":"Baa","FCOde":"LD0608","Island":"Thiladhoo","is3":"Thiladhoo","Rooms":31,"Beds":62,"Phone":"6600000","Fax":"6600001","Email":"akheel.muhsin@reollo.com / althaf@thenautilusmaldives.com","Resort_Pho":"6600000","Resort_Fax":"6600000","Resort_Ema":"hello@thenautilusmaldives.com","Operator":"Thiladhoo Resorts Pvt Ltd\nM. Sakkeyogasdhoshuge, \nFiyaathoshi Magu, \nMale', Republic of Maldives","Owner_Less":"Thiladhoo Resorts Pvt Ltd\nM. Sakkeyogasdhoshuge, \nFiyaathoshi Magu, \nMale', Republic of Maldives","Management":null,"State":"Operating","resortName":"The Nautilus Maldives","numRoom":31,"numBeds":62,"lat":5.26229,"long":73.15529},"geometry":{"type":"Point","coordinates":[73.15528820290085,5.262294904699989]}},{"type":"Feature","properties":{"OBJECTID":"43","srl":"163","Atoll":"Baa","FCOde":"LD0660","Island":"Vakkaru","is3":"Vakkaru","Rooms":128,"Beds":256,"Phone":"7777222","Fax":null,"Email":"6699sato@gmail.com","Resort_Pho":"660 7000","Resort_Fax":"660 7000","Resort_Ema":"info@vakkarumaldives.com","Operator":"Efzy Holdings Pvt Ltd \nH. Millennium\nLansimoo Goalhi\nMale', Republic of Maldives","Owner_Less":"Efzy Holdings Pvt Ltd\nH. Millennium\nLansimoo Goalhi\nMale', Republic of Maldives","Management":null,"State":"Operating","resortName":"Vakkaru Maldives","numRoom":128,"numBeds":256,"lat":5.13379,"long":72.91024},"geometry":{"type":"Point","coordinates":[72.91023901830202,5.133791684909983]}},{"type":"Feature","properties":{"OBJECTID":"44","srl":"62","Atoll":"Baa","FCOde":"LD0654","Island":"Voavah","is3":"Voavah","Rooms":11,"Beds":26,"Phone":"6600888","Fax":"6600800","Email":"gan@hplhotels.com","Resort_Pho":"66 00 888","Resort_Fax":null,"Resort_Ema":"reservations.mal@fourseasons.com","Operator":"Landaa Giraavaru Pvt. Ltd. \n2706,RBS Tower, Times Square\n1 Matheson Street, Causeway Bay\nHong Kong","Owner_Less":"Landaa Giraavaru Pvt. Ltd. \n2706,RBS Tower, Times Square\n1 Matheson Street, Causeway Bay\nHong Kong","Management":null,"State":"Operating","resortName":"Four Seasons Private Island Maldives at Voavah","numRoom":11,"numBeds":26,"lat":5.31638,"long":73.07765},"geometry":{"type":"Point","coordinates":[73.07765452380113,5.316381497339983]}},{"type":"Feature","properties":{"OBJECTID":"45","srl":"150","Atoll":"Dhaalu","FCOde":"LD0623","Island":"Aluvifushi","is3":"Aluvifushi","Rooms":127,"Beds":254,"Phone":"3325977","Fax":"3333897","Email":"info@sunsiyam.cm","Resort_Pho":"6760022","Resort_Fax":"6760022","Resort_Ema":"rsvn.iruveli@sunaqua.com","Operator":"Ocean Islands Pvt Ltd \nH. Sun Siyam Building\nBoduthakurufaanu Magu\nMale', Republic of Maldives","Owner_Less":"Ocean Islands Pvt Ltd \nH. Sun Siyam Building\nBoduthakurufaanu Magu\nMale', Republic of Maldivesmaldives.com.mv","Management":null,"State":"Operating","resortName":"Sun Siyam Iru Veli Maldives","numRoom":127,"numBeds":254,"lat":2.93351,"long":72.96085},"geometry":{"type":"Point","coordinates":[72.96084904050183,2.933512140500003]}},{"type":"Feature","properties":{"OBJECTID":"46","srl":"173","Atoll":"Dhaalu","FCOde":"LD0448","Island":"Dhoores","is3":"Dhoores","Rooms":33,"Beds":66,"Phone":"7731865","Fax":null,"Email":"lamaan@sandalawyers.com","Resort_Pho":"7731865","Resort_Fax":null,"Resort_Ema":"lamaan@sandalawyers.com","Operator":"Yash Exotic Island Pvt Ltd \nH. Millennia Tower\nAmeer Ahmed Magu\nMale', Republic of Maldives","Owner_Less":"Yash Exotic Island Pvt Ltd \nH. Millennia Tower\nAmeer Ahmed Magu\nMale', Republic of Maldives","Management":null,"State":"Operating","resortName":"Yash Nature Resort","numRoom":33,"numBeds":66,"lat":2.91758,"long":72.88407},"geometry":{"type":"Point","coordinates":[72.88407175220236,2.917577107250001]}},{"type":"Feature","properties":{"OBJECTID":"47","srl":"112","Atoll":"Dhaalu","FCOde":"LD0932","Island":"Olhuveli","is3":"Embudhufushi and Olhuveli","Rooms":139,"Beds":278,"Phone":"3005552","Fax":"3005553","Email":"reservations@niyama.com\ninfo.pniy@niyama.com","Resort_Pho":"6762828","Resort_Fax":"654-6666","Resort_Ema":"reservations@niyama.com / info.pniy@niyama.com","Operator":"O Plus E Holding Pvt. Ltd\nH. Meerubahuruge Aage, 1st Floor\nAmeeru Ahmed Magu\nRepublic of Maldives","Owner_Less":"O Plus E Holding Pvt. Ltd\nH. Meerubahuruge Aage, 1st Floor\nAmeeru Ahmed Magu\nRepublic of Maldives","Management":"Minor International (Labuan) Limited \nLevel 5 (A1) Main Office Tower,\nFinancial Park Labuan, Jalan Merdeka 8700\nF.T. Labuan Malaysia","State":"Operating","resortName":"Niyama Maldives","numRoom":139,"numBeds":278,"lat":2.68062,"long":72.93269},"geometry":{"type":"Point","coordinates":[72.93268610560203,2.680618613089996]}},{"type":"Feature","properties":{"OBJECTID":"48","srl":"86","Atoll":"Dhaalu","FCOde":"LD0400","Island":"Kan'dinmaa","is3":"Kadinma","Rooms":272,"Beds":544,"Phone":"7980082","Fax":null,"Email":"imdad.mohamed@pulseresorts.com","Resort_Pho":"676 0077","Resort_Fax":"676 0077","Resort_Ema":"mykindofplace@kandima.com","Operator":"Kandinma Holdings Pvt Ltd \nM. Kaneeru Villa, 04th Floor\nOrchid Magu\nMale', Republic of Maldives","Owner_Less":"Kandinma Holdings Pvt Ltd \nM. Kaneeru Villa, 04th Floor\nOrchid Magu\nMale', Republic of Maldives","Management":null,"State":"Operating","resortName":"Kandima Maldives","numRoom":272,"numBeds":544,"lat":2.73219,"long":73.01138},"geometry":{"type":"Point","coordinates":[73.01138223550153,2.732194812820009]}},{"type":"Feature","properties":{"OBJECTID":"49","srl":"132","Atoll":"Dhaalu","FCOde":"LD0338","Island":"Maafushi","is3":"Maafushi and Kedhigandu","Rooms":440,"Beds":880,"Phone":"3333644","Fax":"3315453","Email":"dheena@shclawyers.com","Resort_Pho":"3333644","Resort_Fax":"3315453","Resort_Ema":"pfernandezb@riu.com","Operator":"Riu Atoll Pvt. Ltd. \nShah, Hussain & Co. Barristers and Attorneys \n6th Floor, H. Aagé\n12 Boduthakurufaanu Magu, \nMale', Republic of Maldives","Owner_Less":"Riu Atoll Pvt. Ltd. \nShah, Hussain & Co. Barristers and Attorneys \n6th Floor, H. Aagé\n12 Boduthakurufaanu Magu, \nMale', Republic of Maldives","Management":null,"State":"Operating","resortName":"Riu Atoll and Riu Palace Maldivas","numRoom":440,"numBeds":880,"lat":2.68834,"long":72.85901},"geometry":{"type":"Point","coordinates":[72.85901404050259,2.688341380140021]}},{"type":"Feature","properties":{"OBJECTID":"50","srl":"17","Atoll":"Dhaalu","FCOde":"LD1188","Island":"Maagau","is3":"Maagau","Rooms":101,"Beds":206,"Phone":"9802222","Fax":null,"Email":"m.suri@baglionihotels.com","Resort_Pho":"4000600","Resort_Fax":"4000600","Resort_Ema":"reservations.maldives@baglionihotels.com","Operator":"Baglioni Maldives Pvt Ltd \nH. Hulhugali, 1st Floor, South Wing, \nKalhuhuraa Magu, \nMale', Republic of Maldives","Owner_Less":"New Mood Resorts Pvt Ltd \nM. Faamudheyrige, 6th Floor Unit A, Orchid Magu, \nMale', Republic of Maldives","Management":"-","State":"Operating","resortName":"Baglioni Resort Maldives","numRoom":101,"numBeds":206,"lat":2.94763,"long":72.91465},"geometry":{"type":"Point","coordinates":[72.91464938557115,2.947632086135541]}},{"type":"Feature","properties":{"OBJECTID":"51","srl":"152","Atoll":"Dhaalu","FCOde":"LD0337","Island":"Meedhuffushi","is3":"Meedhuffushi","Rooms":104,"Beds":208,"Phone":"3329110","Fax":"3333897","Email":"admin@suntravelmaldives.com.mv","Resort_Pho":"6760011","Resort_Fax":"6760011","Resort_Ema":"ecommerce.vilureef@sunsiyam.com","Operator":"Sun Investments Pvt. Ltd. \nH. Sun Siyam Building\nBoduthakurufaanu Magu\nMale', Republic of Maldives","Owner_Less":"Sun Investments Pvt. Ltd. \nH. Sun Siyam Building\nBoduthakurufaanu Magu\nMale', Republic of Maldives","Management":"-","State":"Operating","resortName":"Sun Siyam Vilu Reef Maldives","numRoom":104,"numBeds":208,"lat":3.00329,"long":73.00054},"geometry":{"type":"Point","coordinates":[73.0005356955016,3.003285691389996]}},{"type":"Feature","properties":{"OBJECTID":"52","srl":"13","Atoll":"Dhaalu","FCOde":"LD1185","Island":"Velavaru","is3":"Velavaru","Rooms":119,"Beds":238,"Phone":"3304087\n6760028","Fax":"3304660\n6760029","Email":"velavaru@angsana.com","Resort_Pho":"676 0028","Resort_Fax":null,"Resort_Ema":"reservations-velavaru@angsana.com","Operator":"Maldives Bay Pvt Ltd\nWatheenigasdhoshuge\nMajeedhee Magu\nMale', rep. of Maldives","Owner_Less":"Sancturay Sands Maldives Pvt. Ltd\nH. Aage, 02nd Floor\nBoduthakurufaanu Magu\nMale', Rep of Maldives","Management":null,"State":"Operating","resortName":"Angsana Resort & Spa Maldives - Velavaru","numRoom":119,"numBeds":238,"lat":2.97977,"long":73.01573},"geometry":{"type":"Point","coordinates":[73.01573042628063,2.979767063523308]}},{"type":"Feature","properties":{"OBJECTID":"53","srl":"159","Atoll":"Dhaalu","FCOde":"LD0012","Island":"Vommuli","is3":"Vommuli","Rooms":95,"Beds":190,"Phone":"9946464","Fax":null,"Email":"sascapital@theresidency.com","Resort_Pho":"6763636","Resort_Fax":"6763636","Resort_Ema":"sascapital@theresidency.com","Operator":"SAS Capital Private Limited \n6A, M. Faamdheyrige\nOrchid Magu\nMale', Republic of Maldives","Owner_Less":"SAS Capital Private Limited \n6A, M. Faamdheyrige\nOrchid Magu, \nMale', Republic of Maldives","Management":"Starwood Asia Pacific Hotels and Resorts Pte Ltd \n06 Temasek Boulevard\n#04-01 Suntee Tower Four\nSingapore 038986","State":"Operating","resortName":"The St. Regis Vommuli Resort, Maldives","numRoom":95,"numBeds":190,"lat":2.91131,"long":72.86612},"geometry":{"type":"Point","coordinates":[72.86611500280252,2.911310128900007]}},{"type":"Feature","properties":{"OBJECTID":"54","srl":"60","Atoll":"Faafu","FCOde":"LD0819","Island":"Filitheyo","is3":"Filitheyo","Rooms":125,"Beds":250,"Phone":"331 7373","Fax":"332 1862","Email":"admin@aaa.com.mv","Resort_Pho":"6740025","Resort_Fax":"6740025","Resort_Ema":"project@aaa.com,mv","Operator":"A.A.A. & Trading Company Pvt. Ltd.\nG. Neem, Majeedhee Magu\nMale', Republic of Maldives","Owner_Less":"A.A.A. & Trading Company Pvt. Ltd.\n#17 & 19 Chaandhanee Magu\nMale', Republic of Maldives","Management":null,"State":"Operating","resortName":"Filitheyo Island Resort","numRoom":125,"numBeds":250,"lat":3.21316,"long":73.03714},"geometry":{"type":"Point","coordinates":[73.03713586410139,3.213162300279967]}},{"type":"Feature","properties":{"OBJECTID":"55","srl":"157","Atoll":"Gaafu Alifu","FCOde":"LD0811","Island":"Dhigurah","is3":"Dhigurah","Rooms":185,"Beds":370,"Phone":"6820088","Fax":null,"Email":"chpl@dhinet.net.mv","Resort_Pho":"6820088","Resort_Fax":"6820088","Resort_Ema":"chpl@dhinet.net.mv","Operator":"Bonavista (Maldives) Pvt Ltd \nMa. Malaaz, \nHuvandhumaa Goalhi, \nMale, Republic of Maldives","Owner_Less":"Bonavista (Maldives) Pvt Ltd \nMa. Malaaz, \nHuvandhumaa Goalhi, \nMale, Republic of Maldives","Management":null,"State":"Operating","resortName":"The Residence Maldives At Dhigurah","numRoom":185,"numBeds":370,"lat":0.68991,"long":73.44112},"geometry":{"type":"Point","coordinates":[73.44112031442535,0.689906754048229]}},{"type":"Feature","properties":{"OBJECTID":"56","srl":"156","Atoll":"Gaafu Alifu","FCOde":"LD0802","Island":"Falhumaafushi","is3":"Falhumaafushi","Rooms":100,"Beds":200,"Phone":"682-0088","Fax":"330 9041","Email":"msundaram@theresidence.com","Resort_Pho":"682-0088","Resort_Fax":null,"Resort_Ema":"msundaram@theresidence.com","Operator":"Bonaventure (Maldives) Pvt. Ltd\nMa. Malaaz\nHuvandhuma Goalhi \nMale', Republic of Maldives","Owner_Less":"Bonaventure (Maldives) Pvt. Ltd\nMa. Malaaz\nHuvandhuma Goalhi \nMale', Republic of Maldives","Management":null,"State":"Operating","resortName":"The Residence Maldives","numRoom":100,"numBeds":200,"lat":0.67175,"long":73.43844},"geometry":{"type":"Point","coordinates":[73.43844219770031,0.671749840968997]}},{"type":"Feature","properties":{"OBJECTID":"57","srl":"133","Atoll":"Gaafu Alifu","FCOde":"LD0926","Island":"Funamauddaa","is3":"Funamauddua","Rooms":121,"Beds":242,"Phone":"331 4877","Fax":null,"Email":"officemanager.maldives@robinson.com bjoern.thuemmel@robinson.com","Resort_Pho":"6825511","Resort_Fax":"6825511","Resort_Ema":"Malediven@robinson.com","Operator":"Robinson Club Maldives Pvt Ltd \n05th Floor, H. Maaram Building\nAmeer Ahmed Magu\nMale' 200077\nRepublic of Maldives","Owner_Less":"Robinson Club Maldives Pvt Ltd \n05th Floor, H. Maaram Building\nAmeer Ahmed Magu\nMale' 200077\nRepublic of Maldives","Management":null,"State":"Not Operating","resortName":"Robinson Maldives","numRoom":121,"numBeds":242,"lat":0.53368,"long":73.19026},"geometry":{"type":"Point","coordinates":[73.19026091230086,0.533680433501019]}},{"type":"Feature","properties":{"OBJECTID":"58","srl":"122","Atoll":"Gaafu Alifu","FCOde":"LD0618","Island":"Han'dahaa","is3":"Hadahaa","Rooms":53,"Beds":106,"Phone":"3313388","Fax":"331 6783","Email":"info@driftwoodmaldives.com","Resort_Pho":"6821234","Resort_Fax":null,"Resort_Ema":"maldives.parkhadahaa@hyatt.com","Operator":"Driftwood Maldives Pvt.Ltd.\nM. Vaarey Villa\nIzzudeen Magu\nMale', Republic of Maldives","Owner_Less":"Driftwood Maldives Pvt.Ltd.\nM. Vaarey Villa\nIzzudeen Magu\nMale', Republic of Maldives","Management":"Hyatt Intenationl - South West Aisa Ltd.\nG. Soasaneege\nRahdhdhebai Magu","State":"Operating","resortName":"Park Hyatt Maldives, Hadahaa","numRoom":53,"numBeds":106,"lat":0.5057,"long":73.45389},"geometry":{"type":"Point","coordinates":[73.45388744350028,0.505702423612041]}},{"type":"Feature","properties":{"OBJECTID":"59","srl":"124","Atoll":"Gaafu Alifu","FCOde":"LD0024","Island":"Maamutaa","is3":"Maamutaa","Rooms":136,"Beds":271,"Phone":"3333887","Fax":"3011699","Email":"erah@keonghong.com","Resort_Pho":"6820909","Resort_Fax":"6820909","Resort_Ema":"H9924@accor.com","Operator":"Pristine Islands Investment (Maldives)Pvt Ltd \nG. Alhifashuviaage, 3rd floor, Dharumavantha Magu, \nMale', Republic of Maldives","Owner_Less":"Pristine Islands Investment (Maldives) Pvt Ltd\nG. Alhifashuviaage, 3rd floor,\nDharumavantha Magu,\nMale', Republic of Maldives","Management":"AAPC (Maldives) Private Limited \nC/O H. Shah, Hussain & Co. Barristers and Attorneys, 6th Floor, Aage, 12 Boduthakurufaanu Magu,\nMale', Republic of Maldives","State":"Operating","resortName":"Pullman Maldives Maamutaa Resort","numRoom":136,"numBeds":271,"lat":0.84658,"long":73.40794},"geometry":{"type":"Point","coordinates":[73.40793813910035,0.846581503745002]}},{"type":"Feature","properties":{"OBJECTID":"60","srl":"127","Atoll":"Gaafu Alifu","FCOde":"LD0462","Island":"Meradhoo","is3":"Meradhoo","Rooms":50,"Beds":100,"Phone":"3344911 /","Fax":null,"Email":"ramesh.moorthy@raffles.com","Resort_Pho":"6828800","Resort_Fax":"6828800","Resort_Ema":"reservations.maldives@raffles.com","Operator":"CDL HBT Oceanic Maldives Pvt Ltd \nH. Millennia Tower, #02-01, 10 Ameer Ahmed Magu 20026, \nMale', Republic of Maldives","Owner_Less":"CDLHT Oceanic Maldives Pvt Ltd \nH. Millennia Tower, #02-01, 10 Ameer Ahmed Magu 20026, \nMale', Republic of Maldives","Management":"AAPC (Maldives) Private Limited \nH. C/O Shah, Hussain & Co. Barristers and Attorneys, 6th Floor, \nAage, 12 Boduthakurufaanu Magu, \nMale', Republic of Maldives","State":"Operating","resortName":"Raffles Maldives Meradhoo Resort","numRoom":50,"numBeds":100,"lat":0.58684,"long":73.09337},"geometry":{"type":"Point","coordinates":[73.0933735017012,0.586843882840993]}},{"type":"Feature","properties":{"OBJECTID":"61","srl":"110","Atoll":"Gaafu Dhaalu","FCOde":"LD0255","Island":"Havoddaa","is3":"Havodda","Rooms":120,"Beds":240,"Phone":"3005518","Fax":"3005516","Email":"samantha@crystalplazaresorts.com","Resort_Pho":"684-4888","Resort_Fax":"684-4888","Resort_Ema":"havodda@amari.com","Operator":"Crystal Plaza Resorts Pvt Ltd \n2nd Floor, MF Building\nChaandhanee Magu\nMale', Republic of Maldives","Owner_Less":"Crystal Plaza Resorts Pvt Ltd \n2nd Floor, MF Building\nChaandhanee Magu\nMale', Republic of Maldives","Management":"Minor Hotels Group (Maldives) Pvt Ltd\nAnantara Kihavah Villas\nKihavah Huravalhi, Baa Atoll\nRepublic of Maldives","State":"Operating","resortName":"NH Collection Maldives Havodda Resort","numRoom":120,"numBeds":240,"lat":0.54024,"long":73.09522},"geometry":{"type":"Point","coordinates":[73.09521574230118,0.540239001457014]}},{"type":"Feature","properties":{"OBJECTID":"62","srl":"90","Atoll":"Gaafu Dhaalu","FCOde":"LD0940","Island":"Konottaa","is3":"Konotta","Rooms":55,"Beds":110,"Phone":"7770948","Fax":null,"Email":"juni@sandalawyers.com","Resort_Pho":"684 7770","Resort_Fax":null,"Resort_Ema":"reservation.konotta@outrigger.mv","Operator":"O.K.M Private Limited \nH. Orchidmaage\n2nd Floor, Ameer Ahmed Magu\nK. Male', Rep of Maldives","Owner_Less":"O.K.M Private Limited \nH. Orchidmaage\n2nd Floor, Ameer Ahmed Magu\nK. Male', Rep of Maldives","Management":null,"State":"Operating","resortName":"Konotta Maldives","numRoom":55,"numBeds":110,"lat":0.46274,"long":73.15476},"geometry":{"type":"Point","coordinates":[73.15476452230095,0.462738087036985]}},{"type":"Feature","properties":{"OBJECTID":"63","srl":"16","Atoll":"Gaafu Dhaalu","FCOde":"LD0635","Island":"Maguhdhuvaa","is3":"Magudhdhuvaa","Rooms":100,"Beds":200,"Phone":"7303055\n745 8336\n6844444","Fax":"330 3003\n3303009\n6845555","Email":"info@ayadamaldives.com / \naminath.hana@lily-international.com","Resort_Pho":"684 4444","Resort_Fax":"444 6 200","Resort_Ema":"info@ayadamaldives.com","Operator":"Ahmet Aydeniz Maldives Pvt. Ltd \nH. Aagadhage, 4th Floor\nBoduthakurufaanu Magu\nMale', Republic of Maldives","Owner_Less":"Maldives Tourism Development and Corporation \nG. Fathuruvehi, 1st Floor\nBuruzu Magu 20124\nMale', Republic of Maldives","Management":null,"State":"Operating","resortName":"Ayada Maldives","numRoom":100,"numBeds":200,"lat":0.27755,"long":73.35672},"geometry":{"type":"Point","coordinates":[73.35671561740044,0.27755308253]}},{"type":"Feature","properties":{"OBJECTID":"64","srl":"79","Atoll":"Haa Alifu","FCOde":"LD0548","Island":"Manafaru","is3":"Manafaru","Rooms":88,"Beds":176,"Phone":"3344720","Fax":"3344721","Email":"william.harleyfleming@dutco.com","Resort_Pho":"6500400","Resort_Fax":"6500400","Resort_Ema":"vlsd.reyes@jaresorts.com","Operator":"Jarh Maldives Pvt Ltd \nMarina Building, 7th Floor\nKoli Umar Maniku Goalhi\nMale', Republic of Maldives","Owner_Less":"Jarh Maldives Pvt Ltd \nMarina Building, 7th Floor\nKoli Umar Maniku Goalhi\nMale', Republic of Maldives","Management":null,"State":"Operating","resortName":"JA Manafaru","numRoom":88,"numBeds":176,"lat":6.9971,"long":72.93999},"geometry":{"type":"Point","coordinates":[72.93998597590162,6.997104928309979]}},{"type":"Feature","properties":{"OBJECTID":"65","srl":"146","Atoll":"Haa Dhaalu","FCOde":"LD0663","Island":"Dhipparufushi","is3":"Dhipparufushi","Rooms":24,"Beds":48,"Phone":"7792656","Fax":"-","Email":"mgr-male@soneva.com","Resort_Pho":"4010000","Resort_Fax":"4010000","Resort_Ema":"reservations@soneva.com","Operator":"Secret Venture Pvt Ltd \nH. Jazeera Building, 4th Floor\nBoduthakurufaanu Magu\nMale', Republic of Maldives","Owner_Less":"Secret Venture Pvt Ltd \nH. Jazeera Building, 4th Floor\nBoduthakurufaanu Magu\nMale', Republic of Maldives","Management":"Soneva Management (BVI) Ltd (FC)\nH. Jazeera Building, 4th Floor\nBoduthakurufaanu Magu\nMale', Republic of Maldiv","State":"Operating","resortName":"Soneva Secret","numRoom":24,"numBeds":48,"lat":6.31886,"long":72.64063},"geometry":{"type":"Point","coordinates":[72.6406338814044,6.318860593579942]}},{"type":"Feature","properties":{"OBJECTID":"66","srl":"74","Atoll":"Haa Dhaalu","FCOde":"LD1192","Island":"Hon'daafushi","is3":"Hondaafushi","Rooms":57,"Beds":114,"Phone":"3317373","Fax":"3316016","Email":"sales@aaa.com.mv","Resort_Pho":"674-0025","Resort_Fax":"674-0025","Resort_Ema":"hondaafushi@aaa.com.mv","Operator":"Hondaafushi Island Resort (SP)\nMr. Abdulla Ali \nM. Three A Villa\nFareedhee Magu\nMale', Republic of Maldives","Owner_Less":"Mr. Abdulla Ali\nM. Three A Villa\nFareedhee Magu\nMale', Republic of Maldives","Management":"-","State":"Operating","resortName":"Hondaafushi Island Resort","numRoom":57,"numBeds":114,"lat":6.77812,"long":73.12154},"geometry":{"type":"Point","coordinates":[73.12154012240089,6.778120838150006]}},{"type":"Feature","properties":{"OBJECTID":"67","srl":"143","Atoll":"Kaafu","FCOde":"LD1756","Island":"4° 7’ 24.562” N, 73° 28’ 52.015” E","is3":"4° 7’ 24.562” N, 73° 28’ 52.015” E","Rooms":93,"Beds":186,"Phone":"6649100","Fax":"-","Email":"jespersoerense@so-hotels.com \nhttps://so-hotels.com/","Resort_Pho":null,"Resort_Fax":null,"Resort_Ema":"SO.Maldives@so-hotels.com","Operator":"Dream Islands Development 3 Pvt Ltd\nH. Millenia Tower, #02-0110 \nAmeer Ahmed Magu\nMale', Republic of Maldives","Owner_Less":"Dream Islands Development 2 Pvt Ltd\nH. Millenia Tower, #02-0110 \nAmeer Ahmed Magu\nMale', Republic of Maldives","Management":null,"State":"Operating","resortName":"SO/ Maldives","numRoom":93,"numBeds":186,"lat":4.12355,"long":73.48115},"geometry":{"type":"Point","coordinates":[73.48115161900024,4.123546081620021]}},{"type":"Feature","properties":{"OBJECTID":"68","srl":"1","Atoll":"Kaafu","FCOde":"LD1293","Island":"Aanugan'du Finolhu and Aanugan'du Huraa","is3":"Aanugan'du Finolhu and Aanugan'du Huraa","Rooms":384,"Beds":768,"Phone":"3339992","Fax":null,"Email":"shrikant@atmospherehotelsandresorts.com","Resort_Pho":"4000022","Resort_Fax":"4000022","Resort_Ema":"info@ailafushi@colorsofoblu.com","Operator":"Promonant Pvt Ltd \nH. Aage, 6th Floor\n12 Boduthakurufaanu Magu\nMale', Republic of Maldives","Owner_Less":"Aqua Blue Investments Pvt Ltd \nM. Mirihimaage\n3A, Kulhidhoshumagu\nMale', Republic of Maldives","Management":"Atmosphere Core (BVI) Ltd \nH. Aage, 3rd Floor\n12 Boduthakurufaanu Magu\nMale', Republic of Maldives","State":"Operating","resortName":"Aanugandu Island Resort","numRoom":384,"numBeds":768,"lat":4.30635,"long":73.50563},"geometry":{"type":"Point","coordinates":[73.5056288477002,4.306351360600035]}},{"type":"Feature","properties":{"OBJECTID":"69","srl":"70","Atoll":"Kaafu","FCOde":"LD1502","Island":"Akasdhoo","is3":"Akasdhoo","Rooms":197,"Beds":394,"Phone":"9606651400","Fax":null,"Email":"rsvn@hrhmaldives.com","Resort_Pho":"6551400","Resort_Fax":"6551400","Resort_Ema":"info@hrhmaldives.com","Operator":"Dream Islands Development 2 Pvt. Ltd. \nH. #02-01, Millennia Tower, 10 Ameer Ahmed Magu, Male', Republic of Maldives","Owner_Less":"Dream Islands Development 2 Pvt. Ltd. \nH. #02-01, Millennia Tower, 10 Ameer Ahmed Magu, Male', Republic of Maldives","Management":null,"State":"Operating","resortName":"Hard Rock Hotel Maldives","numRoom":197,"numBeds":394,"lat":4.12374,"long":73.47247},"geometry":{"type":"Point","coordinates":[73.47246663060025,4.123736505289997]}},{"type":"Feature","properties":{"OBJECTID":"70","srl":"118","Atoll":"Kaafu","FCOde":"LD0981","Island":"Akirifushi","is3":"Akirifushi","Rooms":114,"Beds":288,"Phone":"3339992","Fax":"3339998","Email":"info@eonresorts.com\n\nshrikant@atmospherehotelsandresorts.com","Resort_Pho":"400 4501","Resort_Fax":null,"Resort_Ema":"sales@oblu-sangeli.com","Operator":"North East Pvt Ltd \nH. Aage, 3rd Floor\nBoduthakurufaanu Magu\nMale', Republic of Maldives","Owner_Less":"Akirifushi Investments Pvt Ltd \nMa. Milano, 2nd Floor\nRahdhebai Magu\nMale', Republic of Maldives","Management":null,"State":"Operating","resortName":"Oblu Select by Atmosphere at Sangeli","numRoom":114,"numBeds":288,"lat":4.63776,"long":73.40161},"geometry":{"type":"Point","coordinates":[73.40160755010032,4.637758476400012]}},{"type":"Feature","properties":{"OBJECTID":"71","srl":"18","Atoll":"Kaafu","FCOde":"LD0026","Island":"Ban'dos","is3":"Bandos","Rooms":220,"Beds":440,"Phone":"6640088","Fax":"6643877","Email":"info@bandos.com.mv","Resort_Pho":"6640088","Resort_Fax":"6640088","Resort_Ema":"sales@bandos.com.mv","Operator":"Orchid Holdings Private Limited \nH. Deens Villa, \nMeheli Goalhi, \nMale', Republic of Maldives","Owner_Less":"Mohamed Waheed Deen\nH. Deens Villa\nMeheli Goalhi\nMale', Republic of Maldives","Management":"-","State":"Operating","resortName":"Bandos Maldives","numRoom":220,"numBeds":440,"lat":4.26942,"long":73.49139},"geometry":{"type":"Point","coordinates":[73.49139352840022,4.269419613449999]}},{"type":"Feature","properties":{"OBJECTID":"72","srl":"21","Atoll":"Kaafu","FCOde":"LD0142","Island":"Baros","is3":"Baros","Rooms":75,"Beds":150,"Phone":"3323080\n6642672","Fax":"3320274\n3322678","Email":"info@baros.com; sales@unient.com.mv","Resort_Pho":"664 26 72","Resort_Fax":null,"Resort_Ema":"reservations@baros.com","Operator":"Universal Enterprises Ltd.\n39, Orchid Magu\nMale', Republic of Maldives","Owner_Less":"Universal Enterprises Ltd.\n39, Orchid Magu\nMale', Republic of Maldives\nsales@unient.com.mv","Management":null,"State":"Operating","resortName":"Baros Maldives","numRoom":75,"numBeds":150,"lat":4.28479,"long":73.42716},"geometry":{"type":"Point","coordinates":[73.4271583954003,4.284787037440012]}},{"type":"Feature","properties":{"OBJECTID":"73","srl":"22","Atoll":"Kaafu","FCOde":"LD0160","Island":"Biyaadhoo","is3":"Biyaadhoo","Rooms":96,"Beds":192,"Phone":"3324658\n3336611","Fax":"3325542\n3336622","Email":"sunland@dhivehinet.net.mv","Resort_Pho":"664 7171","Resort_Fax":"664 7171","Resort_Ema":"vlsd.reyes@jaresorts.com","Operator":"Sunland Hotels Pte. Ltd.\n#04-01, STO Trade Center,\nOrchid Magu\nMale', Republic of Maldives","Owner_Less":"Sunland Hotels Pte. Ltd.\n#04-01, STO Trade Center,\nOrchid Magu\nMale', Republic of Maldives\nsunland@dhivehinet.net.mv","Management":null,"State":"Not Operating","resortName":"Biyaadhoo Island Resort","numRoom":96,"numBeds":192,"lat":3.92216,"long":73.45635},"geometry":{"type":"Point","coordinates":[73.45635061660028,3.922161066649997]}},{"type":"Feature","properties":{"OBJECTID":"74","srl":"34","Atoll":"Kaafu","FCOde":"LD0305","Island":"Boduhithi","is3":"Boduhithi","Rooms":100,"Beds":200,"Phone":"3324658\n3336611","Fax":"3325542\n3336622","Email":"sunland@dhivehinet.net.mv","Resort_Pho":null,"Resort_Fax":null,"Resort_Ema":"reservations@cococollection.com","Operator":"Sunland Hotels Pte. Ltd.\nH. Moonlit Villa\nMedhuziyaaraiy Magu\nMale', Republic of Maldives","Owner_Less":"Shinetree Holdings Pvt Ltd.(C-0198/1994)\nOceanic Building\nNo.7 Boduthakurufaanu Magu \nMale', Republic of Maldives","Management":null,"State":"Operating","resortName":"Coco Bodu Hithi","numRoom":100,"numBeds":200,"lat":4.4301,"long":73.38478},"geometry":{"type":"Point","coordinates":[73.38477873120037,4.430104692130024]}},{"type":"Feature","properties":{"OBJECTID":"75","srl":"23","Atoll":"Kaafu","FCOde":"LD0597","Island":"Bolifushi","is3":"Bolifushi","Rooms":112,"Beds":224,"Phone":"7964481 / 3339992 / 3317526","Fax":null,"Email":"muaz@alephpropertiesltd.com","Resort_Pho":"6642020 / 7937070","Resort_Fax":"6642525","Resort_Ema":"reservations@ozenreserve-bolifushi.com","Operator":"Aleph Properties Limited \n03rd Floor, H. Aage   \n12, Boduthakurufaanu Magu\nMale', Republic of Maldives","Owner_Less":"Gateway Maldives Pvt. Ltd \nH. Mirihi \nAbadhah Ufaa Magu\nMale', Republic of Maldives","Management":"Atmosphere Core (BVI) Ltd \n03rd Floor, H. Aage \n12, Boduthakurufaanu Magu\nMale', Republic of Maldives\nwww.ozenreserve-bolifushi.com","State":"Operating","resortName":"Bolifushi Island Resort","numRoom":112,"numBeds":224,"lat":4.09739,"long":73.39975},"geometry":{"type":"Point","coordinates":[73.39974886890033,4.097388606279984]}},{"type":"Feature","properties":{"OBJECTID":"76","srl":"10","Atoll":"Kaafu","FCOde":"LD0321","Island":"Dhigufinolhu","is3":"Dhigufinolhu","Rooms":113,"Beds":226,"Phone":"7797779","Fax":"3327058","Email":"shahdy@sandalawyers.com","Resort_Pho":"6644100","Resort_Fax":"6644100","Resort_Ema":"dhigumaldives@anantara.com","Operator":"SS & L Beach Pvt Ltd \nH. #02-01, Millennia Tower\n10 Ameer Ahmed Magu\nMale', Republic of Maldives","Owner_Less":"SS & L Beach Pvt Ltd \nH. #02-01, Millennia Tower\n10 Ameer Ahmed Magu\nMale', Republic of Maldives","Management":"Minor Hotel Group (Maldives) Pvt Ltd \nAnantara Kihavah Villas\nB. Kihavah Huravalhi\nRepublic of Maldives","State":"Operating","resortName":"Anantara Resort and Spa Maldives","numRoom":113,"numBeds":226,"lat":3.97233,"long":73.50226},"geometry":{"type":"Point","coordinates":[73.50225931600023,3.972328812150015]}},{"type":"Feature","properties":{"OBJECTID":"77","srl":"136","Atoll":"Kaafu","FCOde":"LD1501","Island":"Ehmafushi","is3":"Eh'mafushi","Rooms":170,"Beds":340,"Phone":"9606651300","Fax":null,"Email":"rsvn.lagoon@SAiiresorts.com","Resort_Pho":"6651300","Resort_Fax":"6651300","Resort_Ema":"info.lagoon@saiiresorts.com","Operator":"Dream Islands Development 2 Pvt. Ltd. \nH. #02-01, Millennia Tower, 10 Ameer Ahmed Magu, Male', Republic of Maldives","Owner_Less":"Dream Islands Development 2 Pvt. Ltd. \nH. #02-01, Millennia Tower, 10 Ameer Ahmed Magu, Male', Republic of Maldives","Management":null,"State":"Operating","resortName":"Saii Lagoon Maldives","numRoom":170,"numBeds":340,"lat":4.12422,"long":73.46291},"geometry":{"type":"Point","coordinates":[73.46290561530026,4.124217728780036]}},{"type":"Feature","properties":{"OBJECTID":"78","srl":"55","Atoll":"Kaafu","FCOde":"LD0816","Island":"En'boodhoo","is3":"Embudhu","Rooms":118,"Beds":236,"Phone":"3322212\n3318005","Fax":"3318057","Email":"kaimoo@dhivehinet.net.mv","Resort_Pho":"664 4776.","Resort_Fax":null,"Resort_Ema":"gm@embudhuvillage.com / sales@embudhuvillage.com.mv","Operator":"Kaimoo Travels & Hotels Services Pvt. Ltd.\nH. Maagala, Meheli Goalhi\nMale', Republic of Maldives","Owner_Less":"Kaimoo Travels & Hotels Services Pte. Ltd.\nH. Maagala, Meheli Goalhi\nMale', Republic of Maldives\nkaimoo@dhivehinet.net.mv","Management":null,"State":"Operating","resortName":"Embudhu Village","numRoom":118,"numBeds":236,"lat":4.08408,"long":73.51214},"geometry":{"type":"Point","coordinates":[73.5121416542002,4.084077363269998]}},{"type":"Feature","properties":{"OBJECTID":"79","srl":"154","Atoll":"Kaafu","FCOde":"LD0524","Island":"En'boodhooFinolhu","is3":"Embudhu Finolhu","Rooms":134,"Beds":64,"Phone":"3317530","Fax":null,"Email":"exotica.maldives@tajhotels.com","Resort_Pho":"400600","Resort_Fax":"400600","Resort_Ema":"exotica.maldives@tajhotels.com","Operator":"TAL Maldives Resorts Pvt. Ltd \nH. Sifa, 4th Floor B\nBoduthakurufaanu Magu\nMale', Republic of Maldives","Owner_Less":"Hima Holdings Pvt Ltd\n2/44 Orchid Magu\nMale', Republic of Maldives","Management":null,"State":"Operating","resortName":"Taj Exotica Resort & Spa Maldives","numRoom":134,"numBeds":64,"lat":4.10484,"long":73.52473},"geometry":{"type":"Point","coordinates":[73.5247332602002,4.10483979827]}},{"type":"Feature","properties":{"OBJECTID":"80","srl":"58","Atoll":"Kaafu","FCOde":"LD0648","Island":"Eriadhoo","is3":"Eriyadhu","Rooms":76,"Beds":152,"Phone":"9130614","Fax":"-","Email":"reservations@eriyadumaldives.com","Resort_Pho":"6644487","Resort_Fax":"6644487","Resort_Ema":"reservations@eriyadumaldives.com","Operator":"Eri Holdings Pvt Ltd \nM. Kaneeru Villa, 4th Floor,\nOrchid Magu, \nMale’, Republic of Maldives","Owner_Less":"Eri Holdings Pvt Ltd \nM. Kaneeru Villa, 4th Floor,\nOrchid Magu, \nMale’, Republic of Maldives","Management":"-","State":"Operating","resortName":"Eri Maldives","numRoom":76,"numBeds":152,"lat":4.59,"long":73.41449},"geometry":{"type":"Point","coordinates":[73.41449296760032,4.590002494290013]}},{"type":"Feature","properties":{"OBJECTID":"81","srl":"158","Atoll":"Kaafu","FCOde":"LD1705","Island":"Fari Kandu Huraa","is3":"Fari Kandu Huraa","Rooms":116,"Beds":232,"Phone":"4000999","Fax":null,"Email":"mark.hehir@ritzcarlton.com","Resort_Pho":null,"Resort_Fax":null,"Resort_Ema":"maldives.reservations@ritzcarlton.com","Operator":"CPRC (Maldives) Pvt Ltd \nH. Millenia Tower, #02-01\n10 Ameer Ahmed Magu\nMale', Republic of Maldives","Owner_Less":"MESA RF Pvt Ltd \nM. Faaroshige (2nd Floor)\nOrchid Magu \nMale', Republic of Maldives","Management":"Marriot Hotels Maldives Pvt Ltd\nH. Millenia Tower, #04-01\n10 Ameer Ahmed Magu\nMale', Republic of Maldives","State":"Operating","resortName":"The Ritz Carlton Maldives Fari Islands","numRoom":116,"numBeds":232,"lat":4.60225,"long":73.58197},"geometry":{"type":"Point","coordinates":[73.58197277320015,4.602251559450007]}},{"type":"Feature","properties":{"OBJECTID":"82","srl":"123","Atoll":"Kaafu","FCOde":"LD0691","Island":"Fari Veli Huraa","is3":"Fari Veli Huraa","Rooms":123,"Beds":258,"Phone":"7846861","Fax":null,"Email":"marco.denouden@patinahotels.com / chris.chuah@mesarf.com","Resort_Pho":null,"Resort_Fax":null,"Resort_Ema":"info@patinamaldives.com","Operator":"Tomlinson Investment Pvt Ltd\nH. Millenia Tower, #02-01\n10 Ameer Ahmed Magu\nMale', Republic of Maldives","Owner_Less":"MESA RF Pvt Ltd \nM. Faaroshige (2nd Floor)\nOrchid Magu \nMale', Republic of Maldives","Management":"Capella Hotel Group Management (Maldives) Pvt Ltd \nH. Millenia Tower, #02-01\n10 Ameer Ahmed Magu\nMale', Republic of Maldives","State":"Operating","resortName":"Patina Maldives, Fari Islands","numRoom":123,"numBeds":258,"lat":4.62675,"long":73.57184},"geometry":{"type":"Point","coordinates":[73.57183989410018,4.626745040209993]}},{"type":"Feature","properties":{"OBJECTID":"83","srl":"59","Atoll":"Kaafu","FCOde":"LD0516","Island":"Fihaalhohi","is3":"Fihaalhohi","Rooms":150,"Beds":300,"Phone":"3006876","Fax":"3006879","Email":"info@fehimoorithi.com","Resort_Pho":"664 2903","Resort_Fax":"664 2903","Resort_Ema":"info@fihalhohi.com.mv","Operator":"Fehi Moorithi Pvt Ltd \n6th Floor, Moorithi Buiding \nChaandhanee Magu\nMale', Republic of Maldives","Owner_Less":"Fehi Moorithi Pvt Ltd \n6th Floor, Moorithi Buiding \nChaandhanee Magu\nMale' City, Republic of Maldives","Management":null,"State":"Operating","resortName":"Fihaalhohi Maldives","numRoom":150,"numBeds":300,"lat":3.8773,"long":73.36717},"geometry":{"type":"Point","coordinates":[73.36717248220423,3.87730007745712]}},{"type":"Feature","properties":{"OBJECTID":"84","srl":"138","Atoll":"Kaafu","FCOde":"LD1177","Island":"Furanafushi","is3":"Furanafushi","Rooms":176,"Beds":352,"Phone":"7931698","Fax":null,"Email":"vijay.kumar@marriott.com","Resort_Pho":"6642010","Resort_Fax":"6642010","Resort_Ema":"sheraton.maldives@sheraton.com","Operator":"Manta Resort Holdings II Pvt. Ltd \nH. #02-01, Millennia Tower\n10 Ameer Ahmed Magu 20026\nMale', Republic of Maldives","Owner_Less":"Manta Resort Holdings II Pvt. Ltd \nH. #02-01, Millennia Tower\n10 Ameer Ahmed Magu 20026\nMale', Republic of Maldives","Management":"Marriott Hotels Maldives Pvt Ltd\nH. #04-01, Millennia Tower\n10 Ameer Ahmed Magu 20026\nMale', Republic of Maldives","State":"Operating","resortName":"Sheraton Maldives Full Moon Resort & Spa","numRoom":176,"numBeds":352,"lat":4.24985,"long":73.54558},"geometry":{"type":"Point","coordinates":[73.54558271550017,4.249852499380037]}},{"type":"Feature","properties":{"OBJECTID":"85","srl":"32","Atoll":"Kaafu","FCOde":"LD0803","Island":"Gasfinolhu","is3":"Gasfinolhu","Rooms":52,"Beds":104,"Phone":"3314149\n6642078","Fax":"3314150\n6645941","Email":"kanvcrec01@clubmed.com","Resort_Pho":"660 8800","Resort_Fax":null,"Resort_Ema":"kanvcrec01@clubmed.com","Operator":"Maldivian Holiday Villages Private Ltd\nc/o Club Med Hong Kong Limited\nPO Box 2051\nMale', Republic of Maldives","Owner_Less":"Global Pvt Ltd\nChampa Building, 3rd Floor\nKandi Dhon Manik Goalhi\nMale', Rep.. of Maldives","Management":null,"State":"Operating","resortName":"Club Med Finolhu Villas","numRoom":52,"numBeds":104,"lat":4.36134,"long":73.62629},"geometry":{"type":"Point","coordinates":[73.62629177660011,4.361336513769994]}},{"type":"Feature","properties":{"OBJECTID":"86","srl":"27","Atoll":"Kaafu","FCOde":"LD0689","Island":"Giraavaru","is3":"Giraavaru","Rooms":140,"Beds":280,"Phone":"3306566","Fax":"3309796","Email":"sales@chr.co.th; crf@chr.co.th","Resort_Pho":"664 3880","Resort_Fax":"664 3880","Resort_Ema":"crf@chr.co.th","Operator":"Centara Maldives Pvt. Ltd. \nC/O. SHAH, HUSSAIN & CO. Barristers and Attorneys, \nH. Aage, 6th Floor,\nBoduthakurufaanu Magu, Male', Republic of Maldives","Owner_Less":"Legal Heirs of Late Mr. Abdul Rauf, M. Snow Rose, Male', Republic of Maldives:\n\n1. Aishath Shareef \nG. Summer Rose, Male', Republic of Maldives\n2. Aminath Rifna\nG. Nasru Villa, Male', Republic of Maldives\n3. Fathimath Anoosha \nM. Snow Rose, Male', Republ","Management":"-","State":"Operating","resortName":"Centara Ras Fushi Resort & Spa","numRoom":140,"numBeds":280,"lat":4.20046,"long":73.41284},"geometry":{"type":"Point","coordinates":[73.4128407068003,4.200463835869995]}},{"type":"Feature","properties":{"OBJECTID":"87","srl":"117","Atoll":"Kaafu","FCOde":"LD0036","Island":"Helen'geli","is3":"Helengeli","Rooms":176,"Beds":352,"Phone":"3339992","Fax":"3339998","Email":"fc@oblu-helengeli.com","Resort_Pho":"4000077","Resort_Fax":"4000077","Resort_Ema":"sales.helengeli@coloursofoblu.com/ https://oblunaturehelengeli.com-maldives.com/en/","Operator":"S.P.C Pvt Ltd \n(East Wing) Aage, 2nd Floor\n12 Boduthakurufaanu Magu\nMale, Rep. of Maldives","Owner_Less":"Helengeli Island Resort Pvt Ltd \nH.Orchid Maage  \nAmeer Ahmed Magu\nMale', Rep. of Maldives","Management":null,"State":"Operating","resortName":"Oblu By Atmosphere at Helengeli","numRoom":176,"numBeds":352,"lat":4.63439,"long":73.56346},"geometry":{"type":"Point","coordinates":[73.56346318630015,4.63438634519001]}},{"type":"Feature","properties":{"OBJECTID":"88","srl":"153","Atoll":"Kaafu","FCOde":"LD0331","Island":"Hen'badhoo","is3":"Hembadhu","Rooms":64,"Beds":128,"Phone":"3317530","Fax":"3314059","Email":"tajmale@dhivehinet.net.mv","Resort_Pho":"664-1948","Resort_Fax":null,"Resort_Ema":"tajcoralreef@tajhotels.com","Operator":"Tal Maldives Resorts Pvt. Ltd.\n(Taj Group of Hotels, India)\nG. Maajehige, 1st Floor\nLily Magu\nMale', Republic of Maldives\n","Owner_Less":"Tal Maldives Resorts Pvt. Ltd.\n(Taj Group of Hotels, India)\nG. Maajehige, 1st Floor\nLily Magu\nMale', Republic of Maldives\ntajmale@dhivehinet.net.mv","Management":null,"State":"Operating","resortName":"Taj Coral Reef Resort and Spa","numRoom":64,"numBeds":128,"lat":4.48168,"long":73.39332},"geometry":{"type":"Point","coordinates":[73.39332085970034,4.481681943729995]}},{"type":"Feature","properties":{"OBJECTID":"89","srl":"44","Atoll":"Kaafu","FCOde":"LD0154","Island":"Ihuru","is3":"Ihuru","Rooms":45,"Beds":90,"Phone":"6658205","Fax":"(65)4620186\n6645933","Email":"mohamed.naeem@banyantree.com","Resort_Pho":"960 664 3502","Resort_Fax":"960 664 3502","Resort_Ema":"reservations-ihuru@angsana.com","Operator":"Maldives Angsana Pvt Ltd \nM. Gulfaamuge, 04th Floor\nFareedhee Magu\nMale', Republic of Maldives","Owner_Less":"Ihuru Investments Pvt Ltd \nMa. Rimkhaa, Ground Floor\nDhilbahaaru Goalhi,\nMale', Republic of Maldives","Management":"Banyan Tree Resorts Ltd\nChina Insurance Group Building, 2401, 24th floor, 141 Des Voeux Road Central, Hong Kong","State":"Operating","resortName":"Dhawa Ihuru","numRoom":45,"numBeds":90,"lat":4.30676,"long":73.41604},"geometry":{"type":"Point","coordinates":[73.41604074850032,4.30675694634999]}},{"type":"Feature","properties":{"OBJECTID":"90","srl":"82","Atoll":"Kaafu","FCOde":"LD1762","Island":"Island 1 Plot of Lagoon","is3":"Island 1 Plot of Lagoon","Rooms":153,"Beds":306,"Phone":"6626888 / 6649966 / 3016888","Fax":null,"Email":"booking@cocoonmaldives.com\ninfo@cocoonmaldives.com","Resort_Pho":"6626888","Resort_Fax":"6626888","Resort_Ema":"alex@cocoonmaldives.com; akbar@akbar.com","Operator":"Joy Resort Pvt Ltd \nH. Sonary, 2nd Floor,\nBoduthakurufaanu Magu,\nMale', Republic of Maldives","Owner_Less":"AB Lagoon Pvt Ltd\nH. Sonary, 2nd Floor,\nBoduthakurufaanu Magu,\nMale', Republic of Maldives","Management":null,"State":"Operating","resortName":"Joy Island","numRoom":153,"numBeds":306,"lat":4.51897,"long":73.66133},"geometry":{"type":"Point","coordinates":[73.6613339861001,4.518971265600018]}},{"type":"Feature","properties":{"OBJECTID":"91","srl":"172","Atoll":"Kaafu","FCOde":"LD1507","Island":"Ithaafushi","is3":"Ithaafushi","Rooms":136,"Beds":272,"Phone":"3325602","Fax":"3325601","Email":"suzan@hotelresortsconstruction.com","Resort_Pho":"4000300","Resort_Fax":"4000300","Resort_Ema":"etienne.dalancon@waldorfastoria,com","Operator":"Ithaafushi Investments Pvt. Ltd. \nH. Sea Side, Level One, \nBoduthakurufaanu Magu\nMale', Republic of Maldives","Owner_Less":"Ithaafushi Investments Pvt. Ltd.\nH. Sea Side, Level One, \nBoduthakurufaanu Magu\nMale', Republic of Maldives","Management":null,"State":"Operating","resortName":"Waldorf Astoria Maldives Ithaafushi","numRoom":136,"numBeds":272,"lat":4.01267,"long":73.3825},"geometry":{"type":"Point","coordinates":[73.38249948520036,4.012669193]}},{"type":"Feature","properties":{"OBJECTID":"92","srl":"85","Atoll":"Kaafu","FCOde":"LD0843","Island":"Kagi","is3":"Kagi","Rooms":50,"Beds":100,"Phone":"3326712","Fax":"-","Email":"cfo@champaresorts.com","Resort_Pho":"6640123","Resort_Fax":"6640664","Resort_Ema":"info@kagimaldives.com","Operator":"Kagi Development Pvt Ltd \nChampa Building, 3rd Floor\nKandi Dhon Maniku Goalhi\nMale', Republic of Maldives","Owner_Less":"Kagi Development Pvt Ltd\nChampa Building, 3rd Floor\nKandi Dhon Maniku Goalhi\nMale', Republic of Maldives","Management":null,"State":"Operating","resortName":"Kagi Maldives Resort and Spa","numRoom":50,"numBeds":100,"lat":4.67673,"long":73.50113},"geometry":{"type":"Point","coordinates":[73.50112663580022,4.676727980919999]}},{"type":"Feature","properties":{"OBJECTID":"93","srl":"73","Atoll":"Kaafu","FCOde":"LD0377","Island":"Kan'doomaafushi","is3":"Kandoomafushi","Rooms":162,"Beds":324,"Phone":"3314377","Fax":"3314378","Email":"sales.hikandooma@ihg.com / reservations.hikandooma@ihg.com","Resort_Pho":"6640511","Resort_Fax":"6640511","Resort_Ema":"sales.hikandooma@ihg.com / reservations.hikandooma@ihg.com","Operator":"Leisure Holidays Pvt Ltd\nH. Millennia Tower, #02-01, 10 \nAmeer Ahmed Magu, 20026, \nMale', Republic ofMaldives","Owner_Less":"Kandooma Holdings Pvt Ltd \nH. Aagadhage Building, 5th Floor, \nBoduthakurufaanu Magu, \nMale', Republic of Maldives","Management":"Intercontinental Hotels Group (Greater China) Ltd \nLevel 54, Hopewell Centre, \nHong Kong, 183 Queens Road East, China","State":"Operating","resortName":"Holiday Inn Resort Kandooma Maldives","numRoom":162,"numBeds":324,"lat":3.90324,"long":73.47356},"geometry":{"type":"Point","coordinates":[73.47355739480025,3.903241749120033]}},{"type":"Feature","properties":{"OBJECTID":"94","srl":"33","Atoll":"Kaafu","FCOde":"LD0960","Island":"Kanifinolhu","is3":"Kanifinolhu","Rooms":272,"Beds":544,"Phone":"332 2451","Fax":"332 3523","Email":"info@cyprea.com.mv","Resort_Pho":"6644859 / 6643152","Resort_Fax":null,"Resort_Ema":"info@cyprea.com.mv / kancplan01@clubmed.com","Operator":"Maldivian Holiday Villages Ltd  (On Behalf of Club Mediterrannee S. A) (FC-0007/2012)\n11 Rue De Cambrai\n75957 Paris Cedex 19, France","Owner_Less":"Cyprea Pvt. Ltd. (436)\n66/17 Boduthakurufaanu Magu\nMale', Republic of Maldives","Management":null,"State":"Operating","resortName":"Club Med Kanifinolhu","numRoom":272,"numBeds":544,"lat":4.34357,"long":73.6082},"geometry":{"type":"Point","coordinates":[73.60820482860012,4.343569287560014]}},{"type":"Feature","properties":{"OBJECTID":"95","srl":"29","Atoll":"Kaafu","FCOde":"LD0157","Island":"Kanuoiyhuraa","is3":"Kanuoiy Huraa","Rooms":148,"Beds":296,"Phone":"3326219\n3313738","Fax":"3326264","Email":"jkmr@keells.com.mv","Resort_Pho":"664-0055","Resort_Fax":"664-0055","Resort_Ema":"dhonveli@cinnamonhotels.com","Operator":"Tranquility Pvt. Ltd. \n2nd Floor H. Maizan Building\nSosun Magu\nMale', Republic of Maldives","Owner_Less":"Tranquility Pvt. Ltd. \n2nd Floor H. Maizan Building\nSosun Magu\nMale', Republic of Maldives","Management":null,"State":"Operating","resortName":"Cinnamon Dhonveli Maldives","numRoom":148,"numBeds":296,"lat":4.319,"long":73.59113},"geometry":{"type":"Point","coordinates":[73.59113179580015,4.319002679730006]}},{"type":"Feature","properties":{"OBJECTID":"96","srl":"69","Atoll":"Kaafu","FCOde":"LD0283","Island":"Kohdhipparu","is3":"Kodhipparu","Rooms":125,"Beds":250,"Phone":"6651111","Fax":"6651122","Email":"info@parkhotelgroup.com\nraffaele.solferino@parkhotelgroup.com","Resort_Pho":"665 1111","Resort_Fax":null,"Resort_Ema":"info.gpkd@parkhotelgroup.com","Operator":"CES Park Kodhipparu Pvt Ltd \nH. Aage, 6th Floor\nMale', Republic of Maldives","Owner_Less":"CES Park Kodhipparu Pvt Ltd\nH. Aage, 6th Floor\nMale', Republic of Maldives","Management":null,"State":"Operating","resortName":"Grand Park Kodhipparu Maldives","numRoom":125,"numBeds":250,"lat":4.25995,"long":73.38008},"geometry":{"type":"Point","coordinates":[73.38008481290035,4.259945614320023]}},{"type":"Feature","properties":{"OBJECTID":"97","srl":"72","Atoll":"Kaafu","FCOde":"LD1761","Island":"Kohdhipparu Lagoon","is3":"Kohdhipparu Lagoon","Rooms":126,"Beds":252,"Phone":"7776789","Fax":null,"Email":"nihad@amin.mv","Resort_Pho":"7300500","Resort_Fax":"7300500","Resort_Ema":"gaurav.thakur@hilton.com","Operator":"Amingiri Holdings Pvt Ltd \nM. World Dream, 2nd Floor\nHandhuvaree Hingun\nMale', Republic of Maldives","Owner_Less":"Amingiri Holdings Pvt Ltd \nM. World Dream, 2nd Floor\nHandhuvaree Hingun\nMale', Republic of Maldives","Management":"Hilton Worldwide Manage Ltd \nH. Level 1&2\nOrchidmaage\nMale', Republic of Maldives","State":"Operating","resortName":"Hilton Maldives Amingiri Resort & Spa","numRoom":126,"numBeds":252,"lat":4.25003,"long":73.36676},"geometry":{"type":"Point","coordinates":[73.36676111010038,4.250027211970018]}},{"type":"Feature","properties":{"OBJECTID":"98","srl":"104","Atoll":"Kaafu","FCOde":"LD0230","Island":"Kudaban'dos","is3":"Kuda Bandos","Rooms":82,"Beds":164,"Phone":"6644556","Fax":null,"Email":"social@malahini.mv","Resort_Pho":"6644556","Resort_Fax":"6644556","Resort_Ema":"reservations@malahini.mv","Operator":"Malahini Holdings Pvt Ltd \nH. Jazeera, 03rd Floor, No. 15\nBoduthakurufaanu Magu\nMale', Republic of Maldives","Owner_Less":"Malahini Holdings Pvt Ltd \nH. Jazeera, 03rd Floor, No. 15\nBoduthakurufaanu Magu\nMale', Republic of Maldives","Management":null,"State":"Operating","resortName":"Malahini Kuda Bandos","numRoom":82,"numBeds":164,"lat":4.26386,"long":73.49973},"geometry":{"type":"Point","coordinates":[73.49973404280023,4.263861152670008]}},{"type":"Feature","properties":{"OBJECTID":"99","srl":"63","Atoll":"Kaafu","FCOde":"LD1114","Island":"KudaHuraa","is3":"Kuda Huraa","Rooms":112,"Beds":224,"Phone":"6644888","Fax":"6644888","Email":"reservations.maldives@four-seasons.com","Resort_Pho":"9606600888","Resort_Fax":null,"Resort_Ema":"RESERVATIONS.MAL@FOURSEASONS.COM","Operator":"Four Seasons Hotel & Resorts BVI\n(On behalf ofHPL Resorts (Maldives) Pvt. Ltd. \nAurora Building, 7th Floor, Stadhouderskade 2\n1054 Es Amsterdam, Netherlands","Owner_Less":"HPL Resorts (Maldives) Private Limited.\nM. Lux Lodge, 2nd Floor\nOrchid Magu\nMale', Republic of Maldives","Management":"Fs Kuda Huraa Hotel Management Pvt. Ltd. \nc/o Four Seasons Hotels and Resorts Asia Pacific Pte. Ltd, 1 Orchard Sprig Lane #04-01, Tourism Court, Singapore 247729","State":"Operating","resortName":"Four Seasons Resort Maldives at Kuda Huraa","numRoom":112,"numBeds":224,"lat":4.3282,"long":73.59753},"geometry":{"type":"Point","coordinates":[73.59753118560016,4.328199480310002]}},{"type":"Feature","properties":{"OBJECTID":"100","srl":"91","Atoll":"Kaafu","FCOde":"LD0215","Island":"Vilin'gilimathidhahuraa","is3":"Kudavillingili","Rooms":99,"Beds":198,"Phone":"3322660","Fax":null,"Email":"nahiz.ali@mfarhotels.com","Resort_Pho":null,"Resort_Fax":null,"Resort_Ema":"reservations@kudavillingili.com / gm-kudavillingili@mfarhotels.com","Operator":"MFAR Kudavillingili Pvt Ltd\nH. Magma (3rd Floor)\nNasheed & Co LLP \nSikka Goalhi \nMale', Republic of Maldives","Owner_Less":"MFAR Kudavillingili Pvt Ltd \nH. Magma (3rd Floor)\nNasheed & Co LLP \nSikka Goalhi \nMale', Republic of Maldives","Management":null,"State":"Operating","resortName":"Kuda Villingili Resort Maldives","numRoom":99,"numBeds":198,"lat":4.37657,"long":73.66244},"geometry":{"type":"Point","coordinates":[73.66243544240011,4.376568686069993]}},{"type":"Feature","properties":{"OBJECTID":"101","srl":"169","Atoll":"Kaafu","FCOde":"LD0972","Island":"Lankanfinolhu","is3":"Lankanfinolhu","Rooms":284,"Beds":568,"Phone":"3344777","Fax":"3325177","Email":"info@villa.com.mv","Resort_Pho":"3316161","Resort_Fax":"3316161","Resort_Ema":"hello@villaresorts.com","Operator":"Villa Shipping & Trading Company Pvt.Ltd.\n(on behalf of Diza Trade & Travels Pvt. Ltd.)\nVilla Building, Ibrahim Hassan Didi Magu\nMale', Republic of Maldives","Owner_Less":"Diza Travel & Trade Pvt. Ltd.\nVilla Building, Ibrahim Hassan Didi Magu\nMale', Republic of Maldives\ninfo@villa.com.mv","Management":null,"State":"Operating","resortName":"Villa Nautica Paradise Island","numRoom":284,"numBeds":568,"lat":4.28569,"long":73.55407},"geometry":{"type":"Point","coordinates":[73.55407308140018,4.285685453290005]}},{"type":"Feature","properties":{"OBJECTID":"102","srl":"68","Atoll":"Kaafu","FCOde":"LD0886","Island":"Lankanfushi","is3":"Lankanfushi","Rooms":49,"Beds":98,"Phone":"3336663","Fax":null,"Email":"promus@sonevagili.com.mv","Resort_Pho":"664-0304","Resort_Fax":"664-0304","Resort_Ema":"mr.friday@gili-lankanfushi.com","Operator":"Promus Pvt. Ltd.\n2nd Floor, 3/4 Faamudheyri Magu\nMale', Republic of Maldives","Owner_Less":"Transco Pvt Ltd\n2nd Floor, H. Marvel\nMale', Republic of Maldives","Management":null,"State":"Operating","resortName":"Gili Lankanfushi","numRoom":49,"numBeds":98,"lat":4.29491,"long":73.55825},"geometry":{"type":"Point","coordinates":[73.55824530150016,4.294906231060017]}},{"type":"Feature","properties":{"OBJECTID":"103","srl":"4","Atoll":"Kaafu","FCOde":"LD0473","Island":"Lhohifushi","is3":"Lhohifushi","Rooms":202,"Beds":404,"Phone":"3323323\n3315238","Fax":"3315237","Email":"info@adaaran.com","Resort_Pho":"6641930","Resort_Fax":"6641930","Resort_Ema":"reservations@adaaran.com.mv","Operator":"A.D.S Resorts Pvt. Ltd.\nH. Thuniya, 6th Floor, \nBoduthakurufaanu Magu, \nMale', Republic of Maldives","Owner_Less":"Altaf Enterprises Pvt. Ltd. \nH. No.8, Ibrahim Hassan Didi Magu, \nMale', Republic of Maldives","Management":"-","State":"Operating","resortName":"Adaaran Select Hudhuranfushi","numRoom":202,"numBeds":404,"lat":4.35055,"long":73.61797},"geometry":{"type":"Point","coordinates":[73.61796572190013,4.350552143640023]}},{"type":"Feature","properties":{"OBJECTID":"104","srl":"121","Atoll":"Kaafu","FCOde":"LD0128","Island":"Maadhoo","is3":"Maadhoo","Rooms":107,"Beds":214,"Phone":"3339992","Fax":"3339998","Email":"shrikant@atmospherehotelsandresorts.com","Resort_Pho":"400 2222","Resort_Fax":"400 2222","Resort_Ema":"reservations@ozen-maadhoo.com.","Operator":"D.P.C Private Limited \nH.Aage, 3rd Floor\n12, Boduthakurufaanu Magu\nMale', Rep. of Maldives","Owner_Less":"M.T.R Holdings Pvt Ltd \nPremier Chambers\nM. Lux Lodge, 02nd Floor\nOrchid Magu\nMale', Rep. of Maldives","Management":"Atmosphere Core Pte Ltd \nH. Aage, 03rd Floor\n12, Boduthakurufaanu Magu\nMale', Republic of Maldives","State":"Operating","resortName":"Ozen By Atmosphere At Maadhoo","numRoom":107,"numBeds":214,"lat":3.87196,"long":73.45882},"geometry":{"type":"Point","coordinates":[73.45881659350421,3.871963908769526]}},{"type":"Feature","properties":{"OBJECTID":"105","srl":"116","Atoll":"Kaafu","FCOde":"LD1500","Island":"Maaranfushi","is3":"Maaranfushi","Rooms":62,"Beds":124,"Phone":"3342737","Fax":null,"Email":"info@oagaresorts.com, info@radhun-resorts.com","Resort_Pho":"3316242","Resort_Fax":"3316242","Resort_Ema":"info@oagaresorts.com, info@radhun-resorts.com","Operator":"Radhun Resort and Investments Private Limited \nH. Ranrinbudhoo\nAmeer Ahmed Magu\nMale’, Republic of Maldives","Owner_Less":"Radhun Resort and Investments Private Limited \nH. Ranrinbudhoo\nAmeer Ahmed Magu\nMale’, Republic of Maldives","Management":null,"State":"Operating","resortName":"Oaga Art Resort","numRoom":62,"numBeds":124,"lat":4.60946,"long":73.41988},"geometry":{"type":"Point","coordinates":[73.41988320070031,4.609459490639994]}},{"type":"Feature","properties":{"OBJECTID":"106","srl":"164","Atoll":"Kaafu","FCOde":"LD0436","Island":"Madivaru","is3":"Madivaru","Rooms":125,"Beds":250,"Phone":"3333000","Fax":"3333713","Email":"imran.ali@shuaz.mv","Resort_Pho":"400700","Resort_Fax":"400700","Resort_Ema":"imran.ali@shuaz.mv","Operator":"Shuaz Investment Pvt Ltd \nM. Shuaz \nOrchid Magu \nMale', Republic of Maldives","Owner_Less":"Dhonkeyo Investments Pvt Ltd\nMa. Seeraazeege \nSeeraazee Goalhi\nMale', Republic of Maldives","Management":"Prospect Pvt Ltd \nH. Aage (6th Floor) \nBoduthakurufaanu Magu\nMale', Republic of Maldives","State":"Operating","resortName":"Varu Island Resort","numRoom":125,"numBeds":250,"lat":4.50086,"long":73.36845},"geometry":{"type":"Point","coordinates":[73.36844841387533,4.500863982677674]}},{"type":"Feature","properties":{"OBJECTID":"107","srl":"131","Atoll":"Kaafu","FCOde":"LD0633","Island":"Mahaanaelhihuraa","is3":"Mahaana elhi Huraa","Rooms":50,"Beds":100,"Phone":"9330339","Fax":null,"Email":"info@rihiveliiresort.com","Resort_Pho":null,"Resort_Fax":null,"Resort_Ema":"info@rihiveliiresort.com","Operator":"BeachX Pvt Ltd \nHulhumale' Lot No. 10066 (Simry)\nDhiggaa Magu \nMale', Republic of Maldives","Owner_Less":"Maahal Tours Pvt Ltd \nMa. Thandinoomaage, Ground Floor\nBadifasgandu Magu\nMale', Republic of Maldives","Management":"BeachX Pvt Ltd \nHulhumale' Lot No. 10066 (Simry)\nDhiggaa Magu \nMale', Republic of Maldives","State":"Not Operating","resortName":"Rihiveli Maldives Resort","numRoom":50,"numBeds":100,"lat":3.8123,"long":73.41128},"geometry":{"type":"Point","coordinates":[73.41128374690032,3.812296796410024]}},{"type":"Feature","properties":{"OBJECTID":"108","srl":"103","Atoll":"Kaafu","FCOde":"LD1142","Island":"Makunudhoo","is3":"Makunudhoo","Rooms":36,"Beds":72,"Phone":"3324658","Fax":"3325543","Email":"sunland@dhivehinet.net.mv","Resort_Pho":"664 6464","Resort_Fax":"664 6464","Resort_Ema":"info@makunudu.com","Operator":"Sunland Travel (Pvt) Ltd.\nG.Shafaq,7th Floor\nRah Dhebai Magu\nMale', Republic of Maldives","Owner_Less":"Sunland Travels (Pvt) Ltd.\nH.Millenia\nAmeeru Ahmed Magu\nMale', Republic of Maldives\nsunland@dhivehinet.net.mv","Management":null,"State":"Operating","resortName":"Makunudu Island","numRoom":36,"numBeds":72,"lat":4.54272,"long":73.40568},"geometry":{"type":"Point","coordinates":[73.40567896736661,4.542717537882416]}},{"type":"Feature","properties":{"OBJECTID":"109","srl":"36","Atoll":"Kaafu","FCOde":"LD0202","Island":"Makunufushi","is3":"Makunufushi","Rooms":33,"Beds":66,"Phone":"6641818","Fax":"6641919","Email":"oscar.perez@comohotels.com","Resort_Pho":"6641818","Resort_Fax":null,"Resort_Ema":"res.cocoaisland@comohotels.com","Operator":"Orchid Resorts Management Pvt. Ltd.\nH. Deens Villa, Meheli Goalhi\nMale', Republic of Maldives","Owner_Less":"Ahmed Fayaz Waheed\nShaamilaa Abdulla\nMohamed Niyaz Waheed\nAminath Riyaaza Waheed\nAishath Shiyaaza Waheed\nFathmath Shifaza waheed\nHawwa Hifaza Waheed\nIbrahim Shiyaz Waheed\nHassan Mafaz Waheed\nmariyam Ali\nM. Sosunmaage, Male'\n(Legal Heirs of the late Abdul","Management":null,"State":"Operating","resortName":"Cocoa Island","numRoom":33,"numBeds":66,"lat":3.91793,"long":73.47008},"geometry":{"type":"Point","coordinates":[73.47008092650026,3.917930983400002]}},{"type":"Feature","properties":{"OBJECTID":"110","srl":"119","Atoll":"Kaafu","FCOde":"LD0527","Island":"Medhufinolhu","is3":"Medhufinolhu","Rooms":134,"Beds":268,"Phone":"3310550","Fax":"3310660","Email":"reservations@oneandonlyreethirah.com","Resort_Pho":"6648800","Resort_Fax":"6648800","Resort_Ema":"reservations@oneandonlyreethirah.com","Operator":"Reethi Rah Resort Pvt. Ltd.\n1st Floor, Fasmeeru Building\nBoduthakurufaanu Magu\nMale', Republic of Maldives","Owner_Less":"Reethi Rah Resort Pvt. Ltd.\n1st Floor, Fasmeeru Building\nBoduthakurufaanu Magu\nMale', Republic of Maldives","Management":"One & Only (Indian Ocean) Management Ltd.\n1st Floor, Fasmeeru building \nBoduthakurufaanu magu\nMale', Republic of Maldives","State":"Operating","resortName":"One & Only Reethi Rah, Maldives","numRoom":134,"numBeds":268,"lat":4.51106,"long":73.36973},"geometry":{"type":"Point","coordinates":[73.36972540940037,4.511063998100007]}},{"type":"Feature","properties":{"OBJECTID":"111","srl":"106","Atoll":"Kaafu","FCOde":"LD1071","Island":"Meerufenfushi","is3":"Meerufenfushi","Rooms":286,"Beds":572,"Phone":"3314149","Fax":"3314150","Email":"cfo@champaresorts.com\nreservations@meeru.com","Resort_Pho":"6645946","Resort_Fax":"6645946","Resort_Ema":"reservations@meeru.com","Operator":"KASA Holdings Pvt. Ltd.\nChampa Building 3rd Floor\nMale', Republic of Maldives","Owner_Less":"KASA Holdings Pvt. Ltd.\nChampa Building 3rd Floor\nMale', Republic of Maldives","Management":null,"State":"Operating","resortName":"Meeru Maldives Resort Island","numRoom":286,"numBeds":572,"lat":4.45399,"long":73.71687},"geometry":{"type":"Point","coordinates":[73.71686807550009,4.453985983340004]}},{"type":"Feature","properties":{"OBJECTID":"112","srl":"76","Atoll":"Kaafu","FCOde":"LD0765","Island":"Nakaiychaafushi","is3":"Nakatchafushi","Rooms":51,"Beds":102,"Phone":"3323080","Fax":"3320274","Email":"stay@huvafenfushi.com","Resort_Pho":"6644222","Resort_Fax":"6644222","Resort_Ema":"stay@huvafenfushi.com / www.huvafenfushi.com","Operator":"Nakatchafushi Holdings Pvt. Ltd.  \nH. 39, Orchid Magu\nMale', Republic of Maldives","Owner_Less":"Nakatchafushi Holdings Pvt. Ltd.\nH. 39, Orchid Magu\nMale', Republic of Maldivesv","Management":"Nakatchafushi Holdings Pvt. Ltd. \nH. 39, Orchid Magu\nMale', Republic of Maldives","State":"Operating","resortName":"Huvafenfushi Maldives","numRoom":51,"numBeds":102,"lat":4.36855,"long":73.3707},"geometry":{"type":"Point","coordinates":[73.37070282870037,4.36855153939]}},{"type":"Feature","properties":{"OBJECTID":"113","srl":"83","Atoll":"Kaafu","FCOde":"LD0482","Island":"Olhuhali","is3":"Olhahali","Rooms":91,"Beds":182,"Phone":"7731865\n7951795","Fax":"-","Email":"lamaan@sandalawyers.com\nsama@sandalawyers.com","Resort_Pho":"6682600","Resort_Fax":"-","Resort_Ema":"reservations.jmh@jumeirah.com","Operator":"Grand Meridian Pvt Ltd \nH. #04-01, Millennia Tower,\n10 Ameer Ahmed Magu,\nMale', Republic of Maldives","Owner_Less":"Trifidus Investments Pvt Ltd \nM. Kaneeru Villa, 6th Floor,\nOrchid Magu,\nMale', Republic of Maldives","Management":"Maldives 1 Hospitality Pvt Ltd \nH. Millenia Tower, #02-01,\n10 Ameer Ahmed Magu,\nMale', Republic of Maldives","State":"Operating","resortName":"Jumeirah Maldives Olhahali Island","numRoom":91,"numBeds":182,"lat":4.69021,"long":73.45093},"geometry":{"type":"Point","coordinates":[73.45092666370026,4.690209916460014]}},{"type":"Feature","properties":{"OBJECTID":"114","srl":"151","Atoll":"Kaafu","FCOde":"LD0756","Island":"Olhuveli","is3":"Olhuveli","Rooms":327,"Beds":654,"Phone":"3325977","Fax":"3333897","Email":"info@sunsiyam.com","Resort_Pho":"6642788","Resort_Fax":"6642788","Resort_Ema":"customercare@olhuvelimaldives.com","Operator":"Emerald Resort Pvt. Ltd \nH. Sun Siyam Building\nBoduthakurufaanu Magu \nMale', Republic of Maldives","Owner_Less":"Hotels and Resorts Holdings Pvt. Ltd.\nH. Sun Siyam Building\nBoduthakurufaanu Magu \nMale', Republic of Maldives","Management":null,"State":"Operating","resortName":"Sun Siyam Olhuveli Maldives","numRoom":327,"numBeds":654,"lat":3.85121,"long":73.45564},"geometry":{"type":"Point","coordinates":[73.45564349321282,3.851211627973823]}},{"type":"Feature","properties":{"OBJECTID":"115","srl":"2","Atoll":"Kaafu","FCOde":"LD0196","Island":"Rannaalhi","is3":"Rannalhi","Rooms":122,"Beds":244,"Phone":"3323323","Fax":"3315238","Email":"info@adaaran.com","Resort_Pho":"6642688","Resort_Fax":"6642688","Resort_Ema":"reservations@adaaran.com.mv","Operator":"Jetan Travel Services Company Pvt Ltd\nH. Thuniya Building (6th Floor) \nBoduthakurufaanu Magu\nMale', Republic of Maldives","Owner_Less":"Jetan Travel Services Company Pvt Ltd\nH. Thuniya Building (6th Floor) \nBoduthakurufaanu Magu\nMale', Republic of Maldives","Management":null,"State":"Operating","resortName":"Adaaran Club Rannalhi","numRoom":122,"numBeds":244,"lat":3.9033,"long":73.35786},"geometry":{"type":"Point","coordinates":[73.35786441030041,3.903295466939994]}},{"type":"Feature","properties":{"OBJECTID":"116","srl":"162","Atoll":"Kaafu","FCOde":"LD0929","Island":"Thulhaagiri","is3":"Thulhaagiri","Rooms":87,"Beds":174,"Phone":"3313523","Fax":"3313522","Email":"hr@thulhagiri.com.mv","Resort_Pho":"6645930","Resort_Fax":null,"Resort_Ema":"reserve@thulhagiri.com.mv","Operator":"Angiri Resorts Mngmt. & Operation Pvt. Ltd.\nM. New Plot\nAmeenee Magu\nMale', Republic of Maldives","Owner_Less":"Thulhaagiri Development Pvt. Ltd.\nC/O Jenin Agency Pvt. Ltd.\nMa. Satharuge, Chaandhanee Magu\nMale', Republic of Maldives\nrk0812@dhivehinet.net.mv","Management":null,"State":"Operating","resortName":"Thulhagiri Island Resort & Spa","numRoom":87,"numBeds":174,"lat":4.31178,"long":73.48721},"geometry":{"type":"Point","coordinates":[73.48721497880022,4.31177824052]}},{"type":"Feature","properties":{"OBJECTID":"117","srl":"3","Atoll":"Kaafu","FCOde":"LD0903","Island":"Vaadhoo","is3":"Vaadhoo","Rooms":50,"Beds":100,"Phone":"3323323 / 3315238","Fax":"3315237","Email":"mahdy@aitkenspence.lk / info@adaaran.com","Resort_Pho":"6643976","Resort_Fax":"6643976","Resort_Ema":"reservations@adaaran.com.mv","Operator":"Unique Resorts Pvt Ltd\n#7-A, STO Aifaanu Building\nBoduthakurufaanu Magu\nMale' Republic of Maldives","Owner_Less":"Unique Resorts Pvt Ltd\n#7-A, STO Aifaanu Building\nBoduthakurufaanu Magu\nMale' Republic of Maldives","Management":null,"State":"Operating","resortName":"Adaaran Prestige Vadoo","numRoom":50,"numBeds":100,"lat":4.12417,"long":73.45721},"geometry":{"type":"Point","coordinates":[73.45720584726006,4.124173622759374]}},{"type":"Feature","properties":{"OBJECTID":"118","srl":"19","Atoll":"Kaafu","FCOde":"LD0311","Island":"Vabbinfaru","is3":"Vabbinfaru","Rooms":48,"Beds":96,"Phone":"(65)8495888\n6643147","Fax":"(65)4620186\n6643147","Email":"mohamed.naeem@banyantree.com","Resort_Pho":"960 664 3147","Resort_Fax":null,"Resort_Ema":"reservations-vabbinfaru@banyantree.com","Operator":"Vabbinvest Maldives Pvt. Ltd, \n K. Vabbinfaru \n c/o 211 Upper Bukit Timah Road\n Singapore 588182","Owner_Less":"Vabbinvest Maldives Pvt. Ltd, \nK. Vabbinfaru \n c/o 211 Upper Bukit Timah Road\n Singapore 588182","Management":"Banyan Tree Resorts Ltd","State":"Operating","resortName":"Banyan Tree Maldives Vabbinfaru","numRoom":48,"numBeds":96,"lat":4.30977,"long":73.42395},"geometry":{"type":"Point","coordinates":[73.4239501812003,4.309774603560012]}},{"type":"Feature","properties":{"OBJECTID":"119","srl":"166","Atoll":"Kaafu","FCOde":"LD0954","Island":"Velassaru","is3":"Velassaru","Rooms":129,"Beds":258,"Phone":"3323080\n6643042","Fax":"3320274\n3322678","Email":"sales@unient.com.mv","Resort_Pho":"6643041","Resort_Fax":null,"Resort_Ema":"reservations@velassaru.com / info@velassaru.com","Operator":"Universal Enterprises Ltd.\n39, Orchid Magu\nMale', Republic of Maldives","Owner_Less":"Universal Enterprises Ltd.\n39, Orchid Magu\nMale', Republic of Maldives\nsales@unient.com.mvv","Management":null,"State":"Operating","resortName":"Velassaru Maldives","numRoom":129,"numBeds":258,"lat":4.12142,"long":73.43701},"geometry":{"type":"Point","coordinates":[73.43700645820029,4.121422675849983]}},{"type":"Feature","properties":{"OBJECTID":"120","srl":"11","Atoll":"Kaafu","FCOde":"LD1134","Island":"Veligan'duhuraa","is3":"Veligan'du Huraa","Rooms":88,"Beds":176,"Phone":"7797779","Fax":null,"Email":"shahdy@sandalawyers.com","Resort_Pho":"6644111","Resort_Fax":null,"Resort_Ema":"velimaldives@anantara.com / stay@naladhu.com","Operator":"SS & L Beach Pvt Ltd \nH. #02-01, Millennia Tower\n10 Ameer Ahmed Magu\nMale', Republic of Maldives","Owner_Less":"SS & L Beach Pvt Ltd \nH. #02-01, Millennia Tower\n10 Ameer Ahmed Magu\nMale', Republic of Maldives","Management":"Minor Hotel Group (Maldives) Pvt Ltd \nAnantara Kihavah Villas\nB. Kihavah Huravalhi\nRepublic of Maldives","State":"Operating","resortName":"Anantara Veli and Naladhu","numRoom":88,"numBeds":176,"lat":3.97173,"long":73.50645},"geometry":{"type":"Point","coordinates":[73.50645184830023,3.971725955430015]}},{"type":"Feature","properties":{"OBJECTID":"121","srl":"96","Atoll":"Kaafu","FCOde":"LD1039","Island":"Vihamanaafushi","is3":"Vihamanaafushi","Rooms":181,"Beds":362,"Phone":"3323080","Fax":"3333618","Email":"kurumba@kurumba.com.mv","Resort_Pho":"6643885","Resort_Fax":null,"Resort_Ema":"kurumba@kurumba.com","Operator":"Vihamanaafushi Holdings Pvt Ltd (C-0448/2011)\n39, Orchid Magu\nMale'City, Republic of Maldives","Owner_Less":"Mr. Mohamed Umar Manik  (A053530)\nM. Rukkara\nMale', Republic of Maldives","Management":null,"State":"Operating","resortName":"Kurumba Maldives","numRoom":181,"numBeds":362,"lat":4.22666,"long":73.51985},"geometry":{"type":"Point","coordinates":[73.5198506919002,4.226664759240014]}},{"type":"Feature","properties":{"OBJECTID":"122","srl":"148","Atoll":"Kaafu","FCOde":"LD0399","Island":"Ziyaaraiyfushi","is3":"Ziyaaraiyfushi","Rooms":157,"Beds":314,"Phone":"3322212\n3318005","Fax":"3318057","Email":"reservations@summerislandmaldives.com","Resort_Pho":"664 1949","Resort_Fax":null,"Resort_Ema":"reservations@summerislandmaldives.com","Operator":"Kaimoo Travels and Hotel Services Pte. Ltd.\n20-06, H.Roanuge\nAmeeru Ahmed Magu\nMale', Republic of Maldives","Owner_Less":"Ziyaraiy Maldives Pvt. Ltd. \nM. Nooranee Aage \nMale', Republic of Maldives","Management":null,"State":"Operating","resortName":"Summer Island Maldives","numRoom":157,"numBeds":314,"lat":4.53315,"long":73.37249},"geometry":{"type":"Point","coordinates":[73.37249253080037,4.53314728440002]}},{"type":"Feature","properties":{"OBJECTID":"123","srl":"128","Atoll":"Laamu","FCOde":"LD0988","Island":"Fares","is3":"Kudafares and Fares","Rooms":81,"Beds":162,"Phone":"6800044\n7428005","Fax":null,"Email":"info@rahaaresort.com\nismail@rahaaresort.com","Resort_Pho":null,"Resort_Fax":null,"Resort_Ema":"rahaa@rahaaresort.com","Operator":"MO Hotels and Resorts Pvt Ltd \nM. Gulhazaaruge \nFareedhee Magu \nMale', Republic of Maldives","Owner_Less":"Heavy Load Maldives Pvt Ltd \nM. Gulhazaaruge \nFareedhee Magu \nMale', Republic of Maldives","Management":null,"State":"Operating","resortName":"Rahaa Resort","numRoom":81,"numBeds":162,"lat":1.79938,"long":73.30096},"geometry":{"type":"Point","coordinates":[73.30095692460054,1.799377608320025]}},{"type":"Feature","properties":{"OBJECTID":"124","srl":"141","Atoll":"Laamu","FCOde":"LD1118","Island":"Olhuveli","is3":"Olhuveli","Rooms":99,"Beds":198,"Phone":"301 3200","Fax":null,"Email":"shahdy@suoodanwar.com\nmay.anchoriz@sixsenses.com","Resort_Pho":"680 0800","Resort_Fax":null,"Resort_Ema":"reservations-laamu@sixsenses.com","Operator":"Leisure Frontiers Pvt. Ltd\n H.#02-01, Millenia Tower\n 10, Ameeru Ahmed Magu\n Male', Rep of Maldives","Owner_Less":"Leisure Frontiers Pvt. Ltd\n H.#02-01, Millenia Tower\n 10, Ameeru Ahmed Magu\n Male', Rep of Maldives","Management":null,"State":"Operating","resortName":"Six Senses Laamu","numRoom":99,"numBeds":198,"lat":1.81692,"long":73.40487},"geometry":{"type":"Point","coordinates":[73.40487212240035,1.816918437400006]}},{"type":"Feature","properties":{"OBJECTID":"125","srl":"45","Atoll":"Lhaviyani","FCOde":"LD0234","Island":"Dheruffinolhu","is3":"Dheruhfinolhu","Rooms":93,"Beds":186,"Phone":"7785035","Fax":"-","Email":"reservations@jawakara.com","Resort_Pho":"6629999","Resort_Fax":"6628888","Resort_Ema":null,"Operator":"Champalars Holdings Pvt Ltd \nM. Champa Building 4th Floor, \nKandi Dhonmaniku Goalhi, \nMale', Republic of Maldives","Owner_Less":"Champalars Holdings Pvt Ltd \nM. Champa Building 4th Floor, \nKandi Dhonmaniku Goalhi, \nMale', Republic of Maldives","Management":"-","State":"Operating","resortName":"Dheruhfinolhu by Jawakara Islands Maldives","numRoom":93,"numBeds":186,"lat":5.32452,"long":73.64725},"geometry":{"type":"Point","coordinates":[73.6472506739001,5.324516017759992]}},{"type":"Feature","properties":{"OBJECTID":"126","srl":"66","Atoll":"Lhaviyani","FCOde":"LD1020","Island":"Fushifaru","is3":"Fushifaru","Rooms":63,"Beds":126,"Phone":"3331512","Fax":"3331513","Email":"info@fushifaru.com","Resort_Pho":"6620202","Resort_Fax":"6620303","Resort_Ema":"reservations@fushifaru.com","Operator":"Fushifaru Investments Pvt Ltd \nM. Loobiya, 4th Floor\nAmeenee Magu\nMale', Republic of Maldives","Owner_Less":"Fushifaru Investments Pvt Ltd\nM. Loobiya, 4th Floor\nAmeenee Magu\nMale', Republic of Maldives","Management":null,"State":"Operating","resortName":"Fushifaru Maldives","numRoom":63,"numBeds":126,"lat":5.49127,"long":73.51518},"geometry":{"type":"Point","coordinates":[73.5151786832002,5.491265157190034]}},{"type":"Feature","properties":{"OBJECTID":"127","srl":"75","Atoll":"Lhaviyani","FCOde":"LD0980","Island":"Huravalhi","is3":"Huravalhi","Rooms":90,"Beds":180,"Phone":"3326545","Fax":"3326544","Email":"md@champabrothers.com","Resort_Pho":"6622000","Resort_Fax":null,"Resort_Ema":"reservations@hurawalhi.com","Operator":"Champalars Holdings Pvt Ltd \nM. Champa Building, 4th Floor\nKani Dhonmaniku Goalhi\nMale', Republic of Maldives","Owner_Less":"Champalars Holdings Pvt Ltd \nM. Champa Building, 4th Floor\nKani Dhonmaniku Goalhi\nMale', Republic of Maldives","Management":null,"State":"Operating","resortName":"Hurawalhi Island Resort","numRoom":90,"numBeds":180,"lat":5.52117,"long":73.44155},"geometry":{"type":"Point","coordinates":[73.44155346610027,5.521173622270007]}},{"type":"Feature","properties":{"OBJECTID":"128","srl":"77","Atoll":"Lhaviyani","FCOde":"LD0797","Island":"Innahuraa","is3":"Innahuraa","Rooms":78,"Beds":156,"Phone":"6620000","Fax":"6620662","Email":"resevation@innahura.com","Resort_Pho":"6620000","Resort_Fax":"6620000","Resort_Ema":"resevation@innahura.com","Operator":"Champalars Holdings Pvt Ltd \nM. Champa Building, 4th Floor\nMale', Republic of Maldives","Owner_Less":"Champalars Holdings Pvt Ltd (\nM. Champa Building, 4th Floor\nMale', Republic of Maldives","Management":"Champalars Holdings Pvt Ltd \nM. Champa Building, 4th Floor\nMale', Republic of Maldives","State":"Not Operating","resortName":"Innahura Maldives Resort","numRoom":78,"numBeds":156,"lat":5.35031,"long":73.65412},"geometry":{"type":"Point","coordinates":[73.6541215698001,5.350308807159997]}},{"type":"Feature","properties":{"OBJECTID":"129","srl":"14","Atoll":"Lhaviyani","FCOde":"LD1178","Island":"Kanifushi","is3":"Kanifushi","Rooms":190,"Beds":380,"Phone":"3006554","Fax":"3006557","Email":"info@kanifushi.com.mv","Resort_Pho":"3339992","Resort_Fax":null,"Resort_Ema":"sales@atmosphere-kanifushi.com","Operator":"Kanifushi Investment Pvt. Ltd\nM. Rowville, 5th Floor\nFareedhee Magu\nMale, Rep of Maldives","Owner_Less":"Kanifushi Investment Pvt. Ltd.\nM. Rowville, 5th Floor\nFareedhee Magu\nMale, Rep of Maldives","Management":"Atmosphere Kani Resort Pvt. Ltd\nAage, 02nd Floor\n12 Boduthakurufaanu Magu\nMale', Rep of Maldives","State":"Operating","resortName":"Atmosphere Kanifushi Maldives","numRoom":190,"numBeds":380,"lat":5.36445,"long":73.33591},"geometry":{"type":"Point","coordinates":[73.33591452870041,5.364451732750009]}},{"type":"Feature","properties":{"OBJECTID":"130","srl":"140","Atoll":"Lhaviyani","FCOde":"LD0333","Island":"Kanuhuraa","is3":"Kanuhuraa","Rooms":96,"Beds":192,"Phone":"7786424","Fax":null,"Email":"mohamed.riza@sixsenses.com","Resort_Pho":"6620044","Resort_Fax":"6620044","Resort_Ema":"info@sixsenses.com / http://www.sixsenses.com/","Operator":"Leisure Oceans Pvt Ltd \nH. Millenia Tower\n Ameer Ahmed Magu\n Male’, Republic of Maldives","Owner_Less":"Leisure Oceans Pvt Ltd \nH. Millenia Tower\n Ameer Ahmed Magu\n Male’, Republic of Maldives","Management":"Sustainable Luxury Maldives Pvt Ltd \nM. Lux Lodge\n Orchid Magu 2013\nMale’, Republic of Maldives","State":"Operating","resortName":"Six Senses Kanuhura","numRoom":96,"numBeds":192,"lat":5.53287,"long":73.50618},"geometry":{"type":"Point","coordinates":[73.5061773700088,5.532869693885028]}},{"type":"Feature","properties":{"OBJECTID":"131","srl":"89","Atoll":"Lhaviyani","FCOde":"LD1107","Island":"Komandoo","is3":"Komandoo","Rooms":65,"Beds":130,"Phone":"662 1010","Fax":"39064706396\n332 6544","Email":"main@ctnt.com","Resort_Pho":"662 1010","Resort_Fax":"662 1010","Resort_Ema":"reservations@komandoo.com","Operator":"Komandoo Holdings Pvt. Ltd. \nCHP-3\nKandi Dhon Manik Goalhi\nMale', Republic of Maldives","Owner_Less":"Komandoo Holdings Pvt. Ltd.\nCHP-3\nKandi Dhon Manik Goalhi\nMale', Republic of Maldives","Management":null,"State":"Operating","resortName":"Komandoo Island Resort","numRoom":65,"numBeds":130,"lat":5.49337,"long":73.42428},"geometry":{"type":"Point","coordinates":[73.42427576920028,5.493367491309992]}},{"type":"Feature","properties":{"OBJECTID":"132","srl":"92","Atoll":"Lhaviyani","FCOde":"LD0837","Island":"Kudadhoo","is3":"Kudadhoo","Rooms":17,"Beds":34,"Phone":"3386545","Fax":"3326544","Email":"aslam@ctnt.com","Resort_Pho":"6622000","Resort_Fax":"6622000","Resort_Ema":"reservations@kudadoo.com","Operator":"Champalars Holdings Pvt Ltd\nM. Champa Building, 4th Floor\nKandi Dhonmaniku Goalhi\nMale', Republic of Maldives","Owner_Less":"Champalars Holdings Pvt Ltd\nM. Champa Building, 4th Floor\nKani Dhonmaniku Goalhi\nMale', Republic of Maldives","Management":"-","State":"Operating","resortName":"Kudadoo Maldives Private island","numRoom":17,"numBeds":34,"lat":5.50286,"long":73.43357},"geometry":{"type":"Point","coordinates":[73.43356673010004,5.502862969637459]}},{"type":"Feature","properties":{"OBJECTID":"133","srl":"95","Atoll":"Lhaviyani","FCOde":"LD0310","Island":"Kurehdhoo","is3":"Kuredu","Rooms":389,"Beds":778,"Phone":"3326545","Fax":"3326544","Email":"main@ctnt.com","Resort_Pho":"662-0337","Resort_Fax":"662-0337","Resort_Ema":"info@kuredu.com / reservations@kuredu.com","Operator":"Kuredhu Holdings (Pvt) Ltd. \nM. Champa Building, 4th Floor, Kandidhonmaniku Goalhi, Male', Republic ofMaldives","Owner_Less":"Kuredhu Holdings (Pvt) Ltd. \nM. Champa Building, 4th Floor, Kandidhonmaniku Goalhi, Male', Republic ofMaldives","Management":null,"State":"Operating","resortName":"Kuredu Island Resort","numRoom":389,"numBeds":778,"lat":5.55067,"long":73.46725},"geometry":{"type":"Point","coordinates":[73.46725407320024,5.550669431760017]}},{"type":"Feature","properties":{"OBJECTID":"134","srl":"101","Atoll":"Lhaviyani","FCOde":"LD0187","Island":"Maabinhuraa","is3":"Maabinhuraa","Rooms":212,"Beds":424,"Phone":"7785035","Fax":null,"Email":"aslam@ctnt.com","Resort_Pho":"6629999","Resort_Fax":"6629999","Resort_Ema":"reservations@jawakara.com / https://jawakara.com/","Operator":"Kuredu Holdings Private Limited \nM. Champa Building, 4th Floor\nKandidhonmaniku Goalhi \nMale', Republic of Maldives","Owner_Less":"Kuredu Holdings Private Limited \nM. Champa Building, 4th Floor\nKandidhonmaniku Goalhi \nMale', Republic of Maldives","Management":null,"State":"Operating","resortName":"Mabinhura by Jawakara Islands Maldives","numRoom":212,"numBeds":424,"lat":5.33827,"long":73.65237},"geometry":{"type":"Point","coordinates":[73.65236593720012,5.338273511430016]}},{"type":"Feature","properties":{"OBJECTID":"135","srl":"38","Atoll":"Lhaviyani","FCOde":"LD1190","Island":"Ookolhufinolhu","is3":"Ookolhu Finolhu","Rooms":151,"Beds":302,"Phone":"3016888","Fax":"3016800","Email":"info@cocoonmaldives.com","Resort_Pho":"301 6800","Resort_Fax":null,"Resort_Ema":"info@cocoonmaldives.com","Operator":"Cocoon Investments Pvt Ltd \nH. Sonary, 2nd Floor\nBoduthakurufaanu Magu\nMale', Republic of Maldives","Owner_Less":"Cocoon Investments Pvt Ltd \nH. Sonary, 2nd Floor\nBoduthakurufaanu Magu\nMale', Republic of Maldives","Management":null,"State":"Operating","resortName":"Cocoon Maldives","numRoom":151,"numBeds":302,"lat":5.28194,"long":73.62287},"geometry":{"type":"Point","coordinates":[73.62286752380012,5.281942394169993]}},{"type":"Feature","properties":{"OBJECTID":"136","srl":"97","Atoll":"Lhaviyani","FCOde":"LD0879","Island":"Thilamaafushi","is3":"Thilamaafushi and Bodufinolhu","Rooms":157,"Beds":314,"Phone":"3346439","Fax":null,"Email":"philip@asters.com.mv","Resort_Pho":"4008888","Resort_Fax":"4008888","Resort_Ema":"reservations.maldives@lemeridien.com","Operator":"CT At Thilamaafushi Pvt Ltd \nH. Asters Building\nAmeer Ahmed Magu\nMale', Republic of Maldives","Owner_Less":"CT At Thilamaafushi Pvt Ltd \nH. Asters Building\nAmeer Ahmed Magu\nMale', Republic of Maldives","Management":"Marriott Hotels Maldives Pvt Ltd\nH. Millenia Tower, #04-01\n10 Ameer Ahmed Magu\nMale', Republic of Maldives","State":"Operating","resortName":"Le Méridien Maldives Resort and Spa","numRoom":157,"numBeds":314,"lat":5.27332,"long":73.58716},"geometry":{"type":"Point","coordinates":[73.58715861470014,5.273321252959998]}},{"type":"Feature","properties":{"OBJECTID":"137","srl":"30","Atoll":"Meemu","FCOde":"LD0322","Island":"Hakuraahuraa","is3":"Hakuraahuraa","Rooms":100,"Beds":200,"Phone":"3313738\n3332867","Fax":"3326264","Email":"manager@maleoffice.com.mv","Resort_Pho":"672-6000","Resort_Fax":null,"Resort_Ema":"hakura@cinnamonhotels.com / resorts@cinnamonhotels.com","Operator":"Fantasea World Investments Pvt. Ltd.\nC/O John Keells Maldivian Resorts Pvt. Ltd.\n2nd Floor, H. Maizan Building\nSosun Magu\nMale' 20-05, Republic of Maldives","Owner_Less":"Fantasea World Investments Pvt. Ltd.\n2nd Floor, H. Maizan Building\nSosun Magu\njkmr@dhivehinet.net.mv","Management":null,"State":"Operating","resortName":"Cinnamon Hakuraa Huraa Maldives","numRoom":100,"numBeds":200,"lat":2.85395,"long":73.5394},"geometry":{"type":"Point","coordinates":[73.5393996037002,2.853953223529998]}},{"type":"Feature","properties":{"OBJECTID":"138","srl":"102","Atoll":"Meemu","FCOde":"LD0764","Island":"Madifushi","is3":"Madifushi","Rooms":88,"Beds":174,"Phone":"6720000","Fax":null,"Email":"stay@madifushiprivateisland.com","Resort_Pho":"6720000","Resort_Fax":null,"Resort_Ema":"stay@madifushiprivateisland.com","Operator":"Maldives Inflight Catering Pte Ltd\nVelana International Airport\nHulhule' 22000, Republic of Maldives","Owner_Less":"Maldives Inflight Catering Pte Ltd\nVelana International Airport\nHulhule' 22000, Republic of Maldives","Management":null,"State":"Operating","resortName":"Madifushi Private Island","numRoom":88,"numBeds":174,"lat":3.08115,"long":73.63839},"geometry":{"type":"Point","coordinates":[73.63839008610013,3.081148847680014]}},{"type":"Feature","properties":{"OBJECTID":"139","srl":"105","Atoll":"Meemu","FCOde":"LD0206","Island":"Medhufushi","is3":"Medhufushi","Rooms":120,"Beds":240,"Phone":"+94 764 401 145/ 6, +94 114 323 729","Fax":"-","Email":"sales@medhufushiisland.com","Resort_Pho":"6720026","Resort_Fax":"6720027","Resort_Ema":"info@medhufushiisland.com / reservations@medhufushiisland.com","Operator":"Medhufushi Investment Pvt Ltd \nG. Neem, \nMajeedhee Magu, \nMale', Republic of Maldives","Owner_Less":"Medhufushi Investment Pvt Ltd \nG. Neem, \nMajeedhee Magu, \nMale', Republic of Maldives","Management":"-","State":"Operating","resortName":"Medhufushi Island Resort","numRoom":120,"numBeds":240,"lat":2.88633,"long":73.57563},"geometry":{"type":"Point","coordinates":[73.57563392490017,2.886330121119999]}},{"type":"Feature","properties":{"OBJECTID":"140","srl":"142","Atoll":"Noonu","FCOde":"LD1052","Island":"Dhigurah","is3":"Dhigurah","Rooms":530,"Beds":1060,"Phone":"3325977","Fax":null,"Email":"info@siyamworld.com","Resort_Pho":"6567777","Resort_Fax":null,"Resort_Ema":"sales@siyamworld.com / stay@siyamworld.com","Operator":"Wego Maldives Pvt Ltd \nH. Sun Siyam Building \nBoduthakurufaanu Magu \nMale', Republic of Maldives","Owner_Less":"Wego Pvt Ltd\nH. Sun Siyam Building \nBoduthakurufaanu Magu \nMale', Republic of Maldives","Management":null,"State":"Operating","resortName":"Siyam World Maldives","numRoom":530,"numBeds":1060,"lat":5.73252,"long":73.35928},"geometry":{"type":"Point","coordinates":[73.35928156754827,5.732524681846535]}},{"type":"Feature","properties":{"OBJECTID":"141","srl":"165","Atoll":"Noonu","FCOde":"LD0169","Island":"Fushivelavaru","is3":"Fushivelaavaru","Rooms":67,"Beds":134,"Phone":"3010011","Fax":"301 0022","Email":"Mohamed.Mausoom@velaaisland.com","Resort_Pho":"6565000","Resort_Fax":"6565000","Resort_Ema":"info@velaaprivateisland.com","Operator":"Velaa Island Maldives Pvt Ltd \nM. Uniya, 4th Floor\nFareedhee Magu, \nMale', Republic of Maldives","Owner_Less":"Velaa Asset Management Pvt Ltd \nM. Kaneeru Villa, 6th Floor\nOrchid Magu 2012, \nMale', Republic of Maldives","Management":null,"State":"Operating","resortName":"Velaa Private Island Maldives","numRoom":67,"numBeds":134,"lat":5.83107,"long":73.20934},"geometry":{"type":"Point","coordinates":[73.20933815470067,5.83106794138001]}},{"type":"Feature","properties":{"OBJECTID":"142","srl":"113","Atoll":"Noonu","FCOde":"LD0982","Island":"Kudafunafaru","is3":"Kudafunafaru","Rooms":50,"Beds":100,"Phone":"3013200","Fax":null,"Email":"shahdy@suoodanwar.com","Resort_Pho":"656 2020","Resort_Fax":null,"Resort_Ema":"info@nokuhotels.com","Operator":"Roxy Maldives Resort & Spa Pvt Ltd \nH. Millenia Tower, #02-01\n10 Ameer Ahmed Magu\nMale', Republic of Maldives","Owner_Less":"Roxy Maldives Resort & Spa Pvt Ltd \nH. Millenia Tower, #02-01\n10 Ameer Ahmed Magu\nMale', Republic of Maldives","Management":null,"State":"Operating","resortName":"Noku Maldives","numRoom":50,"numBeds":100,"lat":5.88469,"long":73.378},"geometry":{"type":"Point","coordinates":[73.37800186050035,5.884693882140021]}},{"type":"Feature","properties":{"OBJECTID":"143","srl":"109","Atoll":"Noonu","FCOde":"LD1086","Island":"Kuredhivaru","is3":"Kuredhivaru","Rooms":111,"Beds":222,"Phone":"3322999","Fax":null,"Email":"m.gruszecki@zenresorts.site\nr.rahman@zenresort.site","Resort_Pho":"656-3000","Resort_Fax":"656-3000","Resort_Ema":"Resort.Kuredhivaru.Reservations@movenpick.com","Operator":"Zen Resort Pvt. Ltd \nH. Aagadhage, 3rd Floor\nBoduthakurufaanu Magu\nMale', Republic of Maldives","Owner_Less":"Zen Resort Pvt. Ltd\nH. Aagadhage, 3rd Floor\nBoduthakurufaanu Magu\nMale', Republic of Maldives","Management":null,"State":"Operating","resortName":"Mövenpick Resort Kuredhivaru Maldives","numRoom":111,"numBeds":222,"lat":5.87521,"long":73.34337},"geometry":{"type":"Point","coordinates":[73.3433701608004,5.87520679192]}},{"type":"Feature","properties":{"OBJECTID":"144","srl":"149","Atoll":"Noonu","FCOde":"LD1036","Island":"Medhafushi","is3":"Medhafushi","Rooms":224,"Beds":448,"Phone":"3325977","Fax":"3333897/\n332 0419","Email":"info@sunsiyam.com","Resort_Pho":"6560591","Resort_Fax":"6560591","Resort_Ema":"ecommerce.irufushi@sunsiyam.com","Operator":"Sun Travels & Tours Pvt Ltd\nH. Sun Siyam Building\nBoduthakurufaanu Magu\nMale', Republic of Maldives","Owner_Less":"Sun Travels & Tours Pvt Ltd\nH. Sun Siyam Building\nBoduthakurufaanu Magu\nMale', Republic of Maldives","Management":"Iru Hotels & Resorts Pvt Ltd,\nH. Sun Siyam Building, \nBoduthakurufaanu Magu, \nMale', Republic of Maldives","State":"Operating","resortName":"Sun Siyam Iru Fushi Maldives","numRoom":224,"numBeds":448,"lat":5.74457,"long":73.32396},"geometry":{"type":"Point","coordinates":[73.3239560843963,5.744570499317665]}},{"type":"Feature","properties":{"OBJECTID":"145","srl":"145","Atoll":"Noonu","FCOde":"LD0088","Island":"Medhufaru","is3":"Medhufaru","Rooms":79,"Beds":158,"Phone":"6600304\n3326686","Fax":"6600374","Email":"patrickm@soneva.com","Resort_Pho":"656 6666","Resort_Fax":"656 6666","Resort_Ema":"reservations@soneva.com","Operator":"Soneva Management (BVI) Ltd. \nJazeera Building, 4th Floor\nBoduthakurufaanu Magu\nMale', Repubic of Maldives","Owner_Less":"Hillside Villa Pvt Ltd \nJazeera Building, 4th Floor\nBoduthakurufaanu Magu\nMale', Maldives","Management":null,"State":"Operating","resortName":"Soneva Jani","numRoom":79,"numBeds":158,"lat":5.71317,"long":73.41465},"geometry":{"type":"Point","coordinates":[73.4146480138003,5.713165182290021]}},{"type":"Feature","properties":{"OBJECTID":"146","srl":"134","Atoll":"Noonu","FCOde":"LD0249","Island":"Orivaru","is3":"Orivaru","Rooms":150,"Beds":300,"Phone":"3009095","Fax":"4004445","Email":"officemanager.maldives@robinson.com bjoern.thuemmel@robinson.com","Resort_Pho":"4004444","Resort_Fax":"4004445","Resort_Ema":"noonu@robinson.com","Operator":"Robinsion Club Maldives Pvt Ltd \nH. Maaram, 5th Floor\nAmeer Ahmed Magu\nMale', Republic of Maldives","Owner_Less":"Robinsion Club Maldives Pvt Ltd\nH. Maaram, 5th Floor\nAmeer Ahmed Magu\nMale', Republic of Maldives","Management":null,"State":"Operating","resortName":"Robinson Noonu","numRoom":150,"numBeds":300,"lat":5.80212,"long":73.29778},"geometry":{"type":"Point","coordinates":[73.29778298090048,5.80212221730002]}},{"type":"Feature","properties":{"OBJECTID":"147","srl":"28","Atoll":"Noonu","FCOde":"LD1042","Island":"Randheli","is3":"Randheli","Rooms":60,"Beds":120,"Phone":"330 5590","Fax":"331 5590","Email":"info@int.com.mv","Resort_Pho":"656 1515","Resort_Fax":"656 1515","Resort_Ema":"info.randheli@chevalblanc.com","Operator":"I & T Management Pvt Ltd \nH. Bonthi Villa, Level 2, \nAmeer Ahmed Magu, \nMale', Republic of Maldives","Owner_Less":"I & T Management Pvt Ltd \nH. Bonthi Villa, Level 2, \nAmeer Ahmed Magu, \nMale', Republic of Maldives","Management":null,"State":"Operating","resortName":"Cheval Blanc Randheli","numRoom":60,"numBeds":120,"lat":5.69196,"long":73.34144},"geometry":{"type":"Point","coordinates":[73.3414413461004,5.691963774849999]}},{"type":"Feature","properties":{"OBJECTID":"148","srl":"71","Atoll":"Raa","FCOde":"LD0444","Island":"Aarah","is3":"Aarah","Rooms":158,"Beds":316,"Phone":"6580222","Fax":null,"Email":"mahdy@aitkenspence.lk","Resort_Pho":"6580222","Resort_Fax":"6580222","Resort_Ema":"mahdy@aitkenspence.lk","Operator":"Cowrie Investment Pvt Ltd \nH. Thuniya, 6th Floor, \nBoduthakurufaanu Magu, \nMale', Republic of Maldives","Owner_Less":"Cowrie Investment Pvt Ltd \nH. Thuniya, 6th Floor, \nBoduthakurufaanu Magu, \nMale', Republic of Maldives","Management":"-","State":"Operating","resortName":"Heritance Aarah","numRoom":158,"numBeds":316,"lat":5.44766,"long":72.94131},"geometry":{"type":"Point","coordinates":[72.94130757772581,5.447656136414395]}},{"type":"Feature","properties":{"OBJECTID":"149","srl":"80","Atoll":"Raa","FCOde":"LD0097","Island":"Bodufushi","is3":"Bodufushi","Rooms":85,"Beds":170,"Phone":"3005551","Fax":null,"Email":"masoodh@momentum.com.mv","Resort_Pho":"6583100","Resort_Fax":null,"Resort_Ema":"info.being@joali.com","Operator":"Ali Bey Maldives Pvt Ltd\nMa. MF Building, 3rd Floor\nChaandhanee Magu\nMale', Republic of Maldives","Owner_Less":"Ali Bey Maldives Pvt Ltd \nMa. MF Building, 3rd Floor\nChaandhanee Magu\nMale', Republic of Maldives","Management":null,"State":"Operating","resortName":"Joali Being Bodufushi","numRoom":85,"numBeds":170,"lat":5.50772,"long":72.96889},"geometry":{"type":"Point","coordinates":[72.9688927234653,5.507722807016219]}},{"type":"Feature","properties":{"OBJECTID":"150","srl":"46","Atoll":"Raa","FCOde":"LD0918","Island":"Dhigali","is3":"Dhigali","Rooms":179,"Beds":358,"Phone":"3323080","Fax":"3333618","Email":"info@coraledge.com.mv","Resort_Pho":"6586060","Resort_Fax":"6586060","Resort_Ema":"info@dhigali.com","Operator":"Coral Edge Pvt Ltd \nM. Rukkara, Fulooniyaa Magu, \nMale', Republic of Maldives","Owner_Less":"Coral Edge Pvt Ltd\nM. Rukkara, Fulooniyaa Magu, \nMale', Republic of Maldives","Management":null,"State":"Operating","resortName":"Dhigali Maldives","numRoom":179,"numBeds":358,"lat":5.47545,"long":72.95354},"geometry":{"type":"Point","coordinates":[72.95353948890171,5.475445555269993]}},{"type":"Feature","properties":{"OBJECTID":"151","srl":"56","Atoll":"Raa","FCOde":"LD0125","Island":"Faarufushi","is3":"Faarufushi","Rooms":88,"Beds":176,"Phone":"6582100","Fax":null,"Email":"gm@emerald-faarufushi.com","Resort_Pho":"6588000","Resort_Fax":null,"Resort_Ema":"info@emeraldmaldives-seana.com","Operator":"Fasmendhoo Pvt Ltd \nH. Aage, 6th Floor, \n12 Boduthakurufaanu Magu\nMale', Republic of Maldives","Owner_Less":"Fasmendhoo Pvt Ltd \nH. Aage, 6th Floor, \n12 Boduthakurufaanu Magu\nMale', Republic of Maldives","Management":null,"State":"Operating","resortName":"Emerald Faarufushi Resort & Spa","numRoom":88,"numBeds":176,"lat":5.76805,"long":72.96532},"geometry":{"type":"Point","coordinates":[72.9653212426016,5.768051255759998]}},{"type":"Feature","properties":{"OBJECTID":"152","srl":"57","Atoll":"Raa","FCOde":"LD0477","Island":"Fasmendhoo","is3":"Fasmendhoo","Rooms":143,"Beds":286,"Phone":"6582100","Fax":"-","Email":"gm@emerald-maldives.com","Resort_Pho":"6582100","Resort_Fax":"6582100","Resort_Ema":"tscarapicchia@fasmendhoo.com / reservations@emerald-maldives.com","Operator":"Emil Resort Pvt Ltd \nH. Aage, 06th Floor, \nBoduthakurufaanu Magu, \nMale', Republic of Maldives","Owner_Less":"Emil Resort Pvt Ltd\nH. Aage, 06th Floor, \nBoduthakurufaanu Magu, \nMale', Republic of Maldives","Management":"Seana S.R.L (FC)\nC/O Shah Hussain & CO Barristers and Attorneys, \nH. Aage, 12 (6th Floor),\nBoduthakurufaanu Magu, \nMale', Republic of Maldives","State":"Operating","resortName":"Emerald Maldives Resort & Spa Fasmendho","numRoom":143,"numBeds":286,"lat":5.49423,"long":72.8816},"geometry":{"type":"Point","coordinates":[72.88159871600217,5.494232066779968]}},{"type":"Feature","properties":{"OBJECTID":"153","srl":"130","Atoll":"Raa","FCOde":"LD0043","Island":"Filaidhoo","is3":"Filaidhoo","Rooms":164,"Beds":328,"Phone":"3312626","Fax":"4004445","Email":"shihab@reethifaru.com","Resort_Pho":"400-4000","Resort_Fax":"400-4000","Resort_Ema":"inquiry@reethifaru.com","Operator":"Mahogany Pvt Ltd \nH. Maadhooge, 1st Floor\nKarankaa Magu\nMale', Republic of Maldives","Owner_Less":"Mahogany Pvt Ltd \nH. Maadhooge, 1st Floor\nKarankaa Magu\nMale', Republic of Maldives","Management":null,"State":"Operating","resortName":"Reethi Faru Resort","numRoom":164,"numBeds":328,"lat":5.49184,"long":72.93842},"geometry":{"type":"Point","coordinates":[72.9384162924018,5.491844719709988]}},{"type":"Feature","properties":{"OBJECTID":"154","srl":"65","Atoll":"Raa","FCOde":"LD0058","Island":"Furaveri","is3":"Furaveri","Rooms":170,"Beds":340,"Phone":"3317315","Fax":"3317723","Email":"shahid@furaveri.com","Resort_Pho":"6582718","Resort_Fax":null,"Resort_Ema":"cfo@furaveri.com","Operator":"NAID Investments Pvt Ltd \nM.Newton, 3rd Floor\nDhanbu Goalhi\nMale', Republic of Maldives","Owner_Less":"Ahmed Ibrahim Didi \nMa. Niyazvilla, 10th Floor\nBuruzumagu\nMale', Rep. of Maldives","Management":null,"State":"Operating","resortName":"Furaveri Island Resort & Spa","numRoom":170,"numBeds":340,"lat":5.44058,"long":72.90838},"geometry":{"type":"Point","coordinates":[72.908377984502,5.44057743925]}},{"type":"Feature","properties":{"OBJECTID":"155","srl":"160","Atoll":"Raa","FCOde":"LD0585","Island":"Huruvalhi","is3":"Huruvalhi","Rooms":122,"Beds":244,"Phone":"3332840","Fax":"3333592","Email":"aminath.hana@lily-international.com","Resort_Pho":"658 5555","Resort_Fax":"658 5555","Resort_Ema":"aminath.hana@lily-international.com","Operator":"Huruvalhi Beach Resort Investments Pvt Ltd \nH. Coal Field, 2nd Floor, \nKalhuhuraa Magu, \nMale', Republic of Maldives","Owner_Less":"Amir Mansoor\nMa. Manas\nNikagas Hingun\nMale', Republic of Maldives","Management":"Standard Asia Co. Ltd. \nNo. 59, Rimklong Phrakanong Alley, \nPhrakanong Nua Sub-District, Wattana District, \nBangkok, Thailand","State":"Operating","resortName":"The Standard Huruvalhi Maldives","numRoom":122,"numBeds":244,"lat":5.39212,"long":72.97905},"geometry":{"type":"Point","coordinates":[72.97905384340157,5.392115976759996]}},{"type":"Feature","properties":{"OBJECTID":"156","srl":"6","Atoll":"Raa","FCOde":"LD0822","Island":"Kothaifaru","is3":"Kothaifaru and Kuroshigiri","Rooms":80,"Beds":160,"Phone":"3005515","Fax":null,"Email":"masoodh@momentum.com.mv","Resort_Pho":"7783767 / 6591234","Resort_Fax":"7783767 / 6591234","Resort_Ema":"kothaifaru@alilahotels.com","Operator":"Ballentine Pvt Ltd \nM. Faamudheyrige, 05th Floor\nOrchid Magu\nMale', Republic of Maldives","Owner_Less":"Ballentine Pvt Ltd \nM. Faamudheyrige, 05th Floor\nOrchid Magu\nMale', Republic of Maldives","Management":"Hyatt International South West Asia Limited \nG. Sosanee\nMale', Republic of Maldives","State":"Operating","resortName":"Alila Kothaifaru Maldives","numRoom":80,"numBeds":160,"lat":5.52514,"long":72.84296},"geometry":{"type":"Point","coordinates":[72.84296386600245,5.525141598999972]}},{"type":"Feature","properties":{"OBJECTID":"157","srl":"24","Atoll":"Raa","FCOde":"LD1127","Island":"Kottefaru","is3":"Kottefaru","Rooms":145,"Beds":290,"Phone":"4002022","Fax":null,"Email":"info@brennia.com","Resort_Pho":"4002022","Resort_Fax":null,"Resort_Ema":"info@brennia.com","Operator":"Brennia Maldives Pvt Ltd \nG. Gevadige\nFaashanaakilege Magu \nMale', Republic of Maldives","Owner_Less":"ABN Pvt Ltd \nM. Uniya Building \nFareedhee Magu \nMale', Republic of Maldives","Management":"Brennia Maldives Pvt Ltd \nG. Gevadige\nFaashanaakilege Magu \nMale', Republic of Maldives","State":"Operating","resortName":"Brennia Kottefaru","numRoom":145,"numBeds":290,"lat":5.51005,"long":73.04101},"geometry":{"type":"Point","coordinates":[73.04101178790127,5.510054691929986]}},{"type":"Feature","properties":{"OBJECTID":"158","srl":"93","Atoll":"Raa","FCOde":"LD1016","Island":"Kudafushi","is3":"Kudafushi","Rooms":107,"Beds":214,"Phone":"658-0080","Fax":null,"Email":"reservations@kudafushiresort.com","Resort_Pho":"7774982","Resort_Fax":"7774982","Resort_Ema":"ali@abnmaldives.com","Operator":"Silver Drift Maldives Pvt Ltd\nH. Eggamuge Aage, \nKarankaa Magu, \nMale', Republic of Maldives","Owner_Less":"Ali Zahir \nH. Iruvelige\nMoonimaa Hingun\nMale', Republic of Maldives","Management":"-","State":"Operating","resortName":"Kudafushi Resort & Spa","numRoom":107,"numBeds":214,"lat":5.51068,"long":72.98038},"geometry":{"type":"Point","coordinates":[72.98037950438449,5.51067678598712]}},{"type":"Feature","properties":{"OBJECTID":"159","srl":"125","Atoll":"Raa","FCOde":"LD0110","Island":"Kudakurathu","is3":"Kudakurathu","Rooms":200,"Beds":400,"Phone":"7902612 / 77777242","Fax":null,"Email":"mohdhussainf@gmail.com","Resort_Pho":"4001400","Resort_Fax":"4001400","Resort_Ema":"raaya@amari.com","Operator":"Kudakurathu Island Resort Pvt Ltd\nMa. Dawn Shine\nZamaanee Goalhi\nMale', Republic of Maldives","Owner_Less":"Kudakurathu Island Resort Pvt Ltd\nMa. Dawn Shine\nZamaanee Goalhi\nMale', Republic of Maldives","Management":"Atmosphere Core Pvt Ltd \nH. Aage, 6th Floor\nBoduthakurufaanu Magu\nMale', Republic of Maldives","State":"Operating","resortName":"Raaya by Atmosphere","numRoom":200,"numBeds":400,"lat":5.58389,"long":73.04465},"geometry":{"type":"Point","coordinates":[73.04465135330123,5.58389354389998]}},{"type":"Feature","properties":{"OBJECTID":"160","srl":"43","Atoll":"Raa","FCOde":"LD0746","Island":"Maamin'gili","is3":"Maamigili","Rooms":106,"Beds":212,"Phone":"3344911","Fax":null,"Email":"info@coracoraresorts.com","Resort_Pho":null,"Resort_Fax":null,"Resort_Ema":"info@coracoraresorts.com","Operator":"HMM Pvt Ltd \nH. Millennia Tower \n10, Ameer Ahmed Magu \nMale', Republic of Maldives","Owner_Less":"Legal Heirs of Late Ahmed Waheed\nG. Vaffushi  \nMale', Republic of Maldives","Management":null,"State":"Operating","resortName":"Cora Cora Maldives","numRoom":106,"numBeds":212,"lat":5.65089,"long":72.88474},"geometry":{"type":"Point","coordinates":[72.88474304880214,5.650892965359994]}},{"type":"Feature","properties":{"OBJECTID":"161","srl":"78","Atoll":"Raa","FCOde":"LD0675","Island":"Maamunagau","is3":"Maamunagau","Rooms":97,"Beds":194,"Phone":"657345250 / 6580500","Fax":null,"Email":"gan@hplhotels.com / james.sutcliffe@ihg.com","Resort_Pho":"6580500","Resort_Fax":null,"Resort_Ema":"reservations.icmaldives@ihg.com","Operator":"Leisure Horizons Pvt Ltd \nM. Lux Lodge (2nd Floor) \nOrchid Magu \nMale', Republic of Maldives","Owner_Less":"Leisure Horizons Pvt Ltd \nM. Lux Lodge (2nd Floor) \nOrchid Magu \nMale', Republic of Maldives","Management":"Inter Continental Hotels Group (Greater China) Ltd\n230 Victoria Street, # 13-00\nBugis Junction Tower\nSingapore 188024","State":"Operating","resortName":"Inter Continental Maldives Maamunagau","numRoom":97,"numBeds":194,"lat":5.35996,"long":72.91911},"geometry":{"type":"Point","coordinates":[72.91910668470192,5.359961797929982]}},{"type":"Feature","properties":{"OBJECTID":"162","srl":"5","Atoll":"Raa","FCOde":"LD0095","Island":"Meedhupparu","is3":"Meedhupparu","Rooms":238,"Beds":476,"Phone":"332 3323\n331 5238","Fax":"331 5237","Email":"gm@aitkenspence.com.mv","Resort_Pho":"6640375","Resort_Fax":"6640375","Resort_Ema":"res.mir@adaaran.com.mv","Operator":"Cowrie Investment Pvt. Ltd.\nH. STO Aifaanu Building, 7th Floor, Boduthakurufaanu Magu, Male', Republic of Maldives","Owner_Less":"Cowrie Investment Pvt. Ltd.\nH. STO Aifaanu Building, 7th Floor, Boduthakurufaanu Magu, Male', Republic of Maldives","Management":"-","State":"Operating","resortName":"Adaaran Select Meedhupparu","numRoom":238,"numBeds":476,"lat":5.45601,"long":72.97998},"geometry":{"type":"Point","coordinates":[72.97998037850157,5.456013281159981]}},{"type":"Feature","properties":{"OBJECTID":"163","srl":"81","Atoll":"Raa","FCOde":"LD0401","Island":"Muravandhoo","is3":"Muravandhoo","Rooms":80,"Beds":160,"Phone":"3305515","Fax":null,"Email":"pa@momentum.com.mv","Resort_Pho":"6584400","Resort_Fax":"6584404","Resort_Ema":"masoodh@momentum.com.mv","Operator":"Ali Bey Maldives Pvt Ltd \nMa. MF Building, 3rd Floor\nChaandhanee Magu\nMale', Republic of Maldives","Owner_Less":"Ali Bey Maldives Pvt Ltd\nMa. MF Building, 3rd Floor\nChaandhanee Magu\nMale', Republic of Maldives","Management":null,"State":"Operating","resortName":"Joali Muravandhoo","numRoom":80,"numBeds":160,"lat":5.60778,"long":72.95229},"geometry":{"type":"Point","coordinates":[72.95228569850171,5.607776570209984]}},{"type":"Feature","properties":{"OBJECTID":"164","srl":"174","Atoll":"Raa","FCOde":"LD0428","Island":"Uthurumaafaru","is3":"Uthurumaafaru","Rooms":109,"Beds":218,"Phone":"3016888","Fax":null,"Email":"alex@cocoonmaldives.com\ninfo@cocoonmaldives.com","Resort_Pho":"6581000","Resort_Fax":"6581000","Resort_Ema":"booking@youandmemaldives.com","Operator":"Uthurumaafaru Holdings Pvt Ltd \nH. Soanary, \nBoduthakurufaanu Magu, \nMale', Republic of Maldives","Owner_Less":"Uthurumaafaru Holdings Pvt Ltd \nH. Soanary, \nBoduthakurufaanu Magu, \nMale', Republic of Maldives","Management":"-","State":"Operating","resortName":"You & Me Maldives","numRoom":109,"numBeds":218,"lat":5.66991,"long":72.84578},"geometry":{"type":"Point","coordinates":[72.84577664020242,5.669914200009977]}},{"type":"Feature","properties":{"OBJECTID":"165","srl":"25","Atoll":"Seenu","FCOde":"LD0990","Island":"Herethere","is3":"Herethere","Rooms":271,"Beds":542,"Phone":"33 3300","Fax":"333 6739","Email":"Moosadidi@crescendas.com","Resort_Pho":"689-6677","Resort_Fax":"689-6677","Resort_Ema":"reservations@canareef.com","Operator":"Canaries Resorts Maldives Pvt Ltd \nMarina Building, 05th Floor \nKoli Umaru Manik Goalhi, \nMale, Republic of Maldives","Owner_Less":"Canaries Pte. Ltd.\nMarina Building, 05th Floor \nKoli Umaru Manik Goalhi, \nMale, Republic of Maldives","Management":null,"State":"Operating","resortName":"Canareef Resort Maldives","numRoom":271,"numBeds":542,"lat":-0.62384,"long":73.22587},"geometry":{"type":"Point","coordinates":[73.22586940830072,-0.623840147027002]}},{"type":"Feature","properties":{"OBJECTID":"166","srl":"147","Atoll":"Seenu","FCOde":"LD1472","Island":"Ismehelaahera","is3":"Ismehelahera Kedevaahera","Rooms":130,"Beds":260,"Phone":"6890010","Fax":null,"Email":"reservations@southpalmresort.com","Resort_Pho":"6890009","Resort_Fax":"6890009","Resort_Ema":"reservations@southpalmresort.com","Operator":"South Palm Maldives Pvt Ltd \nKeytha \nFeydhoo, Seenu Atoll\nRepublic of Maldives","Owner_Less":"South Palm Maldives Pvt Ltd \nKeytha \nFeydhoo, Seenu Atoll\nRepublic of Maldives","Management":null,"State":"Operating","resortName":"South Palm Resort Maldives","numRoom":130,"numBeds":260,"lat":-0.5784,"long":73.21532},"geometry":{"type":"Point","coordinates":[73.21532244770077,-0.578397810652006]}},{"type":"Feature","properties":{"OBJECTID":"167","srl":"139","Atoll":"Shaviyani","FCOde":"LD0927","Island":"Gaakoshibi","is3":"Gaakoshibee","Rooms":149,"Beds":298,"Phone":"6548888 / 3013200","Fax":null,"Email":"shahdy@suoodanwar.com","Resort_Pho":"6548888 / 3013200","Resort_Fax":null,"Resort_Ema":"mld.reservations.maldives@fairmont.com /","Operator":"GBH Maldives Resorts Pvt Ltd \n#02-01, H.Millenia Tower\n10 Ameeru Ahmed Magu\nMale', Republic of Maldives","Owner_Less":"GBH Maldives Resorts Pvt Ltd \n#02-01, H.Millenia Tower\n10 Ameeru Ahmed Magu\nMale', Republic of Maldives","Management":null,"State":"Operating","resortName":"Sirru Fen Fushi","numRoom":149,"numBeds":298,"lat":6.28643,"long":73.01219},"geometry":{"type":"Point","coordinates":[73.01218584170134,6.28642846882998]}},{"type":"Feature","properties":{"OBJECTID":"168","srl":"84","Atoll":"Shaviyani","FCOde":"LD0674","Island":"Van'garu","is3":"Vagaru","Rooms":86,"Beds":159,"Phone":"3006966","Fax":"3006696","Email":"lamaan@suoodanwar.com\nshahdy@suoodanwar.com","Resort_Pho":"6545555","Resort_Fax":null,"Resort_Ema":"jw.mlejs.rsvn@marriothotels.com","Operator":"Bon Free Private Limited\nH. Aage, Boduthakurufaanu Magu\nMale', Republic of Maldives\nwww.viceroyhotelsandresorts.com","Owner_Less":"Bon Free Private Limited\nH. Aage, Boduthakurufaanu Magu\nMale', Republic of Maldives\nwww.viceroyhotelsandresorts.com","Management":"Marriott Hotels Maldives Pvt Ltd \nH. Orchidmaage, 1st Floor\nAmeer Ahmed Magu\nMale', Republic of Maldives","State":"Operating","resortName":"JW Marriott Maldives Resort & Spa","numRoom":86,"numBeds":159,"lat":6.08955,"long":73.20348},"geometry":{"type":"Point","coordinates":[73.20348463100068,6.089548436479988]}},{"type":"Feature","properties":{"OBJECTID":"169","srl":"39","Atoll":"Thaa","FCOde":"LD0556","Island":"Maalefushi","is3":"Male'fushi","Rooms":76,"Beds":152,"Phone":"6780008\n7778684","Fax":"6780009","Email":"email@reefinvest.com\nsawad.plc@gmail.com","Resort_Pho":"6780009","Resort_Fax":null,"Resort_Ema":"benjamincruez@comohotels.com / res.maalifushi@comohotels.com","Operator":"I.V.P.L Investment Ventures Pvt. Ltd \nH. Sea Side, 01st Floor\nBoduthakurufaanu Magu\nMale', Rep of Maldives","Owner_Less":"I.V.P.L Investment Ventures Pvt. Ltd.\nH. Sea Side, 01st Floor\nBoduthakurufaanu Magu\nMale', Rep of Maldives","Management":null,"State":"Operating","resortName":"Como Maalifushi","numRoom":76,"numBeds":152,"lat":2.3108,"long":73.29821},"geometry":{"type":"Point","coordinates":[73.29821429210054,2.310800210819993]}},{"type":"Feature","properties":{"OBJECTID":"170","srl":"31","Atoll":"Vaavu","FCOde":"LD0051","Island":"Aarah","is3":"Aarah","Rooms":90,"Beds":180,"Phone":"3336000","Fax":"3326264","Email":"velifushi@cinnamonhotels.com","Resort_Pho":"6706000","Resort_Fax":"6706000","Resort_Ema":"manager@maleoffice.com.mv","Operator":"Tranquility Pvt. Ltd. \n2nd Floor H. Maizan, Sosun Magu\nMale', Republic of Maldives","Owner_Less":"Aaarah Investment Pvt Ltd \nM. Omadu Fannu (2nd Floor)\nMale', Republic of Maldives","Management":null,"State":"Operating","resortName":"Cinnamon Velifushi Maldives","numRoom":90,"numBeds":180,"lat":3.49883,"long":73.52987},"geometry":{"type":"Point","coordinates":[73.52987334169063,3.498833555381256]}},{"type":"Feature","properties":{"OBJECTID":"171","srl":"7","Atoll":"Vaavu","FCOde":"LD0148","Island":"Alimathaa","is3":"Alimatha","Rooms":156,"Beds":312,"Phone":"3323214","Fax":"3322516","Email":"office@maleoffice.com.mv \nmanager@maleoffice.com.mv","Resort_Pho":"6.7005753324e+013","Resort_Fax":null,"Resort_Ema":"alimatha@dhivehinetnet.mv","Operator":"L.A Resorts Pvt Ltd \nM.Opera Building\nChaandhanee Magu\nMale', Republic of Maldives","Owner_Less":"Safari Tours Pvt. Ltd \nOpera Building, Chaandhanee Magu\nMale', Republic of Maldives\nsafari@dhivehinet.net.mv","Management":null,"State":"Operating","resortName":"Alimatha Aquatic Resort","numRoom":156,"numBeds":312,"lat":3.59375,"long":73.49806},"geometry":{"type":"Point","coordinates":[73.49805843240021,3.593747026759982]}},{"type":"Feature","properties":{"OBJECTID":"172","srl":"47","Atoll":"Vaavu","FCOde":"LD0267","Island":"Dhiggiri","is3":"Dhiggiri","Rooms":61,"Beds":122,"Phone":"3323214","Fax":null,"Email":"reservations@dhiggiriresort.com","Resort_Pho":"6700593","Resort_Fax":"6700593","Resort_Ema":"reservations@dhiggiriresort.com","Operator":"\"DhiggiriInvestmentPteLtd.\nOperaBuilding,ChaandhaneeMagu\nMale',RepublicofMaldives\"","Owner_Less":"\"DhiggiriInvestmentPteLtd.\nOperaBuilding,ChaandhaneeMagu\nMale',RepublicofMaldives\nmmtours@dhivehinet.net.mv\"","Management":null,"State":"Operating","resortName":"Dhiggiri Tourist Resort","numRoom":61,"numBeds":122,"lat":3.64501,"long":73.48737},"geometry":{"type":"Point","coordinates":[73.48736553087976,3.645010066765539]}},{"type":"Feature","properties":{"OBJECTID":"173","srl":"114","Atoll":"Vaavu","FCOde":"LD1148","Island":"Kunaaveshi","is3":"Kunaavashi","Rooms":50,"Beds":100,"Phone":"9333355","Fax":null,"Email":"simon.douthett@laviehotels.com","Resort_Pho":null,"Resort_Fax":null,"Resort_Ema":null,"Operator":"C.J.L Investments Pvt Ltd \nM. Chandhaneege, 3rd Floor\nAlhivilaa Magu\nMale', Republic of Maldives","Owner_Less":"Satin Seas Pvt Ltd \nM. Honey Dew, 3rd Floor\nIzzuddheen Magu\nMale', Republic of Maldives","Management":"La Vie Hotels & Resorts (Maldives) Pvt Ltd \nH. Aage (6th Floor)\nBoduthakurufaanu Magu\nMale', Republic of Maldives","State":"Operating","resortName":"Nooe Maldives Kunavashi","numRoom":50,"numBeds":100,"lat":3.63662,"long":73.36495},"geometry":{"type":"Point","coordinates":[73.36495290430038,3.636620523740001]}},{"type":"Feature","properties":{"OBJECTID":"174","srl":"37","Atoll":"Vaavu","FCOde":"LD1026","Island":"Vashugiri","is3":"Vashugiri","Rooms":40,"Beds":80,"Phone":"7893579 / 7932230","Fax":null,"Email":"vashugirimaldives@gmail.com\nhttp://www.cocogiri.com/","Resort_Pho":"+9606709998 / +9606709998","Resort_Fax":null,"Resort_Ema":"info@cocogiri.com","Operator":"Vashugiri Pvt Ltd\nM. Anchorage, 1st Floor\nShaheed Ali Hingun\nMale', Republic of Maldives","Owner_Less":"Vashugiri Pvt Ltd\nM. Anchorage, 1st Floor\nShaheed Ali Hingun\nMale', Republic of Maldives","Management":null,"State":"Operating","resortName":"Cocogiri Island Resort","numRoom":40,"numBeds":80,"lat":3.62995,"long":73.37725},"geometry":{"type":"Point","coordinates":[73.37725229780038,3.629946150660012]}}]}