{"type":"FeatureCollection","name":"Uninhabited_11","crs":{"type":"name","properties":{"name":"urn:ogc:def:crs:OGC:1.3:CRS84"}},"features":[{"type":"Feature","properties":{"atoll":"Alifu Alifu","islandName":"Kan'dholhudhoo","longitude":"72° 52' 54.329\"E","latitude":"4°0'9.202\" N","V01":"0","V02":"0","V03":"0","category2":"Tourism"},"geometry":{"type":"Point","coordinates":[72.88175817447706,4.002556046362443]}},{"type":"Feature","properties":{"atoll":"Alifu Alifu","islandName":"Vihamaafaru","longitude":"72° 44' 46.126\"E","latitude":"4°7'19.744\" N","V01":"0","V02":"0","V03":"0","category2":"Fisheries"},"geometry":{"type":"Point","coordinates":[72.74614612715585,4.122151033820488]}},{"type":"Feature","properties":{"atoll":"Alifu Alifu","islandName":"Maagau","longitude":"72° 57' 25.305\"E","latitude":"3°59'20.799\" N","V01":"0","V02":"0","V03":"0","category2":"Other"},"geometry":{"type":"Point","coordinates":[72.95702921156644,3.989110868337304]}},{"type":"Feature","properties":{"atoll":"Alifu Alifu","islandName":"Ellaidhoo","longitude":"72° 56' 56.887\"E","latitude":"4°0'22.301\" N","V01":"0","V02":"0","V03":"0","category2":"Tourism"},"geometry":{"type":"Point","coordinates":[72.94913537431917,4.006194811391147]}},{"type":"Feature","properties":{"atoll":"Alifu Alifu","islandName":"Alikoirah","longitude":"72° 52' 48.118\"E","latitude":"3°56'36.367\" N","V01":"0","V02":"0","V03":"0","category2":"Other"},"geometry":{"type":"Point","coordinates":[72.88003267352413,3.943435259290318]}},{"type":"Feature","properties":{"atoll":"Alifu Alifu","islandName":"Maayafushi","longitude":"72° 53' 15.326\"E","latitude":"4°4'24.929\" N","V01":"0","V02":"0","V03":"0","category2":"Tourism"},"geometry":{"type":"Point","coordinates":[72.88759058454178,4.073591321733548]}},{"type":"Feature","properties":{"atoll":"Alifu Alifu","islandName":"Gangehi","longitude":"72° 45' 17.902\"E","latitude":"4°13'12.234\" N","V01":"0","V02":"0","V03":"0","category2":"Tourism"},"geometry":{"type":"Point","coordinates":[72.75497277623109,4.220064956720429]}},{"type":"Feature","properties":{"atoll":"Alifu Alifu","islandName":"Halaveli","longitude":"72° 55' 9.710\"E","latitude":"4°2'18.381\" N","V01":"0","V02":"0","V03":"0","category2":"Tourism"},"geometry":{"type":"Point","coordinates":[72.91936387088538,4.038439066079754]}},{"type":"Feature","properties":{"atoll":"Alifu Alifu","islandName":"Etheremadivaru","longitude":"72° 56' 15.548\"E","latitude":"4°7'7.167\" N","V01":"0","V02":"0","V03":"0","category2":"Other"},"geometry":{"type":"Point","coordinates":[72.93765210751738,4.118657469390444]}},{"type":"Feature","properties":{"atoll":"Alifu Alifu","islandName":"Velidhoo","longitude":"72° 49' 8.150\"E","latitude":"4°11'41.116\" N","V01":"0","V02":"0","V03":"0","category2":"Other"},"geometry":{"type":"Point","coordinates":[72.8189305397141,4.19475441105754]}},{"type":"Feature","properties":{"atoll":"Alifu Alifu","islandName":"Madivaru","longitude":"73° 0' 0.854\"E","latitude":"4°15'55.941\" N","V01":"0","V02":"0","V03":"0","category2":"Other"},"geometry":{"type":"Point","coordinates":[73.00023735824053,4.265539186231642]}},{"type":"Feature","properties":{"atoll":"Alifu Alifu","islandName":"Madivarufinolhu","longitude":"73° 0' 4.001\"E","latitude":"4°16'10.347\" N","V01":"0","V02":"0","V03":"0","category2":"Other"},"geometry":{"type":"Point","coordinates":[73.00111146487288,4.26954092870043]}},{"type":"Feature","properties":{"atoll":"Alifu Alifu","islandName":"Velifinolhu","longitude":"73° 0' 34.802\"E","latitude":"4°17'37.303\" N","V01":"0","V02":"0","V03":"0","category2":"Other"},"geometry":{"type":"Point","coordinates":[73.00966708834012,4.293695412916122]}},{"type":"Feature","properties":{"atoll":"Alifu Alifu","islandName":"Madoogali","longitude":"72° 45' 10.395\"E","latitude":"4°5'45.906\" N","V01":"0","V02":"0","V03":"0","category2":"Other"},"geometry":{"type":"Point","coordinates":[72.75288752692272,4.096085105890595]}},{"type":"Feature","properties":{"atoll":"Alifu Alifu","islandName":"Mushimasmigili","longitude":"72° 54' 47.791\"E","latitude":"3°57'32.374\" N","V01":"0","V02":"0","V03":"0","category2":"Tourism"},"geometry":{"type":"Point","coordinates":[72.91327523139992,3.958992897085295]}},{"type":"Feature","properties":{"atoll":"Alifu Alifu","islandName":"Fushi","longitude":"72° 53' 0.140\"E","latitude":"4°12'57.475\" N","V01":"0","V02":"0","V03":"0","category2":"Other"},"geometry":{"type":"Point","coordinates":[72.88337212792686,4.215965403155981]}},{"type":"Feature","properties":{"atoll":"Alifu Alifu","islandName":"Kudafolhudhoo","longitude":"72° 46' 0.728\"E","latitude":"4°10'52.550\" N","V01":"0","V02":"0","V03":"0","category2":"Tourism"},"geometry":{"type":"Point","coordinates":[72.76686899398457,4.181263786747492]}},{"type":"Feature","properties":{"atoll":"Alifu Alifu","islandName":"Gaagan'du","longitude":"72° 51' 54.009\"E","latitude":"4°13'57.792\" N","V01":"0","V02":"0","V03":"0","category2":"Other"},"geometry":{"type":"Point","coordinates":[72.86500250105357,4.232720057020445]}},{"type":"Feature","properties":{"atoll":"Alifu Alifu","islandName":"Gaathafushi","longitude":"72° 48' 38.652\"E","latitude":"4°1'25.093\" N","V01":"0","V02":"0","V03":"0","category2":"Other"},"geometry":{"type":"Point","coordinates":[72.81073653398592,4.023636828915877]}},{"type":"Feature","properties":{"atoll":"Alifu Alifu","islandName":"Fesdhoo","longitude":"72° 48' 39.659\"E","latitude":"4°0'24.682\" N","V01":"0","V02":"0","V03":"0","category2":"Tourism"},"geometry":{"type":"Point","coordinates":[72.81101637064397,4.006856101970453]}},{"type":"Feature","properties":{"atoll":"Alifu Alifu","islandName":"Bathalaa","longitude":"72° 56' 44.370\"E","latitude":"4°4'13.252\" N","V01":"0","V02":"0","V03":"0","category2":"Tourism"},"geometry":{"type":"Point","coordinates":[72.94565829287403,4.070347823589808]}},{"type":"Feature","properties":{"atoll":"Alifu Alifu","islandName":"Fusfinolhu","longitude":"72° 57' 30.488\"E","latitude":"4°1'8.133\" N","V01":"0","V02":"0","V03":"0","category2":"Other"},"geometry":{"type":"Point","coordinates":[72.95846894121846,4.018925966234494]}},{"type":"Feature","properties":{"atoll":"Alifu Alifu","islandName":"Kuramathi","longitude":"72° 58' 51.583\"E","latitude":"4°15'32.070\" N","V01":"0","V02":"0","V03":"0","category2":"Tourism"},"geometry":{"type":"Point","coordinates":[72.98099532928724,4.258908238024881]}},{"type":"Feature","properties":{"atoll":"Alifu Alifu","islandName":"Dhinnolhufinolhu","longitude":"72° 43' 57.526\"E","latitude":"4°8'19.111\" N","V01":"0","V02":"0","V03":"0","category2":"Other"},"geometry":{"type":"Point","coordinates":[72.73264617850745,4.138641829055223]}},{"type":"Feature","properties":{"atoll":"Alifu Alifu","islandName":null,"longitude":"72° 56' 31.784\"E","latitude":"4°7'9.455\" N","V01":"0","V02":"0","V03":"0","category2":"Other"},"geometry":{"type":"Point","coordinates":[72.94216225985022,4.119293117194488]}},{"type":"Feature","properties":{"atoll":"Alifu Alifu","islandName":null,"longitude":"72° 56' 49.008\"E","latitude":"3°57'9.152\" N","V01":"0","V02":"0","V03":"0","category2":"Other"},"geometry":{"type":"Point","coordinates":[72.94694658642389,3.95254228680531]}},{"type":"Feature","properties":{"atoll":"Alifu Alifu","islandName":null,"longitude":"72° 45' 59.212\"E","latitude":"4°10'57.265\" N","V01":"0","V02":"0","V03":"0","category2":"Tourism"},"geometry":{"type":"Point","coordinates":[72.76644774547461,4.18257352109152]}},{"type":"Feature","properties":{"atoll":"Alifu Alifu","islandName":null,"longitude":"73° 0' 29.460\"E","latitude":"4°16'50.719\" N","V01":"0","V02":"0","V03":"0","category2":"Other"},"geometry":{"type":"Point","coordinates":[73.00818335963883,4.280755157924223]}},{"type":"Feature","properties":{"atoll":"Alifu Alifu","islandName":null,"longitude":"73° 0' 14.366\"E","latitude":"4°16'30.264\" N","V01":"0","V02":"0","V03":"0","category2":"Other"},"geometry":{"type":"Point","coordinates":[73.00399058030327,4.275073411281382]}},{"type":"Feature","properties":{"atoll":"Alifu Alifu","islandName":"Mathivereefinolhu","longitude":"72° 45' 0.240\"E","latitude":"4°11'9.173\" N","V01":"0","V02":"0","V03":"0","category2":"Other"},"geometry":{"type":"Point","coordinates":[72.75006661080819,4.185881509738583]}},{"type":"Feature","properties":{"atoll":"Alifu Alifu","islandName":"Veligan'du","longitude":"73° 0' 41.470\"E","latitude":"4°17'55.705\" N","V01":"0","V02":"0","V03":"0","category2":"Tourism"},"geometry":{"type":"Point","coordinates":[73.01151937627125,4.29880694183759]}},{"type":"Feature","properties":{"atoll":"Alifu Alifu","islandName":null,"longitude":"72° 55' 57.475\"E","latitude":"4°6'58.078\" N","V01":"0","V02":"0","V03":"0","category2":"Other"},"geometry":{"type":"Point","coordinates":[72.93263183086773,4.116132841260346]}},{"type":"Feature","properties":{"atoll":"Alifu Alifu","islandName":null,"longitude":"72° 48' 48.247\"E","latitude":"4°11'34.786\" N","V01":"0","V02":"0","V03":"0","category2":"Other"},"geometry":{"type":"Point","coordinates":[72.81340190374517,4.192996078253069]}},{"type":"Feature","properties":{"atoll":"Alifu Alifu","islandName":null,"longitude":"72° 56' 54.210\"E","latitude":"3°59'54.923\" N","V01":"0","V02":"0","V03":"0","category2":"Other"},"geometry":{"type":"Point","coordinates":[72.94839159996863,3.998589697792067]}},{"type":"Feature","properties":{"atoll":"Alifu Alifu","islandName":null,"longitude":"72° 45' 39.023\"E","latitude":"4°10'36.084\" N","V01":"0","V02":"0","V03":"0","category2":"Other"},"geometry":{"type":"Point","coordinates":[72.76083984210767,4.176690129452605]}},{"type":"Feature","properties":{"atoll":"Alifu Alifu","islandName":null,"longitude":"72° 44' 35.491\"E","latitude":"3°55'27.813\" N","V01":"0","V02":"0","V03":"0","category2":"Other"},"geometry":{"type":"Point","coordinates":[72.74319206733617,3.924392406961081]}},{"type":"Feature","properties":{"atoll":"Alifu Alifu","islandName":null,"longitude":"72° 54' 32.666\"E","latitude":"4°4'59.859\" N","V01":"0","V02":"0","V03":"0","category2":"Other"},"geometry":{"type":"Point","coordinates":[72.9090737947062,4.083294071975515]}},{"type":"Feature","properties":{"atoll":"Alifu Alifu","islandName":null,"longitude":"72° 46' 29.272\"E","latitude":"3°58'11.586\" N","V01":"0","V02":"0","V03":"0","category2":"Other"},"geometry":{"type":"Point","coordinates":[72.77479784750959,3.96988494066062]}},{"type":"Feature","properties":{"atoll":"Alifu Dhaalu","islandName":"Ariyadhoo","longitude":"72° 51' 18.179\"E","latitude":"3°28'30.578\" N","V01":"0","V02":"0","V03":"0","category2":"Other"},"geometry":{"type":"Point","coordinates":[72.85504971479966,3.475160574900375]}},{"type":"Feature","properties":{"atoll":"Alifu Dhaalu","islandName":"Dhiffushi","longitude":"72° 49' 30.356\"E","latitude":"3°28'30.944\" N","V01":"0","V02":"0","V03":"0","category2":"Tourism"},"geometry":{"type":"Point","coordinates":[72.82509893110974,3.475262124358419]}},{"type":"Feature","properties":{"atoll":"Alifu Dhaalu","islandName":"Innafushi","longitude":"72° 43' 57.228\"E","latitude":"3°47'51.731\" N","V01":"0","V02":"0","V03":"0","category2":"Other"},"geometry":{"type":"Point","coordinates":[72.73256326714142,3.797702968798637]}},{"type":"Feature","properties":{"atoll":"Alifu Dhaalu","islandName":"Dhiggiri","longitude":"72° 54' 53.333\"E","latitude":"3°51'30.161\" N","V01":"0","V02":"0","V03":"0","category2":"Other"},"geometry":{"type":"Point","coordinates":[72.91481471486807,3.858378160518924]}},{"type":"Feature","properties":{"atoll":"Alifu Dhaalu","islandName":"Bodukaashihuraa","longitude":"72° 57' 16.701\"E","latitude":"3°52'34.098\" N","V01":"0","V02":"0","V03":"0","category2":"Other"},"geometry":{"type":"Point","coordinates":[72.95463918922407,3.876138273777141]}},{"type":"Feature","properties":{"atoll":"Alifu Dhaalu","islandName":"Hurasdhoo","longitude":"72° 46' 29.237\"E","latitude":"3°40'0.992\" N","V01":"0","V02":"0","V03":"0","category2":"Other"},"geometry":{"type":"Point","coordinates":[72.77478812191877,3.666942225171271]}},{"type":"Feature","properties":{"atoll":"Alifu Dhaalu","islandName":"Rangaleefinolhu","longitude":"72° 43' 1.895\"E","latitude":"3°36'57.142\" N","V01":"0","V02":"0","V03":"0","category2":"Tourism"},"geometry":{"type":"Point","coordinates":[72.71719291923718,3.615872807903388]}},{"type":"Feature","properties":{"atoll":"Alifu Dhaalu","islandName":"Theluveligaa","longitude":"72° 54' 9.262\"E","latitude":"3°40'11.385\" N","V01":"0","V02":"0","V03":"0","category2":"Tourism"},"geometry":{"type":"Point","coordinates":[72.90257268892073,3.669829187158778]}},{"type":"Feature","properties":{"atoll":"Alifu Dhaalu","islandName":"Rangali","longitude":"72° 43' 24.070\"E","latitude":"3°37'5.620\" N","V01":"0","V02":"0","V03":"0","category2":"Tourism"},"geometry":{"type":"Point","coordinates":[72.72335266337431,3.618227838886774]}},{"type":"Feature","properties":{"atoll":"Alifu Dhaalu","islandName":"Bodufinolhu","longitude":"72° 45' 39.234\"E","latitude":"3°29'39.904\" N","V01":"0","V02":"0","V03":"0","category2":"Tourism"},"geometry":{"type":"Point","coordinates":[72.76089825059951,3.494417741658566]}},{"type":"Feature","properties":{"atoll":"Alifu Dhaalu","islandName":"Vilamendhoo","longitude":"72° 57' 30.509\"E","latitude":"3°38'1.507\" N","V01":"0","V02":"0","V03":"0","category2":"Tourism"},"geometry":{"type":"Point","coordinates":[72.9584748294292,3.633751944983076]}},{"type":"Feature","properties":{"atoll":"Alifu Dhaalu","islandName":"Angaagau","longitude":"72° 49' 19.365\"E","latitude":"3°39'7.955\" N","V01":"0","V02":"0","V03":"0","category2":"Tourism"},"geometry":{"type":"Point","coordinates":[72.82204596085259,3.652209859833034]}},{"type":"Feature","properties":{"atoll":"Alifu Dhaalu","islandName":null,"longitude":"72° 58' 16.204\"E","latitude":"3°46'4.183\" N","V01":"0","V02":"0","V03":"0","category2":"Other"},"geometry":{"type":"Point","coordinates":[72.97116776458525,3.767828614566756]}},{"type":"Feature","properties":{"atoll":"Alifu Dhaalu","islandName":"Huruelhi","longitude":"72° 43' 11.039\"E","latitude":"3°32'39.255\" N","V01":"0","V02":"0","V03":"0","category2":"Tourism"},"geometry":{"type":"Point","coordinates":[72.71973316123332,3.54423738928416]}},{"type":"Feature","properties":{"atoll":"Alifu Dhaalu","islandName":"Huvahendhoo","longitude":"72° 57' 14.261\"E","latitude":"3°39'13.378\" N","V01":"0","V02":"0","V03":"0","category2":"Tourism"},"geometry":{"type":"Point","coordinates":[72.9539615189937,3.653716022996205]}},{"type":"Feature","properties":{"atoll":"Alifu Dhaalu","islandName":"Heenfaru","longitude":"72° 49' 44.793\"E","latitude":"3°49'9.397\" N","V01":"0","V02":"0","V03":"0","category2":"Other"},"geometry":{"type":"Point","coordinates":[72.82910917480842,3.819277009206968]}},{"type":"Feature","properties":{"atoll":"Alifu Dhaalu","islandName":"Mirihi","longitude":"72° 46' 49.835\"E","latitude":"3°37'10.283\" N","V01":"0","V02":"0","V03":"0","category2":"Tourism"},"geometry":{"type":"Point","coordinates":[72.78050970758433,3.619522969716763]}},{"type":"Feature","properties":{"atoll":"Alifu Dhaalu","islandName":"Tholhifushi","longitude":"72° 47' 23.715\"E","latitude":"3°29'5.364\" N","V01":"0","V02":"0","V03":"0","category2":"Other"},"geometry":{"type":"Point","coordinates":[72.78992095918817,3.484823426996741]}},{"type":"Feature","properties":{"atoll":"Alifu Dhaalu","islandName":"Kudarah","longitude":"72° 54' 38.943\"E","latitude":"3°34'26.166\" N","V01":"0","V02":"0","V03":"0","category2":"Tourism"},"geometry":{"type":"Point","coordinates":[72.91081755185667,3.573935027478666]}},{"type":"Feature","properties":{"atoll":"Alifu Dhaalu","islandName":"Vakarufalhi","longitude":"72° 54' 7.457\"E","latitude":"3°34'43.161\" N","V01":"0","V02":"0","V03":"0","category2":"Tourism"},"geometry":{"type":"Point","coordinates":[72.90207130712959,3.578655715155653]}},{"type":"Feature","properties":{"atoll":"Alifu Dhaalu","islandName":"Kudadhoo","longitude":"72° 52' 18.815\"E","latitude":"3°28'44.968\" N","V01":"0","V02":"0","V03":"0","category2":"Other"},"geometry":{"type":"Point","coordinates":[72.871893060388,3.479157730204355]}},{"type":"Feature","properties":{"atoll":"Alifu Dhaalu","islandName":"Nalaguraidhoo","longitude":"72° 48' 6.390\"E","latitude":"3°29'0.032\" N","V01":"0","V02":"0","V03":"0","category2":"Tourism"},"geometry":{"type":"Point","coordinates":[72.80177508086305,3.483342336078995]}},{"type":"Feature","properties":{"atoll":"Alifu Dhaalu","islandName":"Hiyafushi","longitude":"72° 52' 11.911\"E","latitude":"3°28'45.029\" N","V01":"0","V02":"0","V03":"0","category2":"Other"},"geometry":{"type":"Point","coordinates":[72.86997535633675,3.479174633830281]}},{"type":"Feature","properties":{"atoll":"Alifu Dhaalu","islandName":"Dhihdhoofinolhu","longitude":"72° 53' 46.652\"E","latitude":"3°29'54.932\" N","V01":"0","V02":"0","V03":"0","category2":"Tourism"},"geometry":{"type":"Point","coordinates":[72.89629209842,3.498592193565851]}},{"type":"Feature","properties":{"atoll":"Alifu Dhaalu","islandName":"Ranfinolhu","longitude":"72° 43' 38.876\"E","latitude":"3°36'39.119\" N","V01":"0","V02":"0","V03":"0","category2":"Tourism"},"geometry":{"type":"Point","coordinates":[72.72746543210839,3.61086642538757]}},{"type":"Feature","properties":{"atoll":"Alifu Dhaalu","islandName":"Hukurudhoo","longitude":"72° 43' 7.377\"E","latitude":"3°34'13.572\" N","V01":"0","V02":"0","V03":"0","category2":"Agriculture"},"geometry":{"type":"Point","coordinates":[72.71871587945544,3.570436667179451]}},{"type":"Feature","properties":{"atoll":"Alifu Dhaalu","islandName":null,"longitude":"72° 52' 0.958\"E","latitude":"3°35'29.172\" N","V01":"0","V02":"0","V03":"0","category2":"Other"},"geometry":{"type":"Point","coordinates":[72.86693291172305,3.591436560988169]}},{"type":"Feature","properties":{"atoll":"Alifu Dhaalu","islandName":"Mahchafushi","longitude":"72° 53' 0.827\"E","latitude":"3°35'37.851\" N","V01":"0","V02":"0","V03":"0","category2":"Tourism"},"geometry":{"type":"Point","coordinates":[72.88356295106435,3.593847459007316]}},{"type":"Feature","properties":{"atoll":"Alifu Dhaalu","islandName":"Lonuboi","longitude":"72° 54' 3.397\"E","latitude":"3°36'11.729\" N","V01":"0","V02":"0","V03":"0","category2":"Other"},"geometry":{"type":"Point","coordinates":[72.90094357776495,3.603258014649441]}},{"type":"Feature","properties":{"atoll":"Alifu Dhaalu","islandName":"Maafushivaru","longitude":"72° 54' 1.244\"E","latitude":"3°36'28.609\" N","V01":"0","V02":"0","V03":"0","category2":"Tourism"},"geometry":{"type":"Point","coordinates":[72.9003454534894,3.607947078043554]}},{"type":"Feature","properties":{"atoll":"Alifu Dhaalu","islandName":"Vilin'gilivaru","longitude":"72° 57' 18.300\"E","latitude":"3°37'8.978\" N","V01":"0","V02":"0","V03":"0","category2":"Other"},"geometry":{"type":"Point","coordinates":[72.9550832702361,3.619160627863783]}},{"type":"Feature","properties":{"atoll":"Alifu Dhaalu","islandName":null,"longitude":"72° 47' 22.191\"E","latitude":"3°42'33.270\" N","V01":"0","V02":"0","V03":"0","category2":"Other"},"geometry":{"type":"Point","coordinates":[72.78949744326,3.709241552080641]}},{"type":"Feature","properties":{"atoll":"Alifu Dhaalu","islandName":"Fushidhigga","longitude":"72° 46' 15.839\"E","latitude":"3°45'27.128\" N","V01":"0","V02":"0","V03":"0","category2":"Other"},"geometry":{"type":"Point","coordinates":[72.77106650604112,3.757535580114995]}},{"type":"Feature","properties":{"atoll":"Alifu Dhaalu","islandName":"Thun'dufushi","longitude":"72° 43' 50.816\"E","latitude":"3°47'10.541\" N","V01":"0","V02":"0","V03":"0","category2":"Tourism"},"geometry":{"type":"Point","coordinates":[72.73078217811154,3.786261422697855]}},{"type":"Feature","properties":{"atoll":"Alifu Dhaalu","islandName":"Kalhahan'dhihuraa","longitude":"72° 42' 38.713\"E","latitude":"3°47'53.159\" N","V01":"0","V02":"0","V03":"0","category2":"Other"},"geometry":{"type":"Point","coordinates":[72.7107536723393,3.798099673724254]}},{"type":"Feature","properties":{"atoll":"Alifu Dhaalu","islandName":"En'boodhoo","longitude":"72° 45' 8.768\"E","latitude":"3°48'54.696\" N","V01":"0","V02":"0","V03":"0","category2":"Other"},"geometry":{"type":"Point","coordinates":[72.75243543069004,3.815193344352505]}},{"type":"Feature","properties":{"atoll":"Alifu Dhaalu","islandName":null,"longitude":"72° 44' 37.754\"E","latitude":"3°51'58.522\" N","V01":"0","V02":"0","V03":"0","category2":"Other"},"geometry":{"type":"Point","coordinates":[72.74382049383625,3.866256079617261]}},{"type":"Feature","properties":{"atoll":"Alifu Dhaalu","islandName":"Moofushi","longitude":"72° 43' 39.010\"E","latitude":"3°53'4.234\" N","V01":"0","V02":"0","V03":"0","category2":"Tourism"},"geometry":{"type":"Point","coordinates":[72.72750277142016,3.884509398726685]}},{"type":"Feature","properties":{"atoll":"Alifu Dhaalu","islandName":"Athurugau","longitude":"72° 48' 58.303\"E","latitude":"3°53'13.772\" N","V01":"0","V02":"0","V03":"0","category2":"Tourism"},"geometry":{"type":"Point","coordinates":[72.8161951653945,3.887158780559562]}},{"type":"Feature","properties":{"atoll":"Alifu Dhaalu","islandName":null,"longitude":"72° 53' 22.816\"E","latitude":"3°53'23.138\" N","V01":"0","V02":"0","V03":"0","category2":"Other"},"geometry":{"type":"Point","coordinates":[72.88967110149977,3.889760554238558]}},{"type":"Feature","properties":{"atoll":"Alifu Dhaalu","islandName":null,"longitude":"72° 53' 52.295\"E","latitude":"3°54'8.822\" N","V01":"0","V02":"0","V03":"0","category2":"Other"},"geometry":{"type":"Point","coordinates":[72.89785982369409,3.902450627969317]}},{"type":"Feature","properties":{"atoll":"Alifu Dhaalu","islandName":null,"longitude":"72° 56' 26.741\"E","latitude":"3°51'21.481\" N","V01":"0","V02":"0","V03":"0","category2":"Other"},"geometry":{"type":"Point","coordinates":[72.94076149487826,3.855967010915946]}},{"type":"Feature","properties":{"atoll":"Alifu Dhaalu","islandName":null,"longitude":"72° 58' 48.425\"E","latitude":"3°42'54.486\" N","V01":"0","V02":"0","V03":"0","category2":"Other"},"geometry":{"type":"Point","coordinates":[72.98011793971524,3.715135002527025]}},{"type":"Feature","properties":{"atoll":"Alifu Dhaalu","islandName":null,"longitude":"72° 58' 47.135\"E","latitude":"3°42'0.668\" N","V01":"0","V02":"0","V03":"0","category2":"Other"},"geometry":{"type":"Point","coordinates":[72.97975967279098,3.700185427830905]}},{"type":"Feature","properties":{"atoll":"Alifu Dhaalu","islandName":"Athulivarufinolhu","longitude":"72° 57' 20.547\"E","latitude":"3°38'52.166\" N","V01":"0","V02":"0","V03":"0","category2":"Other"},"geometry":{"type":"Point","coordinates":[72.95570761062191,3.647823971149112]}},{"type":"Feature","properties":{"atoll":"Alifu Dhaalu","islandName":null,"longitude":"72° 57' 50.492\"E","latitude":"3°38'0.804\" N","V01":"0","V02":"0","V03":"0","category2":"Other"},"geometry":{"type":"Point","coordinates":[72.96402563285196,3.633556584001686]}},{"type":"Feature","properties":{"atoll":"Alifu Dhaalu","islandName":null,"longitude":"72° 44' 30.004\"E","latitude":"3°51'5.680\" N","V01":"0","V02":"0","V03":"0","category2":"Other"},"geometry":{"type":"Point","coordinates":[72.74166781343646,3.851577807450404]}},{"type":"Feature","properties":{"atoll":"Alifu Dhaalu","islandName":null,"longitude":"72° 57' 34.315\"E","latitude":"3°37'43.551\" N","V01":"0","V02":"0","V03":"0","category2":"Other"},"geometry":{"type":"Point","coordinates":[72.9595320442734,3.628764220495561]}},{"type":"Feature","properties":{"atoll":"Alifu Dhaalu","islandName":null,"longitude":"72° 57' 31.871\"E","latitude":"3°37'43.708\" N","V01":"0","V02":"0","V03":"0","category2":"Other"},"geometry":{"type":"Point","coordinates":[72.95885292767989,3.628807825366772]}},{"type":"Feature","properties":{"atoll":"Alifu Dhaalu","islandName":null,"longitude":"72° 55' 2.083\"E","latitude":"3°36'35.631\" N","V01":"0","V02":"0","V03":"0","category2":"Other"},"geometry":{"type":"Point","coordinates":[72.91724520874757,3.609897364962515]}},{"type":"Feature","properties":{"atoll":"Alifu Dhaalu","islandName":null,"longitude":"72° 49' 52.425\"E","latitude":"3°32'20.407\" N","V01":"0","V02":"0","V03":"0","category2":"Other"},"geometry":{"type":"Point","coordinates":[72.83122907646583,3.539001891948918]}},{"type":"Feature","properties":{"atoll":"Alifu Dhaalu","islandName":null,"longitude":"72° 53' 1.465\"E","latitude":"3°31'48.953\" N","V01":"0","V02":"0","V03":"0","category2":"Other"},"geometry":{"type":"Point","coordinates":[72.88374020300817,3.530264768878067]}},{"type":"Feature","properties":{"atoll":"Alifu Dhaalu","islandName":null,"longitude":"72° 53' 33.402\"E","latitude":"3°33'9.212\" N","V01":"0","V02":"0","V03":"0","category2":"Other"},"geometry":{"type":"Point","coordinates":[72.89261163521005,3.552558974979839]}},{"type":"Feature","properties":{"atoll":"Alifu Dhaalu","islandName":null,"longitude":"72° 52' 3.012\"E","latitude":"3°34'26.417\" N","V01":"0","V02":"0","V03":"0","category2":"Other"},"geometry":{"type":"Point","coordinates":[72.86750335370152,3.574004593228933]}},{"type":"Feature","properties":{"atoll":"Alifu Dhaalu","islandName":null,"longitude":"72° 48' 56.992\"E","latitude":"3°36'11.039\" N","V01":"0","V02":"0","V03":"0","category2":"Other"},"geometry":{"type":"Point","coordinates":[72.81583111224714,3.603066349244705]}},{"type":"Feature","properties":{"atoll":"Alifu Dhaalu","islandName":null,"longitude":"72° 56' 26.562\"E","latitude":"3°36'42.729\" N","V01":"0","V02":"0","V03":"0","category2":"Other"},"geometry":{"type":"Point","coordinates":[72.94071164774775,3.611869221054146]}},{"type":"Feature","properties":{"atoll":"Alifu Dhaalu","islandName":null,"longitude":"72° 43' 32.217\"E","latitude":"3°47'19.735\" N","V01":"0","V02":"0","V03":"0","category2":"Other"},"geometry":{"type":"Point","coordinates":[72.72561587500284,3.788815249625645]}},{"type":"Feature","properties":{"atoll":"Alifu Dhaalu","islandName":null,"longitude":"72° 57' 30.347\"E","latitude":"3°36'42.053\" N","V01":"0","V02":"0","V03":"0","category2":"Other"},"geometry":{"type":"Point","coordinates":[72.9584297904294,3.611681382320231]}},{"type":"Feature","properties":{"atoll":"Alifu Dhaalu","islandName":null,"longitude":"72° 57' 28.507\"E","latitude":"3°36'41.611\" N","V01":"0","V02":"0","V03":"0","category2":"Other"},"geometry":{"type":"Point","coordinates":[72.95791848200173,3.611558654076148]}},{"type":"Feature","properties":{"atoll":"Alifu Dhaalu","islandName":null,"longitude":"72° 58' 26.518\"E","latitude":"3°45'26.559\" N","V01":"0","V02":"0","V03":"0","category2":"Other"},"geometry":{"type":"Point","coordinates":[72.97403265919104,3.757377616248867]}},{"type":"Feature","properties":{"atoll":"Alifu Dhaalu","islandName":null,"longitude":"72° 48' 7.411\"E","latitude":"3°29'16.891\" N","V01":"0","V02":"0","V03":"0","category2":"Tourism"},"geometry":{"type":"Point","coordinates":[72.80205868991854,3.488025203734019]}},{"type":"Feature","properties":{"atoll":"Alifu Dhaalu","islandName":null,"longitude":"72° 47' 35.910\"E","latitude":"3°29'13.707\" N","V01":"0","V02":"0","V03":"0","category2":"Other"},"geometry":{"type":"Point","coordinates":[72.79330838639095,3.487140933472905]}},{"type":"Feature","properties":{"atoll":"Alifu Dhaalu","islandName":null,"longitude":"72° 52' 16.041\"E","latitude":"3°28'39.067\" N","V01":"0","V02":"0","V03":"0","category2":"Other"},"geometry":{"type":"Point","coordinates":[72.8711225002851,3.477518714945525]}},{"type":"Feature","properties":{"atoll":"Alifu Dhaalu","islandName":null,"longitude":"72° 52' 52.688\"E","latitude":"3°35'32.334\" N","V01":"0","V02":"0","V03":"0","category2":"Other"},"geometry":{"type":"Point","coordinates":[72.88130209602915,3.592315024717513]}},{"type":"Feature","properties":{"atoll":"Alifu Dhaalu","islandName":null,"longitude":"72° 43' 54.071\"E","latitude":"3°52'43.394\" N","V01":"0","V02":"0","V03":"0","category2":"Other"},"geometry":{"type":"Point","coordinates":[72.7316865211748,3.878720633445554]}},{"type":"Feature","properties":{"atoll":"Alifu Dhaalu","islandName":null,"longitude":"72° 47' 34.410\"E","latitude":"3°29'7.892\" N","V01":"0","V02":"0","V03":"0","category2":"Other"},"geometry":{"type":"Point","coordinates":[72.79289179364913,3.485525520767055]}},{"type":"Feature","properties":{"atoll":"Alifu Dhaalu","islandName":null,"longitude":"72° 47' 38.396\"E","latitude":"3°29'11.611\" N","V01":"0","V02":"0","V03":"0","category2":"Other"},"geometry":{"type":"Point","coordinates":[72.7939989560082,3.486558485358004]}},{"type":"Feature","properties":{"atoll":"Alifu Dhaalu","islandName":null,"longitude":"72° 54' 59.884\"E","latitude":"3°30'54.931\" N","V01":"0","V02":"0","V03":"0","category2":"Other"},"geometry":{"type":"Point","coordinates":[72.91663431314966,3.515258629048525]}},{"type":"Feature","properties":{"atoll":"Alifu Dhaalu","islandName":null,"longitude":"72° 54' 58.507\"E","latitude":"3°30'55.019\" N","V01":"0","V02":"0","V03":"0","category2":"Other"},"geometry":{"type":"Point","coordinates":[72.9162519640759,3.515283085010545]}},{"type":"Feature","properties":{"atoll":"Baa","islandName":"Gaagan'dufaruhuraa","longitude":"73° 3' 39.425\"E","latitude":"5°22'8.848\" N","V01":"0","V02":"0","V03":"0","category2":"Other"},"geometry":{"type":"Point","coordinates":[73.06095143680709,5.369124457249642]}},{"type":"Feature","properties":{"atoll":"Baa","islandName":"Bathalaahuraa","longitude":"73° 3' 43.034\"E","latitude":"5°21'26.505\" N","V01":"0","V02":"0","V03":"0","category2":"Other"},"geometry":{"type":"Point","coordinates":[73.0619539765128,5.357362479926996]}},{"type":"Feature","properties":{"atoll":"Baa","islandName":"Bathalaa","longitude":"73° 4' 5.827\"E","latitude":"5°21'11.916\" N","V01":"0","V02":"0","V03":"0","category2":"Other"},"geometry":{"type":"Point","coordinates":[73.06828523215324,5.353309945226942]}},{"type":"Feature","properties":{"atoll":"Baa","islandName":null,"longitude":"73° 4' 8.237\"E","latitude":"5°20'54.679\" N","V01":"0","V02":"0","V03":"0","category2":"Other"},"geometry":{"type":"Point","coordinates":[73.06895470965237,5.348522030824148]}},{"type":"Feature","properties":{"atoll":"Baa","islandName":null,"longitude":"73° 4' 25.310\"E","latitude":"5°21'13.125\" N","V01":"0","V02":"0","V03":"0","category2":"Other"},"geometry":{"type":"Point","coordinates":[73.07369717175499,5.353645888924]}},{"type":"Feature","properties":{"atoll":"Baa","islandName":"Vinaneiyfaruhuraa","longitude":"73° 4' 43.489\"E","latitude":"5°20'46.660\" N","V01":"0","V02":"0","V03":"0","category2":"Other"},"geometry":{"type":"Point","coordinates":[73.07874704307929,5.346294571779862]}},{"type":"Feature","properties":{"atoll":"Baa","islandName":null,"longitude":"73° 4' 31.356\"E","latitude":"5°20'30.773\" N","V01":"0","V02":"0","V03":"0","category2":"Other"},"geometry":{"type":"Point","coordinates":[73.07537679399677,5.341881451516185]}},{"type":"Feature","properties":{"atoll":"Baa","islandName":null,"longitude":"73° 5' 11.982\"E","latitude":"5°19'25.401\" N","V01":"0","V02":"0","V03":"0","category2":"Other"},"geometry":{"type":"Point","coordinates":[73.08666164527739,5.323722476390639]}},{"type":"Feature","properties":{"atoll":"Baa","islandName":"Voavah","longitude":"73° 4' 39.556\"E","latitude":"5°18'58.973\" N","V01":"0","V02":"0","V03":"0","category2":"Tourism"},"geometry":{"type":"Point","coordinates":[73.0776545236544,5.316381497529544]}},{"type":"Feature","properties":{"atoll":"Baa","islandName":"Kihavahhuravalhi","longitude":"73° 3' 25.265\"E","latitude":"5°17'45.729\" N","V01":"0","V02":"0","V03":"0","category2":"Tourism"},"geometry":{"type":"Point","coordinates":[73.05701810400683,5.296035707156513]}},{"type":"Feature","properties":{"atoll":"Baa","islandName":null,"longitude":"73° 0' 46.223\"E","latitude":"5°17'52.043\" N","V01":"0","V02":"0","V03":"0","category2":"Other"},"geometry":{"type":"Point","coordinates":[73.01283983842096,5.297789615862881]}},{"type":"Feature","properties":{"atoll":"Baa","islandName":"Boifushi","longitude":"72° 59' 37.619\"E","latitude":"5°17'53.082\" N","V01":"0","V02":"0","V03":"0","category2":"Other"},"geometry":{"type":"Point","coordinates":[72.99378297644955,5.298078281603698]}},{"type":"Feature","properties":{"atoll":"Baa","islandName":"Kashidhoo","longitude":"72° 58' 7.340\"E","latitude":"5°17'49.804\" N","V01":"0","V02":"0","V03":"0","category2":"Agriculture"},"geometry":{"type":"Point","coordinates":[72.96870568634587,5.297167747802182]}},{"type":"Feature","properties":{"atoll":"Baa","islandName":null,"longitude":"72° 57' 49.313\"E","latitude":"5°17'42.970\" N","V01":"0","V02":"0","V03":"0","category2":"Other"},"geometry":{"type":"Point","coordinates":[72.9636979469167,5.295269309240017]}},{"type":"Feature","properties":{"atoll":"Baa","islandName":null,"longitude":"72° 57' 21.438\"E","latitude":"5°17'58.091\" N","V01":"0","V02":"0","V03":"0","category2":"Other"},"geometry":{"type":"Point","coordinates":[72.955954979916,5.299469669086907]}},{"type":"Feature","properties":{"atoll":"Baa","islandName":"Lan'daagiraavaru","longitude":"73° 6' 44.003\"E","latitude":"5°17'10.267\" N","V01":"0","V02":"0","V03":"0","category2":"Tourism"},"geometry":{"type":"Point","coordinates":[73.11222302232132,5.286185373473674]}},{"type":"Feature","properties":{"atoll":"Baa","islandName":null,"longitude":"73° 5' 46.898\"E","latitude":"5°17'1.874\" N","V01":"0","V02":"0","V03":"0","category2":"Other"},"geometry":{"type":"Point","coordinates":[73.09636050081717,5.283853941639283]}},{"type":"Feature","properties":{"atoll":"Baa","islandName":"Un'doodhoo","longitude":"73° 2' 32.779\"E","latitude":"5°16'28.620\" N","V01":"0","V02":"0","V03":"0","category2":"Agriculture"},"geometry":{"type":"Point","coordinates":[73.04243865069913,5.274616741178939]}},{"type":"Feature","properties":{"atoll":"Baa","islandName":"Funadhoo","longitude":"73° 1' 59.516\"E","latitude":"5°16'28.673\" N","V01":"0","V02":"0","V03":"0","category2":"Other"},"geometry":{"type":"Point","coordinates":[73.03319888973887,5.274631427427765]}},{"type":"Feature","properties":{"atoll":"Baa","islandName":"Hulhudhoo","longitude":"73° 1' 30.583\"E","latitude":"5°16'29.628\" N","V01":"0","V02":"0","V03":"0","category2":"Other"},"geometry":{"type":"Point","coordinates":[73.02516198486401,5.274896727763819]}},{"type":"Feature","properties":{"atoll":"Baa","islandName":"Gemendhoo","longitude":"73° 1' 11.297\"E","latitude":"5°16'32.171\" N","V01":"0","V02":"0","V03":"0","category2":"Other"},"geometry":{"type":"Point","coordinates":[73.01980466010829,5.275603011044994]}},{"type":"Feature","properties":{"atoll":"Baa","islandName":"Keyodhoo","longitude":"72° 59' 45.803\"E","latitude":"5°16'35.897\" N","V01":"0","V02":"0","V03":"0","category2":"Other"},"geometry":{"type":"Point","coordinates":[72.99605633982884,5.276638142735683]}},{"type":"Feature","properties":{"atoll":"Baa","islandName":"Dhakandhoo","longitude":"72° 53' 37.058\"E","latitude":"5°14'54.149\" N","V01":"0","V02":"0","V03":"0","category2":"Other"},"geometry":{"type":"Point","coordinates":[72.89362715839891,5.248374727403456]}},{"type":"Feature","properties":{"atoll":"Baa","islandName":"Fares","longitude":"72° 52' 38.134\"E","latitude":"5°13'55.786\" N","V01":"0","V02":"0","V03":"0","category2":"Tourism"},"geometry":{"type":"Point","coordinates":[72.87725930928352,5.232162699503673]}},{"type":"Feature","properties":{"atoll":"Baa","islandName":"Ahivaffushi","longitude":"72° 51' 25.121\"E","latitude":"5°13'42.545\" N","V01":"0","V02":"0","V03":"0","category2":"Other"},"geometry":{"type":"Point","coordinates":[72.85697806874526,5.228484659882001]}},{"type":"Feature","properties":{"atoll":"Baa","islandName":null,"longitude":"72° 52' 34.914\"E","latitude":"5°13'4.833\" N","V01":"0","V02":"0","V03":"0","category2":"Other"},"geometry":{"type":"Point","coordinates":[72.8763649080307,5.218009181678775]}},{"type":"Feature","properties":{"atoll":"Baa","islandName":"Velavaru","longitude":"72° 55' 13.247\"E","latitude":"5°12'23.451\" N","V01":"0","V02":"0","V03":"0","category2":"Other"},"geometry":{"type":"Point","coordinates":[72.92034642613957,5.206514112796633]}},{"type":"Feature","properties":{"atoll":"Baa","islandName":"Finolhufaru","longitude":"72° 56' 4.667\"E","latitude":"5°11'2.162\" N","V01":"0","V02":"0","V03":"0","category2":"Other"},"geometry":{"type":"Point","coordinates":[72.93462960058115,5.183934014641453]}},{"type":"Feature","properties":{"atoll":"Baa","islandName":null,"longitude":"72° 55' 35.291\"E","latitude":"5°10'15.594\" N","V01":"0","V02":"0","V03":"0","category2":"Other"},"geometry":{"type":"Point","coordinates":[72.92646977939859,5.170998303257182]}},{"type":"Feature","properties":{"atoll":"Baa","islandName":"Nibiligaa","longitude":"72° 56' 39.132\"E","latitude":"5°10'26.830\" N","V01":"0","V02":"0","V03":"0","category2":"Other"},"geometry":{"type":"Point","coordinates":[72.94420335147959,5.174119351350168]}},{"type":"Feature","properties":{"atoll":"Baa","islandName":"Mendhoo","longitude":"72° 59' 43.973\"E","latitude":"5°10'29.947\" N","V01":"0","V02":"0","V03":"0","category2":"Other"},"geometry":{"type":"Point","coordinates":[72.9955480695033,5.174985402561603]}},{"type":"Feature","properties":{"atoll":"Baa","islandName":null,"longitude":"73° 1' 55.720\"E","latitude":"5°10'51.955\" N","V01":"0","V02":"0","V03":"0","category2":"Other"},"geometry":{"type":"Point","coordinates":[73.03214432220135,5.181098647978965]}},{"type":"Feature","properties":{"atoll":"Baa","islandName":null,"longitude":"73° 2' 29.361\"E","latitude":"5°10'1.268\" N","V01":"0","V02":"0","V03":"0","category2":"Other"},"geometry":{"type":"Point","coordinates":[73.04148910930174,5.167018839970649]}},{"type":"Feature","properties":{"atoll":"Baa","islandName":null,"longitude":"73° 3' 27.890\"E","latitude":"5°10'3.380\" N","V01":"0","V02":"0","V03":"0","category2":"Tourism"},"geometry":{"type":"Point","coordinates":[73.05774717021058,5.167605417299836]}},{"type":"Feature","properties":{"atoll":"Baa","islandName":null,"longitude":"73° 3' 43.761\"E","latitude":"5°9'56.163\" N","V01":"0","V02":"0","V03":"0","category2":"Other"},"geometry":{"type":"Point","coordinates":[73.06215591660028,5.165600883396135]}},{"type":"Feature","properties":{"atoll":"Baa","islandName":null,"longitude":"73° 3' 49.834\"E","latitude":"5°9'52.553\" N","V01":"0","V02":"0","V03":"0","category2":"Other"},"geometry":{"type":"Point","coordinates":[73.06384290391921,5.164597934975476]}},{"type":"Feature","properties":{"atoll":"Baa","islandName":"Horubadhoo","longitude":"73° 3' 10.065\"E","latitude":"5°9'45.693\" N","V01":"0","V02":"0","V03":"0","category2":"Tourism"},"geometry":{"type":"Point","coordinates":[73.05279572420804,5.162692523748757]}},{"type":"Feature","properties":{"atoll":"Baa","islandName":"An'gaafaru","longitude":"73° 5' 57.994\"E","latitude":"5°10'38.602\" N","V01":"0","V02":"0","V03":"0","category2":"Other"},"geometry":{"type":"Point","coordinates":[73.09944272242016,5.177389357902031]}},{"type":"Feature","properties":{"atoll":"Baa","islandName":"Mudhdhoo","longitude":"73° 5' 4.855\"E","latitude":"5°12'24.047\" N","V01":"0","V02":"0","V03":"0","category2":"Tourism"},"geometry":{"type":"Point","coordinates":[73.08468207376293,5.206679849243784]}},{"type":"Feature","properties":{"atoll":"Baa","islandName":"Finolhas","longitude":"73° 6' 49.282\"E","latitude":"5°14'1.751\" N","V01":"0","V02":"0","V03":"0","category2":"Tourism"},"geometry":{"type":"Point","coordinates":[73.11368946184507,5.233819797979265]}},{"type":"Feature","properties":{"atoll":"Baa","islandName":null,"longitude":"73° 7' 12.224\"E","latitude":"5°15'12.058\" N","V01":"0","V02":"0","V03":"0","category2":"Other"},"geometry":{"type":"Point","coordinates":[73.12006231630825,5.253349446865933]}},{"type":"Feature","properties":{"atoll":"Baa","islandName":"Milaidhoo","longitude":"73° 7' 42.393\"E","latitude":"5°16'1.629\" N","V01":"0","V02":"0","V03":"0","category2":"Tourism"},"geometry":{"type":"Point","coordinates":[73.12844251113067,5.267119197934186]}},{"type":"Feature","properties":{"atoll":"Baa","islandName":"Madhirivaadhoo","longitude":"73° 9' 40.143\"E","latitude":"5°16'8.105\" N","V01":"0","V02":"0","V03":"0","category2":"Other"},"geometry":{"type":"Point","coordinates":[73.16115080399078,5.268918076408434]}},{"type":"Feature","properties":{"atoll":"Baa","islandName":"Thiladhoo","longitude":"73° 9' 19.038\"E","latitude":"5°15'44.262\" N","V01":"0","V02":"0","V03":"0","category2":"Tourism"},"geometry":{"type":"Point","coordinates":[73.1552882024652,5.262294904291496]}},{"type":"Feature","properties":{"atoll":"Baa","islandName":"Dhoogan'dufinolhu","longitude":"73° 9' 7.187\"E","latitude":"5°14'50.362\" N","V01":"0","V02":"0","V03":"0","category2":"Other"},"geometry":{"type":"Point","coordinates":[73.15199643562563,5.247322821401231]}},{"type":"Feature","properties":{"atoll":"Baa","islandName":"Dhigudhefaru","longitude":"73° 8' 20.907\"E","latitude":"5°14'6.492\" N","V01":"0","V02":"0","V03":"0","category2":"Other"},"geometry":{"type":"Point","coordinates":[73.13914095289007,5.235136593964853]}},{"type":"Feature","properties":{"atoll":"Baa","islandName":"Veyofushi","longitude":"73° 9' 23.490\"E","latitude":"5°13'46.709\" N","V01":"0","V02":"0","V03":"0","category2":"Other"},"geometry":{"type":"Point","coordinates":[73.15652488868858,5.229641345045444]}},{"type":"Feature","properties":{"atoll":"Baa","islandName":"Fonimagoodhoo","longitude":"73° 9' 48.722\"E","latitude":"5°15'18.492\" N","V01":"0","V02":"0","V03":"0","category2":"Tourism"},"geometry":{"type":"Point","coordinates":[73.16353384612691,5.255136651251532]}},{"type":"Feature","properties":{"atoll":"Baa","islandName":"Dhandhoo","longitude":"73° 10' 6.155\"E","latitude":"5°14'9.230\" N","V01":"0","V02":"0","V03":"0","category2":"Other"},"geometry":{"type":"Point","coordinates":[73.16837632731006,5.235897192470233]}},{"type":"Feature","properties":{"atoll":"Baa","islandName":null,"longitude":"73° 11' 27.923\"E","latitude":"5°14'25.967\" N","V01":"0","V02":"0","V03":"0","category2":"Other"},"geometry":{"type":"Point","coordinates":[73.19108965712155,5.240546258652502]}},{"type":"Feature","properties":{"atoll":"Baa","islandName":"Vandhuhmaafarufinolhu","longitude":"73° 11' 27.229\"E","latitude":"5°14'14.460\" N","V01":"0","V02":"0","V03":"0","category2":"Other"},"geometry":{"type":"Point","coordinates":[73.19089696407582,5.237349990856059]}},{"type":"Feature","properties":{"atoll":"Baa","islandName":"Maafusheefinolhu","longitude":"73° 11' 27.783\"E","latitude":"5°13'53.081\" N","V01":"0","V02":"0","V03":"0","category2":"Other"},"geometry":{"type":"Point","coordinates":[73.19105080428896,5.231411315765166]}},{"type":"Feature","properties":{"atoll":"Baa","islandName":null,"longitude":"73° 11' 27.010\"E","latitude":"5°13'33.685\" N","V01":"0","V02":"0","V03":"0","category2":"Other"},"geometry":{"type":"Point","coordinates":[73.19083623874609,5.226023573599424]}},{"type":"Feature","properties":{"atoll":"Baa","islandName":"Hirundhoo","longitude":"73° 9' 12.969\"E","latitude":"5°13'1.628\" N","V01":"0","V02":"0","V03":"0","category2":"Tourism"},"geometry":{"type":"Point","coordinates":[73.15360253058128,5.217118901335037]}},{"type":"Feature","properties":{"atoll":"Baa","islandName":"Huraafaru","longitude":"73° 9' 14.198\"E","latitude":"5°12'24.690\" N","V01":"0","V02":"0","V03":"0","category2":"Other"},"geometry":{"type":"Point","coordinates":[73.15394402715133,5.206858403503012]}},{"type":"Feature","properties":{"atoll":"Baa","islandName":"Aidhoo","longitude":"73° 9' 48.809\"E","latitude":"5°11'14.231\" N","V01":"0","V02":"0","V03":"0","category2":"Agriculture"},"geometry":{"type":"Point","coordinates":[73.16355806488451,5.187286471779093]}},{"type":"Feature","properties":{"atoll":"Baa","islandName":"Kihaadhuffaru","longitude":"73° 7' 56.284\"E","latitude":"5°11'27.151\" N","V01":"0","V02":"0","V03":"0","category2":"Tourism"},"geometry":{"type":"Point","coordinates":[73.1323010302365,5.190875240722757]}},{"type":"Feature","properties":{"atoll":"Baa","islandName":"Hanifaru","longitude":"73° 7' 58.921\"E","latitude":"5°10'59.168\" N","V01":"0","V02":"0","V03":"0","category2":"Other"},"geometry":{"type":"Point","coordinates":[73.13303367196742,5.183102294931978]}},{"type":"Feature","properties":{"atoll":"Baa","islandName":"Hanifaruhuraa","longitude":"73° 9' 5.176\"E","latitude":"5°10'22.497\" N","V01":"0","V02":"0","V03":"0","category2":"Other"},"geometry":{"type":"Point","coordinates":[73.15143783004714,5.172915755264037]}},{"type":"Feature","properties":{"atoll":"Baa","islandName":"Hibalhidhoo","longitude":"73° 6' 53.143\"E","latitude":"5°8'29.037\" N","V01":"0","V02":"0","V03":"0","category2":"Other"},"geometry":{"type":"Point","coordinates":[73.1147619520966,5.141399186922662]}},{"type":"Feature","properties":{"atoll":"Baa","islandName":"Nelivarufinolhu","longitude":"73° 5' 8.646\"E","latitude":"5°7'31.637\" N","V01":"0","V02":"0","V03":"0","category2":"Other"},"geometry":{"type":"Point","coordinates":[73.08573502715869,5.125454845125665]}},{"type":"Feature","properties":{"atoll":"Baa","islandName":"Kunfunadhoo","longitude":"73° 4' 39.014\"E","latitude":"5°6'44.226\" N","V01":"0","V02":"0","V03":"0","category2":"Tourism"},"geometry":{"type":"Point","coordinates":[73.0775040207668,5.112284982944411]}},{"type":"Feature","properties":{"atoll":"Baa","islandName":"Maaddoo","longitude":"73° 3' 45.802\"E","latitude":"5°5'34.093\" N","V01":"0","V02":"0","V03":"0","category2":"Other"},"geometry":{"type":"Point","coordinates":[73.06272283458905,5.092803637239916]}},{"type":"Feature","properties":{"atoll":"Baa","islandName":"Maaddoohulhudhoo","longitude":"73° 1' 54.201\"E","latitude":"5°4'16.736\" N","V01":"0","V02":"0","V03":"0","category2":"Other"},"geometry":{"type":"Point","coordinates":[73.03172247354567,5.071315563990149]}},{"type":"Feature","properties":{"atoll":"Baa","islandName":"Miriandhoo","longitude":"73° 1' 52.442\"E","latitude":"5°3'47.525\" N","V01":"0","V02":"0","V03":"0","category2":"Tourism"},"geometry":{"type":"Point","coordinates":[73.03123385687765,5.063201465534297]}},{"type":"Feature","properties":{"atoll":"Baa","islandName":"Kudadhoo","longitude":"72° 59' 30.419\"E","latitude":"5°1'43.751\" N","V01":"0","V02":"0","V03":"0","category2":"Agriculture"},"geometry":{"type":"Point","coordinates":[72.9917829634691,5.02881977968449]}},{"type":"Feature","properties":{"atoll":"Baa","islandName":"Kanufushi","longitude":"72° 57' 6.796\"E","latitude":"5°0'39.998\" N","V01":"0","V02":"0","V03":"0","category2":"Tourism"},"geometry":{"type":"Point","coordinates":[72.95188764115575,5.011110490623506]}},{"type":"Feature","properties":{"atoll":"Baa","islandName":"Maamaduvvari","longitude":"72° 56' 31.209\"E","latitude":"5°0'33.062\" N","V01":"0","V02":"0","V03":"0","category2":"Other"},"geometry":{"type":"Point","coordinates":[72.94200240472193,5.009183868812239]}},{"type":"Feature","properties":{"atoll":"Baa","islandName":"Olhugiri","longitude":"72° 54' 21.237\"E","latitude":"5°0'4.511\" N","V01":"0","V02":"0","V03":"0","category2":"Other"},"geometry":{"type":"Point","coordinates":[72.90589925113522,5.00125314246752]}},{"type":"Feature","properties":{"atoll":"Baa","islandName":"Bodufinolhu","longitude":"72° 51' 28.403\"E","latitude":"5°0'26.568\" N","V01":"0","V02":"0","V03":"0","category2":"Other"},"geometry":{"type":"Point","coordinates":[72.85788980227088,5.007380102410697]}},{"type":"Feature","properties":{"atoll":"Baa","islandName":null,"longitude":"72° 51' 28.694\"E","latitude":"5°0'46.816\" N","V01":"0","V02":"0","V03":"0","category2":"Other"},"geometry":{"type":"Point","coordinates":[72.85797046365481,5.013004451128754]}},{"type":"Feature","properties":{"atoll":"Baa","islandName":null,"longitude":"72° 51' 32.066\"E","latitude":"5°0'46.815\" N","V01":"0","V02":"0","V03":"0","category2":"Other"},"geometry":{"type":"Point","coordinates":[72.85890723296598,5.01300403217397]}},{"type":"Feature","properties":{"atoll":"Baa","islandName":"Dhunikolhu","longitude":"72° 52' 53.076\"E","latitude":"5°2'22.728\" N","V01":"0","V02":"0","V03":"0","category2":"Tourism"},"geometry":{"type":"Point","coordinates":[72.88141008955404,5.039646668721725]}},{"type":"Feature","properties":{"atoll":"Baa","islandName":null,"longitude":"72° 50' 45.839\"E","latitude":"5°3'40.669\" N","V01":"0","V02":"0","V03":"0","category2":"Other"},"geometry":{"type":"Point","coordinates":[72.846066514757,5.061296983685951]}},{"type":"Feature","properties":{"atoll":"Baa","islandName":"Gaavilin'gili","longitude":"72° 50' 13.239\"E","latitude":"5°3'43.489\" N","V01":"0","V02":"0","V03":"0","category2":"Other"},"geometry":{"type":"Point","coordinates":[72.83701090050016,5.062080231305781]}},{"type":"Feature","properties":{"atoll":"Baa","islandName":"En'boodhoo","longitude":"72° 51' 22.528\"E","latitude":"5°3'49.973\" N","V01":"0","V02":"0","V03":"0","category2":"Other"},"geometry":{"type":"Point","coordinates":[72.85625776795266,5.063881470825056]}},{"type":"Feature","properties":{"atoll":"Baa","islandName":"Muthaafushi","longitude":"72° 52' 40.268\"E","latitude":"5°4'42.164\" N","V01":"0","V02":"0","V03":"0","category2":"Other"},"geometry":{"type":"Point","coordinates":[72.87785221742428,5.078378875979936]}},{"type":"Feature","properties":{"atoll":"Baa","islandName":null,"longitude":"72° 52' 34.583\"E","latitude":"5°4'32.270\" N","V01":"0","V02":"0","V03":"0","category2":"Other"},"geometry":{"type":"Point","coordinates":[72.87627318720601,5.075630419055087]}},{"type":"Feature","properties":{"atoll":"Baa","islandName":"Vakkaru","longitude":"72° 54' 36.860\"E","latitude":"5°8'1.650\" N","V01":"0","V02":"0","V03":"0","category2":"Tourism"},"geometry":{"type":"Point","coordinates":[72.91023901830677,5.133791684941252]}},{"type":"Feature","properties":{"atoll":"Baa","islandName":null,"longitude":"72° 58' 44.084\"E","latitude":"5°8'1.464\" N","V01":"0","V02":"0","V03":"0","category2":"Other"},"geometry":{"type":"Point","coordinates":[72.97891226455539,5.133740057901192]}},{"type":"Feature","properties":{"atoll":"Baa","islandName":null,"longitude":"73° 0' 6.945\"E","latitude":"5°21'28.888\" N","V01":"0","V02":"0","V03":"0","category2":"Other"},"geometry":{"type":"Point","coordinates":[73.00192921807556,5.358024516551198]}},{"type":"Feature","properties":{"atoll":"Baa","islandName":null,"longitude":"73° 0' 9.026\"E","latitude":"5°21'29.816\" N","V01":"0","V02":"0","V03":"0","category2":"Other"},"geometry":{"type":"Point","coordinates":[73.00250711712526,5.358282105868191]}},{"type":"Feature","properties":{"atoll":"Baa","islandName":"Dhigufaruvinagan'du","longitude":"72° 59' 23.742\"E","latitude":"5°21'7.905\" N","V01":"0","V02":"0","V03":"0","category2":"Tourism"},"geometry":{"type":"Point","coordinates":[72.98992846340866,5.352195922698052]}},{"type":"Feature","properties":{"atoll":"Baa","islandName":"Anhenunfushi","longitude":"72° 58' 7.409\"E","latitude":"5°20'31.593\" N","V01":"0","V02":"0","V03":"0","category2":"Agriculture"},"geometry":{"type":"Point","coordinates":[72.96872461522773,5.342109118200694]}},{"type":"Feature","properties":{"atoll":"Baa","islandName":"Maarikilu","longitude":"72° 57' 9.429\"E","latitude":"5°20'5.758\" N","V01":"0","V02":"0","V03":"0","category2":"Agriculture"},"geometry":{"type":"Point","coordinates":[72.9526192822203,5.334932850550649]}},{"type":"Feature","properties":{"atoll":"Baa","islandName":null,"longitude":"72° 58' 32.293\"E","latitude":"4°53'2.170\" N","V01":"0","V02":"0","V03":"0","category2":"Other"},"geometry":{"type":"Point","coordinates":[72.97563686061723,4.883936143887489]}},{"type":"Feature","properties":{"atoll":"Baa","islandName":null,"longitude":"72° 57' 16.340\"E","latitude":"4°53'4.523\" N","V01":"0","V02":"0","V03":"0","category2":"Other"},"geometry":{"type":"Point","coordinates":[72.95453889161105,4.884589759972748]}},{"type":"Feature","properties":{"atoll":"Baa","islandName":null,"longitude":"72° 57' 8.633\"E","latitude":"4°53'6.362\" N","V01":"0","V02":"0","V03":"0","category2":"Other"},"geometry":{"type":"Point","coordinates":[72.95239798381094,4.885100572986874]}},{"type":"Feature","properties":{"atoll":"Baa","islandName":null,"longitude":"72° 56' 52.539\"E","latitude":"4°53'5.222\" N","V01":"0","V02":"0","V03":"0","category2":"Other"},"geometry":{"type":"Point","coordinates":[72.9479273743188,4.884784017197579]}},{"type":"Feature","properties":{"atoll":"Baa","islandName":null,"longitude":"72° 56' 30.474\"E","latitude":"4°53'9.608\" N","V01":"0","V02":"0","V03":"0","category2":"Other"},"geometry":{"type":"Point","coordinates":[72.9417982890587,4.886002109959142]}},{"type":"Feature","properties":{"atoll":"Baa","islandName":null,"longitude":"72° 56' 30.170\"E","latitude":"4°52'58.784\" N","V01":"0","V02":"0","V03":"0","category2":"Other"},"geometry":{"type":"Point","coordinates":[72.94171376983957,4.882995525374718]}},{"type":"Feature","properties":{"atoll":"Baa","islandName":null,"longitude":"72° 55' 17.325\"E","latitude":"4°53'3.540\" N","V01":"0","V02":"0","V03":"0","category2":"Other"},"geometry":{"type":"Point","coordinates":[72.92147911634387,4.884316528288847]}},{"type":"Feature","properties":{"atoll":"Baa","islandName":null,"longitude":"72° 54' 45.662\"E","latitude":"4°53'2.267\" N","V01":"0","V02":"0","V03":"0","category2":"Other"},"geometry":{"type":"Point","coordinates":[72.91268381580598,4.883963070526584]}},{"type":"Feature","properties":{"atoll":"Baa","islandName":null,"longitude":"72° 54' 25.767\"E","latitude":"4°53'0.724\" N","V01":"0","V02":"0","V03":"0","category2":"Other"},"geometry":{"type":"Point","coordinates":[72.90715762598326,4.883534510061258]}},{"type":"Feature","properties":{"atoll":"Baa","islandName":null,"longitude":"72° 54' 4.223\"E","latitude":"4°52'59.482\" N","V01":"0","V02":"0","V03":"0","category2":"Other"},"geometry":{"type":"Point","coordinates":[72.90117293985692,4.883189345007439]}},{"type":"Feature","properties":{"atoll":"Baa","islandName":"Boadhaafushifinolhu","longitude":"72° 53' 42.384\"E","latitude":"4°52'55.077\" N","V01":"0","V02":"0","V03":"0","category2":"Other"},"geometry":{"type":"Point","coordinates":[72.8951066381992,4.88196583999614]}},{"type":"Feature","properties":{"atoll":"Baa","islandName":null,"longitude":"72° 53' 23.430\"E","latitude":"4°52'50.665\" N","V01":"0","V02":"0","V03":"0","category2":"Other"},"geometry":{"type":"Point","coordinates":[72.88984165259097,4.880740187178604]}},{"type":"Feature","properties":{"atoll":"Baa","islandName":null,"longitude":"72° 53' 13.411\"E","latitude":"4°52'52.899\" N","V01":"0","V02":"0","V03":"0","category2":"Other"},"geometry":{"type":"Point","coordinates":[72.88705869266757,4.881360960336026]}},{"type":"Feature","properties":{"atoll":"Baa","islandName":"Innafushi","longitude":"72° 52' 44.897\"E","latitude":"4°52'39.704\" N","V01":"0","V02":"0","V03":"0","category2":"Other"},"geometry":{"type":"Point","coordinates":[72.87913810020362,4.877695692537472]}},{"type":"Feature","properties":{"atoll":"Baa","islandName":"Mathifaru","longitude":"72° 53' 25.570\"E","latitude":"4°48'57.922\" N","V01":"0","V02":"0","V03":"0","category2":"Other"},"geometry":{"type":"Point","coordinates":[72.89043606964792,4.816089451485956]}},{"type":"Feature","properties":{"atoll":"Baa","islandName":"Dhashufaruhuraa","longitude":"72° 54' 36.318\"E","latitude":"4°49'2.963\" N","V01":"0","V02":"0","V03":"0","category2":"Other"},"geometry":{"type":"Point","coordinates":[72.91008823309866,4.817489611175175]}},{"type":"Feature","properties":{"atoll":"Baa","islandName":null,"longitude":"72° 54' 40.792\"E","latitude":"4°49'5.190\" N","V01":"0","V02":"0","V03":"0","category2":"Other"},"geometry":{"type":"Point","coordinates":[72.91133106932557,4.818108444005353]}},{"type":"Feature","properties":{"atoll":"Baa","islandName":"Kanufusheegaathufinolhu","longitude":"72° 57' 47.827\"E","latitude":"5°0'51.098\" N","V01":"0","V02":"0","V03":"0","category2":"Other"},"geometry":{"type":"Point","coordinates":[72.96328539866323,5.014193809217065]}},{"type":"Feature","properties":{"atoll":"Baa","islandName":"Medhufinolhugaathufinolhu","longitude":"72° 58' 0.937\"E","latitude":"5°0'57.965\" N","V01":"0","V02":"0","V03":"0","category2":"Other"},"geometry":{"type":"Point","coordinates":[72.96692689144268,5.01610142728452]}},{"type":"Feature","properties":{"atoll":"Baa","islandName":"Ufuligiri","longitude":"72° 58' 13.342\"E","latitude":"5°1'1.154\" N","V01":"0","V02":"0","V03":"0","category2":"Other"},"geometry":{"type":"Point","coordinates":[72.97037275244708,5.016987354628857]}},{"type":"Feature","properties":{"atoll":"Dhaalu","islandName":null,"longitude":"73° 1' 23.908\"E","latitude":"2°46'25.222\" N","V01":"0","V02":"0","V03":"0","category2":"Other"},"geometry":{"type":"Point","coordinates":[73.02330771890145,2.773672802056481]}},{"type":"Feature","properties":{"atoll":"Dhaalu","islandName":"Vommuli","longitude":"72° 51' 58.014\"E","latitude":"2°54'40.716\" N","V01":"0","V02":"0","V03":"0","category2":"Tourism"},"geometry":{"type":"Point","coordinates":[72.8661150023808,2.911310129030253]}},{"type":"Feature","properties":{"atoll":"Dhaalu","islandName":"Vaanee","longitude":"73° 0' 9.989\"E","latitude":"2°43'31.702\" N","V01":"0","V02":"0","V03":"0","category2":"Other"},"geometry":{"type":"Point","coordinates":[73.00277473203889,2.725472772699195]}},{"type":"Feature","properties":{"atoll":"Dhaalu","islandName":null,"longitude":"72° 50' 15.595\"E","latitude":"2°43'43.525\" N","V01":"0","V02":"0","V03":"0","category2":"Other"},"geometry":{"type":"Point","coordinates":[72.83766540618225,2.728756986219892]}},{"type":"Feature","properties":{"atoll":"Dhaalu","islandName":"Kedhigan'du","longitude":"72° 51' 3.817\"E","latitude":"2°41'47.166\" N","V01":"0","V02":"0","V03":"0","category2":"Tourism"},"geometry":{"type":"Point","coordinates":[72.85106021819396,2.696435109141054]}},{"type":"Feature","properties":{"atoll":"Dhaalu","islandName":"Ayyakaloahuraa","longitude":"73° 1' 32.634\"E","latitude":"2°47'26.343\" N","V01":"0","V02":"0","V03":"0","category2":"Other"},"geometry":{"type":"Point","coordinates":[73.02573175024958,2.790650848088792]}},{"type":"Feature","properties":{"atoll":"Dhaalu","islandName":"Issari","longitude":"72° 58' 57.256\"E","latitude":"2°42'23.324\" N","V01":"0","V02":"0","V03":"0","category2":"Agriculture"},"geometry":{"type":"Point","coordinates":[72.9825712100397,2.706478957013159]}},{"type":"Feature","properties":{"atoll":"Dhaalu","islandName":null,"longitude":"72° 50' 22.151\"E","latitude":"2°43'33.443\" N","V01":"0","V02":"0","V03":"0","category2":"Other"},"geometry":{"type":"Point","coordinates":[72.83948633345524,2.725956319360461]}},{"type":"Feature","properties":{"atoll":"Dhaalu","islandName":null,"longitude":"72° 50' 23.006\"E","latitude":"2°43'17.453\" N","V01":"0","V02":"0","V03":"0","category2":"Other"},"geometry":{"type":"Point","coordinates":[72.83972399320282,2.721514655563506]}},{"type":"Feature","properties":{"atoll":"Dhaalu","islandName":"Kiraidhoo","longitude":"73° 1' 30.161\"E","latitude":"2°46'49.618\" N","V01":"0","V02":"0","V03":"0","category2":"Agriculture"},"geometry":{"type":"Point","coordinates":[73.0250447694909,2.780449582286983]}},{"type":"Feature","properties":{"atoll":"Dhaalu","islandName":"Meedhuffushi","longitude":"73° 0' 1.929\"E","latitude":"3°0'11.828\" N","V01":"0","V02":"0","V03":"0","category2":"Tourism"},"geometry":{"type":"Point","coordinates":[73.0005356958378,3.003285691608741]}},{"type":"Feature","properties":{"atoll":"Dhaalu","islandName":"Maafushi","longitude":"72° 51' 32.451\"E","latitude":"2°41'18.029\" N","V01":"0","V02":"0","V03":"0","category2":"Tourism"},"geometry":{"type":"Point","coordinates":[72.8590140409779,2.688341380349858]}},{"type":"Feature","properties":{"atoll":"Dhaalu","islandName":"Hulhuvahi","longitude":"73° 1' 31.545\"E","latitude":"2°51'23.801\" N","V01":"0","V02":"0","V03":"0","category2":"Other"},"geometry":{"type":"Point","coordinates":[73.02542923791313,2.856611312887773]}},{"type":"Feature","properties":{"atoll":"Dhaalu","islandName":"Kan'dinmaa","longitude":"73° 0' 40.976\"E","latitude":"2°43'55.901\" N","V01":"0","V02":"0","V03":"0","category2":"Tourism"},"geometry":{"type":"Point","coordinates":[73.01138223508558,2.732194814127419]}},{"type":"Feature","properties":{"atoll":"Dhaalu","islandName":"Dhoores","longitude":"72° 53' 2.658\"E","latitude":"2°55'3.278\" N","V01":"0","V02":"0","V03":"0","category2":"Tourism"},"geometry":{"type":"Point","coordinates":[72.8840717523303,2.917577107693388]}},{"type":"Feature","properties":{"atoll":"Dhaalu","islandName":"Thilabolhufushi","longitude":"73° 1' 19.933\"E","latitude":"2°45'19.040\" N","V01":"0","V02":"0","V03":"0","category2":"Agriculture"},"geometry":{"type":"Point","coordinates":[73.02220370911425,2.755288854132828]}},{"type":"Feature","properties":{"atoll":"Dhaalu","islandName":"Uhdhoo","longitude":"72° 59' 26.736\"E","latitude":"2°58'13.965\" N","V01":"0","V02":"0","V03":"0","category2":"Agriculture"},"geometry":{"type":"Point","coordinates":[72.99076000412934,2.970545847315142]}},{"type":"Feature","properties":{"atoll":"Dhaalu","islandName":null,"longitude":"72° 50' 31.733\"E","latitude":"2°42'58.695\" N","V01":"0","V02":"0","V03":"0","category2":"Other"},"geometry":{"type":"Point","coordinates":[72.84214795739761,2.716304031277703]}},{"type":"Feature","properties":{"atoll":"Dhaalu","islandName":"Aluvifushi","longitude":"72° 57' 39.057\"E","latitude":"2°56'0.644\" N","V01":"0","V02":"0","V03":"0","category2":"Tourism"},"geometry":{"type":"Point","coordinates":[72.96084904015406,2.933512140589027]}},{"type":"Feature","properties":{"atoll":"Dhaalu","islandName":"Lhohi","longitude":"72° 59' 7.623\"E","latitude":"2°57'25.187\" N","V01":"0","V02":"0","V03":"0","category2":"Agriculture and Fisheries"},"geometry":{"type":"Point","coordinates":[72.98545074517563,2.956996323027564]}},{"type":"Feature","properties":{"atoll":"Dhaalu","islandName":"En'boodhoofushi","longitude":"72° 55' 40.833\"E","latitude":"2°40'39.657\" N","V01":"0","V02":"0","V03":"0","category2":"Tourism"},"geometry":{"type":"Point","coordinates":[72.92800908932486,2.677682588624857]}},{"type":"Feature","properties":{"atoll":"Dhaalu","islandName":"Thinhuraa","longitude":"73° 1' 25.537\"E","latitude":"2°46'0.851\" N","V01":"0","V02":"0","V03":"0","category2":"Other"},"geometry":{"type":"Point","coordinates":[73.0237602327646,2.766903069328696]}},{"type":"Feature","properties":{"atoll":"Dhaalu","islandName":null,"longitude":"72° 50' 35.426\"E","latitude":"2°42'47.167\" N","V01":"0","V02":"0","V03":"0","category2":"Other"},"geometry":{"type":"Point","coordinates":[72.84317399270299,2.713101945334126]}},{"type":"Feature","properties":{"atoll":"Dhaalu","islandName":"Vallalhohi","longitude":"72° 53' 16.732\"E","latitude":"2°43'49.939\" N","V01":"0","V02":"0","V03":"0","category2":"Other"},"geometry":{"type":"Point","coordinates":[72.88798106595733,2.730538631292683]}},{"type":"Feature","properties":{"atoll":"Dhaalu","islandName":"Maadheli","longitude":"72° 50' 14.705\"E","latitude":"2°53'2.918\" N","V01":"0","V02":"0","V03":"0","category2":"Other"},"geometry":{"type":"Point","coordinates":[72.83741799099651,2.884143948334768]}},{"type":"Feature","properties":{"atoll":"Dhaalu","islandName":"Faandhoo","longitude":"72° 56' 48.537\"E","latitude":"2°57'46.007\" N","V01":"0","V02":"0","V03":"0","category2":"Other"},"geometry":{"type":"Point","coordinates":[72.94681575300962,2.962779624903626]}},{"type":"Feature","properties":{"atoll":"Dhaalu","islandName":"Kanneiyfaru","longitude":"73° 1' 37.774\"E","latitude":"2°55'26.620\" N","V01":"0","V02":"0","V03":"0","category2":"Other"},"geometry":{"type":"Point","coordinates":[73.02715946969441,2.924060983198649]}},{"type":"Feature","properties":{"atoll":"Dhaalu","islandName":"Valla","longitude":"72° 52' 57.776\"E","latitude":"2°42'16.389\" N","V01":"0","V02":"0","V03":"0","category2":"Other"},"geometry":{"type":"Point","coordinates":[72.88271560057875,2.704552594603903]}},{"type":"Feature","properties":{"atoll":"Dhaalu","islandName":"Hiriyafushi","longitude":"72° 59' 16.904\"E","latitude":"2°42'43.871\" N","V01":"0","V02":"0","V03":"0","category2":"Other"},"geometry":{"type":"Point","coordinates":[72.98802891646353,2.712186437728609]}},{"type":"Feature","properties":{"atoll":"Dhaalu","islandName":"Dhebaidhoo","longitude":"73° 1' 31.790\"E","latitude":"2°47'14.278\" N","V01":"0","V02":"0","V03":"0","category2":"Other"},"geometry":{"type":"Point","coordinates":[73.02549734242037,2.787299353694041]}},{"type":"Feature","properties":{"atoll":"Dhaalu","islandName":null,"longitude":"72° 50' 29.050\"E","latitude":"2°43'5.376\" N","V01":"0","V02":"0","V03":"0","category2":"Other"},"geometry":{"type":"Point","coordinates":[72.841402893513,2.718160052016881]}},{"type":"Feature","properties":{"atoll":"Dhaalu","islandName":"Olhuveli","longitude":"72° 55' 57.670\"E","latitude":"2°40'50.227\" N","V01":"0","V02":"0","V03":"0","category2":"Tourism"},"geometry":{"type":"Point","coordinates":[72.93268610512997,2.680618613715495]}},{"type":"Feature","properties":{"atoll":"Dhaalu","islandName":null,"longitude":"72° 50' 53.065\"E","latitude":"2°42'1.885\" N","V01":"0","V02":"0","V03":"0","category2":"Other"},"geometry":{"type":"Point","coordinates":[72.84807359285934,2.700523473063489]}},{"type":"Feature","properties":{"atoll":"Dhaalu","islandName":"Maalefaru","longitude":"73° 1' 32.405\"E","latitude":"2°52'55.384\" N","V01":"0","V02":"0","V03":"0","category2":"Other"},"geometry":{"type":"Point","coordinates":[73.02566808721643,2.882051103993615]}},{"type":"Feature","properties":{"atoll":"Dhaalu","islandName":"Hudhufusheefinolhu","longitude":"72° 54' 19.377\"E","latitude":"2°53'36.852\" N","V01":"0","V02":"0","V03":"0","category2":"Other"},"geometry":{"type":"Point","coordinates":[72.90538245426019,2.893570060611255]}},{"type":"Feature","properties":{"atoll":"Dhaalu","islandName":"Minimasgali","longitude":"72° 53' 15.084\"E","latitude":"2°45'1.102\" N","V01":"0","V02":"0","V03":"0","category2":"Other"},"geometry":{"type":"Point","coordinates":[72.88752343668114,2.750306171285269]}},{"type":"Feature","properties":{"atoll":"Dhaalu","islandName":"Bodufushi","longitude":"72° 50' 50.940\"E","latitude":"2°42'8.073\" N","V01":"0","V02":"0","V03":"0","category2":"Other"},"geometry":{"type":"Point","coordinates":[72.84748325102134,2.702242468304263]}},{"type":"Feature","properties":{"atoll":"Dhaalu","islandName":"Kudathilabolhufushi","longitude":"73° 1' 22.843\"E","latitude":"2°45'24.215\" N","V01":"0","V02":"0","V03":"0","category2":"Other"},"geometry":{"type":"Point","coordinates":[73.02301206872438,2.756726251458971]}},{"type":"Feature","properties":{"atoll":"Dhaalu","islandName":"Velavaru","longitude":"73° 0' 56.630\"E","latitude":"2°58'47.161\" N","V01":"0","V02":"0","V03":"0","category2":"Tourism"},"geometry":{"type":"Point","coordinates":[73.01573042602624,2.979767063664113]}},{"type":"Feature","properties":{"atoll":"Dhaalu","islandName":"Maagau","longitude":"72° 54' 52.738\"E","latitude":"2°56'51.476\" N","V01":"0","V02":"0","V03":"0","category2":"Tourism"},"geometry":{"type":"Point","coordinates":[72.91464938567233,2.947632085853657]}},{"type":"Feature","properties":{"atoll":"Dhaalu","islandName":null,"longitude":"72° 57' 7.981\"E","latitude":"2°41'41.827\" N","V01":"0","V02":"0","V03":"0","category2":"Other"},"geometry":{"type":"Point","coordinates":[72.95221693667715,2.694951814201647]}},{"type":"Feature","properties":{"atoll":"Dhaalu","islandName":null,"longitude":"73° 0' 33.675\"E","latitude":"2°59'10.108\" N","V01":"0","V02":"0","V03":"0","category2":"Tourism"},"geometry":{"type":"Point","coordinates":[73.0093541744442,2.986141171077859]}},{"type":"Feature","properties":{"atoll":"Dhaalu","islandName":null,"longitude":"73° 1' 29.263\"E","latitude":"2°56'58.710\" N","V01":"0","V02":"0","V03":"0","category2":"Other"},"geometry":{"type":"Point","coordinates":[73.02479537238543,2.949641722610764]}},{"type":"Feature","properties":{"atoll":"Dhaalu","islandName":null,"longitude":"73° 1' 30.346\"E","latitude":"2°46'29.900\" N","V01":"0","V02":"0","V03":"0","category2":"Other"},"geometry":{"type":"Point","coordinates":[73.0250960080164,2.774972335431746]}},{"type":"Feature","properties":{"atoll":"Dhaalu","islandName":null,"longitude":"73° 1' 25.030\"E","latitude":"2°46'23.428\" N","V01":"0","V02":"0","V03":"0","category2":"Other"},"geometry":{"type":"Point","coordinates":[73.02361953152992,2.77317442410748]}},{"type":"Feature","properties":{"atoll":"Dhaalu","islandName":null,"longitude":"73° 1' 21.068\"E","latitude":"2°45'44.018\" N","V01":"0","V02":"0","V03":"0","category2":"Other"},"geometry":{"type":"Point","coordinates":[73.02251877449406,2.762227246915487]}},{"type":"Feature","properties":{"atoll":"Dhaalu","islandName":"Sarakafushi","longitude":"72° 57' 40.524\"E","latitude":"2°55'22.481\" N","V01":"0","V02":"0","V03":"0","category2":"Other"},"geometry":{"type":"Point","coordinates":[72.961256760336,2.922911526914128]}},{"type":"Feature","properties":{"atoll":"Dhaalu","islandName":"Boarikifinolhu","longitude":"72° 58' 13.280\"E","latitude":"2°55'23.647\" N","V01":"0","V02":"0","V03":"0","category2":"Other"},"geometry":{"type":"Point","coordinates":[72.97035547988747,2.92323527867024]}},{"type":"Feature","properties":{"atoll":"Dhaalu","islandName":null,"longitude":"72° 55' 19.114\"E","latitude":"2°59'36.758\" N","V01":"0","V02":"0","V03":"0","category2":"Other"},"geometry":{"type":"Point","coordinates":[72.92197597880482,2.993543810762254]}},{"type":"Feature","properties":{"atoll":"Dhaalu","islandName":null,"longitude":"72° 58' 54.289\"E","latitude":"2°52'50.106\" N","V01":"0","V02":"0","V03":"0","category2":"Other"},"geometry":{"type":"Point","coordinates":[72.98174694790994,2.880584932766384]}},{"type":"Feature","properties":{"atoll":"Dhaalu","islandName":null,"longitude":"73° 0' 7.110\"E","latitude":"2°59'36.806\" N","V01":"0","V02":"0","V03":"0","category2":"Other"},"geometry":{"type":"Point","coordinates":[73.00197499481096,2.993557106520071]}},{"type":"Feature","properties":{"atoll":"Dhaalu","islandName":null,"longitude":"72° 59' 33.763\"E","latitude":"2°59'57.498\" N","V01":"0","V02":"0","V03":"0","category2":"Other"},"geometry":{"type":"Point","coordinates":[72.99271207049868,2.999304997395935]}},{"type":"Feature","properties":{"atoll":"Dhaalu","islandName":null,"longitude":"72° 59' 32.047\"E","latitude":"2°59'57.884\" N","V01":"0","V02":"0","V03":"0","category2":"Other"},"geometry":{"type":"Point","coordinates":[72.9922352061139,2.999412198444808]}},{"type":"Feature","properties":{"atoll":"Dhaalu","islandName":null,"longitude":"72° 53' 42.557\"E","latitude":"2°55'35.669\" N","V01":"0","V02":"0","V03":"0","category2":"Other"},"geometry":{"type":"Point","coordinates":[72.89515469129806,2.926574689290429]}},{"type":"Feature","properties":{"atoll":"Dhaalu","islandName":null,"longitude":"72° 50' 5.687\"E","latitude":"2°46'1.950\" N","V01":"0","V02":"0","V03":"0","category2":"Other"},"geometry":{"type":"Point","coordinates":[72.83491314613696,2.767208200712824]}},{"type":"Feature","properties":{"atoll":"Dhaalu","islandName":null,"longitude":"72° 51' 32.357\"E","latitude":"2°52'5.166\" N","V01":"0","V02":"0","V03":"0","category2":"Other"},"geometry":{"type":"Point","coordinates":[72.8589880514661,2.868101631961326]}},{"type":"Feature","properties":{"atoll":"Dhaalu","islandName":"Gemendhoo","longitude":"73° 1' 31.329\"E","latitude":"2°47'52.370\" N","V01":"0","V02":"0","V03":"0","category2":"Other"},"geometry":{"type":"Point","coordinates":[73.02536912680674,2.797880674906954]}},{"type":"Feature","properties":{"atoll":"Dhaalu","islandName":"Fenfushi","longitude":"73° 1' 32.989\"E","latitude":"2°48'4.096\" N","V01":"0","V02":"0","V03":"0","category2":"Agriculture"},"geometry":{"type":"Point","coordinates":[73.02583035833169,2.801137654215546]}},{"type":"Feature","properties":{"atoll":"Dhaalu","islandName":"Hinaidhoo","longitude":"73° 1' 34.121\"E","latitude":"2°48'13.301\" N","V01":"0","V02":"0","V03":"0","category2":"Other"},"geometry":{"type":"Point","coordinates":[73.02614463178182,2.803694834451668]}},{"type":"Feature","properties":{"atoll":"Dhaalu","islandName":"Bulhalafushi","longitude":"73° 1' 33.469\"E","latitude":"2°48'23.541\" N","V01":"0","V02":"0","V03":"0","category2":"Other"},"geometry":{"type":"Point","coordinates":[73.02596368736057,2.806539042758061]}},{"type":"Feature","properties":{"atoll":"Dhaalu","islandName":"Than'balhaidhoo","longitude":"73° 1' 32.240\"E","latitude":"2°47'37.832\" N","V01":"0","V02":"0","V03":"0","category2":"Other"},"geometry":{"type":"Point","coordinates":[73.0256222742672,2.793842118949527]}},{"type":"Feature","properties":{"atoll":"Dhaalu","islandName":"Olhufushi","longitude":"73° 1' 34.954\"E","latitude":"2°48'49.301\" N","V01":"0","V02":"0","V03":"0","category2":"Other"},"geometry":{"type":"Point","coordinates":[73.02637600603573,2.813694824759361]}},{"type":"Feature","properties":{"atoll":"Dhaalu","islandName":null,"longitude":"72° 59' 20.371\"E","latitude":"2°54'32.438\" N","V01":"0","V02":"0","V03":"0","category2":"Other"},"geometry":{"type":"Point","coordinates":[72.98899190493911,2.909010516314351]}},{"type":"Feature","properties":{"atoll":"Faafu","islandName":"Kan'dumoonufushi","longitude":"72° 53' 52.291\"E","latitude":"3°18'57.340\" N","V01":"0","V02":"0","V03":"0","category2":"Other"},"geometry":{"type":"Point","coordinates":[72.89785866603258,3.315927910123543]}},{"type":"Feature","properties":{"atoll":"Faafu","islandName":"Makunueri","longitude":"72° 55' 43.567\"E","latitude":"3°15'30.330\" N","V01":"0","V02":"0","V03":"0","category2":"Other"},"geometry":{"type":"Point","coordinates":[72.92876873297138,3.258424894581317]}},{"type":"Feature","properties":{"atoll":"Faafu","islandName":"Himithi","longitude":"72° 49' 6.732\"E","latitude":"3°15'13.543\" N","V01":"0","V02":"0","V03":"0","category2":"Other"},"geometry":{"type":"Point","coordinates":[72.81853662814916,3.253761895849113]}},{"type":"Feature","properties":{"atoll":"Faafu","islandName":"Minimasgali","longitude":"72° 50' 8.412\"E","latitude":"3°14'34.021\" N","V01":"0","V02":"0","V03":"0","category2":"Other"},"geometry":{"type":"Point","coordinates":[72.83566997212348,3.242783646728404]}},{"type":"Feature","properties":{"atoll":"Faafu","islandName":null,"longitude":"72° 56' 12.073\"E","latitude":"3°9'3.831\" N","V01":"0","V02":"0","V03":"0","category2":"Other"},"geometry":{"type":"Point","coordinates":[72.93668691148395,3.151064078406896]}},{"type":"Feature","properties":{"atoll":"Faafu","islandName":null,"longitude":"72° 53' 46.761\"E","latitude":"3°9'54.940\" N","V01":"0","V02":"0","V03":"0","category2":"Other"},"geometry":{"type":"Point","coordinates":[72.8963225475916,3.165261182407523]}},{"type":"Feature","properties":{"atoll":"Faafu","islandName":"En'bulufushi","longitude":"73° 1' 6.643\"E","latitude":"3°8'3.146\" N","V01":"0","V02":"0","V03":"0","category2":"Other"},"geometry":{"type":"Point","coordinates":[73.01851190165677,3.13420725353209]}},{"type":"Feature","properties":{"atoll":"Faafu","islandName":"Adhangau","longitude":"73° 0' 30.054\"E","latitude":"3°8'19.389\" N","V01":"0","V02":"0","V03":"0","category2":"Other"},"geometry":{"type":"Point","coordinates":[73.00834834263703,3.138719243969204]}},{"type":"Feature","properties":{"atoll":"Faafu","islandName":"Jinnathugau","longitude":"72° 59' 52.774\"E","latitude":"3°12'2.784\" N","V01":"0","V02":"0","V03":"0","category2":"Other"},"geometry":{"type":"Point","coordinates":[72.99799273613549,3.200773345544333]}},{"type":"Feature","properties":{"atoll":"Faafu","islandName":"Faanumaahuraa","longitude":"72° 58' 55.289\"E","latitude":"3°12'47.324\" N","V01":"0","V02":"0","V03":"0","category2":"Other"},"geometry":{"type":"Point","coordinates":[72.98202476211728,3.213145569113855]}},{"type":"Feature","properties":{"atoll":"Faafu","islandName":"Filitheyo","longitude":"73° 2' 13.689\"E","latitude":"3°12'47.384\" N","V01":"0","V02":"0","V03":"0","category2":"Tourism"},"geometry":{"type":"Point","coordinates":[73.03713586457643,3.213162299902052]}},{"type":"Feature","properties":{"atoll":"Faafu","islandName":"Dhiguvarufinolhu","longitude":"73° 1' 30.531\"E","latitude":"3°14'47.811\" N","V01":"0","V02":"0","V03":"0","category2":"Other"},"geometry":{"type":"Point","coordinates":[73.0251475409575,3.246614255226616]}},{"type":"Feature","properties":{"atoll":"Faafu","islandName":"Maafushi","longitude":"72° 58' 44.959\"E","latitude":"3°14'36.092\" N","V01":"0","V02":"0","V03":"0","category2":"Other"},"geometry":{"type":"Point","coordinates":[72.97915519153526,3.243358787693812]}},{"type":"Feature","properties":{"atoll":"Faafu","islandName":"Madivaruhuraa","longitude":"73° 0' 39.484\"E","latitude":"3°16'0.290\" N","V01":"0","V02":"0","V03":"0","category2":"Other"},"geometry":{"type":"Point","coordinates":[73.01096783412923,3.266747204360419]}},{"type":"Feature","properties":{"atoll":"Faafu","islandName":"Magoodhoobodufinolhu","longitude":"72° 57' 22.056\"E","latitude":"3°4'31.348\" N","V01":"0","V02":"0","V03":"0","category2":"Other"},"geometry":{"type":"Point","coordinates":[72.95612670752804,3.075374480828709]}},{"type":"Feature","properties":{"atoll":"Faafu","islandName":"Vilin'gilivarufinolhu","longitude":"72° 59' 55.984\"E","latitude":"3°16'27.364\" N","V01":"0","V02":"0","V03":"0","category2":"Other"},"geometry":{"type":"Point","coordinates":[72.99888447587453,3.274267877939107]}},{"type":"Feature","properties":{"atoll":"Faafu","islandName":null,"longitude":"72° 59' 23.102\"E","latitude":"3°17'11.838\" N","V01":"0","V02":"0","V03":"0","category2":"Other"},"geometry":{"type":"Point","coordinates":[72.98975068292566,3.286621546930505]}},{"type":"Feature","properties":{"atoll":"Faafu","islandName":null,"longitude":"73° 2' 19.676\"E","latitude":"3°11'25.218\" N","V01":"0","V02":"0","V03":"0","category2":"Other"},"geometry":{"type":"Point","coordinates":[73.03879876489262,3.19033824827908]}},{"type":"Feature","properties":{"atoll":"Faafu","islandName":null,"longitude":"73° 2' 29.581\"E","latitude":"3°11'28.508\" N","V01":"0","V02":"0","V03":"0","category2":"Other"},"geometry":{"type":"Point","coordinates":[73.0415501938513,3.191252106511654]}},{"type":"Feature","properties":{"atoll":"Faafu","islandName":null,"longitude":"73° 1' 41.389\"E","latitude":"3°10'12.934\" N","V01":"0","V02":"0","V03":"0","category2":"Other"},"geometry":{"type":"Point","coordinates":[73.02816373354413,3.170259346254244]}},{"type":"Feature","properties":{"atoll":"Faafu","islandName":null,"longitude":"73° 1' 49.476\"E","latitude":"3°8'25.313\" N","V01":"0","V02":"0","V03":"0","category2":"Other"},"geometry":{"type":"Point","coordinates":[73.03041000725396,3.140364617281736]}},{"type":"Feature","properties":{"atoll":"Faafu","islandName":null,"longitude":"72° 58' 8.199\"E","latitude":"3°5'24.326\" N","V01":"0","V02":"0","V03":"0","category2":"Other"},"geometry":{"type":"Point","coordinates":[72.96894417716429,3.090090500371467]}},{"type":"Feature","properties":{"atoll":"Faafu","islandName":null,"longitude":"72° 58' 3.199\"E","latitude":"3°5'34.861\" N","V01":"0","V02":"0","V03":"0","category2":"Other"},"geometry":{"type":"Point","coordinates":[72.96755539105986,3.093016944101085]}},{"type":"Feature","properties":{"atoll":"Faafu","islandName":null,"longitude":"72° 59' 30.511\"E","latitude":"3°5'48.234\" N","V01":"0","V02":"0","V03":"0","category2":"Other"},"geometry":{"type":"Point","coordinates":[72.99180854552425,3.096731741361489]}},{"type":"Feature","properties":{"atoll":"Faafu","islandName":null,"longitude":"72° 59' 6.800\"E","latitude":"3°8'53.865\" N","V01":"0","V02":"0","V03":"0","category2":"Other"},"geometry":{"type":"Point","coordinates":[72.98522218065385,3.14829579026111]}},{"type":"Feature","properties":{"atoll":"Faafu","islandName":null,"longitude":"73° 1' 52.817\"E","latitude":"3°13'15.570\" N","V01":"0","V02":"0","V03":"0","category2":"Other"},"geometry":{"type":"Point","coordinates":[73.0313379604645,3.220991624138279]}},{"type":"Feature","properties":{"atoll":"Faafu","islandName":null,"longitude":"73° 1' 48.319\"E","latitude":"3°13'15.382\" N","V01":"0","V02":"0","V03":"0","category2":"Other"},"geometry":{"type":"Point","coordinates":[73.0300886392959,3.220939576484804]}},{"type":"Feature","properties":{"atoll":"Gaafu Alifu","islandName":"Maamutaa","longitude":"73° 24' 28.577\"E","latitude":"0°50'47.693\" N","V01":"0","V02":"0","V03":"0","category2":"Tourism"},"geometry":{"type":"Point","coordinates":[73.4079381387255,0.84658150393434]}},{"type":"Feature","properties":{"atoll":"Gaafu Alifu","islandName":"Keredhdhoo","longitude":"73° 26' 18.830\"E","latitude":"0°39'31.940\" N","V01":"0","V02":"0","V03":"0","category2":"Other"},"geometry":{"type":"Point","coordinates":[73.43856384354223,0.658872102607405]}},{"type":"Feature","properties":{"atoll":"Gaafu Alifu","islandName":"Maafehelaa","longitude":"73° 33' 22.185\"E","latitude":"0°23'22.118\" N","V01":"0","V02":"0","V03":"0","category2":"Other"},"geometry":{"type":"Point","coordinates":[73.55616254259472,0.389477186362818]}},{"type":"Feature","properties":{"atoll":"Gaafu Alifu","islandName":"Fulan'gi","longitude":"73° 12' 7.479\"E","latitude":"0°41'2.546\" N","V01":"0","V02":"0","V03":"0","category2":"Other"},"geometry":{"type":"Point","coordinates":[73.20207761065835,0.684040572649519]}},{"type":"Feature","properties":{"atoll":"Gaafu Alifu","islandName":"Beyrumauddoo","longitude":"73° 13' 29.519\"E","latitude":"0°47'42.489\" N","V01":"0","V02":"0","V03":"0","category2":"Other"},"geometry":{"type":"Point","coordinates":[73.22486645720056,0.795135849607634]}},{"type":"Feature","properties":{"atoll":"Gaafu Alifu","islandName":"Kodeyvilin'gili","longitude":"73° 32' 31.712\"E","latitude":"0°30'49.534\" N","V01":"0","V02":"0","V03":"0","category2":"Other"},"geometry":{"type":"Point","coordinates":[73.54214221521127,0.513759472265625]}},{"type":"Feature","properties":{"atoll":"Gaafu Alifu","islandName":"Innarehaa","longitude":"73° 33' 22.949\"E","latitude":"0°22'39.141\" N","V01":"0","V02":"0","V03":"0","category2":"Other"},"geometry":{"type":"Point","coordinates":[73.556374671621,0.377539086557569]}},{"type":"Feature","properties":{"atoll":"Gaafu Alifu","islandName":"Kodahuttaa","longitude":"73° 26' 22.668\"E","latitude":"0°40'44.829\" N","V01":"0","V02":"0","V03":"0","category2":"Tourism"},"geometry":{"type":"Point","coordinates":[73.43962986521394,0.679119268615386]}},{"type":"Feature","properties":{"atoll":"Gaafu Alifu","islandName":null,"longitude":"73° 26' 23.355\"E","latitude":"0°40'50.034\" N","V01":"0","V02":"0","V03":"0","category2":"Other"},"geometry":{"type":"Point","coordinates":[73.43982072928796,0.680564995763412]}},{"type":"Feature","properties":{"atoll":"Gaafu Alifu","islandName":null,"longitude":"73° 26' 22.000\"E","latitude":"0°40'38.071\" N","V01":"0","V02":"0","V03":"0","category2":"Other"},"geometry":{"type":"Point","coordinates":[73.43944430870854,0.677241886908509]}},{"type":"Feature","properties":{"atoll":"Gaafu Alifu","islandName":"Minimessaa","longitude":"73° 7' 26.400\"E","latitude":"0°32'28.620\" N","V01":"0","V02":"0","V03":"0","category2":"Other"},"geometry":{"type":"Point","coordinates":[73.12400004437565,0.541283225497622]}},{"type":"Feature","properties":{"atoll":"Gaafu Alifu","islandName":"Hirihuttaa","longitude":"73° 20' 46.597\"E","latitude":"0°32'26.095\" N","V01":"0","V02":"0","V03":"0","category2":"Other"},"geometry":{"type":"Point","coordinates":[73.34627707690352,0.540582050891694]}},{"type":"Feature","properties":{"atoll":"Gaafu Alifu","islandName":"Mahahdhoo","longitude":"73° 30' 46.196\"E","latitude":"0°35'4.499\" N","V01":"0","V02":"0","V03":"0","category2":"Other"},"geometry":{"type":"Point","coordinates":[73.51283223149431,0.584583089626499]}},{"type":"Feature","properties":{"atoll":"Gaafu Alifu","islandName":"Maarandhoo","longitude":"73° 12' 33.164\"E","latitude":"0°51'13.581\" N","V01":"0","V02":"0","V03":"0","category2":"Other"},"geometry":{"type":"Point","coordinates":[73.2092123191898,0.853772418577583]}},{"type":"Feature","properties":{"atoll":"Gaafu Alifu","islandName":"Medhuburiyaa","longitude":"73° 33' 13.606\"E","latitude":"0°22'20.550\" N","V01":"0","V02":"0","V03":"0","category2":"Other"},"geometry":{"type":"Point","coordinates":[73.55377951703633,0.372375016727746]}},{"type":"Feature","properties":{"atoll":"Gaafu Alifu","islandName":"Vodamulaa","longitude":"73° 29' 10.775\"E","latitude":"0°36'14.246\" N","V01":"0","V02":"0","V03":"0","category2":"Other"},"geometry":{"type":"Point","coordinates":[73.48632634079833,0.60395728348995]}},{"type":"Feature","properties":{"atoll":"Gaafu Alifu","islandName":"Araigahthaa","longitude":"73° 32' 6.060\"E","latitude":"0°27'7.642\" N","V01":"0","V02":"0","V03":"0","category2":"Other"},"geometry":{"type":"Point","coordinates":[73.53501678542452,0.452122734132074]}},{"type":"Feature","properties":{"atoll":"Gaafu Alifu","islandName":"Kan'duvilin'gili","longitude":"73° 11' 25.027\"E","latitude":"0°51'58.654\" N","V01":"0","V02":"0","V03":"0","category2":"Other"},"geometry":{"type":"Point","coordinates":[73.19028537949319,0.86629275520412]}},{"type":"Feature","properties":{"atoll":"Gaafu Alifu","islandName":"Medharehaa","longitude":"73° 32' 38.378\"E","latitude":"0°21'41.498\" N","V01":"0","V02":"0","V03":"0","category2":"Other"},"geometry":{"type":"Point","coordinates":[73.54399402507833,0.361527128378822]}},{"type":"Feature","properties":{"atoll":"Gaafu Alifu","islandName":"Maagihuttaa","longitude":"73° 10' 46.528\"E","latitude":"0°50'44.184\" N","V01":"0","V02":"0","V03":"0","category2":"Other"},"geometry":{"type":"Point","coordinates":[73.17959122787477,0.845606696248403]}},{"type":"Feature","properties":{"atoll":"Gaafu Alifu","islandName":"Maakanaarataa","longitude":"73° 12' 25.654\"E","latitude":"0°48'43.186\" N","V01":"0","V02":"0","V03":"0","category2":"Other"},"geometry":{"type":"Point","coordinates":[73.20712612501312,0.811996155522556]}},{"type":"Feature","properties":{"atoll":"Gaafu Alifu","islandName":"Funadhooviligillaa","longitude":"73° 31' 11.544\"E","latitude":"0°34'11.168\" N","V01":"0","V02":"0","V03":"0","category2":"Other"},"geometry":{"type":"Point","coordinates":[73.519873339129,0.569768977979456]}},{"type":"Feature","properties":{"atoll":"Gaafu Alifu","islandName":"Dhevvalaabadhoo","longitude":"73° 18' 33.756\"E","latitude":"0°36'16.890\" N","V01":"0","V02":"0","V03":"0","category2":"Other"},"geometry":{"type":"Point","coordinates":[73.30937666978318,0.604691634386654]}},{"type":"Feature","properties":{"atoll":"Gaafu Alifu","islandName":"Raaverrehaa","longitude":"73° 25' 44.671\"E","latitude":"0°46'3.981\" N","V01":"0","V02":"0","V03":"0","category2":"Fisheries"},"geometry":{"type":"Point","coordinates":[73.42907520911649,0.767772565545796]}},{"type":"Feature","properties":{"atoll":"Gaafu Alifu","islandName":"Viligalaa","longitude":"73° 12' 59.353\"E","latitude":"0°31'7.453\" N","V01":"0","V02":"0","V03":"0","category2":"Other"},"geometry":{"type":"Point","coordinates":[73.21648687451808,0.518736977070398]}},{"type":"Feature","properties":{"atoll":"Gaafu Alifu","islandName":"Kooddoo","longitude":"73° 26' 0.813\"E","latitude":"0°44'0.530\" N","V01":"0","V02":"0","V03":"0","category2":"Other"},"geometry":{"type":"Point","coordinates":[73.43355918869223,0.733480419608358]}},{"type":"Feature","properties":{"atoll":"Gaafu Alifu","islandName":"Bakehthaa","longitude":"73° 29' 51.541\"E","latitude":"0°22'52.216\" N","V01":"0","V02":"0","V03":"0","category2":"Other"},"geometry":{"type":"Point","coordinates":[73.49765025574231,0.381171082827358]}},{"type":"Feature","properties":{"atoll":"Gaafu Alifu","islandName":"Kisserahaa","longitude":"73° 8' 8.584\"E","latitude":"0°38'58.374\" N","V01":"0","V02":"0","V03":"0","category2":"Other"},"geometry":{"type":"Point","coordinates":[73.13571791529886,0.649548399363683]}},{"type":"Feature","properties":{"atoll":"Gaafu Alifu","islandName":null,"longitude":"73° 8' 11.957\"E","latitude":"0°38'58.164\" N","V01":"0","V02":"0","V03":"0","category2":"Other"},"geometry":{"type":"Point","coordinates":[73.13665479180115,0.649490029900506]}},{"type":"Feature","properties":{"atoll":"Gaafu Alifu","islandName":"Kaludirehaa","longitude":"73° 34' 9.760\"E","latitude":"0°26'4.060\" N","V01":"0","V02":"0","V03":"0","category2":"Other"},"geometry":{"type":"Point","coordinates":[73.56937788459652,0.434461104668616]}},{"type":"Feature","properties":{"atoll":"Gaafu Alifu","islandName":null,"longitude":"73° 34' 16.530\"E","latitude":"0°24'58.669\" N","V01":"0","V02":"0","V03":"0","category2":"Other"},"geometry":{"type":"Point","coordinates":[73.57125841512712,0.416296930874927]}},{"type":"Feature","properties":{"atoll":"Gaafu Alifu","islandName":"Dhiyadhoo","longitude":"73° 33' 28.427\"E","latitude":"0°28'44.104\" N","V01":"0","V02":"0","V03":"0","category2":"Other"},"geometry":{"type":"Point","coordinates":[73.55789629930044,0.478917875345812]}},{"type":"Feature","properties":{"atoll":"Gaafu Alifu","islandName":"Hinaamaagalaa","longitude":"73° 20' 41.554\"E","latitude":"0°37'46.964\" N","V01":"0","V02":"0","V03":"0","category2":"Other"},"geometry":{"type":"Point","coordinates":[73.34487624553456,0.629712172124295]}},{"type":"Feature","properties":{"atoll":"Gaafu Alifu","islandName":"Galamedhuvaa","longitude":"73° 32' 14.143\"E","latitude":"0°31'47.132\" N","V01":"0","V02":"0","V03":"0","category2":"Other"},"geometry":{"type":"Point","coordinates":[73.5372620468451,0.52975888495348]}},{"type":"Feature","properties":{"atoll":"Gaafu Alifu","islandName":"Boduhuttaa","longitude":"73° 34' 20.357\"E","latitude":"0°24'46.801\" N","V01":"0","V02":"0","V03":"0","category2":"Other"},"geometry":{"type":"Point","coordinates":[73.57232129255611,0.413000259162462]}},{"type":"Feature","properties":{"atoll":"Gaafu Alifu","islandName":"Baaberehutta","longitude":"73° 10' 51.142\"E","latitude":"0°50'27.047\" N","V01":"0","V02":"0","V03":"0","category2":"Other"},"geometry":{"type":"Point","coordinates":[73.18087268403181,0.84084631840345]}},{"type":"Feature","properties":{"atoll":"Gaafu Alifu","islandName":"Kalhehuttaa","longitude":"73° 10' 43.098\"E","latitude":"0°50'54.284\" N","V01":"0","V02":"0","V03":"0","category2":"Other"},"geometry":{"type":"Point","coordinates":[73.17863841319114,0.848412253926224]}},{"type":"Feature","properties":{"atoll":"Gaafu Alifu","islandName":"Funadhoo","longitude":"73° 31' 33.718\"E","latitude":"0°33'44.874\" N","V01":"0","V02":"0","V03":"0","category2":"Agriculture"},"geometry":{"type":"Point","coordinates":[73.52603272281058,0.562464992489848]}},{"type":"Feature","properties":{"atoll":"Gaafu Alifu","islandName":"Han'dahaa","longitude":"73° 27' 13.995\"E","latitude":"0°30'20.529\" N","V01":"0","V02":"0","V03":"0","category2":"Tourism"},"geometry":{"type":"Point","coordinates":[73.4538874435516,0.505702423580299]}},{"type":"Feature","properties":{"atoll":"Gaafu Alifu","islandName":"Kudalafari","longitude":"73° 20' 58.572\"E","latitude":"0°53'47.728\" N","V01":"0","V02":"0","V03":"0","category2":"Other"},"geometry":{"type":"Point","coordinates":[73.34960326557722,0.896591095404206]}},{"type":"Feature","properties":{"atoll":"Gaafu Alifu","islandName":"Matu","longitude":"73° 20' 10.985\"E","latitude":"0°53'6.628\" N","V01":"0","V02":"0","V03":"0","category2":"Other"},"geometry":{"type":"Point","coordinates":[73.33638466580084,0.885174545140469]}},{"type":"Feature","properties":{"atoll":"Gaafu Alifu","islandName":"Bodehuttaa","longitude":"73° 24' 11.086\"E","latitude":"0°51'17.159\" N","V01":"0","V02":"0","V03":"0","category2":"Other"},"geometry":{"type":"Point","coordinates":[73.40307950670616,0.854766386623238]}},{"type":"Feature","properties":{"atoll":"Gaafu Alifu","islandName":"Hurendhoo","longitude":"73° 12' 28.299\"E","latitude":"0°50'47.670\" N","V01":"0","V02":"0","V03":"0","category2":"Other"},"geometry":{"type":"Point","coordinates":[73.2078608482983,0.846575024617114]}},{"type":"Feature","properties":{"atoll":"Gaafu Alifu","islandName":"Fenfuttaa","longitude":"73° 17' 7.853\"E","latitude":"0°42'49.588\" N","V01":"0","V02":"0","V03":"0","category2":"Other"},"geometry":{"type":"Point","coordinates":[73.28551476353077,0.713774402828945]}},{"type":"Feature","properties":{"atoll":"Gaafu Alifu","islandName":"Falhumaafushi","longitude":"73° 26' 18.392\"E","latitude":"0°40'18.299\" N","V01":"0","V02":"0","V03":"0","category2":"Tourism"},"geometry":{"type":"Point","coordinates":[73.43844219746887,0.671749840840778]}},{"type":"Feature","properties":{"atoll":"Gaafu Alifu","islandName":"Kodagehuttaa","longitude":"73° 10' 47.176\"E","latitude":"0°50'33.725\" N","V01":"0","V02":"0","V03":"0","category2":"Other"},"geometry":{"type":"Point","coordinates":[73.17977107633524,0.842701303777082]}},{"type":"Feature","properties":{"atoll":"Gaafu Alifu","islandName":"Lhossaa","longitude":"73° 12' 6.946\"E","latitude":"0°49'11.806\" N","V01":"0","V02":"0","V03":"0","category2":"Other"},"geometry":{"type":"Point","coordinates":[73.2019293091094,0.819946212757049]}},{"type":"Feature","properties":{"atoll":"Gaafu Alifu","islandName":"Dhigurah","longitude":"73° 26' 28.033\"E","latitude":"0°41'23.664\" N","V01":"0","V02":"0","V03":"0","category2":"Tourism"},"geometry":{"type":"Point","coordinates":[73.44112031471752,0.689906753720981]}},{"type":"Feature","properties":{"atoll":"Gaafu Alifu","islandName":"Dhevvaamaagalaa","longitude":"73° 11' 30.657\"E","latitude":"0°34'16.532\" N","V01":"0","V02":"0","V03":"0","category2":"Other"},"geometry":{"type":"Point","coordinates":[73.19184905866874,0.57125897611601]}},{"type":"Feature","properties":{"atoll":"Gaafu Alifu","islandName":"Hithaadhoo","longitude":"73° 14' 33.174\"E","latitude":"0°50'56.903\" N","V01":"0","V02":"0","V03":"0","category2":"Other"},"geometry":{"type":"Point","coordinates":[73.24254821071536,0.849139856550412]}},{"type":"Feature","properties":{"atoll":"Gaafu Alifu","islandName":"Kendheraa","longitude":"73° 17' 6.421\"E","latitude":"0°43'37.119\" N","V01":"0","V02":"0","V03":"0","category2":"Other"},"geometry":{"type":"Point","coordinates":[73.28511698646504,0.726977559937145]}},{"type":"Feature","properties":{"atoll":"Gaafu Alifu","islandName":"Hithaadhoogalaa","longitude":"73° 15' 8.217\"E","latitude":"0°49'36.015\" N","V01":"0","V02":"0","V03":"0","category2":"Other"},"geometry":{"type":"Point","coordinates":[73.25228249188369,0.826670789068262]}},{"type":"Feature","properties":{"atoll":"Gaafu Alifu","islandName":"Boadduvaa","longitude":"73° 19' 51.432\"E","latitude":"0°42'22.133\" N","V01":"0","V02":"0","V03":"0","category2":"Other"},"geometry":{"type":"Point","coordinates":[73.33095331436984,0.706148188690195]}},{"type":"Feature","properties":{"atoll":"Gaafu Alifu","islandName":"Melaimaa","longitude":"73° 10' 46.151\"E","latitude":"0°51'27.336\" N","V01":"0","V02":"0","V03":"0","category2":"Other"},"geometry":{"type":"Point","coordinates":[73.17948641143163,0.857593427826387]}},{"type":"Feature","properties":{"atoll":"Gaafu Alifu","islandName":"Faruhulhedhoo","longitude":"73° 14' 40.490\"E","latitude":"0°52'20.560\" N","V01":"0","V02":"0","V03":"0","category2":"Other"},"geometry":{"type":"Point","coordinates":[73.24458051965982,0.872377773555267]}},{"type":"Feature","properties":{"atoll":"Gaafu Alifu","islandName":"Maarehaa","longitude":"73° 33' 50.120\"E","latitude":"0°27'41.265\" N","V01":"0","V02":"0","V03":"0","category2":"Other"},"geometry":{"type":"Point","coordinates":[73.56392221602447,0.461462618287502]}},{"type":"Feature","properties":{"atoll":"Gaafu Alifu","islandName":"Funamauddaa","longitude":"73° 11' 24.939\"E","latitude":"0°32'1.250\" N","V01":"0","V02":"0","V03":"0","category2":"Tourism"},"geometry":{"type":"Point","coordinates":[73.1902609119606,0.533680433948044]}},{"type":"Feature","properties":{"atoll":"Gaafu Alifu","islandName":"Baavanadhoo","longitude":"73° 32' 23.783\"E","latitude":"0°31'16.834\" N","V01":"0","V02":"0","V03":"0","category2":"Other"},"geometry":{"type":"Point","coordinates":[73.53993985066953,0.521342681087565]}},{"type":"Feature","properties":{"atoll":"Gaafu Alifu","islandName":"Munandhuvaa","longitude":"73° 30' 1.977\"E","latitude":"0°35'44.414\" N","V01":"0","V02":"0","V03":"0","category2":"Other"},"geometry":{"type":"Point","coordinates":[73.5005491592324,0.595670648772793]}},{"type":"Feature","properties":{"atoll":"Gaafu Alifu","islandName":"Bihurehaa","longitude":"73° 34' 15.180\"E","latitude":"0°25'19.470\" N","V01":"0","V02":"0","V03":"0","category2":"Other"},"geometry":{"type":"Point","coordinates":[73.57088327118336,0.422075017239213]}},{"type":"Feature","properties":{"atoll":"Gaafu Alifu","islandName":"Faruhulhudhoo","longitude":"73° 15' 19.561\"E","latitude":"0°52'27.938\" N","V01":"0","V02":"0","V03":"0","category2":"Other"},"geometry":{"type":"Point","coordinates":[73.25543358932688,0.874427179616828]}},{"type":"Feature","properties":{"atoll":"Gaafu Alifu","islandName":"Idhimaa","longitude":"73° 34' 11.026\"E","latitude":"0°24'28.920\" N","V01":"0","V02":"0","V03":"0","category2":"Other"},"geometry":{"type":"Point","coordinates":[73.56972955240032,0.40803333591061]}},{"type":"Feature","properties":{"atoll":"Gaafu Alifu","islandName":"Hulhimendhoo","longitude":"73° 26' 24.137\"E","latitude":"0°42'12.799\" N","V01":"0","V02":"0","V03":"0","category2":"Other"},"geometry":{"type":"Point","coordinates":[73.44003808537029,0.703555300960566]}},{"type":"Feature","properties":{"atoll":"Gaafu Alifu","islandName":"Maadhigavara","longitude":"73° 16' 0.038\"E","latitude":"0°41'19.082\" N","V01":"0","V02":"0","V03":"0","category2":"Other"},"geometry":{"type":"Point","coordinates":[73.26667730137642,0.688634026214729]}},{"type":"Feature","properties":{"atoll":"Gaafu Alifu","islandName":"Kon'deymatheelaabadhoo","longitude":"73° 29' 53.224\"E","latitude":"0°30'20.739\" N","V01":"0","V02":"0","V03":"0","category2":"Other"},"geometry":{"type":"Point","coordinates":[73.49811775831245,0.505760844277091]}},{"type":"Feature","properties":{"atoll":"Gaafu Alifu","islandName":null,"longitude":"73° 18' 48.716\"E","latitude":"0°50'11.803\" N","V01":"0","V02":"0","V03":"0","category2":"Other"},"geometry":{"type":"Point","coordinates":[73.31353233287082,0.836611985958216]}},{"type":"Feature","properties":{"atoll":"Gaafu Alifu","islandName":null,"longitude":"73° 17' 50.999\"E","latitude":"0°53'53.112\" N","V01":"0","V02":"0","V03":"0","category2":"Other"},"geometry":{"type":"Point","coordinates":[73.29749963678586,0.898086705105052]}},{"type":"Feature","properties":{"atoll":"Gaafu Alifu","islandName":null,"longitude":"73° 17' 29.501\"E","latitude":"0°52'25.880\" N","V01":"0","V02":"0","V03":"0","category2":"Other"},"geometry":{"type":"Point","coordinates":[73.29152804198364,0.873855474846139]}},{"type":"Feature","properties":{"atoll":"Gaafu Alifu","islandName":null,"longitude":"73° 25' 23.159\"E","latitude":"0°48'9.781\" N","V01":"0","V02":"0","V03":"0","category2":"Other"},"geometry":{"type":"Point","coordinates":[73.42309965084338,0.802716991620747]}},{"type":"Feature","properties":{"atoll":"Gaafu Alifu","islandName":null,"longitude":"73° 28' 45.884\"E","latitude":"0°36'25.223\" N","V01":"0","V02":"0","V03":"0","category2":"Other"},"geometry":{"type":"Point","coordinates":[73.47941214040235,0.60700649118006]}},{"type":"Feature","properties":{"atoll":"Gaafu Alifu","islandName":null,"longitude":"73° 28' 48.920\"E","latitude":"0°36'22.268\" N","V01":"0","V02":"0","V03":"0","category2":"Other"},"geometry":{"type":"Point","coordinates":[73.48025559582538,0.606185515640678]}},{"type":"Feature","properties":{"atoll":"Gaafu Alifu","islandName":null,"longitude":"73° 25' 6.130\"E","latitude":"0°39'45.854\" N","V01":"0","V02":"0","V03":"0","category2":"Other"},"geometry":{"type":"Point","coordinates":[73.41836944008017,0.662737127628229]}},{"type":"Feature","properties":{"atoll":"Gaafu Alifu","islandName":null,"longitude":"73° 8' 17.851\"E","latitude":"0°38'6.882\" N","V01":"0","V02":"0","V03":"0","category2":"Other"},"geometry":{"type":"Point","coordinates":[73.13829199560884,0.635244881755326]}},{"type":"Feature","properties":{"atoll":"Gaafu Alifu","islandName":null,"longitude":"73° 9' 14.751\"E","latitude":"0°38'31.941\" N","V01":"0","V02":"0","V03":"0","category2":"Other"},"geometry":{"type":"Point","coordinates":[73.15409739381406,0.642205902872783]}},{"type":"Feature","properties":{"atoll":"Gaafu Alifu","islandName":null,"longitude":"73° 12' 2.468\"E","latitude":"0°50'54.002\" N","V01":"0","V02":"0","V03":"0","category2":"Other"},"geometry":{"type":"Point","coordinates":[73.2006855234506,0.848333852908967]}},{"type":"Feature","properties":{"atoll":"Gaafu Alifu","islandName":"Meradhoo","longitude":"73° 5' 36.145\"E","latitude":"0°35'12.638\" N","V01":"0","V02":"0","V03":"0","category2":"Tourism"},"geometry":{"type":"Point","coordinates":[73.09337350164408,0.586843882678611]}},{"type":"Feature","properties":{"atoll":"Gaafu Alifu","islandName":"Dhigudhoo","longitude":"73° 32' 4.395\"E","latitude":"0°32'33.785\" N","V01":"0","V02":"0","V03":"0","category2":"Other"},"geometry":{"type":"Point","coordinates":[73.53455426059907,0.542718055312136]}},{"type":"Feature","properties":{"atoll":"Gaafu Alifu","islandName":"Mahthurehaa","longitude":"73° 33' 10.190\"E","latitude":"0°22'6.443\" N","V01":"0","V02":"0","V03":"0","category2":"Other"},"geometry":{"type":"Point","coordinates":[73.55283045758067,0.368456417596399]}},{"type":"Feature","properties":{"atoll":"Gaafu Alifu","islandName":"Mahthidhoo","longitude":"73° 22' 5.197\"E","latitude":"0°40'9.886\" N","V01":"0","V02":"0","V03":"0","category2":"Other"},"geometry":{"type":"Point","coordinates":[73.3681103244935,0.669412820498443]}},{"type":"Feature","properties":{"atoll":"Gaafu Alifu","islandName":null,"longitude":"73° 26' 26.227\"E","latitude":"0°39'17.371\" N","V01":"0","V02":"0","V03":"0","category2":"Other"},"geometry":{"type":"Point","coordinates":[73.44061867948965,0.654825366955107]}},{"type":"Feature","properties":{"atoll":"Gaafu Alifu","islandName":"Medhehuttaa","longitude":"73° 33' 42.816\"E","latitude":"0°28'0.610\" N","V01":"0","V02":"0","V03":"0","category2":"Other"},"geometry":{"type":"Point","coordinates":[73.56189339933056,0.466836112901559]}},{"type":"Feature","properties":{"atoll":"Gaafu Alifu","islandName":"Fenrehaa","longitude":"73° 34' 20.989\"E","latitude":"0°24'56.275\" N","V01":"0","V02":"0","V03":"0","category2":"Other"},"geometry":{"type":"Point","coordinates":[73.57249706400303,0.415631837386133]}},{"type":"Feature","properties":{"atoll":"Gaafu Alifu","islandName":null,"longitude":"73° 34' 18.577\"E","latitude":"0°24'52.341\" N","V01":"0","V02":"0","V03":"0","category2":"Other"},"geometry":{"type":"Point","coordinates":[73.57182690952828,0.414539201935791]}},{"type":"Feature","properties":{"atoll":"Gaafu Alifu","islandName":"Bodubon'deyyaa","longitude":"73° 34' 2.976\"E","latitude":"0°24'34.877\" N","V01":"0","V02":"0","V03":"0","category2":"Other"},"geometry":{"type":"Point","coordinates":[73.56749338421096,0.409688105457001]}},{"type":"Feature","properties":{"atoll":"Gaafu Alifu","islandName":null,"longitude":"73° 33' 37.937\"E","latitude":"0°23'25.140\" N","V01":"0","V02":"0","V03":"0","category2":"Other"},"geometry":{"type":"Point","coordinates":[73.56053802746557,0.390316629517883]}},{"type":"Feature","properties":{"atoll":"Gaafu Alifu","islandName":null,"longitude":"73° 5' 41.955\"E","latitude":"0°34'37.211\" N","V01":"0","V02":"0","V03":"0","category2":"Tourism"},"geometry":{"type":"Point","coordinates":[73.09498752204799,0.57700292599298]}},{"type":"Feature","properties":{"atoll":"Gaafu Alifu","islandName":null,"longitude":"73° 11' 43.865\"E","latitude":"0°37'3.358\" N","V01":"0","V02":"0","V03":"0","category2":"Other"},"geometry":{"type":"Point","coordinates":[73.19551813206493,0.61759934980946]}},{"type":"Feature","properties":{"atoll":"Gaafu Alifu","islandName":null,"longitude":"73° 10' 36.094\"E","latitude":"0°38'56.176\" N","V01":"0","V02":"0","V03":"0","category2":"Other"},"geometry":{"type":"Point","coordinates":[73.17669275590117,0.648937901022047]}},{"type":"Feature","properties":{"atoll":"Gaafu Alifu","islandName":null,"longitude":"73° 11' 21.619\"E","latitude":"0°39'43.355\" N","V01":"0","V02":"0","V03":"0","category2":"Other"},"geometry":{"type":"Point","coordinates":[73.18933853230008,0.662043167411349]}},{"type":"Feature","properties":{"atoll":"Gaafu Alifu","islandName":null,"longitude":"73° 12' 45.139\"E","latitude":"0°40'35.314\" N","V01":"0","V02":"0","V03":"0","category2":"Other"},"geometry":{"type":"Point","coordinates":[73.2125387085458,0.676476070215385]}},{"type":"Feature","properties":{"atoll":"Gaafu Alifu","islandName":"Maadhigavara","longitude":"73° 17' 0.003\"E","latitude":"0°40'18.424\" N","V01":"0","V02":"0","V03":"0","category2":"Other"},"geometry":{"type":"Point","coordinates":[73.28333415083345,0.671784360899913]}},{"type":"Feature","properties":{"atoll":"Gaafu Alifu","islandName":null,"longitude":"73° 14' 17.233\"E","latitude":"0°47'48.141\" N","V01":"0","V02":"0","V03":"0","category2":"Other"},"geometry":{"type":"Point","coordinates":[73.23812031327952,0.796705932480257]}},{"type":"Feature","properties":{"atoll":"Gaafu Alifu","islandName":null,"longitude":"73° 12' 12.693\"E","latitude":"0°48'53.370\" N","V01":"0","V02":"0","V03":"0","category2":"Other"},"geometry":{"type":"Point","coordinates":[73.20352574630638,0.814824943548328]}},{"type":"Feature","properties":{"atoll":"Gaafu Alifu","islandName":null,"longitude":"73° 19' 6.378\"E","latitude":"0°53'42.791\" N","V01":"0","V02":"0","V03":"0","category2":"Other"},"geometry":{"type":"Point","coordinates":[73.31843825666806,0.895219775961034]}},{"type":"Feature","properties":{"atoll":"Gaafu Alifu","islandName":null,"longitude":"73° 25' 56.965\"E","latitude":"0°45'50.120\" N","V01":"0","V02":"0","V03":"0","category2":"Other"},"geometry":{"type":"Point","coordinates":[73.43249033357499,0.763922121489708]}},{"type":"Feature","properties":{"atoll":"Gaafu Dhaalu","islandName":"Goshi","longitude":"73° 8' 52.137\"E","latitude":"0°30'38.897\" N","V01":"0","V02":"0","V03":"0","category2":"Other"},"geometry":{"type":"Point","coordinates":[73.14781587284628,0.510804817224736]}},{"type":"Feature","properties":{"atoll":"Gaafu Dhaalu","islandName":"Baulhegalla","longitude":"73° 10' 20.876\"E","latitude":"0°29'41.689\" N","V01":"0","V02":"0","V03":"0","category2":"Other"},"geometry":{"type":"Point","coordinates":[73.17246546302577,0.494913665822085]}},{"type":"Feature","properties":{"atoll":"Gaafu Dhaalu","islandName":"Ulegalaa","longitude":"73° 22' 12.155\"E","latitude":"0°23'54.851\" N","V01":"0","V02":"0","V03":"0","category2":"Other"},"geometry":{"type":"Point","coordinates":[73.37004297573974,0.398569748244232]}},{"type":"Feature","properties":{"atoll":"Gaafu Dhaalu","islandName":"Maagalaa","longitude":"73° 22' 46.279\"E","latitude":"0°22'11.072\" N","V01":"0","V02":"0","V03":"0","category2":"Other"},"geometry":{"type":"Point","coordinates":[73.3795220054534,0.369742252689022]}},{"type":"Feature","properties":{"atoll":"Gaafu Dhaalu","islandName":"Kodegalaa","longitude":"73° 23' 29.906\"E","latitude":"0°22'4.910\" N","V01":"0","V02":"0","V03":"0","category2":"Other"},"geometry":{"type":"Point","coordinates":[73.39164057486059,0.368030461148556]}},{"type":"Feature","properties":{"atoll":"Gaafu Dhaalu","islandName":"Maavaaruloo","longitude":"73° 30' 36.069\"E","latitude":"0°20'11.953\" N","V01":"0","V02":"0","V03":"0","category2":"Other"},"geometry":{"type":"Point","coordinates":[73.51001925068397,0.336653477443582]}},{"type":"Feature","properties":{"atoll":"Gaafu Dhaalu","islandName":"Kodaanahuttaa","longitude":"73° 29' 52.186\"E","latitude":"0°19'57.083\" N","V01":"0","V02":"0","V03":"0","category2":"Other"},"geometry":{"type":"Point","coordinates":[73.49782946996794,0.332522956567206]}},{"type":"Feature","properties":{"atoll":"Gaafu Dhaalu","islandName":"Farehulhehdhoo","longitude":"73° 29' 49.352\"E","latitude":"0°19'41.143\" N","V01":"0","V02":"0","V03":"0","category2":"Other"},"geometry":{"type":"Point","coordinates":[73.49704224092088,0.328095272449773]}},{"type":"Feature","properties":{"atoll":"Gaafu Dhaalu","islandName":"Dhoonirehaa","longitude":"73° 29' 39.095\"E","latitude":"0°19'28.092\" N","V01":"0","V02":"0","V03":"0","category2":"Agriculture"},"geometry":{"type":"Point","coordinates":[73.4941929781551,0.32446987801981]}},{"type":"Feature","properties":{"atoll":"Gaafu Dhaalu","islandName":"Menthandhuvaa","longitude":"73° 29' 29.085\"E","latitude":"0°19'28.866\" N","V01":"0","V02":"0","V03":"0","category2":"Agriculture"},"geometry":{"type":"Point","coordinates":[73.49141262863694,0.324685088955951]}},{"type":"Feature","properties":{"atoll":"Gaafu Dhaalu","islandName":"Maavehdhoo","longitude":"73° 28' 24.651\"E","latitude":"0°18'37.511\" N","V01":"0","V02":"0","V03":"0","category2":"Other"},"geometry":{"type":"Point","coordinates":[73.47351425685831,0.310419652858879]}},{"type":"Feature","properties":{"atoll":"Gaafu Dhaalu","islandName":"Gan","longitude":"73° 25' 57.821\"E","latitude":"0°16'38.341\" N","V01":"0","V02":"0","V03":"0","category2":"Other"},"geometry":{"type":"Point","coordinates":[73.4327280520389,0.277317068804631]}},{"type":"Feature","properties":{"atoll":"Gaafu Dhaalu","islandName":"Veraaviligillaa","longitude":"73° 26' 55.693\"E","latitude":"0°18'46.021\" N","V01":"0","V02":"0","V03":"0","category2":"Other"},"geometry":{"type":"Point","coordinates":[73.44880358036686,0.312783574332797]}},{"type":"Feature","properties":{"atoll":"Gaafu Dhaalu","islandName":"Kaashidhoo","longitude":"73° 26' 11.822\"E","latitude":"0°20'7.067\" N","V01":"0","V02":"0","V03":"0","category2":"Other"},"geometry":{"type":"Point","coordinates":[73.4366171182178,0.335296392821399]}},{"type":"Feature","properties":{"atoll":"Gaafu Dhaalu","islandName":"Lonudhoohuttaa","longitude":"73° 25' 0.112\"E","latitude":"0°18'7.265\" N","V01":"0","V02":"0","V03":"0","category2":"Other"},"geometry":{"type":"Point","coordinates":[73.41669773525813,0.30201796451555]}},{"type":"Feature","properties":{"atoll":"Gaafu Dhaalu","islandName":"Lonudhoo","longitude":"73° 24' 48.692\"E","latitude":"0°18'31.653\" N","V01":"0","V02":"0","V03":"0","category2":"Other"},"geometry":{"type":"Point","coordinates":[73.41352549187341,0.308792456660868]}},{"type":"Feature","properties":{"atoll":"Gaafu Dhaalu","islandName":"Faanehuttaa","longitude":"73° 24' 14.900\"E","latitude":"0°17'59.610\" N","V01":"0","V02":"0","V03":"0","category2":"Other"},"geometry":{"type":"Point","coordinates":[73.40413883386672,0.299891528901689]}},{"type":"Feature","properties":{"atoll":"Gaafu Dhaalu","islandName":"Gazeeraa","longitude":"73° 22' 36.505\"E","latitude":"0°16'0.678\" N","V01":"0","V02":"0","V03":"0","category2":"Other"},"geometry":{"type":"Point","coordinates":[73.37680682709662,0.266854969572308]}},{"type":"Feature","properties":{"atoll":"Gaafu Dhaalu","islandName":"Odagallaa","longitude":"73° 22' 49.917\"E","latitude":"0°19'9.999\" N","V01":"0","V02":"0","V03":"0","category2":"Other"},"geometry":{"type":"Point","coordinates":[73.3805325496656,0.319444239343893]}},{"type":"Feature","properties":{"atoll":"Gaafu Dhaalu","islandName":"Gahevelegalaa","longitude":"73° 19' 11.016\"E","latitude":"0°21'27.674\" N","V01":"0","V02":"0","V03":"0","category2":"Other"},"geometry":{"type":"Point","coordinates":[73.3197267071618,0.357687325065419]}},{"type":"Feature","properties":{"atoll":"Gaafu Dhaalu","islandName":"Konottaa","longitude":"73° 9' 17.152\"E","latitude":"0°27'45.857\" N","V01":"0","V02":"0","V03":"0","category2":"Tourism"},"geometry":{"type":"Point","coordinates":[73.15476452230739,0.462738087460406]}},{"type":"Feature","properties":{"atoll":"Gaafu Dhaalu","islandName":"Havodigalaa","longitude":"73° 4' 27.895\"E","latitude":"0°31'23.231\" N","V01":"0","V02":"0","V03":"0","category2":"Other"},"geometry":{"type":"Point","coordinates":[73.07441523694554,0.523119590232724]}},{"type":"Feature","properties":{"atoll":"Gaafu Dhaalu","islandName":"Kafena","longitude":"72° 59' 35.022\"E","latitude":"0°31'1.630\" N","V01":"0","V02":"0","V03":"0","category2":"Other"},"geometry":{"type":"Point","coordinates":[72.99306154484954,0.517119556429293]}},{"type":"Feature","properties":{"atoll":"Gaafu Dhaalu","islandName":null,"longitude":"73° 3' 58.080\"E","latitude":"0°30'7.287\" N","V01":"0","V02":"0","V03":"0","category2":"Other"},"geometry":{"type":"Point","coordinates":[73.06613342257329,0.502024284239408]}},{"type":"Feature","properties":{"atoll":"Gaafu Dhaalu","islandName":null,"longitude":"73° 5' 52.498\"E","latitude":"0°28'57.038\" N","V01":"0","V02":"0","V03":"0","category2":"Other"},"geometry":{"type":"Point","coordinates":[73.09791610770439,0.482510685569398]}},{"type":"Feature","properties":{"atoll":"Gaafu Dhaalu","islandName":null,"longitude":"73° 5' 2.665\"E","latitude":"0°26'53.302\" N","V01":"0","V02":"0","V03":"0","category2":"Other"},"geometry":{"type":"Point","coordinates":[73.08407372449585,0.448139335628759]}},{"type":"Feature","properties":{"atoll":"Gaafu Dhaalu","islandName":"Maagoderehaa","longitude":"72° 59' 23.842\"E","latitude":"0°30'23.200\" N","V01":"0","V02":"0","V03":"0","category2":"Other"},"geometry":{"type":"Point","coordinates":[72.98995621962307,0.506444402638194]}},{"type":"Feature","properties":{"atoll":"Gaafu Dhaalu","islandName":"Kudherataa","longitude":"72° 59' 22.818\"E","latitude":"0°30'2.147\" N","V01":"0","V02":"0","V03":"0","category2":"Other"},"geometry":{"type":"Point","coordinates":[72.9896716247624,0.500596267764484]}},{"type":"Feature","properties":{"atoll":"Gaafu Dhaalu","islandName":"Rahadhuvaa","longitude":"72° 59' 24.620\"E","latitude":"0°29'47.896\" N","V01":"0","V02":"0","V03":"0","category2":"Other"},"geometry":{"type":"Point","coordinates":[72.99017224493308,0.496637744371082]}},{"type":"Feature","properties":{"atoll":"Gaafu Dhaalu","islandName":"Kaadehdhoo","longitude":"72° 59' 37.768\"E","latitude":"0°29'14.880\" N","V01":"0","V02":"0","V03":"0","category2":"Other"},"geometry":{"type":"Point","coordinates":[72.99382444695371,0.48746678853011]}},{"type":"Feature","properties":{"atoll":"Gaafu Dhaalu","islandName":"Maallaarehaa","longitude":"72° 59' 16.996\"E","latitude":"0°29'33.844\" N","V01":"0","V02":"0","V03":"0","category2":"Other"},"geometry":{"type":"Point","coordinates":[72.98805431941369,0.492734432350393]}},{"type":"Feature","properties":{"atoll":"Gaafu Dhaalu","islandName":"Haadhoo","longitude":"72° 59' 54.253\"E","latitude":"0°26'56.027\" N","V01":"0","V02":"0","V03":"0","category2":"Other"},"geometry":{"type":"Point","coordinates":[72.99840374993971,0.448896506858326]}},{"type":"Feature","properties":{"atoll":"Gaafu Dhaalu","islandName":"Dhinmanaa","longitude":"72° 59' 52.331\"E","latitude":"0°27'0.217\" N","V01":"0","V02":"0","V03":"0","category2":"Other"},"geometry":{"type":"Point","coordinates":[72.99786969915927,0.450060319274769]}},{"type":"Feature","properties":{"atoll":"Gaafu Dhaalu","islandName":"Kudhehulhehdhoo","longitude":"72° 59' 48.691\"E","latitude":"0°27'15.274\" N","V01":"0","V02":"0","V03":"0","category2":"Other"},"geometry":{"type":"Point","coordinates":[72.99685868723736,0.454242768910465]}},{"type":"Feature","properties":{"atoll":"Gaafu Dhaalu","islandName":"Hunigoderehaa","longitude":"73° 0' 8.406\"E","latitude":"0°26'5.545\" N","V01":"0","V02":"0","V03":"0","category2":"Other"},"geometry":{"type":"Point","coordinates":[73.00233492933532,0.434873513210685]}},{"type":"Feature","properties":{"atoll":"Gaafu Dhaalu","islandName":"Kadevaarehaa","longitude":"73° 0' 13.342\"E","latitude":"0°25'42.186\" N","V01":"0","V02":"0","V03":"0","category2":"Other"},"geometry":{"type":"Point","coordinates":[73.00370618442884,0.428384975563306]}},{"type":"Feature","properties":{"atoll":"Gaafu Dhaalu","islandName":"Dhigurehaa","longitude":"73° 0' 17.292\"E","latitude":"0°25'16.840\" N","V01":"0","V02":"0","V03":"0","category2":"Agriculture"},"geometry":{"type":"Point","coordinates":[73.00480342534532,0.421344466006472]}},{"type":"Feature","properties":{"atoll":"Gaafu Dhaalu","islandName":"Uhurehaa","longitude":"73° 0' 18.516\"E","latitude":"0°25'6.006\" N","V01":"0","V02":"0","V03":"0","category2":"Other"},"geometry":{"type":"Point","coordinates":[73.00514343234407,0.41833502212311]}},{"type":"Feature","properties":{"atoll":"Gaafu Dhaalu","islandName":"Uherehaa","longitude":"73° 0' 17.219\"E","latitude":"0°24'48.052\" N","V01":"0","V02":"0","V03":"0","category2":"Other"},"geometry":{"type":"Point","coordinates":[73.00478300795358,0.413347649859301]}},{"type":"Feature","properties":{"atoll":"Gaafu Dhaalu","islandName":"Kodedhoo","longitude":"73° 0' 17.887\"E","latitude":"0°24'44.385\" N","V01":"0","V02":"0","V03":"0","category2":"Other"},"geometry":{"type":"Point","coordinates":[73.0049687073087,0.412329183665533]}},{"type":"Feature","properties":{"atoll":"Gaafu Dhaalu","islandName":"Anhenerehaa","longitude":"73° 0' 17.853\"E","latitude":"0°24'8.704\" N","V01":"0","V02":"0","V03":"0","category2":"Other"},"geometry":{"type":"Point","coordinates":[73.00495915540367,0.402417800434698]}},{"type":"Feature","properties":{"atoll":"Gaafu Dhaalu","islandName":"Faredhoo","longitude":"73° 0' 17.523\"E","latitude":"0°24'5.067\" N","V01":"0","V02":"0","V03":"0","category2":"Other"},"geometry":{"type":"Point","coordinates":[73.00486750839568,0.401407440309316]}},{"type":"Feature","properties":{"atoll":"Gaafu Dhaalu","islandName":"Hulhehdhoo","longitude":"73° 0' 21.672\"E","latitude":"0°24'1.850\" N","V01":"0","V02":"0","V03":"0","category2":"Other"},"geometry":{"type":"Point","coordinates":[73.00601996215626,0.400513783750059]}},{"type":"Feature","properties":{"atoll":"Gaafu Dhaalu","islandName":null,"longitude":"73° 0' 18.443\"E","latitude":"0°23'48.049\" N","V01":"0","V02":"0","V03":"0","category2":"Other"},"geometry":{"type":"Point","coordinates":[73.00512291779326,0.396680189585146]}},{"type":"Feature","properties":{"atoll":"Gaafu Dhaalu","islandName":"Dhatekarunahuttaa","longitude":"73° 0' 28.415\"E","latitude":"0°23'47.625\" N","V01":"0","V02":"0","V03":"0","category2":"Other"},"geometry":{"type":"Point","coordinates":[73.00789298538172,0.396562605645723]}},{"type":"Feature","properties":{"atoll":"Gaafu Dhaalu","islandName":"Kautihulhadhoo","longitude":"73° 0' 23.462\"E","latitude":"0°23'41.485\" N","V01":"0","V02":"0","V03":"0","category2":"Agriculture"},"geometry":{"type":"Point","coordinates":[73.00651711228932,0.394856812759051]}},{"type":"Feature","properties":{"atoll":"Gaafu Dhaalu","islandName":"Keraminthaa","longitude":"73° 0' 45.747\"E","latitude":"0°23'26.470\" N","V01":"0","V02":"0","V03":"0","category2":"Agriculture"},"geometry":{"type":"Point","coordinates":[73.01270749643547,0.390686027134966]}},{"type":"Feature","properties":{"atoll":"Gaafu Dhaalu","islandName":"Han'dhebalanerehaa","longitude":"73° 0' 41.887\"E","latitude":"0°23'32.684\" N","V01":"0","V02":"0","V03":"0","category2":"Other"},"geometry":{"type":"Point","coordinates":[73.0116354112365,0.392412270365563]}},{"type":"Feature","properties":{"atoll":"Gaafu Dhaalu","islandName":"Lifadhoo","longitude":"73° 0' 31.185\"E","latitude":"0°23'35.074\" N","V01":"0","V02":"0","V03":"0","category2":"Other"},"geometry":{"type":"Point","coordinates":[73.00866240937485,0.393076014527345]}},{"type":"Feature","properties":{"atoll":"Gaafu Dhaalu","islandName":"Boderehaa","longitude":"73° 0' 45.068\"E","latitude":"0°23'11.462\" N","V01":"0","V02":"0","V03":"0","category2":"Other"},"geometry":{"type":"Point","coordinates":[73.01251899797799,0.386517153046587]}},{"type":"Feature","properties":{"atoll":"Gaafu Dhaalu","islandName":"Dhekaamba","longitude":"73° 0' 55.290\"E","latitude":"0°23'1.226\" N","V01":"0","V02":"0","V03":"0","category2":"Other"},"geometry":{"type":"Point","coordinates":[73.0153583708432,0.383673884345381]}},{"type":"Feature","properties":{"atoll":"Gaafu Dhaalu","islandName":"Kodurataa","longitude":"73° 1' 20.177\"E","latitude":"0°22'24.517\" N","V01":"0","V02":"0","V03":"0","category2":"Other"},"geometry":{"type":"Point","coordinates":[73.02227149449479,0.373476946925167]}},{"type":"Feature","properties":{"atoll":"Gaafu Dhaalu","islandName":"Fereythavilin'gili","longitude":"73° 1' 26.265\"E","latitude":"0°22'19.124\" N","V01":"0","V02":"0","V03":"0","category2":"Other"},"geometry":{"type":"Point","coordinates":[73.02396260850793,0.37197883045567]}},{"type":"Feature","properties":{"atoll":"Gaafu Dhaalu","islandName":"Thinehuttaa","longitude":"73° 1' 28.668\"E","latitude":"0°22'12.583\" N","V01":"0","V02":"0","V03":"0","category2":"Other"},"geometry":{"type":"Point","coordinates":[73.0246301132662,0.370161869670008]}},{"type":"Feature","properties":{"atoll":"Gaafu Dhaalu","islandName":"Kadhefala","longitude":"73° 1' 31.550\"E","latitude":"0°22'4.490\" N","V01":"0","V02":"0","V03":"0","category2":"Other"},"geometry":{"type":"Point","coordinates":[73.02543047901489,0.367913820018128]}},{"type":"Feature","properties":{"atoll":"Gaafu Dhaalu","islandName":"Olhimuntaa","longitude":"73° 1' 33.203\"E","latitude":"0°21'35.931\" N","V01":"0","V02":"0","V03":"0","category2":"Other"},"geometry":{"type":"Point","coordinates":[73.0258896486683,0.359980956671011]}},{"type":"Feature","properties":{"atoll":"Gaafu Dhaalu","islandName":"Rodaadhoo","longitude":"73° 1' 35.037\"E","latitude":"0°20'34.637\" N","V01":"0","V02":"0","V03":"0","category2":"Other"},"geometry":{"type":"Point","coordinates":[73.02639921224029,0.342954719829464]}},{"type":"Feature","properties":{"atoll":"Gaafu Dhaalu","islandName":"Farehalehuttaa","longitude":"73° 1' 35.096\"E","latitude":"0°20'26.276\" N","V01":"0","V02":"0","V03":"0","category2":"Other"},"geometry":{"type":"Point","coordinates":[73.02641556851425,0.340632316415047]}},{"type":"Feature","properties":{"atoll":"Gaafu Dhaalu","islandName":"Kalhehuttaa","longitude":"73° 1' 32.362\"E","latitude":"0°19'44.542\" N","V01":"0","V02":"0","V03":"0","category2":"Other"},"geometry":{"type":"Point","coordinates":[73.02565601066466,0.329039485971214]}},{"type":"Feature","properties":{"atoll":"Gaafu Dhaalu","islandName":"Neimaahutta","longitude":"73° 1' 33.011\"E","latitude":"0°19'30.075\" N","V01":"0","V02":"0","V03":"0","category2":"Other"},"geometry":{"type":"Point","coordinates":[73.02583638071034,0.325020840019888]}},{"type":"Feature","properties":{"atoll":"Gaafu Dhaalu","islandName":"Dhigelaabadhuvaa","longitude":"73° 9' 45.327\"E","latitude":"0°12'37.857\" N","V01":"0","V02":"0","V03":"0","category2":"Other"},"geometry":{"type":"Point","coordinates":[73.16259074517727,0.210515723311086]}},{"type":"Feature","properties":{"atoll":"Gaafu Dhaalu","islandName":"Kudhemathaidhoo","longitude":"73° 1' 47.903\"E","latitude":"0°18'24.202\" N","V01":"0","V02":"0","V03":"0","category2":"Other"},"geometry":{"type":"Point","coordinates":[73.02997300754659,0.306722726616432]}},{"type":"Feature","properties":{"atoll":"Gaafu Dhaalu","islandName":"Mathaidhoo","longitude":"73° 1' 36.505\"E","latitude":"0°18'14.158\" N","V01":"0","V02":"0","V03":"0","category2":"Other"},"geometry":{"type":"Point","coordinates":[73.02680687415112,0.303932660964216]}},{"type":"Feature","properties":{"atoll":"Gaafu Dhaalu","islandName":"Fatefandhoo","longitude":"73° 1' 38.156\"E","latitude":"0°18'22.921\" N","V01":"0","V02":"0","V03":"0","category2":"Other"},"geometry":{"type":"Point","coordinates":[73.02726560666731,0.306366999261948]}},{"type":"Feature","properties":{"atoll":"Gaafu Dhaalu","islandName":"Keredhirehaa","longitude":"73° 1' 32.666\"E","latitude":"0°18'28.457\" N","V01":"0","V02":"0","V03":"0","category2":"Other"},"geometry":{"type":"Point","coordinates":[73.02574069350979,0.307904634999651]}},{"type":"Feature","properties":{"atoll":"Gaafu Dhaalu","islandName":"Kaafarataa","longitude":"73° 1' 31.184\"E","latitude":"0°18'29.630\" N","V01":"0","V02":"0","V03":"0","category2":"Other"},"geometry":{"type":"Point","coordinates":[73.02532901561676,0.308230493484441]}},{"type":"Feature","properties":{"atoll":"Gaafu Dhaalu","islandName":"Dhiyanegili","longitude":"73° 1' 42.991\"E","latitude":"0°18'5.817\" N","V01":"0","V02":"0","V03":"0","category2":"Other"},"geometry":{"type":"Point","coordinates":[73.02860852544711,0.301615726190923]}},{"type":"Feature","properties":{"atoll":"Gaafu Dhaalu","islandName":"Hevaahulhudhoo","longitude":"73° 1' 50.247\"E","latitude":"0°18'2.093\" N","V01":"0","V02":"0","V03":"0","category2":"Other"},"geometry":{"type":"Point","coordinates":[73.03062424281606,0.300581276284726]}},{"type":"Feature","properties":{"atoll":"Gaafu Dhaalu","islandName":"Vaareyadhuvaa","longitude":"73° 20' 14.226\"E","latitude":"0°17'18.876\" N","V01":"0","V02":"0","V03":"0","category2":"Other"},"geometry":{"type":"Point","coordinates":[73.33728497909834,0.288576543887006]}},{"type":"Feature","properties":{"atoll":"Gaafu Dhaalu","islandName":"Kalherehaa","longitude":"73° 19' 51.220\"E","latitude":"0°15'12.035\" N","V01":"0","V02":"0","V03":"0","category2":"Other"},"geometry":{"type":"Point","coordinates":[73.33089446905088,0.253343038964526]}},{"type":"Feature","properties":{"atoll":"Gaafu Dhaalu","islandName":"Kalhehamalaa","longitude":"73° 28' 56.229\"E","latitude":"0°19'3.438\" N","V01":"0","V02":"0","V03":"0","category2":"Other"},"geometry":{"type":"Point","coordinates":[73.48228593329442,0.317621699936265]}},{"type":"Feature","properties":{"atoll":"Gaafu Dhaalu","islandName":"Bolimathaidhua","longitude":"73° 1' 30.445\"E","latitude":"0°18'36.092\" N","V01":"0","V02":"0","V03":"0","category2":"Other"},"geometry":{"type":"Point","coordinates":[73.02512360384077,0.310025504015751]}},{"type":"Feature","properties":{"atoll":"Gaafu Dhaalu","islandName":"Kadelerataa","longitude":"73° 1' 29.218\"E","latitude":"0°18'48.100\" N","V01":"0","V02":"0","V03":"0","category2":"Other"},"geometry":{"type":"Point","coordinates":[73.02478286703533,0.313361088938143]}},{"type":"Feature","properties":{"atoll":"Gaafu Dhaalu","islandName":"Hakandoo","longitude":"73° 1' 54.140\"E","latitude":"0°17'54.240\" N","V01":"0","V02":"0","V03":"0","category2":"Other"},"geometry":{"type":"Point","coordinates":[73.0317056722887,0.298400047338054]}},{"type":"Feature","properties":{"atoll":"Gaafu Dhaalu","islandName":"Maguhdhuvaa","longitude":"73° 21' 24.176\"E","latitude":"0°16'39.191\" N","V01":"0","V02":"0","V03":"0","category2":"Tourism"},"geometry":{"type":"Point","coordinates":[73.35671561732707,0.27755308287302]}},{"type":"Feature","properties":{"atoll":"Gaafu Dhaalu","islandName":"Mudhimaahutta","longitude":"73° 20' 45.622\"E","latitude":"0°15'10.796\" N","V01":"0","V02":"0","V03":"0","category2":"Other"},"geometry":{"type":"Point","coordinates":[73.34600617594066,0.252998938288241]}},{"type":"Feature","properties":{"atoll":"Gaafu Dhaalu","islandName":"Bodehuttaa","longitude":"73° 20' 40.240\"E","latitude":"0°15'39.324\" N","V01":"0","V02":"0","V03":"0","category2":"Other"},"geometry":{"type":"Point","coordinates":[73.34451114581366,0.260923345538276]}},{"type":"Feature","properties":{"atoll":"Gaafu Dhaalu","islandName":"Mathihuttaa","longitude":"73° 20' 24.888\"E","latitude":"0°15'22.350\" N","V01":"0","V02":"0","V03":"0","category2":"Other"},"geometry":{"type":"Point","coordinates":[73.34024673887676,0.256208310423033]}},{"type":"Feature","properties":{"atoll":"Gaafu Dhaalu","islandName":"Laihaa","longitude":"73° 20' 29.529\"E","latitude":"0°15'1.890\" N","V01":"0","V02":"0","V03":"0","category2":"Other"},"geometry":{"type":"Point","coordinates":[73.34153596887315,0.250524905869955]}},{"type":"Feature","properties":{"atoll":"Gaafu Dhaalu","islandName":"Raaverinkolhihuttaa","longitude":"73° 14' 1.970\"E","latitude":"0°15'1.695\" N","V01":"0","V02":"0","V03":"0","category2":"Other"},"geometry":{"type":"Point","coordinates":[73.23388047110254,0.250470943379313]}},{"type":"Feature","properties":{"atoll":"Gaafu Dhaalu","islandName":"Maahutigalaa","longitude":"73° 11' 30.494\"E","latitude":"0°17'38.836\" N","V01":"0","V02":"0","V03":"0","category2":"Other"},"geometry":{"type":"Point","coordinates":[73.19180382794838,0.294121088518463]}},{"type":"Feature","properties":{"atoll":"Gaafu Dhaalu","islandName":"Kodehutigalaa","longitude":"73° 12' 2.939\"E","latitude":"0°17'21.638\" N","V01":"0","V02":"0","V03":"0","category2":"Other"},"geometry":{"type":"Point","coordinates":[73.20081642822133,0.289343918857407]}},{"type":"Feature","properties":{"atoll":"Gaafu Dhaalu","islandName":"Kan'dahalagalaa","longitude":"73° 12' 59.215\"E","latitude":"0°13'30.912\" N","V01":"0","V02":"0","V03":"0","category2":"Other"},"geometry":{"type":"Point","coordinates":[73.21644856276093,0.225253457848668]}},{"type":"Feature","properties":{"atoll":"Gaafu Dhaalu","islandName":"Farukolhuhuttaa","longitude":"73° 13' 34.855\"E","latitude":"0°11'44.994\" N","V01":"0","V02":"0","V03":"0","category2":"Other"},"geometry":{"type":"Point","coordinates":[73.22634851596669,0.195831592300438]}},{"type":"Feature","properties":{"atoll":"Gaafu Dhaalu","islandName":"Isdhuhuttaa","longitude":"73° 13' 7.759\"E","latitude":"0°11'39.545\" N","V01":"0","V02":"0","V03":"0","category2":"Other"},"geometry":{"type":"Point","coordinates":[73.21882202252641,0.194317942040888]}},{"type":"Feature","properties":{"atoll":"Gaafu Dhaalu","islandName":"Faathiyehuttaa","longitude":"73° 12' 50.101\"E","latitude":"0°11'36.253\" N","V01":"0","V02":"0","V03":"0","category2":"Agriculture"},"geometry":{"type":"Point","coordinates":[73.21391698115154,0.193403633112682]}},{"type":"Feature","properties":{"atoll":"Gaafu Dhaalu","islandName":"Hoothodeyaa","longitude":"73° 10' 54.041\"E","latitude":"0°12'9.876\" N","V01":"0","V02":"0","V03":"0","category2":"Other"},"geometry":{"type":"Point","coordinates":[73.1816780496449,0.202743195054119]}},{"type":"Feature","properties":{"atoll":"Gaafu Dhaalu","islandName":"Kelaihuttaa","longitude":"73° 10' 46.532\"E","latitude":"0°12'15.073\" N","V01":"0","V02":"0","V03":"0","category2":"Other"},"geometry":{"type":"Point","coordinates":[73.1795921939718,0.204187005680861]}},{"type":"Feature","properties":{"atoll":"Gaafu Dhaalu","islandName":"Ekelondaa","longitude":"73° 10' 31.392\"E","latitude":"0°12'27.945\" N","V01":"0","V02":"0","V03":"0","category2":"Other"},"geometry":{"type":"Point","coordinates":[73.17538667384083,0.207762388584433]}},{"type":"Feature","properties":{"atoll":"Gaafu Dhaalu","islandName":"Uhehootirataa","longitude":"73° 10' 15.552\"E","latitude":"0°12'33.140\" N","V01":"0","V02":"0","V03":"0","category2":"Other"},"geometry":{"type":"Point","coordinates":[73.17098663195836,0.209205512660513]}},{"type":"Feature","properties":{"atoll":"Gaafu Dhaalu","islandName":null,"longitude":"73° 11' 50.243\"E","latitude":"0°11'32.618\" N","V01":"0","V02":"0","V03":"0","category2":"Other"},"geometry":{"type":"Point","coordinates":[73.19728975472368,0.192393858778385]}},{"type":"Feature","properties":{"atoll":"Gaafu Dhaalu","islandName":"Bodehuttaa","longitude":"73° 11' 59.583\"E","latitude":"0°11'43.192\" N","V01":"0","V02":"0","V03":"0","category2":"Other"},"geometry":{"type":"Point","coordinates":[73.19988418354441,0.195330975073727]}},{"type":"Feature","properties":{"atoll":"Gaafu Dhaalu","islandName":"Kalhehigillaa","longitude":"73° 2' 2.201\"E","latitude":"0°17'47.949\" N","V01":"0","V02":"0","V03":"0","category2":"Other"},"geometry":{"type":"Point","coordinates":[73.03394479774909,0.296652409312506]}},{"type":"Feature","properties":{"atoll":"Gaafu Dhaalu","islandName":"Haveyyerataa","longitude":"73° 2' 11.256\"E","latitude":"0°17'52.167\" N","V01":"0","V02":"0","V03":"0","category2":"Other"},"geometry":{"type":"Point","coordinates":[73.036459985619,0.297824101662364]}},{"type":"Feature","properties":{"atoll":"Gaafu Dhaalu","islandName":"Maarehaa","longitude":"73° 2' 45.977\"E","latitude":"0°17'25.989\" N","V01":"0","V02":"0","V03":"0","category2":"Other"},"geometry":{"type":"Point","coordinates":[73.04610470188642,0.290552599240156]}},{"type":"Feature","properties":{"atoll":"Gaafu Dhaalu","islandName":"Kureikeymaahuttaa","longitude":"73° 3' 0.418\"E","latitude":"0°17'21.177\" N","V01":"0","V02":"0","V03":"0","category2":"Other"},"geometry":{"type":"Point","coordinates":[73.05011598697891,0.289215796226449]}},{"type":"Feature","properties":{"atoll":"Gaafu Dhaalu","islandName":"Thelehuttaa","longitude":"73° 3' 9.078\"E","latitude":"0°17'16.794\" N","V01":"0","V02":"0","V03":"0","category2":"Other"},"geometry":{"type":"Point","coordinates":[73.05252165494493,0.287998404369311]}},{"type":"Feature","properties":{"atoll":"Gaafu Dhaalu","islandName":"Ehivakaa","longitude":"73° 3' 16.143\"E","latitude":"0°17'12.632\" N","V01":"0","V02":"0","V03":"0","category2":"Other"},"geometry":{"type":"Point","coordinates":[73.05448421773562,0.286842231508116]}},{"type":"Feature","properties":{"atoll":"Gaafu Dhaalu","islandName":"Kaalhehuttaa","longitude":"73° 7' 52.199\"E","latitude":"0°13'37.579\" N","V01":"0","V02":"0","V03":"0","category2":"Other"},"geometry":{"type":"Point","coordinates":[73.13116641023879,0.227105161416613]}},{"type":"Feature","properties":{"atoll":"Gaafu Dhaalu","islandName":"Viligillaa","longitude":"73° 7' 46.500\"E","latitude":"0°13'46.232\" N","V01":"0","V02":"0","V03":"0","category2":"Other"},"geometry":{"type":"Point","coordinates":[73.12958346817653,0.229508981704314]}},{"type":"Feature","properties":{"atoll":"Gaafu Dhaalu","islandName":"Filaarataa","longitude":"73° 2' 19.975\"E","latitude":"0°18'1.306\" N","V01":"0","V02":"0","V03":"0","category2":"Other"},"geometry":{"type":"Point","coordinates":[73.0388820733617,0.30036284752503]}},{"type":"Feature","properties":{"atoll":"Gaafu Dhaalu","islandName":"Bodehuttaa","longitude":"73° 2' 25.696\"E","latitude":"0°17'57.195\" N","V01":"0","V02":"0","V03":"0","category2":"Other"},"geometry":{"type":"Point","coordinates":[73.04047100937345,0.299220793643759]}},{"type":"Feature","properties":{"atoll":"Gaafu Dhaalu","islandName":"Kudhe-ehivakaa","longitude":"73° 3' 25.359\"E","latitude":"0°17'8.601\" N","V01":"0","V02":"0","V03":"0","category2":"Other"},"geometry":{"type":"Point","coordinates":[73.05704416431125,0.285722401594181]}},{"type":"Feature","properties":{"atoll":"Gaafu Dhaalu","islandName":"Haveyyerataa","longitude":"73° 3' 31.103\"E","latitude":"0°17'3.785\" N","V01":"0","V02":"0","V03":"0","category2":"Other"},"geometry":{"type":"Point","coordinates":[73.05863976410768,0.284384632912342]}},{"type":"Feature","properties":{"atoll":"Gaafu Dhaalu","islandName":"Fonehigillaa","longitude":"73° 3' 35.079\"E","latitude":"0°16'59.502\" N","V01":"0","V02":"0","V03":"0","category2":"Other"},"geometry":{"type":"Point","coordinates":[73.05974413538996,0.283194936062953]}},{"type":"Feature","properties":{"atoll":"Gaafu Dhaalu","islandName":"Kudhebeeraahuttaa","longitude":"73° 3' 41.884\"E","latitude":"0°16'56.534\" N","V01":"0","V02":"0","V03":"0","category2":"Other"},"geometry":{"type":"Point","coordinates":[73.06163438749161,0.282370503819166]}},{"type":"Feature","properties":{"atoll":"Gaafu Dhaalu","islandName":"Badefodiyaa","longitude":"73° 3' 37.667\"E","latitude":"0°16'52.894\" N","V01":"0","V02":"0","V03":"0","category2":"Other"},"geometry":{"type":"Point","coordinates":[73.06046319335529,0.281359444436916]}},{"type":"Feature","properties":{"atoll":"Gaafu Dhaalu","islandName":"Beeraahuttaa","longitude":"73° 3' 38.449\"E","latitude":"0°16'49.192\" N","V01":"0","V02":"0","V03":"0","category2":"Other"},"geometry":{"type":"Point","coordinates":[73.06068016252917,0.280330975933442]}},{"type":"Feature","properties":{"atoll":"Gaafu Dhaalu","islandName":"Athihuttaa","longitude":"73° 3' 45.249\"E","latitude":"0°16'47.426\" N","V01":"0","V02":"0","V03":"0","category2":"Other"},"geometry":{"type":"Point","coordinates":[73.06256917609404,0.279840583939985]}},{"type":"Feature","properties":{"atoll":"Gaafu Dhaalu","islandName":"Oinigillaa","longitude":"73° 3' 52.793\"E","latitude":"0°16'32.587\" N","V01":"0","V02":"0","V03":"0","category2":"Other"},"geometry":{"type":"Point","coordinates":[73.06466466476927,0.275718622461748]}},{"type":"Feature","properties":{"atoll":"Gaafu Dhaalu","islandName":"Aakirahuttaa","longitude":"73° 7' 40.598\"E","latitude":"0°13'50.444\" N","V01":"0","V02":"0","V03":"0","category2":"Other"},"geometry":{"type":"Point","coordinates":[73.12794399383846,0.230678851626477]}},{"type":"Feature","properties":{"atoll":"Gaafu Dhaalu","islandName":"Bolimathaidhoo","longitude":"73° 7' 34.440\"E","latitude":"0°13'57.886\" N","V01":"0","V02":"0","V03":"0","category2":"Other"},"geometry":{"type":"Point","coordinates":[73.12623321684438,0.232746193728631]}},{"type":"Feature","properties":{"atoll":"Gaafu Dhaalu","islandName":"Kanandhoo","longitude":"73° 4' 3.734\"E","latitude":"0°16'19.323\" N","V01":"0","V02":"0","V03":"0","category2":"Other"},"geometry":{"type":"Point","coordinates":[73.06770386773628,0.27203416393181]}},{"type":"Feature","properties":{"atoll":"Gaafu Dhaalu","islandName":"Maadhoo","longitude":"73° 4' 32.833\"E","latitude":"0°16'16.014\" N","V01":"0","V02":"0","V03":"0","category2":"Other"},"geometry":{"type":"Point","coordinates":[73.07578694427893,0.271115074273615]}},{"type":"Feature","properties":{"atoll":"Gaafu Dhaalu","islandName":"Meragihuttaa","longitude":"73° 4' 52.011\"E","latitude":"0°16'9.342\" N","V01":"0","V02":"0","V03":"0","category2":"Other"},"geometry":{"type":"Point","coordinates":[73.08111421108961,0.269261600170583]}},{"type":"Feature","properties":{"atoll":"Gaafu Dhaalu","islandName":"Dhoonirehaa","longitude":"73° 5' 2.030\"E","latitude":"0°16'6.263\" N","V01":"0","V02":"0","V03":"0","category2":"Other"},"geometry":{"type":"Point","coordinates":[73.08389726821159,0.26840626910061]}},{"type":"Feature","properties":{"atoll":"Gaafu Dhaalu","islandName":"Fenevenehuttaa","longitude":"73° 5' 14.974\"E","latitude":"0°15'58.793\" N","V01":"0","V02":"0","V03":"0","category2":"Other"},"geometry":{"type":"Point","coordinates":[73.08749265398632,0.266331285904685]}},{"type":"Feature","properties":{"atoll":"Gaafu Dhaalu","islandName":"Raabodaafeheerataa","longitude":"73° 7' 25.892\"E","latitude":"0°14'9.316\" N","V01":"0","V02":"0","V03":"0","category2":"Other"},"geometry":{"type":"Point","coordinates":[73.12385901037231,0.235921180231998]}},{"type":"Feature","properties":{"atoll":"Gaafu Dhaalu","islandName":"Dhathaidhuaa","longitude":"73° 7' 20.636\"E","latitude":"0°14'14.308\" N","V01":"0","V02":"0","V03":"0","category2":"Other"},"geometry":{"type":"Point","coordinates":[73.12239895115145,0.237307799182693]}},{"type":"Feature","properties":{"atoll":"Gaafu Dhaalu","islandName":"Kudhehaadhuaa","longitude":"73° 7' 17.080\"E","latitude":"0°14'24.856\" N","V01":"0","V02":"0","V03":"0","category2":"Other"},"geometry":{"type":"Point","coordinates":[73.12141124144897,0.240237889173753]}},{"type":"Feature","properties":{"atoll":"Gaafu Dhaalu","islandName":"Haadhuaa","longitude":"73° 7' 19.088\"E","latitude":"0°14'20.856\" N","V01":"0","V02":"0","V03":"0","category2":"Other"},"geometry":{"type":"Point","coordinates":[73.12196892227458,0.239126714469345]}},{"type":"Feature","properties":{"atoll":"Gaafu Dhaalu","islandName":"Bodeinsa","longitude":"73° 7' 11.081\"E","latitude":"0°14'20.006\" N","V01":"0","V02":"0","V03":"0","category2":"Other"},"geometry":{"type":"Point","coordinates":[73.11974462143131,0.238890498648454]}},{"type":"Feature","properties":{"atoll":"Gaafu Dhaalu","islandName":"Meehinethiyenehuttaa","longitude":"73° 5' 22.710\"E","latitude":"0°15'55.874\" N","V01":"0","V02":"0","V03":"0","category2":"Other"},"geometry":{"type":"Point","coordinates":[73.08964177279994,0.265520620366963]}},{"type":"Feature","properties":{"atoll":"Gaafu Dhaalu","islandName":"Aakirahuttaa","longitude":"73° 5' 31.976\"E","latitude":"0°15'50.381\" N","V01":"0","V02":"0","V03":"0","category2":"Other"},"geometry":{"type":"Point","coordinates":[73.09221547950871,0.263994634113626]}},{"type":"Feature","properties":{"atoll":"Gaafu Dhaalu","islandName":"Hiyanigilihuttaa","longitude":"73° 5' 40.193\"E","latitude":"0°15'44.181\" N","V01":"0","V02":"0","V03":"0","category2":"Other"},"geometry":{"type":"Point","coordinates":[73.09449804722281,0.262272582323128]}},{"type":"Feature","properties":{"atoll":"Gaafu Dhaalu","islandName":"Hadahahuttaa","longitude":"73° 5' 46.209\"E","latitude":"0°15'39.381\" N","V01":"0","V02":"0","V03":"0","category2":"Other"},"geometry":{"type":"Point","coordinates":[73.0961692859401,0.260939202794709]}},{"type":"Feature","properties":{"atoll":"Gaafu Dhaalu","islandName":"Kurehdhoo","longitude":"73° 5' 57.156\"E","latitude":"0°15'29.610\" N","V01":"0","V02":"0","V03":"0","category2":"Other"},"geometry":{"type":"Point","coordinates":[73.09920999592354,0.258225032569299]}},{"type":"Feature","properties":{"atoll":"Gaafu Dhaalu","islandName":"Dhiyanigillaa","longitude":"73° 6' 3.254\"E","latitude":"0°15'22.061\" N","V01":"0","V02":"0","V03":"0","category2":"Other"},"geometry":{"type":"Point","coordinates":[73.10090378621376,0.256127956429409]}},{"type":"Feature","properties":{"atoll":"Gaafu Dhaalu","islandName":"Ekurukerataa","longitude":"73° 7' 6.775\"E","latitude":"0°14'21.926\" N","V01":"0","V02":"0","V03":"0","category2":"Other"},"geometry":{"type":"Point","coordinates":[73.11854848435026,0.239423929528496]}},{"type":"Feature","properties":{"atoll":"Gaafu Dhaalu","islandName":"Maanaidhoo","longitude":"73° 7' 3.538\"E","latitude":"0°14'30.624\" N","V01":"0","V02":"0","V03":"0","category2":"Other"},"geometry":{"type":"Point","coordinates":[73.11764931451918,0.241839903947358]}},{"type":"Feature","properties":{"atoll":"Gaafu Dhaalu","islandName":"Femunaidhoo","longitude":"73° 6' 49.575\"E","latitude":"0°14'38.722\" N","V01":"0","V02":"0","V03":"0","category2":"Other"},"geometry":{"type":"Point","coordinates":[73.11377097028496,0.244089432483313]}},{"type":"Feature","properties":{"atoll":"Gaafu Dhaalu","islandName":"Dherukerehaa","longitude":"73° 6' 29.557\"E","latitude":"0°14'57.181\" N","V01":"0","V02":"0","V03":"0","category2":"Other"},"geometry":{"type":"Point","coordinates":[73.10821040932491,0.249216944750191]}},{"type":"Feature","properties":{"atoll":"Gaafu Dhaalu","islandName":"Faahuttaa","longitude":"73° 6' 35.311\"E","latitude":"0°14'49.435\" N","V01":"0","V02":"0","V03":"0","category2":"Other"},"geometry":{"type":"Point","coordinates":[73.10980856787285,0.247065308442279]}},{"type":"Feature","properties":{"atoll":"Gaafu Dhaalu","islandName":"Meyragillaa","longitude":"73° 6' 43.055\"E","latitude":"0°14'45.788\" N","V01":"0","V02":"0","V03":"0","category2":"Other"},"geometry":{"type":"Point","coordinates":[73.11195968486521,0.246052300724048]}},{"type":"Feature","properties":{"atoll":"Gaafu Dhaalu","islandName":"Keyhuvadhoo","longitude":"73° 1' 32.823\"E","latitude":"0°21'12.707\" N","V01":"0","V02":"0","V03":"0","category2":"Other"},"geometry":{"type":"Point","coordinates":[73.02578422442623,0.353529604669865]}},{"type":"Feature","properties":{"atoll":"Gaafu Dhaalu","islandName":null,"longitude":"73° 28' 33.025\"E","latitude":"0°18'34.653\" N","V01":"0","V02":"0","V03":"0","category2":"Other"},"geometry":{"type":"Point","coordinates":[73.47584021454728,0.309625753277014]}},{"type":"Feature","properties":{"atoll":"Gaafu Dhaalu","islandName":null,"longitude":"73° 8' 2.276\"E","latitude":"0°13'40.319\" N","V01":"0","V02":"0","V03":"0","category2":"Other"},"geometry":{"type":"Point","coordinates":[73.13396544262167,0.227866417914469]}},{"type":"Feature","properties":{"atoll":"Gaafu Dhaalu","islandName":"Huttaa","longitude":"73° 3' 23.745\"E","latitude":"0°17'14.070\" N","V01":"0","V02":"0","V03":"0","category2":"Other"},"geometry":{"type":"Point","coordinates":[73.05659574699409,0.287241640278152]}},{"type":"Feature","properties":{"atoll":"Gaafu Dhaalu","islandName":"Havoddaa","longitude":"73° 5' 42.777\"E","latitude":"0°32'24.860\" N","V01":"0","V02":"0","V03":"0","category2":"Tourism"},"geometry":{"type":"Point","coordinates":[73.09521574192985,0.540239001024886]}},{"type":"Feature","properties":{"atoll":"Gaafu Dhaalu","islandName":null,"longitude":"73° 2' 38.604\"E","latitude":"0°25'40.358\" N","V01":"0","V02":"0","V03":"0","category2":"Other"},"geometry":{"type":"Point","coordinates":[73.04405668084995,0.42787717904925]}},{"type":"Feature","properties":{"atoll":"Gaafu Dhaalu","islandName":"Olhurataa","longitude":"73° 1' 29.326\"E","latitude":"0°18'57.960\" N","V01":"0","V02":"0","V03":"0","category2":"Other"},"geometry":{"type":"Point","coordinates":[73.02481282227178,0.316100115666035]}},{"type":"Feature","properties":{"atoll":"Gaafu Dhaalu","islandName":"Hulhuvaarulaa","longitude":"73° 29' 12.931\"E","latitude":"0°19'41.701\" N","V01":"0","V02":"0","V03":"0","category2":"Agriculture"},"geometry":{"type":"Point","coordinates":[73.48692534346503,0.32825031908142]}},{"type":"Feature","properties":{"atoll":"Gaafu Dhaalu","islandName":"Golhaallaa","longitude":"73° 29' 11.061\"E","latitude":"0°19'13.150\" N","V01":"0","V02":"0","V03":"0","category2":"Agriculture"},"geometry":{"type":"Point","coordinates":[73.48640583490958,0.320319489457622]}},{"type":"Feature","properties":{"atoll":"Gaafu Dhaalu","islandName":"Vatavarrehaa","longitude":"73° 17' 47.073\"E","latitude":"0°15'22.580\" N","V01":"0","V02":"0","V03":"0","category2":"Other"},"geometry":{"type":"Point","coordinates":[73.29640922512509,0.256272208637113]}},{"type":"Feature","properties":{"atoll":"Gaafu Dhaalu","islandName":null,"longitude":"73° 19' 45.690\"E","latitude":"0°17'42.567\" N","V01":"0","V02":"0","V03":"0","category2":"Other"},"geometry":{"type":"Point","coordinates":[73.32935838711205,0.295157452220284]}},{"type":"Feature","properties":{"atoll":"Gaafu Dhaalu","islandName":null,"longitude":"73° 20' 34.993\"E","latitude":"0°15'51.530\" N","V01":"0","V02":"0","V03":"0","category2":"Other"},"geometry":{"type":"Point","coordinates":[73.34305356599982,0.264313823135412]}},{"type":"Feature","properties":{"atoll":"Gaafu Dhaalu","islandName":null,"longitude":"73° 5' 42.919\"E","latitude":"0°30'0.679\" N","V01":"0","V02":"0","V03":"0","category2":"Other"},"geometry":{"type":"Point","coordinates":[73.09525531900434,0.500188658892431]}},{"type":"Feature","properties":{"atoll":"Gaafu Dhaalu","islandName":"Maakirigalla","longitude":"73° 2' 23.072\"E","latitude":"0°31'26.528\" N","V01":"0","V02":"0","V03":"0","category2":"Other"},"geometry":{"type":"Point","coordinates":[73.03974211591326,0.524035487006561]}},{"type":"Feature","properties":{"atoll":"Gaafu Dhaalu","islandName":null,"longitude":"73° 8' 6.135\"E","latitude":"0°18'15.896\" N","V01":"0","V02":"0","V03":"0","category2":"Other"},"geometry":{"type":"Point","coordinates":[73.13503744802333,0.304415591993341]}},{"type":"Feature","properties":{"atoll":"Gaafu Dhaalu","islandName":null,"longitude":"73° 9' 22.205\"E","latitude":"0°18'19.738\" N","V01":"0","V02":"0","V03":"0","category2":"Other"},"geometry":{"type":"Point","coordinates":[73.1561679431502,0.305482673198393]}},{"type":"Feature","properties":{"atoll":"Gaafu Dhaalu","islandName":"Dhatemulaidhua","longitude":"73° 1' 36.512\"E","latitude":"0°18'35.475\" N","V01":"0","V02":"0","V03":"0","category2":"Other"},"geometry":{"type":"Point","coordinates":[73.02680887025626,0.309854223053889]}},{"type":"Feature","properties":{"atoll":"Gaafu Dhaalu","islandName":"Kannigilla","longitude":"72° 59' 58.752\"E","latitude":"0°27'7.692\" N","V01":"0","V02":"0","V03":"0","category2":"Other"},"geometry":{"type":"Point","coordinates":[72.99965339245922,0.452136608155422]}},{"type":"Feature","properties":{"atoll":"Haa Alifu","islandName":"Matheerah","longitude":"72° 49' 8.502\"E","latitude":"7°1'39.082\" N","V01":"0","V02":"0","V03":"0","category2":"Other"},"geometry":{"type":"Point","coordinates":[72.81902835851366,7.02752282214021]}},{"type":"Feature","properties":{"atoll":"Haa Alifu","islandName":"Dhonakulhi","longitude":"73° 3' 2.115\"E","latitude":"6°50'39.951\" N","V01":"0","V02":"0","V03":"0","category2":"Tourism"},"geometry":{"type":"Point","coordinates":[73.05058749202249,6.844430878265371]}},{"type":"Feature","properties":{"atoll":"Haa Alifu","islandName":"Mulidhoo","longitude":"73° 0' 40.746\"E","latitude":"6°50'10.398\" N","V01":"0","V02":"0","V03":"0","category2":"Agriculture"},"geometry":{"type":"Point","coordinates":[73.01131835138439,6.836221586520794]}},{"type":"Feature","properties":{"atoll":"Haa Alifu","islandName":"Innafinolhu","longitude":"72° 48' 39.680\"E","latitude":"7°4'23.794\" N","V01":"0","V02":"0","V03":"0","category2":"Other"},"geometry":{"type":"Point","coordinates":[72.81102231800051,7.07327606194065]}},{"type":"Feature","properties":{"atoll":"Haa Alifu","islandName":"Gallandhoo","longitude":"72° 58' 59.408\"E","latitude":"6°56'48.050\" N","V01":"0","V02":"0","V03":"0","category2":"Other"},"geometry":{"type":"Point","coordinates":[72.98316898305885,6.946680563938432]}},{"type":"Feature","properties":{"atoll":"Haa Alifu","islandName":"Beenaafushi","longitude":"73° 8' 14.865\"E","latitude":"6°55'44.226\" N","V01":"0","V02":"0","V03":"0","category2":"Other"},"geometry":{"type":"Point","coordinates":[73.13746256018294,6.928951695753479]}},{"type":"Feature","properties":{"atoll":"Haa Alifu","islandName":"Gaamathikulhudhoo","longitude":"72° 59' 4.356\"E","latitude":"7°2'21.265\" N","V01":"0","V02":"0","V03":"0","category2":"Other"},"geometry":{"type":"Point","coordinates":[72.98454323433396,7.039240302562568]}},{"type":"Feature","properties":{"atoll":"Haa Alifu","islandName":"Alidhuffarufinolhu","longitude":"73° 6' 14.354\"E","latitude":"6°51'40.741\" N","V01":"0","V02":"0","V03":"0","category2":"Other"},"geometry":{"type":"Point","coordinates":[73.10398732182828,6.861316889139105]}},{"type":"Feature","properties":{"atoll":"Haa Alifu","islandName":"Un'gulifinolhu","longitude":"72° 54' 5.198\"E","latitude":"6°58'13.433\" N","V01":"0","V02":"0","V03":"0","category2":"Other"},"geometry":{"type":"Point","coordinates":[72.90144389790802,6.970397933688055]}},{"type":"Feature","properties":{"atoll":"Haa Alifu","islandName":"Kan'daalifinolhu","longitude":"73° 7' 50.115\"E","latitude":"6°55'33.878\" N","V01":"0","V02":"0","V03":"0","category2":"Other"},"geometry":{"type":"Point","coordinates":[73.13058748744254,6.926077356919608]}},{"type":"Feature","properties":{"atoll":"Haa Alifu","islandName":"Berinmadhoo","longitude":"72° 58' 17.379\"E","latitude":"7°2'50.621\" N","V01":"0","V02":"0","V03":"0","category2":"Other"},"geometry":{"type":"Point","coordinates":[72.97149416224663,7.047394702605918]}},{"type":"Feature","properties":{"atoll":"Haa Alifu","islandName":"Manafaru","longitude":"72° 56' 23.950\"E","latitude":"6°59'49.578\" N","V01":"0","V02":"0","V03":"0","category2":"Tourism"},"geometry":{"type":"Point","coordinates":[72.93998597585126,6.997104927930009]}},{"type":"Feature","properties":{"atoll":"Haa Alifu","islandName":"Van'gaaru","longitude":"72° 52' 41.597\"E","latitude":"7°5'35.285\" N","V01":"0","V02":"0","V03":"0","category2":"Other"},"geometry":{"type":"Point","coordinates":[72.87822141961753,7.0931346438417]}},{"type":"Feature","properties":{"atoll":"Haa Alifu","islandName":"Maafahi","longitude":"73° 9' 14.662\"E","latitude":"6°49'49.143\" N","V01":"0","V02":"0","V03":"0","category2":"Agriculture and Fisheries"},"geometry":{"type":"Point","coordinates":[73.15407272187083,6.830317512014093]}},{"type":"Feature","properties":{"atoll":"Haa Alifu","islandName":"Govvaafushi","longitude":"72° 55' 9.408\"E","latitude":"7°0'45.619\" N","V01":"0","V02":"0","V03":"0","category2":"Other"},"geometry":{"type":"Point","coordinates":[72.91928009866528,7.012671996816555]}},{"type":"Feature","properties":{"atoll":"Haa Alifu","islandName":"Maarandhoofarufinolhu","longitude":"72° 58' 18.974\"E","latitude":"6°49'44.188\" N","V01":"0","V02":"0","V03":"0","category2":"Other"},"geometry":{"type":"Point","coordinates":[72.97193724549605,6.828941236047355]}},{"type":"Feature","properties":{"atoll":"Haa Alifu","islandName":"Velifinolhu","longitude":"72° 52' 28.766\"E","latitude":"6°59'38.936\" N","V01":"0","V02":"0","V03":"0","category2":"Other"},"geometry":{"type":"Point","coordinates":[72.87465722021352,6.99414883514983]}},{"type":"Feature","properties":{"atoll":"Haa Alifu","islandName":"Medhafushi","longitude":"72° 56' 5.134\"E","latitude":"7°0'39.060\" N","V01":"0","V02":"0","V03":"0","category2":"Other"},"geometry":{"type":"Point","coordinates":[72.93475952757849,7.010850047779914]}},{"type":"Feature","properties":{"atoll":"Haa Alifu","islandName":"Madulu","longitude":"72° 57' 11.948\"E","latitude":"7°3'17.116\" N","V01":"0","V02":"0","V03":"0","category2":"Other"},"geometry":{"type":"Point","coordinates":[72.95331887095027,7.054754549978076]}},{"type":"Feature","properties":{"atoll":"Haa Alifu","islandName":"Maafinolhu","longitude":"72° 51' 44.905\"E","latitude":"7°0'8.374\" N","V01":"0","V02":"0","V03":"0","category2":"Other"},"geometry":{"type":"Point","coordinates":[72.86247370625527,7.002326006480488]}},{"type":"Feature","properties":{"atoll":"Haa Alifu","islandName":"Alidhoo","longitude":"73° 9' 8.204\"E","latitude":"6°50'56.379\" N","V01":"0","V02":"0","V03":"0","category2":"Other"},"geometry":{"type":"Point","coordinates":[73.15227901699853,6.848994095813893]}},{"type":"Feature","properties":{"atoll":"Haa Alifu","islandName":"Dhapparuhuraa","longitude":"73° 12' 40.770\"E","latitude":"6°54'54.823\" N","V01":"0","V02":"0","V03":"0","category2":"Other"},"geometry":{"type":"Point","coordinates":[73.21132500358476,6.915228700248329]}},{"type":"Feature","properties":{"atoll":"Haa Alifu","islandName":"Huvahandhoo","longitude":"72° 54' 19.189\"E","latitude":"6°57'32.240\" N","V01":"0","V02":"0","V03":"0","category2":"Other"},"geometry":{"type":"Point","coordinates":[72.90533017609339,6.958955433247675]}},{"type":"Feature","properties":{"atoll":"Haa Alifu","islandName":"Umuraifinolhu","longitude":"72° 51' 5.012\"E","latitude":"7°0'33.803\" N","V01":"0","V02":"0","V03":"0","category2":"Other"},"geometry":{"type":"Point","coordinates":[72.85139228901825,7.009389781997718]}},{"type":"Feature","properties":{"atoll":"Haa Alifu","islandName":"Naridhoo","longitude":"73° 7' 36.547\"E","latitude":"6°53'41.740\" N","V01":"0","V02":"0","V03":"0","category2":"Other"},"geometry":{"type":"Point","coordinates":[73.12681874598191,6.894927775400464]}},{"type":"Feature","properties":{"atoll":"Haa Alifu","islandName":"Hathifushi","longitude":"72° 49' 50.032\"E","latitude":"7°1'12.249\" N","V01":"0","V02":"0","V03":"0","category2":"Other"},"geometry":{"type":"Point","coordinates":[72.83056450130833,7.020069253599087]}},{"type":"Feature","properties":{"atoll":"Haa Alifu","islandName":"Dhigufaruhuraa","longitude":"72° 58' 12.299\"E","latitude":"6°55'31.979\" N","V01":"0","V02":"0","V03":"0","category2":"Other"},"geometry":{"type":"Point","coordinates":[72.97008293083479,6.925549753960331]}},{"type":"Feature","properties":{"atoll":"Haa Dhaalu","islandName":"Hon'daafushi","longitude":"73° 7' 17.544\"E","latitude":"6°46'41.235\" N","V01":"0","V02":"0","V03":"0","category2":"Tourism"},"geometry":{"type":"Point","coordinates":[73.1215401228254,6.778120838044945]}},{"type":"Feature","properties":{"atoll":"Haa Dhaalu","islandName":"Hon'daidhoo","longitude":"73° 5' 15.210\"E","latitude":"6°46'11.181\" N","V01":"0","V02":"0","V03":"0","category2":"Agriculture"},"geometry":{"type":"Point","coordinates":[73.08755839687633,6.769772388113819]}},{"type":"Feature","properties":{"atoll":"Haa Dhaalu","islandName":"Faridhoo","longitude":"73° 3' 14.665\"E","latitude":"6°47'5.934\" N","V01":"0","V02":"0","V03":"0","category2":"Other"},"geometry":{"type":"Point","coordinates":[73.05407362144835,6.784981609265023]}},{"type":"Feature","properties":{"atoll":"Haa Dhaalu","islandName":"Theefaridhoo","longitude":"73° 2' 0.218\"E","latitude":"6°44'24.770\" N","V01":"0","V02":"0","V03":"0","category2":"Agriculture"},"geometry":{"type":"Point","coordinates":[73.03339379043673,6.740213992073903]}},{"type":"Feature","properties":{"atoll":"Haa Dhaalu","islandName":"Veligan'du","longitude":"72° 56' 17.673\"E","latitude":"6°45'15.411\" N","V01":"0","V02":"0","V03":"0","category2":"Other"},"geometry":{"type":"Point","coordinates":[72.93824259680011,6.754280735842237]}},{"type":"Feature","properties":{"atoll":"Haa Dhaalu","islandName":"Ruffushi","longitude":"72° 56' 20.012\"E","latitude":"6°45'29.644\" N","V01":"0","V02":"0","V03":"0","category2":"Other"},"geometry":{"type":"Point","coordinates":[72.93889209109474,6.758234526171675]}},{"type":"Feature","properties":{"atoll":"Haa Dhaalu","islandName":"Kanamana","longitude":"72° 53' 58.060\"E","latitude":"6°42'18.112\" N","V01":"0","V02":"0","V03":"0","category2":"Other"},"geometry":{"type":"Point","coordinates":[72.8994611115207,6.705031125770292]}},{"type":"Feature","properties":{"atoll":"Haa Dhaalu","islandName":"Kudafarufasgandu","longitude":"72° 55' 30.144\"E","latitude":"6°42'42.796\" N","V01":"0","V02":"0","V03":"0","category2":"Other"},"geometry":{"type":"Point","coordinates":[72.92503993518208,6.711887818435366]}},{"type":"Feature","properties":{"atoll":"Haa Dhaalu","islandName":"Hirinaidhoo","longitude":"72° 56' 53.800\"E","latitude":"6°42'6.046\" N","V01":"0","V02":"0","V03":"0","category2":"Other"},"geometry":{"type":"Point","coordinates":[72.94827765086765,6.701679522427728]}},{"type":"Feature","properties":{"atoll":"Haa Dhaalu","islandName":"Kun'burudhoo","longitude":"73° 1' 38.682\"E","latitude":"6°39'29.769\" N","V01":"0","V02":"0","V03":"0","category2":"Other"},"geometry":{"type":"Point","coordinates":[73.027411586422,6.658269093184695]}},{"type":"Feature","properties":{"atoll":"Haa Dhaalu","islandName":"Muiri","longitude":"72° 56' 10.510\"E","latitude":"6°39'29.050\" N","V01":"0","V02":"0","V03":"0","category2":"Other"},"geometry":{"type":"Point","coordinates":[72.93625269373621,6.65806932092625]}},{"type":"Feature","properties":{"atoll":"Haa Dhaalu","islandName":"Naagoashi","longitude":"72° 54' 14.468\"E","latitude":"6°40'8.863\" N","V01":"0","V02":"0","V03":"0","category2":"Other"},"geometry":{"type":"Point","coordinates":[72.90401883103435,6.669128726860427]}},{"type":"Feature","properties":{"atoll":"Haa Dhaalu","islandName":null,"longitude":"72° 55' 5.405\"E","latitude":"6°38'55.164\" N","V01":"0","V02":"0","V03":"0","category2":"Other"},"geometry":{"type":"Point","coordinates":[72.91816813867382,6.648656635418619]}},{"type":"Feature","properties":{"atoll":"Haa Dhaalu","islandName":"Kudamuraidhoo","longitude":"72° 55' 10.652\"E","latitude":"6°38'35.443\" N","V01":"0","V02":"0","V03":"0","category2":"Other"},"geometry":{"type":"Point","coordinates":[72.91962563669843,6.643178562919836]}},{"type":"Feature","properties":{"atoll":"Haa Dhaalu","islandName":"Keylakunu","longitude":"73° 0' 32.794\"E","latitude":"6°36'10.193\" N","V01":"0","V02":"0","V03":"0","category2":"Other"},"geometry":{"type":"Point","coordinates":[73.00910931449688,6.602831283217602]}},{"type":"Feature","properties":{"atoll":"Haa Dhaalu","islandName":"Kattalafushi","longitude":"72° 58' 58.821\"E","latitude":"6°33'59.372\" N","V01":"0","V02":"0","V03":"0","category2":"Agriculture"},"geometry":{"type":"Point","coordinates":[72.98300594324228,6.566492199440084]}},{"type":"Feature","properties":{"atoll":"Haa Dhaalu","islandName":"Vaikaramuraidhoo","longitude":"72° 54' 0.513\"E","latitude":"6°32'31.392\" N","V01":"0","V02":"0","V03":"0","category2":"Other"},"geometry":{"type":"Point","coordinates":[72.90014236863856,6.542053342759822]}},{"type":"Feature","properties":{"atoll":"Haa Dhaalu","islandName":"Maavaidhoo","longitude":"73° 3' 14.346\"E","latitude":"6°30'55.806\" N","V01":"0","V02":"0","V03":"0","category2":"Other"},"geometry":{"type":"Point","coordinates":[73.05398500525381,6.515501589452748]}},{"type":"Feature","properties":{"atoll":"Haa Dhaalu","islandName":"Fenboahuraa","longitude":"72° 41' 40.096\"E","latitude":"6°23'46.058\" N","V01":"0","V02":"0","V03":"0","category2":"Other"},"geometry":{"type":"Point","coordinates":[72.69447098072074,6.396127178973259]}},{"type":"Feature","properties":{"atoll":"Haa Dhaalu","islandName":"Innafushi","longitude":"72° 38' 43.529\"E","latitude":"6°24'32.709\" N","V01":"0","V02":"0","V03":"0","category2":"Other"},"geometry":{"type":"Point","coordinates":[72.64542462114743,6.409085932679325]}},{"type":"Feature","properties":{"atoll":"Haa Dhaalu","islandName":"Dhipparufushi","longitude":"72° 38' 26.282\"E","latitude":"6°19'7.898\" N","V01":"0","V02":"0","V03":"0","category2":"Tourism"},"geometry":{"type":"Point","coordinates":[72.64063388125481,6.318860593385431]}},{"type":"Feature","properties":{"atoll":"Haa Dhaalu","islandName":"Kuredhigan'du","longitude":"73° 6' 18.390\"E","latitude":"6°40'42.698\" N","V01":"0","V02":"0","V03":"0","category2":"Other"},"geometry":{"type":"Point","coordinates":[73.10510834267463,6.678527116584829]}},{"type":"Feature","properties":{"atoll":"Haa Dhaalu","islandName":null,"longitude":"73° 6' 49.832\"E","latitude":"6°41'58.804\" N","V01":"0","V02":"0","V03":"0","category2":"Other"},"geometry":{"type":"Point","coordinates":[73.11384229473319,6.699667798556233]}},{"type":"Feature","properties":{"atoll":"Laamu","islandName":"Kalhaidhoo","longitude":"73° 32' 12.350\"E","latitude":"1°59'16.891\" N","V01":"0","V02":"0","V03":"0","category2":"Other"},"geometry":{"type":"Point","coordinates":[73.5367640181472,1.98802517774487]}},{"type":"Feature","properties":{"atoll":"Laamu","islandName":"Burrahaa","longitude":"73° 16' 41.055\"E","latitude":"1°49'36.498\" N","V01":"0","V02":"0","V03":"0","category2":"Other"},"geometry":{"type":"Point","coordinates":[73.27807086457477,1.826804875135588]}},{"type":"Feature","properties":{"atoll":"Laamu","islandName":"Bodufenrahaa","longitude":"73° 16' 16.385\"E","latitude":"1°49'37.930\" N","V01":"0","V02":"0","V03":"0","category2":"Other"},"geometry":{"type":"Point","coordinates":[73.27121793325293,1.827202683887893]}},{"type":"Feature","properties":{"atoll":"Laamu","islandName":"Aarahaa","longitude":"73° 16' 28.944\"E","latitude":"1°49'42.885\" N","V01":"0","V02":"0","V03":"0","category2":"Other"},"geometry":{"type":"Point","coordinates":[73.27470673932208,1.82857912982982]}},{"type":"Feature","properties":{"atoll":"Laamu","islandName":"Olhutholhu","longitude":"73° 21' 7.470\"E","latitude":"1°47'17.093\" N","V01":"0","V02":"0","V03":"0","category2":"Other"},"geometry":{"type":"Point","coordinates":[73.35207491664758,1.788081519876525]}},{"type":"Feature","properties":{"atoll":"Laamu","islandName":"Gasgan'dufinolhu","longitude":"73° 32' 24.557\"E","latitude":"1°57'8.369\" N","V01":"0","V02":"0","V03":"0","category2":"Other"},"geometry":{"type":"Point","coordinates":[73.54015460066834,1.952324779762328]}},{"type":"Feature","properties":{"atoll":"Laamu","islandName":"Bodumungnafushi","longitude":"73° 18' 32.061\"E","latitude":"1°59'20.353\" N","V01":"0","V02":"0","V03":"0","category2":"Other"},"geometry":{"type":"Point","coordinates":[73.30890594471047,1.988986989148923]}},{"type":"Feature","properties":{"atoll":"Laamu","islandName":"Holhurahaa","longitude":"73° 32' 20.241\"E","latitude":"2°4'6.642\" N","V01":"0","V02":"0","V03":"0","category2":"Other"},"geometry":{"type":"Point","coordinates":[73.53895571760961,2.068511712254737]}},{"type":"Feature","properties":{"atoll":"Laamu","islandName":"Gaadhoo","longitude":"73° 26' 53.017\"E","latitude":"1°49'6.533\" N","V01":"0","V02":"0","V03":"0","category2":"Agriculture"},"geometry":{"type":"Point","coordinates":[73.44806032688886,1.818481362666029]}},{"type":"Feature","properties":{"atoll":"Laamu","islandName":"Thun'buri","longitude":"73° 32' 24.906\"E","latitude":"2°4'29.187\" N","V01":"0","V02":"0","V03":"0","category2":"Other"},"geometry":{"type":"Point","coordinates":[73.54025179316044,2.074774287636802]}},{"type":"Feature","properties":{"atoll":"Laamu","islandName":"Kashidhoo","longitude":"73° 15' 12.853\"E","latitude":"1°55'9.626\" N","V01":"0","V02":"0","V03":"0","category2":"Other"},"geometry":{"type":"Point","coordinates":[73.25357023275834,1.919340564100825]}},{"type":"Feature","properties":{"atoll":"Laamu","islandName":"Kudarah","longitude":"73° 32' 11.278\"E","latitude":"2°3'54.180\" N","V01":"0","V02":"0","V03":"0","category2":"Other"},"geometry":{"type":"Point","coordinates":[73.53646600679183,2.065049991885812]}},{"type":"Feature","properties":{"atoll":"Laamu","islandName":"Hulhimendhoo","longitude":"73° 23' 39.460\"E","latitude":"1°49'22.501\" N","V01":"0","V02":"0","V03":"0","category2":"Other"},"geometry":{"type":"Point","coordinates":[73.39429439735727,1.822916860477977]}},{"type":"Feature","properties":{"atoll":"Laamu","islandName":"Maandhoo","longitude":"73° 31' 37.176\"E","latitude":"1°52'28.935\" N","V01":"0","V02":"0","V03":"0","category2":"Agriculture and Fisheries"},"geometry":{"type":"Point","coordinates":[73.52699345138079,1.874704207455331]}},{"type":"Feature","properties":{"atoll":"Laamu","islandName":"Kadhdhoo","longitude":"73° 31' 18.072\"E","latitude":"1°51'38.203\" N","V01":"0","V02":"0","V03":"0","category2":"Other"},"geometry":{"type":"Point","coordinates":[73.52168664656128,1.860611916794332]}},{"type":"Feature","properties":{"atoll":"Laamu","islandName":"Bodumahigulhi","longitude":"73° 19' 33.745\"E","latitude":"1°47'11.413\" N","V01":"0","V02":"0","V03":"0","category2":"Other"},"geometry":{"type":"Point","coordinates":[73.32604035212741,1.786503522708939]}},{"type":"Feature","properties":{"atoll":"Laamu","islandName":"Vadinolhu","longitude":"73° 21' 32.178\"E","latitude":"2°1'3.228\" N","V01":"0","V02":"0","V03":"0","category2":"Other"},"geometry":{"type":"Point","coordinates":[73.35893822406653,2.017563332855387]}},{"type":"Feature","properties":{"atoll":"Laamu","islandName":"Hulhiyandhoo","longitude":"73° 32' 29.018\"E","latitude":"2°4'50.536\" N","V01":"0","V02":"0","V03":"0","category2":"Other"},"geometry":{"type":"Point","coordinates":[73.54139382080933,2.080704376368166]}},{"type":"Feature","properties":{"atoll":"Laamu","islandName":"Baresdhoo","longitude":"73° 32' 23.711\"E","latitude":"1°58'3.530\" N","V01":"0","V02":"0","V03":"0","category2":"Other"},"geometry":{"type":"Point","coordinates":[73.53991960308957,1.967647163108837]}},{"type":"Feature","properties":{"atoll":"Laamu","islandName":"Fonagaadhoo","longitude":"73° 32' 28.525\"E","latitude":"2°6'55.877\" N","V01":"0","V02":"0","V03":"0","category2":"Agriculture"},"geometry":{"type":"Point","coordinates":[73.54125697363895,2.115521285605602]}},{"type":"Feature","properties":{"atoll":"Laamu","islandName":"Enberahaa","longitude":"73° 15' 27.136\"E","latitude":"1°50'30.606\" N","V01":"0","V02":"0","V03":"0","category2":"Other"},"geometry":{"type":"Point","coordinates":[73.2575378368638,1.84183504680421]}},{"type":"Feature","properties":{"atoll":"Laamu","islandName":"Hulhisdhoo","longitude":"73° 23' 15.516\"E","latitude":"1°47'6.691\" N","V01":"0","V02":"0","V03":"0","category2":"Other"},"geometry":{"type":"Point","coordinates":[73.3876433573793,1.785191863819225]}},{"type":"Feature","properties":{"atoll":"Laamu","islandName":null,"longitude":"73° 32' 19.050\"E","latitude":"2°5'45.464\" N","V01":"0","V02":"0","V03":"0","category2":"Other"},"geometry":{"type":"Point","coordinates":[73.5386250433654,2.095962200994044]}},{"type":"Feature","properties":{"atoll":"Laamu","islandName":null,"longitude":"73° 32' 34.141\"E","latitude":"2°6'15.413\" N","V01":"0","V02":"0","V03":"0","category2":"Other"},"geometry":{"type":"Point","coordinates":[73.54281697000934,2.104281265535472]}},{"type":"Feature","properties":{"atoll":"Laamu","islandName":null,"longitude":"73° 32' 24.563\"E","latitude":"2°6'24.272\" N","V01":"0","V02":"0","V03":"0","category2":"Other"},"geometry":{"type":"Point","coordinates":[73.54015645779677,2.106742136329651]}},{"type":"Feature","properties":{"atoll":"Laamu","islandName":"Boduhuraa","longitude":"73° 17' 40.260\"E","latitude":"1°48'3.123\" N","V01":"0","V02":"0","V03":"0","category2":"Tourism"},"geometry":{"type":"Point","coordinates":[73.2945166860107,1.800867489740359]}},{"type":"Feature","properties":{"atoll":"Laamu","islandName":"Kudaveshi","longitude":"73° 16' 54.613\"E","latitude":"1°49'26.826\" N","V01":"0","V02":"0","V03":"0","category2":"Other"},"geometry":{"type":"Point","coordinates":[73.2818368890777,1.82411833655452]}},{"type":"Feature","properties":{"atoll":"Laamu","islandName":"Olhuveli","longitude":"73° 24' 17.540\"E","latitude":"1°49'0.906\" N","V01":"0","V02":"0","V03":"0","category2":"Tourism"},"geometry":{"type":"Point","coordinates":[73.40487212206395,1.816918437829917]}},{"type":"Feature","properties":{"atoll":"Laamu","islandName":"Hanhushi","longitude":"73° 15' 42.077\"E","latitude":"1°57'4.993\" N","V01":"0","V02":"0","V03":"0","category2":"Other"},"geometry":{"type":"Point","coordinates":[73.26168813768567,1.951386933507246]}},{"type":"Feature","properties":{"atoll":"Laamu","islandName":"Dhekunuvinagan'du","longitude":"73° 16' 46.170\"E","latitude":"1°49'1.543\" N","V01":"0","V02":"0","V03":"0","category2":"Other"},"geometry":{"type":"Point","coordinates":[73.279491661728,1.817095220860262]}},{"type":"Feature","properties":{"atoll":"Laamu","islandName":"Dhonberahaa","longitude":"73° 32' 11.011\"E","latitude":"2°4'11.413\" N","V01":"0","V02":"0","V03":"0","category2":"Other"},"geometry":{"type":"Point","coordinates":[73.53639207112978,2.069837008082207]}},{"type":"Feature","properties":{"atoll":"Laamu","islandName":"Athahendhu","longitude":"73° 16' 25.950\"E","latitude":"1°49'40.878\" N","V01":"0","V02":"0","V03":"0","category2":"Other"},"geometry":{"type":"Point","coordinates":[73.27387502045636,1.828021786866512]}},{"type":"Feature","properties":{"atoll":"Laamu","islandName":"Veligan'dufinolhu","longitude":"73° 24' 31.272\"E","latitude":"1°49'44.647\" N","V01":"0","V02":"0","V03":"0","category2":"Other"},"geometry":{"type":"Point","coordinates":[73.4086867259348,1.82906852931279]}},{"type":"Feature","properties":{"atoll":"Laamu","islandName":"Fenboahuraa","longitude":"73° 32' 17.650\"E","latitude":"2°3'51.188\" N","V01":"0","V02":"0","V03":"0","category2":"Other"},"geometry":{"type":"Point","coordinates":[73.5382361339871,2.06421875458227]}},{"type":"Feature","properties":{"atoll":"Laamu","islandName":null,"longitude":"73° 19' 32.345\"E","latitude":"1°47'29.231\" N","V01":"0","V02":"0","V03":"0","category2":"Other"},"geometry":{"type":"Point","coordinates":[73.32565138774082,1.791453135318433]}},{"type":"Feature","properties":{"atoll":"Laamu","islandName":"Kalhurahaa","longitude":"73° 15' 23.920\"E","latitude":"1°50'39.615\" N","V01":"0","V02":"0","V03":"0","category2":"Other"},"geometry":{"type":"Point","coordinates":[73.25664431669932,1.844337634179093]}},{"type":"Feature","properties":{"atoll":"Laamu","islandName":"Bokaiyfushi","longitude":"73° 32' 5.478\"E","latitude":"1°59'56.367\" N","V01":"0","V02":"0","V03":"0","category2":"Other"},"geometry":{"type":"Point","coordinates":[73.53485489399306,1.998990744116554]}},{"type":"Feature","properties":{"atoll":"Laamu","islandName":"Hendha","longitude":"73° 16' 27.796\"E","latitude":"1°49'18.505\" N","V01":"0","V02":"0","V03":"0","category2":"Other"},"geometry":{"type":"Point","coordinates":[73.27438765044164,1.821806976748246]}},{"type":"Feature","properties":{"atoll":"Laamu","islandName":"Uvadhevifushi","longitude":"73° 32' 13.969\"E","latitude":"1°58'44.761\" N","V01":"0","V02":"0","V03":"0","category2":"Other"},"geometry":{"type":"Point","coordinates":[73.53721353469348,1.979100373228301]}},{"type":"Feature","properties":{"atoll":"Laamu","islandName":"Kanuhuraa","longitude":"73° 31' 56.588\"E","latitude":"2°2'45.834\" N","V01":"0","V02":"0","V03":"0","category2":"Other"},"geometry":{"type":"Point","coordinates":[73.53238563912618,2.04606487637263]}},{"type":"Feature","properties":{"atoll":"Laamu","islandName":"Maaveshi","longitude":"73° 16' 17.547\"E","latitude":"1°49'58.369\" N","V01":"0","V02":"0","V03":"0","category2":"Other"},"geometry":{"type":"Point","coordinates":[73.271540833215,1.832880277129519]}},{"type":"Feature","properties":{"atoll":"Laamu","islandName":"Haiythoshi","longitude":"73° 15' 30.609\"E","latitude":"1°50'31.225\" N","V01":"0","V02":"0","V03":"0","category2":"Other"},"geometry":{"type":"Point","coordinates":[73.2585024856739,1.842007062431417]}},{"type":"Feature","properties":{"atoll":"Laamu","islandName":"Kandaru","longitude":"73° 32' 11.150\"E","latitude":"2°3'38.992\" N","V01":"0","V02":"0","V03":"0","category2":"Agriculture"},"geometry":{"type":"Point","coordinates":[73.53643043423675,2.060831138410057]}},{"type":"Feature","properties":{"atoll":"Laamu","islandName":"Hikan'dhirahaa","longitude":"73° 32' 11.599\"E","latitude":"2°3'29.938\" N","V01":"0","V02":"0","V03":"0","category2":"Other"},"geometry":{"type":"Point","coordinates":[73.53655522236261,2.058316096833097]}},{"type":"Feature","properties":{"atoll":"Laamu","islandName":"Bodumaabulhali","longitude":"73° 15' 19.281\"E","latitude":"1°50'57.983\" N","V01":"0","V02":"0","V03":"0","category2":"Other"},"geometry":{"type":"Point","coordinates":[73.25535587844293,1.849439741619671]}},{"type":"Feature","properties":{"atoll":"Laamu","islandName":"Rahaa","longitude":"73° 32' 4.342\"E","latitude":"2°3'14.641\" N","V01":"0","V02":"0","V03":"0","category2":"Other"},"geometry":{"type":"Point","coordinates":[73.53453955722921,2.054066971576151]}},{"type":"Feature","properties":{"atoll":"Laamu","islandName":null,"longitude":"73° 31' 56.173\"E","latitude":"2°2'35.371\" N","V01":"0","V02":"0","V03":"0","category2":"Other"},"geometry":{"type":"Point","coordinates":[73.53227030810095,2.043158676881486]}},{"type":"Feature","properties":{"atoll":"Laamu","islandName":null,"longitude":"73° 27' 17.767\"E","latitude":"1°49'44.658\" N","V01":"0","V02":"0","V03":"0","category2":"Other"},"geometry":{"type":"Point","coordinates":[73.4549351405152,1.829071614447464]}},{"type":"Feature","properties":{"atoll":"Laamu","islandName":null,"longitude":"73° 32' 30.261\"E","latitude":"2°6'4.592\" N","V01":"0","V02":"0","V03":"0","category2":"Other"},"geometry":{"type":"Point","coordinates":[73.54173910893262,2.101275510235759]}},{"type":"Feature","properties":{"atoll":"Laamu","islandName":null,"longitude":"73° 32' 28.048\"E","latitude":"2°6'6.309\" N","V01":"0","V02":"0","V03":"0","category2":"Other"},"geometry":{"type":"Point","coordinates":[73.54112445591213,2.101752476402393]}},{"type":"Feature","properties":{"atoll":"Laamu","islandName":null,"longitude":"73° 32' 31.424\"E","latitude":"2°6'14.986\" N","V01":"0","V02":"0","V03":"0","category2":"Other"},"geometry":{"type":"Point","coordinates":[73.54206215192967,2.104162894868527]}},{"type":"Feature","properties":{"atoll":"Laamu","islandName":"Maafushi","longitude":"73° 20' 2.918\"E","latitude":"1°47'30.328\" N","V01":"0","V02":"0","V03":"0","category2":"Other"},"geometry":{"type":"Point","coordinates":[73.33414390675614,1.791757770028442]}},{"type":"Feature","properties":{"atoll":"Laamu","islandName":"Maakalhuveli","longitude":"73° 20' 22.570\"E","latitude":"1°47'20.829\" N","V01":"0","V02":"0","V03":"0","category2":"Other"},"geometry":{"type":"Point","coordinates":[73.33960267089753,1.789119091749707]}},{"type":"Feature","properties":{"atoll":"Laamu","islandName":"Guraidhoo","longitude":"73° 15' 16.854\"E","latitude":"1°54'24.699\" N","V01":"0","V02":"0","V03":"0","category2":"Other"},"geometry":{"type":"Point","coordinates":[73.25468166237688,1.906860874066353]}},{"type":"Feature","properties":{"atoll":"Laamu","islandName":"Kuredhirehaa","longitude":"73° 21' 16.385\"E","latitude":"1°46'50.141\" N","V01":"0","V02":"0","V03":"0","category2":"Other"},"geometry":{"type":"Point","coordinates":[73.3545514051507,1.780594585009669]}},{"type":"Feature","properties":{"atoll":"Laamu","islandName":"Kudafenrehaa","longitude":"73° 17' 21.315\"E","latitude":"1°48'33.841\" N","V01":"0","V02":"0","V03":"0","category2":"Other"},"geometry":{"type":"Point","coordinates":[73.2892541869649,1.809400231891588]}},{"type":"Feature","properties":{"atoll":"Laamu","islandName":"Kudafushi","longitude":"73° 19' 54.421\"E","latitude":"1°47'17.446\" N","V01":"0","V02":"0","V03":"0","category2":"Agriculture"},"geometry":{"type":"Point","coordinates":[73.33178349613898,1.788179385452923]}},{"type":"Feature","properties":{"atoll":"Laamu","islandName":"Fushi","longitude":"73° 31' 55.856\"E","latitude":"2°2'58.458\" N","V01":"0","V02":"0","V03":"0","category2":"Other"},"geometry":{"type":"Point","coordinates":[73.53218228966938,2.049571653869675]}},{"type":"Feature","properties":{"atoll":"Laamu","islandName":"Mendhoo","longitude":"73° 22' 53.629\"E","latitude":"1°47'12.926\" N","V01":"0","V02":"0","V03":"0","category2":"Agriculture"},"geometry":{"type":"Point","coordinates":[73.38156348037748,1.786923926261]}},{"type":"Feature","properties":{"atoll":"Laamu","islandName":"Fenboarahaa","longitude":"73° 17' 8.871\"E","latitude":"1°48'36.752\" N","V01":"0","V02":"0","V03":"0","category2":"Other"},"geometry":{"type":"Point","coordinates":[73.28579751883683,1.810208813983253]}},{"type":"Feature","properties":{"atoll":"Laamu","islandName":"Thathunrahaa","longitude":"73° 16' 5.092\"E","latitude":"1°49'49.176\" N","V01":"0","V02":"0","V03":"0","category2":"Other"},"geometry":{"type":"Point","coordinates":[73.26808104305108,1.830326737603993]}},{"type":"Feature","properties":{"atoll":"Laamu","islandName":"Kudamungnafushi","longitude":"73° 18' 50.317\"E","latitude":"1°59'35.701\" N","V01":"0","V02":"0","V03":"0","category2":"Other"},"geometry":{"type":"Point","coordinates":[73.31397684541376,1.993250405833283]}},{"type":"Feature","properties":{"atoll":"Laamu","islandName":"Bodufinolhu","longitude":"73° 22' 21.541\"E","latitude":"2°1'41.145\" N","V01":"0","V02":"0","V03":"0","category2":"Other"},"geometry":{"type":"Point","coordinates":[73.37265036077288,2.028095941929695]}},{"type":"Feature","properties":{"atoll":"Laamu","islandName":"Kokurahaa","longitude":"73° 15' 18.448\"E","latitude":"1°51'14.826\" N","V01":"0","V02":"0","V03":"0","category2":"Other"},"geometry":{"type":"Point","coordinates":[73.25512433643783,1.854118316908312]}},{"type":"Feature","properties":{"atoll":"Laamu","islandName":"Kudamahigulhi","longitude":"73° 19' 41.463\"E","latitude":"1°47'14.171\" N","V01":"0","V02":"0","V03":"0","category2":"Other"},"geometry":{"type":"Point","coordinates":[73.32818420017695,1.787269725503149]}},{"type":"Feature","properties":{"atoll":"Laamu","islandName":"Boduhuraa","longitude":"73° 30' 56.508\"E","latitude":"1°50'40.263\" N","V01":"0","V02":"0","V03":"0","category2":"Other"},"geometry":{"type":"Point","coordinates":[73.5156965994089,1.844517627009419]}},{"type":"Feature","properties":{"atoll":"Laamu","islandName":"Uthuruvinagan'du","longitude":"73° 16' 42.022\"E","latitude":"1°49'3.103\" N","V01":"0","V02":"0","V03":"0","category2":"Other"},"geometry":{"type":"Point","coordinates":[73.27833931064319,1.817528701246522]}},{"type":"Feature","properties":{"atoll":"Laamu","islandName":"Kudamaabulhali","longitude":"73° 15' 9.888\"E","latitude":"1°50'50.000\" N","V01":"0","V02":"0","V03":"0","category2":"Other"},"geometry":{"type":"Point","coordinates":[73.25274671522686,1.847222149164773]}},{"type":"Feature","properties":{"atoll":"Laamu","islandName":null,"longitude":"73° 27' 17.001\"E","latitude":"1°49'41.421\" N","V01":"0","V02":"0","V03":"0","category2":"Other"},"geometry":{"type":"Point","coordinates":[73.45472248664349,1.828172504806944]}},{"type":"Feature","properties":{"atoll":"Laamu","islandName":null,"longitude":"73° 17' 0.229\"E","latitude":"1°49'20.163\" N","V01":"0","V02":"0","V03":"0","category2":"Other"},"geometry":{"type":"Point","coordinates":[73.28339705483216,1.822267542457803]}},{"type":"Feature","properties":{"atoll":"Laamu","islandName":null,"longitude":"73° 18' 48.725\"E","latitude":"1°48'20.763\" N","V01":"0","V02":"0","V03":"0","category2":"Other"},"geometry":{"type":"Point","coordinates":[73.31353467681787,1.805767416567954]}},{"type":"Feature","properties":{"atoll":"Laamu","islandName":null,"longitude":"73° 32' 7.202\"E","latitude":"2°3'18.461\" N","V01":"0","V02":"0","V03":"0","category2":"Other"},"geometry":{"type":"Point","coordinates":[73.5353339233616,2.055128062243863]}},{"type":"Feature","properties":{"atoll":"Laamu","islandName":null,"longitude":"73° 29' 0.593\"E","latitude":"1°49'27.997\" N","V01":"0","V02":"0","V03":"0","category2":"Other"},"geometry":{"type":"Point","coordinates":[73.48349800630099,1.824443528082096]}},{"type":"Feature","properties":{"atoll":"Laamu","islandName":null,"longitude":"73° 24' 51.493\"E","latitude":"1°49'23.208\" N","V01":"0","V02":"0","V03":"0","category2":"Other"},"geometry":{"type":"Point","coordinates":[73.4143035761388,1.823113373196198]}},{"type":"Feature","properties":{"atoll":"Laamu","islandName":null,"longitude":"73° 22' 10.802\"E","latitude":"1°47'40.949\" N","V01":"0","V02":"0","V03":"0","category2":"Other"},"geometry":{"type":"Point","coordinates":[73.36966712167552,1.794708134110146]}},{"type":"Feature","properties":{"atoll":"Laamu","islandName":"Fares","longitude":"73° 18' 3.445\"E","latitude":"1°47'57.759\" N","V01":"0","V02":"0","V03":"0","category2":"Tourism"},"geometry":{"type":"Point","coordinates":[73.30095692499832,1.799377608677767]}},{"type":"Feature","properties":{"atoll":"Laamu","islandName":"Bodufinolhu","longitude":"73° 32' 25.695\"E","latitude":"1°56'42.838\" N","V01":"0","V02":"0","V03":"0","category2":"Other"},"geometry":{"type":"Point","coordinates":[73.54047092474285,1.945232732409441]}},{"type":"Feature","properties":{"atoll":"Laamu","islandName":"Mahakanfushi","longitude":"73° 32' 26.302\"E","latitude":"1°57'32.359\" N","V01":"0","V02":"0","V03":"0","category2":"Other"},"geometry":{"type":"Point","coordinates":[73.54063954594416,1.958988472663372]}},{"type":"Feature","properties":{"atoll":"Laamu","islandName":"Medhuvinagan'du","longitude":"73° 16' 41.422\"E","latitude":"1°48'59.311\" N","V01":"0","V02":"0","V03":"0","category2":"Other"},"geometry":{"type":"Point","coordinates":[73.27817290369823,1.816475308629918]}},{"type":"Feature","properties":{"atoll":"Lhaviyani","islandName":"Lhohi","longitude":"73° 28' 22.153\"E","latitude":"5°19'17.919\" N","V01":"0","V02":"0","V03":"0","category2":"Agriculture"},"geometry":{"type":"Point","coordinates":[73.47282022308575,5.32164423822504]}},{"type":"Feature","properties":{"atoll":"Lhaviyani","islandName":"Felivaru","longitude":"73° 23' 1.570\"E","latitude":"5°28'29.071\" N","V01":"0","V02":"0","V03":"0","category2":"Fisheries"},"geometry":{"type":"Point","coordinates":[73.38376932223444,5.474741892274761]}},{"type":"Feature","properties":{"atoll":"Lhaviyani","islandName":"Kalhumanjehuraa","longitude":"73° 29' 0.069\"E","latitude":"5°33'12.100\" N","V01":"0","V02":"0","V03":"0","category2":"Other"},"geometry":{"type":"Point","coordinates":[73.48335248641061,5.553361126777165]}},{"type":"Feature","properties":{"atoll":"Lhaviyani","islandName":"Fehigili","longitude":"73° 28' 52.820\"E","latitude":"5°33'26.766\" N","V01":"0","V02":"0","V03":"0","category2":"Other"},"geometry":{"type":"Point","coordinates":[73.48133888518343,5.557434867134939]}},{"type":"Feature","properties":{"atoll":"Lhaviyani","islandName":"Vavvaru","longitude":"73° 21' 17.852\"E","latitude":"5°25'3.301\" N","V01":"0","V02":"0","V03":"0","category2":"Other"},"geometry":{"type":"Point","coordinates":[73.35495891794882,5.417583512587904]}},{"type":"Feature","properties":{"atoll":"Lhaviyani","islandName":"Maakoa","longitude":"73° 25' 49.314\"E","latitude":"5°21'26.506\" N","V01":"0","V02":"0","V03":"0","category2":"Other"},"geometry":{"type":"Point","coordinates":[73.43036510502566,5.357362915552596]}},{"type":"Feature","properties":{"atoll":"Lhaviyani","islandName":"Maabinhuraa","longitude":"73° 39' 8.517\"E","latitude":"5°20'17.785\" N","V01":"0","V02":"0","V03":"0","category2":"Tourism"},"geometry":{"type":"Point","coordinates":[73.652365936702,5.338273511912534]}},{"type":"Feature","properties":{"atoll":"Lhaviyani","islandName":"Maduvvari","longitude":"73° 30' 8.055\"E","latitude":"5°17'5.751\" N","V01":"0","V02":"0","V03":"0","category2":"Agriculture"},"geometry":{"type":"Point","coordinates":[73.50223737592727,5.284930754654171]}},{"type":"Feature","properties":{"atoll":"Lhaviyani","islandName":"Dheruffinolhu","longitude":"73° 38' 50.102\"E","latitude":"5°19'28.258\" N","V01":"0","V02":"0","V03":"0","category2":"Tourism"},"geometry":{"type":"Point","coordinates":[73.64725067344638,5.324516017898478]}},{"type":"Feature","properties":{"atoll":"Lhaviyani","islandName":"Meedhaahuraa","longitude":"73° 24' 27.688\"E","latitude":"5°22'9.708\" N","V01":"0","V02":"0","V03":"0","category2":"Other"},"geometry":{"type":"Point","coordinates":[73.40769101910452,5.369363198184145]}},{"type":"Feature","properties":{"atoll":"Lhaviyani","islandName":"Hudhufushi","longitude":"73° 39' 5.120\"E","latitude":"5°21'49.934\" N","V01":"0","V02":"0","V03":"0","category2":"Other"},"geometry":{"type":"Point","coordinates":[73.65142232258505,5.363870555756805]}},{"type":"Feature","properties":{"atoll":"Lhaviyani","islandName":"Kurehdhoo","longitude":"73° 28' 2.115\"E","latitude":"5°33'2.410\" N","V01":"0","V02":"0","V03":"0","category2":"Tourism"},"geometry":{"type":"Point","coordinates":[73.46725407253834,5.550669432002763]}},{"type":"Feature","properties":{"atoll":"Lhaviyani","islandName":"Medhafushi","longitude":"73° 25' 36.892\"E","latitude":"5°21'20.002\" N","V01":"0","V02":"0","V03":"0","category2":"Other"},"geometry":{"type":"Point","coordinates":[73.42691437501003,5.355555989558922]}},{"type":"Feature","properties":{"atoll":"Lhaviyani","islandName":"Kanuhuraa","longitude":"73° 30' 22.239\"E","latitude":"5°31'58.331\" N","V01":"0","V02":"0","V03":"0","category2":"Tourism"},"geometry":{"type":"Point","coordinates":[73.50617737031553,5.532869693849668]}},{"type":"Feature","properties":{"atoll":"Lhaviyani","islandName":"Madivaru","longitude":"73° 22' 12.891\"E","latitude":"5°27'31.477\" N","V01":"0","V02":"0","V03":"0","category2":"Other"},"geometry":{"type":"Point","coordinates":[73.37024753594093,5.458743691481779]}},{"type":"Feature","properties":{"atoll":"Lhaviyani","islandName":"Veyvah","longitude":"73° 21' 40.389\"E","latitude":"5°25'30.874\" N","V01":"0","V02":"0","V03":"0","category2":"Other"},"geometry":{"type":"Point","coordinates":[73.36121911863206,5.425242901527692]}},{"type":"Feature","properties":{"atoll":"Lhaviyani","islandName":"Bodufinolhu","longitude":"73° 34' 17.056\"E","latitude":"5°16'12.880\" N","V01":"0","V02":"0","V03":"0","category2":"Other"},"geometry":{"type":"Point","coordinates":[73.5714043303694,5.270244443358745]}},{"type":"Feature","properties":{"atoll":"Lhaviyani","islandName":"Vihafarufinolhu","longitude":"73° 34' 56.175\"E","latitude":"5°27'20.431\" N","V01":"0","V02":"0","V03":"0","category2":"Other"},"geometry":{"type":"Point","coordinates":[73.5822707538235,5.455675176306795]}},{"type":"Feature","properties":{"atoll":"Lhaviyani","islandName":"Meyyafushi","longitude":"73° 36' 29.068\"E","latitude":"5°26'29.274\" N","V01":"0","V02":"0","V03":"0","category2":"Other"},"geometry":{"type":"Point","coordinates":[73.60807452638235,5.441465016984793]}},{"type":"Feature","properties":{"atoll":"Lhaviyani","islandName":"Olhuvelifushi","longitude":"73° 36' 24.345\"E","latitude":"5°16'42.633\" N","V01":"703","V02":"353","V03":"350","category2":"Other"},"geometry":{"type":"Point","coordinates":[73.60676258708396,5.2785092507677]}},{"type":"Feature","properties":{"atoll":"Lhaviyani","islandName":"Maidhoo","longitude":"73° 38' 55.127\"E","latitude":"5°23'52.735\" N","V01":"0","V02":"0","V03":"0","category2":"Other"},"geometry":{"type":"Point","coordinates":[73.64864626608295,5.397982010751357]}},{"type":"Feature","properties":{"atoll":"Lhaviyani","islandName":"Faadhoo","longitude":"73° 37' 49.690\"E","latitude":"5°25'53.711\" N","V01":"0","V02":"0","V03":"0","category2":"Agriculture"},"geometry":{"type":"Point","coordinates":[73.63046956216054,5.431586393755312]}},{"type":"Feature","properties":{"atoll":"Lhaviyani","islandName":"Dhehuraa Evvihuraa","longitude":"73° 29' 22.022\"E","latitude":"5°33'16.905\" N","V01":"0","V02":"0","V03":"0","category2":"Other"},"geometry":{"type":"Point","coordinates":[73.48945066118182,5.554695736130231]}},{"type":"Feature","properties":{"atoll":"Lhaviyani","islandName":"Varihuraa","longitude":"73° 29' 17.328\"E","latitude":"5°18'12.450\" N","V01":"0","V02":"0","V03":"0","category2":"Other"},"geometry":{"type":"Point","coordinates":[73.48814673269906,5.303458377840214]}},{"type":"Feature","properties":{"atoll":"Lhaviyani","islandName":"Innahuraa","longitude":"73° 39' 14.838\"E","latitude":"5°21'1.112\" N","V01":"0","V02":"0","V03":"0","category2":"Tourism"},"geometry":{"type":"Point","coordinates":[73.6541215694987,5.350308806797585]}},{"type":"Feature","properties":{"atoll":"Lhaviyani","islandName":"Bodufaahuraa","longitude":"73° 39' 25.458\"E","latitude":"5°19'56.585\" N","V01":"0","V02":"0","V03":"0","category2":"Other"},"geometry":{"type":"Point","coordinates":[73.65707161680669,5.332384792475374]}},{"type":"Feature","properties":{"atoll":"Lhaviyani","islandName":"Masleggihuraa","longitude":"73° 30' 2.937\"E","latitude":"5°32'37.640\" N","V01":"0","V02":"0","V03":"0","category2":"Other"},"geometry":{"type":"Point","coordinates":[73.50081576342707,5.543788846307626]}},{"type":"Feature","properties":{"atoll":"Lhaviyani","islandName":"Thilamaafushi","longitude":"73° 35' 13.771\"E","latitude":"5°16'23.957\" N","V01":"0","V02":"0","V03":"0","category2":"Tourism"},"geometry":{"type":"Point","coordinates":[73.58715861481649,5.273321252648554]}},{"type":"Feature","properties":{"atoll":"Lhaviyani","islandName":"Boamandhipparu Huraagan'du","longitude":"73° 30' 38.158\"E","latitude":"5°29'53.216\" N","V01":"0","V02":"0","V03":"0","category2":"Other"},"geometry":{"type":"Point","coordinates":[73.51059952766191,5.498115443076612]}},{"type":"Feature","properties":{"atoll":"Lhaviyani","islandName":"Huravalhi","longitude":"73° 26' 29.592\"E","latitude":"5°31'16.225\" N","V01":"0","V02":"0","V03":"0","category2":"Tourism"},"geometry":{"type":"Point","coordinates":[73.44155346654537,5.521173622419167]}},{"type":"Feature","properties":{"atoll":"Lhaviyani","islandName":"Gaaerifaru","longitude":"73° 24' 12.660\"E","latitude":"5°29'7.665\" N","V01":"0","V02":"0","V03":"0","category2":"Fisheries"},"geometry":{"type":"Point","coordinates":[73.40351668401213,5.485462512265699]}},{"type":"Feature","properties":{"atoll":"Lhaviyani","islandName":"Fushifaru","longitude":"73° 30' 54.643\"E","latitude":"5°29'28.555\" N","V01":"0","V02":"0","V03":"0","category2":"Tourism"},"geometry":{"type":"Point","coordinates":[73.51517868315096,5.491265156845233]}},{"type":"Feature","properties":{"atoll":"Lhaviyani","islandName":"Dhashugirifinolhu","longitude":"73° 25' 30.027\"E","latitude":"5°25'18.168\" N","V01":"0","V02":"0","V03":"0","category2":"Other"},"geometry":{"type":"Point","coordinates":[73.4250076230469,5.421713470758032]}},{"type":"Feature","properties":{"atoll":"Lhaviyani","islandName":"Komandoo","longitude":"73° 25' 27.393\"E","latitude":"5°29'36.123\" N","V01":"0","V02":"0","V03":"0","category2":"Tourism"},"geometry":{"type":"Point","coordinates":[73.42427576947802,5.493367491493398]}},{"type":"Feature","properties":{"atoll":"Lhaviyani","islandName":null,"longitude":"73° 21' 12.173\"E","latitude":"5°22'16.773\" N","V01":"0","V02":"0","V03":"0","category2":"Other"},"geometry":{"type":"Point","coordinates":[73.35338141308505,5.371325846104376]}},{"type":"Feature","properties":{"atoll":"Lhaviyani","islandName":"Dhihdhoo","longitude":"73° 22' 57.686\"E","latitude":"5°22'34.343\" N","V01":"0","V02":"0","V03":"0","category2":"Other"},"geometry":{"type":"Point","coordinates":[73.38269050632165,5.376206517893275]}},{"type":"Feature","properties":{"atoll":"Lhaviyani","islandName":"Lhossalafushi","longitude":"73° 28' 59.407\"E","latitude":"5°18'28.465\" N","V01":"0","V02":"0","V03":"0","category2":"Other"},"geometry":{"type":"Point","coordinates":[73.48316847606637,5.307906903901931]}},{"type":"Feature","properties":{"atoll":"Lhaviyani","islandName":"Ookolhufinolhu","longitude":"73° 37' 22.323\"E","latitude":"5°16'54.993\" N","V01":"0","V02":"0","V03":"0","category2":"Tourism"},"geometry":{"type":"Point","coordinates":[73.62286752400152,5.281942393845906]}},{"type":"Feature","properties":{"atoll":"Lhaviyani","islandName":null,"longitude":"73° 21' 6.179\"E","latitude":"5°24'27.526\" N","V01":"0","V02":"0","V03":"0","category2":"Other"},"geometry":{"type":"Point","coordinates":[73.35171629257457,5.407646110344264]}},{"type":"Feature","properties":{"atoll":"Lhaviyani","islandName":null,"longitude":"73° 29' 1.996\"E","latitude":"5°33'26.293\" N","V01":"0","V02":"0","V03":"0","category2":"Other"},"geometry":{"type":"Point","coordinates":[73.48388783841585,5.557303703332756]}},{"type":"Feature","properties":{"atoll":"Lhaviyani","islandName":"Veligan'du","longitude":"73° 26' 15.860\"E","latitude":"5°31'41.981\" N","V01":"0","V02":"0","V03":"0","category2":"Other"},"geometry":{"type":"Point","coordinates":[73.43773883718416,5.528327977137866]}},{"type":"Feature","properties":{"atoll":"Lhaviyani","islandName":null,"longitude":"73° 23' 30.422\"E","latitude":"5°22'35.962\" N","V01":"0","V02":"0","V03":"0","category2":"Other"},"geometry":{"type":"Point","coordinates":[73.3917839560098,5.376656204483862]}},{"type":"Feature","properties":{"atoll":"Lhaviyani","islandName":null,"longitude":"73° 23' 23.841\"E","latitude":"5°22'35.910\" N","V01":"0","V02":"0","V03":"0","category2":"Other"},"geometry":{"type":"Point","coordinates":[73.38995589918368,5.376641585376845]}},{"type":"Feature","properties":{"atoll":"Lhaviyani","islandName":null,"longitude":"73° 22' 26.768\"E","latitude":"5°22'32.374\" N","V01":"0","V02":"0","V03":"0","category2":"Other"},"geometry":{"type":"Point","coordinates":[73.3741023170873,5.375659350248294]}},{"type":"Feature","properties":{"atoll":"Lhaviyani","islandName":null,"longitude":"73° 22' 20.895\"E","latitude":"5°22'29.434\" N","V01":"0","V02":"0","V03":"0","category2":"Other"},"geometry":{"type":"Point","coordinates":[73.37247087222596,5.374842677340361]}},{"type":"Feature","properties":{"atoll":"Lhaviyani","islandName":null,"longitude":"73° 21' 17.858\"E","latitude":"5°22'19.455\" N","V01":"0","V02":"0","V03":"0","category2":"Other"},"geometry":{"type":"Point","coordinates":[73.35496061505467,5.372070938039907]}},{"type":"Feature","properties":{"atoll":"Lhaviyani","islandName":null,"longitude":"73° 25' 8.606\"E","latitude":"5°22'4.516\" N","V01":"0","V02":"0","V03":"0","category2":"Other"},"geometry":{"type":"Point","coordinates":[73.41905719292733,5.367921231358729]}},{"type":"Feature","properties":{"atoll":"Lhaviyani","islandName":"Faadhoohuraagan'du","longitude":"73° 37' 10.991\"E","latitude":"5°26'9.222\" N","V01":"0","V02":"0","V03":"0","category2":"Agriculture"},"geometry":{"type":"Point","coordinates":[73.61971977978746,5.435894888282061]}},{"type":"Feature","properties":{"atoll":"Lhaviyani","islandName":null,"longitude":"73° 38' 31.624\"E","latitude":"5°18'55.618\" N","V01":"0","V02":"0","V03":"0","category2":"Other"},"geometry":{"type":"Point","coordinates":[73.6421177335709,5.315449351044621]}},{"type":"Feature","properties":{"atoll":"Lhaviyani","islandName":null,"longitude":"73° 25' 32.638\"E","latitude":"5°29'52.080\" N","V01":"0","V02":"0","V03":"0","category2":"Other"},"geometry":{"type":"Point","coordinates":[73.4257326779985,5.497799958462162]}},{"type":"Feature","properties":{"atoll":"Lhaviyani","islandName":"Madhiriguraidhoo","longitude":"73° 33' 43.795\"E","latitude":"5°28'3.029\" N","V01":"0","V02":"0","V03":"0","category2":"Other"},"geometry":{"type":"Point","coordinates":[73.56216514487383,5.467508066717768]}},{"type":"Feature","properties":{"atoll":"Lhaviyani","islandName":"Medha Adihuraa","longitude":"73° 30' 9.495\"E","latitude":"5°32'27.176\" N","V01":"0","V02":"0","V03":"0","category2":"Other"},"geometry":{"type":"Point","coordinates":[73.50263743106024,5.540882179845768]}},{"type":"Feature","properties":{"atoll":"Lhaviyani","islandName":"Kudadhoo","longitude":"73° 26' 0.840\"E","latitude":"5°30'10.307\" N","V01":"0","V02":"0","V03":"0","category2":"Tourism"},"geometry":{"type":"Point","coordinates":[73.43356673041626,5.502862969419231]}},{"type":"Feature","properties":{"atoll":"Lhaviyani","islandName":"Kanifushi","longitude":"73° 20' 9.292\"E","latitude":"5°21'52.026\" N","V01":"0","V02":"0","V03":"0","category2":"Tourism"},"geometry":{"type":"Point","coordinates":[73.33591452821636,5.364451733233328]}},{"type":"Feature","properties":{"atoll":"Lhaviyani","islandName":null,"longitude":"73° 29' 47.507\"E","latitude":"5°32'45.514\" N","V01":"0","V02":"0","V03":"0","category2":"Other"},"geometry":{"type":"Point","coordinates":[73.49652971686804,5.545976113093838]}},{"type":"Feature","properties":{"atoll":"Lhaviyani","islandName":"Hiriyadhoo","longitude":"73° 38' 36.828\"E","latitude":"5°24'54.651\" N","V01":"0","V02":"0","V03":"0","category2":"Other"},"geometry":{"type":"Point","coordinates":[73.64356335147966,5.415180962302556]}},{"type":"Feature","properties":{"atoll":"Lhaviyani","islandName":"Dhiffushi","longitude":"73° 38' 58.071\"E","latitude":"5°23'12.784\" N","V01":"0","V02":"0","V03":"0","category2":"Other"},"geometry":{"type":"Point","coordinates":[73.64946423097808,5.386884337708751]}},{"type":"Feature","properties":{"atoll":"Lhaviyani","islandName":"Sehlhifushi","longitude":"73° 38' 23.661\"E","latitude":"5°25'22.723\" N","V01":"0","V02":"0","V03":"0","category2":"Other"},"geometry":{"type":"Point","coordinates":[73.63990579819145,5.422978702638326]}},{"type":"Feature","properties":{"atoll":"Lhaviyani","islandName":"Dhirun'baahuraa","longitude":"73° 39' 30.944\"E","latitude":"5°21'14.292\" N","V01":"0","V02":"0","V03":"0","category2":"Other"},"geometry":{"type":"Point","coordinates":[73.65859562416715,5.353969882179229]}},{"type":"Feature","properties":{"atoll":"Lhaviyani","islandName":"Fainuaadhanuhuraa","longitude":"73° 39' 28.029\"E","latitude":"5°21'30.673\" N","V01":"0","V02":"0","V03":"0","category2":"Other"},"geometry":{"type":"Point","coordinates":[73.65778572774258,5.358520395593325]}},{"type":"Feature","properties":{"atoll":"Lhaviyani","islandName":"Govvaafushi","longitude":"73° 39' 30.589\"E","latitude":"5°21'25.764\" N","V01":"0","V02":"0","V03":"0","category2":"Other"},"geometry":{"type":"Point","coordinates":[73.65849685662651,5.357156744421596]}},{"type":"Feature","properties":{"atoll":"Lhaviyani","islandName":"Aligau","longitude":"73° 30' 59.968\"E","latitude":"5°14'39.005\" N","V01":"0","V02":"0","V03":"0","category2":"Agriculture"},"geometry":{"type":"Point","coordinates":[73.51665765326304,5.244168168458693]}},{"type":"Feature","properties":{"atoll":"Lhaviyani","islandName":null,"longitude":"73° 39' 1.286\"E","latitude":"5°21'4.207\" N","V01":"0","V02":"0","V03":"0","category2":"Other"},"geometry":{"type":"Point","coordinates":[73.6503571355476,5.35116854936498]}},{"type":"Feature","properties":{"atoll":"Lhaviyani","islandName":null,"longitude":"73° 39' 18.344\"E","latitude":"5°20'50.519\" N","V01":"0","V02":"0","V03":"0","category2":"Other"},"geometry":{"type":"Point","coordinates":[73.6550956241166,5.347366307755863]}},{"type":"Feature","properties":{"atoll":"Lhaviyani","islandName":null,"longitude":"73° 39' 26.969\"E","latitude":"5°20'38.871\" N","V01":"0","V02":"0","V03":"0","category2":"Other"},"geometry":{"type":"Point","coordinates":[73.65749129314243,5.34413093220619]}},{"type":"Feature","properties":{"atoll":"Lhaviyani","islandName":null,"longitude":"73° 37' 25.338\"E","latitude":"5°17'7.682\" N","V01":"0","V02":"0","V03":"0","category2":"Other"},"geometry":{"type":"Point","coordinates":[73.62370506529926,5.285467297132894]}},{"type":"Feature","properties":{"atoll":"Lhaviyani","islandName":null,"longitude":"73° 30' 10.520\"E","latitude":"5°31'44.058\" N","V01":"0","V02":"0","V03":"0","category2":"Other"},"geometry":{"type":"Point","coordinates":[73.50292233446648,5.528905043736287]}},{"type":"Feature","properties":{"atoll":"Lhaviyani","islandName":null,"longitude":"73° 35' 18.002\"E","latitude":"5°16'34.989\" N","V01":"0","V02":"0","V03":"0","category2":"Other"},"geometry":{"type":"Point","coordinates":[73.5883339882527,5.276385707697022]}},{"type":"Feature","properties":{"atoll":"Lhaviyani","islandName":null,"longitude":"73° 35' 24.945\"E","latitude":"5°16'37.526\" N","V01":"0","V02":"0","V03":"0","category2":"Other"},"geometry":{"type":"Point","coordinates":[73.59026252067932,5.277090479209942]}},{"type":"Feature","properties":{"atoll":"Lhaviyani","islandName":null,"longitude":"73° 35' 24.652\"E","latitude":"5°16'31.005\" N","V01":"0","V02":"0","V03":"0","category2":"Other"},"geometry":{"type":"Point","coordinates":[73.59018114242285,5.275279192417524]}},{"type":"Feature","properties":{"atoll":"Lhaviyani","islandName":null,"longitude":"73° 30' 55.633\"E","latitude":"5°29'36.858\" N","V01":"0","V02":"0","V03":"0","category2":"Tourism"},"geometry":{"type":"Point","coordinates":[73.51545367171096,5.493571624863015]}},{"type":"Feature","properties":{"atoll":"Lhaviyani","islandName":null,"longitude":"73° 26' 10.113\"E","latitude":"5°30'55.848\" N","V01":"0","V02":"0","V03":"0","category2":"Other"},"geometry":{"type":"Point","coordinates":[73.43614238588336,5.515513254635024]}},{"type":"Feature","properties":{"atoll":"Lhaviyani","islandName":null,"longitude":"73° 25' 57.209\"E","latitude":"5°30'27.094\" N","V01":"0","V02":"0","V03":"0","category2":"Other"},"geometry":{"type":"Point","coordinates":[73.43255793589258,5.507526091168811]}},{"type":"Feature","properties":{"atoll":"Lhaviyani","islandName":null,"longitude":"73° 37' 23.776\"E","latitude":"5°17'37.638\" N","V01":"0","V02":"0","V03":"0","category2":"Other"},"geometry":{"type":"Point","coordinates":[73.62327124810898,5.293788396767403]}},{"type":"Feature","properties":{"atoll":"Lhaviyani","islandName":null,"longitude":"73° 38' 14.978\"E","latitude":"5°18'0.018\" N","V01":"0","V02":"0","V03":"0","category2":"Other"},"geometry":{"type":"Point","coordinates":[73.63749381087273,5.300005030955855]}},{"type":"Feature","properties":{"atoll":"Lhaviyani","islandName":null,"longitude":"73° 38' 36.381\"E","latitude":"5°18'54.139\" N","V01":"0","V02":"0","V03":"0","category2":"Other"},"geometry":{"type":"Point","coordinates":[73.64343919154032,5.315038655098908]}},{"type":"Feature","properties":{"atoll":"Lhaviyani","islandName":null,"longitude":"73° 38' 32.801\"E","latitude":"5°18'43.700\" N","V01":"0","V02":"0","V03":"0","category2":"Other"},"geometry":{"type":"Point","coordinates":[73.64244467499162,5.312138857862396]}},{"type":"Feature","properties":{"atoll":"Meemu","islandName":"Gongalihuraa","longitude":"73° 33' 3.290\"E","latitude":"2°51'14.064\" N","V01":"0","V02":"0","V03":"0","category2":"Other"},"geometry":{"type":"Point","coordinates":[73.55091388368986,2.853906586402341]}},{"type":"Feature","properties":{"atoll":"Meemu","islandName":"Gasveli","longitude":"73° 26' 40.665\"E","latitude":"2°49'12.629\" N","V01":"0","V02":"0","V03":"0","category2":"Other"},"geometry":{"type":"Point","coordinates":[73.44462925703579,2.820174623979739]}},{"type":"Feature","properties":{"atoll":"Meemu","islandName":"Maalhaveli","longitude":"73° 34' 44.247\"E","latitude":"2°54'16.460\" N","V01":"0","V02":"0","V03":"0","category2":"Other"},"geometry":{"type":"Point","coordinates":[73.57895760704152,2.904572113530861]}},{"type":"Feature","properties":{"atoll":"Meemu","islandName":"Medhufushi","longitude":"73° 34' 32.282\"E","latitude":"2°53'10.788\" N","V01":"0","V02":"0","V03":"0","category2":"Tourism"},"geometry":{"type":"Point","coordinates":[73.57563392483648,2.886330121549296]}},{"type":"Feature","properties":{"atoll":"Meemu","islandName":"Gaakurali","longitude":"73° 22' 20.751\"E","latitude":"2°46'44.004\" N","V01":"0","V02":"0","V03":"0","category2":"Agriculture"},"geometry":{"type":"Point","coordinates":[73.37243071903568,2.77888986229823]}},{"type":"Feature","properties":{"atoll":"Meemu","islandName":"Maahuraa","longitude":"73° 25' 41.951\"E","latitude":"2°47'36.577\" N","V01":"0","V02":"0","V03":"0","category2":"Other"},"geometry":{"type":"Point","coordinates":[73.42831967104,2.793493740693168]}},{"type":"Feature","properties":{"atoll":"Meemu","islandName":"Maausfushi","longitude":"73° 25' 55.882\"E","latitude":"2°47'53.268\" N","V01":"0","V02":"0","V03":"0","category2":"Other"},"geometry":{"type":"Point","coordinates":[73.43218952339666,2.798130117355984]}},{"type":"Feature","properties":{"atoll":"Meemu","islandName":null,"longitude":"73° 22' 10.202\"E","latitude":"2°47'5.102\" N","V01":"0","V02":"0","V03":"0","category2":"Other"},"geometry":{"type":"Point","coordinates":[73.36950054778633,2.784750442870433]}},{"type":"Feature","properties":{"atoll":"Meemu","islandName":"Hakuraahuraa","longitude":"73° 32' 21.839\"E","latitude":"2°51'14.232\" N","V01":"0","V02":"0","V03":"0","category2":"Tourism"},"geometry":{"type":"Point","coordinates":[73.53939960303373,2.85395322436813]}},{"type":"Feature","properties":{"atoll":"Meemu","islandName":"Erruhhuraa","longitude":"73° 38' 31.402\"E","latitude":"3°4'11.820\" N","V01":"0","V02":"0","V03":"0","category2":"Other"},"geometry":{"type":"Point","coordinates":[73.64205617501094,3.069949922459446]}},{"type":"Feature","properties":{"atoll":"Meemu","islandName":null,"longitude":"73° 22' 41.282\"E","latitude":"3°3'21.535\" N","V01":"0","V02":"0","V03":"0","category2":"Other"},"geometry":{"type":"Point","coordinates":[73.37813383434121,3.055982031357903]}},{"type":"Feature","properties":{"atoll":"Meemu","islandName":"Seedheehuraa","longitude":"73° 33' 23.529\"E","latitude":"2°51'31.230\" N","V01":"0","V02":"0","V03":"0","category2":"Other"},"geometry":{"type":"Point","coordinates":[73.55653573509561,2.858674961594149]}},{"type":"Feature","properties":{"atoll":"Meemu","islandName":"Boahuraa","longitude":"73° 35' 8.502\"E","latitude":"2°55'33.353\" N","V01":"0","V02":"0","V03":"0","category2":"Other"},"geometry":{"type":"Point","coordinates":[73.5856951231315,2.925931474040195]}},{"type":"Feature","properties":{"atoll":"Meemu","islandName":"Uthurugaseveli","longitude":"73° 37' 7.907\"E","latitude":"3°1'50.278\" N","V01":"0","V02":"0","V03":"0","category2":"Other"},"geometry":{"type":"Point","coordinates":[73.61886306117138,3.030632759484924]}},{"type":"Feature","properties":{"atoll":"Meemu","islandName":null,"longitude":"73° 22' 4.677\"E","latitude":"2°48'35.081\" N","V01":"0","V02":"0","V03":"0","category2":"Other"},"geometry":{"type":"Point","coordinates":[73.36796582928724,2.809744855604714]}},{"type":"Feature","properties":{"atoll":"Meemu","islandName":null,"longitude":"73° 22' 11.030\"E","latitude":"2°49'53.439\" N","V01":"0","V02":"0","V03":"0","category2":"Other"},"geometry":{"type":"Point","coordinates":[73.36973057422246,2.831510722453376]}},{"type":"Feature","properties":{"atoll":"Meemu","islandName":"Kekuraalhuveli","longitude":"73° 27' 30.003\"E","latitude":"2°49'46.958\" N","V01":"0","V02":"0","V03":"0","category2":"Other"},"geometry":{"type":"Point","coordinates":[73.45833403798517,2.82971064090433]}},{"type":"Feature","properties":{"atoll":"Meemu","islandName":"Dhihthun'di","longitude":"73° 25' 17.749\"E","latitude":"2°45'56.280\" N","V01":"0","V02":"0","V03":"0","category2":"Other"},"geometry":{"type":"Point","coordinates":[73.42159694221596,2.765633402887897]}},{"type":"Feature","properties":{"atoll":"Meemu","islandName":"Kudausfushi","longitude":"73° 26' 0.116\"E","latitude":"2°48'11.113\" N","V01":"0","V02":"0","V03":"0","category2":"Other"},"geometry":{"type":"Point","coordinates":[73.43336550239356,2.803087034921388]}},{"type":"Feature","properties":{"atoll":"Meemu","islandName":"Madifushi","longitude":"73° 38' 18.204\"E","latitude":"3°4'52.136\" N","V01":"0","V02":"0","V03":"0","category2":"Tourism"},"geometry":{"type":"Point","coordinates":[73.63839008592745,3.081148848046459]}},{"type":"Feature","properties":{"atoll":"Meemu","islandName":"Etherefasgan'du","longitude":"73° 25' 4.214\"E","latitude":"2°46'43.984\" N","V01":"0","V02":"0","V03":"0","category2":"Other"},"geometry":{"type":"Point","coordinates":[73.41783727950394,2.77888433009872]}},{"type":"Feature","properties":{"atoll":"Meemu","islandName":"Hurasveli","longitude":"73° 37' 4.968\"E","latitude":"3°1'8.722\" N","V01":"0","V02":"0","V03":"0","category2":"Other"},"geometry":{"type":"Point","coordinates":[73.61804679007668,3.019089490386579]}},{"type":"Feature","properties":{"atoll":"Meemu","islandName":null,"longitude":"73° 22' 40.964\"E","latitude":"3°3'47.751\" N","V01":"0","V02":"0","V03":"0","category2":"Other"},"geometry":{"type":"Point","coordinates":[73.37804553101435,3.063264062260211]}},{"type":"Feature","properties":{"atoll":"Meemu","islandName":null,"longitude":"73° 22' 44.817\"E","latitude":"3°1'31.165\" N","V01":"0","V02":"0","V03":"0","category2":"Other"},"geometry":{"type":"Point","coordinates":[73.37911591295973,3.025323746209879]}},{"type":"Feature","properties":{"atoll":"Meemu","islandName":null,"longitude":"73° 22' 8.924\"E","latitude":"2°47'12.506\" N","V01":"0","V02":"0","V03":"0","category2":"Other"},"geometry":{"type":"Point","coordinates":[73.36914549466367,2.786807106283525]}},{"type":"Feature","properties":{"atoll":"Meemu","islandName":"Uthuruboduveli","longitude":"73° 36' 57.329\"E","latitude":"3°1'43.728\" N","V01":"0","V02":"0","V03":"0","category2":"Other"},"geometry":{"type":"Point","coordinates":[73.61592485829279,3.028813249295638]}},{"type":"Feature","properties":{"atoll":"Meemu","islandName":"Hudhuveli","longitude":"73° 37' 10.332\"E","latitude":"3°2'10.892\" N","V01":"0","V02":"0","V03":"0","category2":"Other"},"geometry":{"type":"Point","coordinates":[73.6195367822424,3.036358876526686]}},{"type":"Feature","properties":{"atoll":"Meemu","islandName":null,"longitude":"73° 22' 9.542\"E","latitude":"2°47'23.607\" N","V01":"0","V02":"0","V03":"0","category2":"Other"},"geometry":{"type":"Point","coordinates":[73.36931729658254,2.789890922697558]}},{"type":"Feature","properties":{"atoll":"Meemu","islandName":null,"longitude":"73° 34' 14.467\"E","latitude":"2°54'13.749\" N","V01":"0","V02":"0","V03":"0","category2":"Other"},"geometry":{"type":"Point","coordinates":[73.57068527452017,2.90381924520764]}},{"type":"Feature","properties":{"atoll":"Meemu","islandName":"Thuvaru","longitude":"73° 22' 45.883\"E","latitude":"2°53'53.663\" N","V01":"0","V02":"0","V03":"0","category2":"Agriculture and Fisheries"},"geometry":{"type":"Point","coordinates":[73.37941187723948,2.898239812317617]}},{"type":"Feature","properties":{"atoll":"Meemu","islandName":"Bodukan'duhuraa","longitude":"73° 22' 8.784\"E","latitude":"2°49'29.599\" N","V01":"0","V02":"0","V03":"0","category2":"Other"},"geometry":{"type":"Point","coordinates":[73.36910660149279,2.82488864075811]}},{"type":"Feature","properties":{"atoll":"Meemu","islandName":"Vannanerufasgan'du","longitude":"73° 24' 37.049\"E","latitude":"2°46'51.086\" N","V01":"0","V02":"0","V03":"0","category2":"Other"},"geometry":{"type":"Point","coordinates":[73.41029152741142,2.780857308740842]}},{"type":"Feature","properties":{"atoll":"Meemu","islandName":"Dhekunuboduveli","longitude":"73° 27' 8.307\"E","latitude":"2°49'32.896\" N","V01":"0","V02":"0","V03":"0","category2":"Other"},"geometry":{"type":"Point","coordinates":[73.45230749742379,2.825804551967797]}},{"type":"Feature","properties":{"atoll":"Meemu","islandName":null,"longitude":"73° 22' 9.255\"E","latitude":"2°49'44.566\" N","V01":"0","V02":"0","V03":"0","category2":"Other"},"geometry":{"type":"Point","coordinates":[73.36923743448995,2.829046228286456]}},{"type":"Feature","properties":{"atoll":"Meemu","islandName":"Raaban'dhihuraa","longitude":"73° 23' 19.995\"E","latitude":"3°5'30.920\" N","V01":"0","V02":"0","V03":"0","category2":"Other"},"geometry":{"type":"Point","coordinates":[73.38888763197859,3.09192211255646]}},{"type":"Feature","properties":{"atoll":"Meemu","islandName":"Kuradhigan'du","longitude":"73° 22' 19.728\"E","latitude":"2°46'26.143\" N","V01":"0","V02":"0","V03":"0","category2":"Other"},"geometry":{"type":"Point","coordinates":[73.37214664374959,2.773928685950831]}},{"type":"Feature","properties":{"atoll":"Meemu","islandName":null,"longitude":"73° 37' 34.914\"E","latitude":"3°5'25.484\" N","V01":"0","V02":"0","V03":"0","category2":"Other"},"geometry":{"type":"Point","coordinates":[73.62636493868202,3.090412346213837]}},{"type":"Feature","properties":{"atoll":"Meemu","islandName":null,"longitude":"73° 22' 14.243\"E","latitude":"2°46'48.020\" N","V01":"0","V02":"0","V03":"0","category2":"Other"},"geometry":{"type":"Point","coordinates":[73.37062295206042,2.7800055919519]}},{"type":"Feature","properties":{"atoll":"Meemu","islandName":"Fenfuraaveli","longitude":"73° 25' 37.492\"E","latitude":"2°47'17.300\" N","V01":"0","V02":"0","V03":"0","category2":"Agriculture"},"geometry":{"type":"Point","coordinates":[73.42708105840735,2.788138823973031]}},{"type":"Feature","properties":{"atoll":"Meemu","islandName":"Seedheehuraaveligan'du","longitude":"73° 33' 15.708\"E","latitude":"2°51'37.181\" N","V01":"0","V02":"0","V03":"0","category2":"Other"},"geometry":{"type":"Point","coordinates":[73.5543632542774,2.860327916744848]}},{"type":"Feature","properties":{"atoll":"Meemu","islandName":null,"longitude":"73° 37' 13.091\"E","latitude":"3°2'8.117\" N","V01":"0","V02":"0","V03":"0","category2":"Other"},"geometry":{"type":"Point","coordinates":[73.62030307666346,3.035588097225114]}},{"type":"Feature","properties":{"atoll":"Meemu","islandName":"Thuvaru Uthuruhuraa","longitude":"73° 22' 36.328\"E","latitude":"2°56'47.953\" N","V01":"0","V02":"0","V03":"0","category2":"Other"},"geometry":{"type":"Point","coordinates":[73.37675766053242,2.94665363801371]}},{"type":"Feature","properties":{"atoll":"Meemu","islandName":"Kakaahuraa","longitude":"73° 32' 6.157\"E","latitude":"2°51'9.718\" N","V01":"0","V02":"0","V03":"0","category2":"Other"},"geometry":{"type":"Point","coordinates":[73.53504357293716,2.85269932650773]}},{"type":"Feature","properties":{"atoll":"Meemu","islandName":null,"longitude":"73° 25' 7.801\"E","latitude":"2°46'47.680\" N","V01":"0","V02":"0","V03":"0","category2":"Other"},"geometry":{"type":"Point","coordinates":[73.41883352528058,2.779911234450064]}},{"type":"Feature","properties":{"atoll":"Meemu","islandName":null,"longitude":"73° 37' 6.691\"E","latitude":"3°2'1.802\" N","V01":"0","V02":"0","V03":"0","category2":"Other"},"geometry":{"type":"Point","coordinates":[73.6185252080058,3.033833796755141]}},{"type":"Feature","properties":{"atoll":"Meemu","islandName":null,"longitude":"73° 38' 51.552\"E","latitude":"3°4'45.269\" N","V01":"0","V02":"0","V03":"0","category2":"Other"},"geometry":{"type":"Point","coordinates":[73.64765343692567,3.079241417661355]}},{"type":"Feature","properties":{"atoll":"Meemu","islandName":null,"longitude":"73° 38' 5.556\"E","latitude":"3°5'1.937\" N","V01":"0","V02":"0","V03":"0","category2":"Other"},"geometry":{"type":"Point","coordinates":[73.63487670836146,3.083871299683353]}},{"type":"Feature","properties":{"atoll":"Meemu","islandName":null,"longitude":"73° 38' 7.104\"E","latitude":"3°5'2.675\" N","V01":"0","V02":"0","V03":"0","category2":"Other"},"geometry":{"type":"Point","coordinates":[73.63530659734711,3.084076372884815]}},{"type":"Feature","properties":{"atoll":"Meemu","islandName":null,"longitude":"73° 38' 12.612\"E","latitude":"3°5'2.113\" N","V01":"0","V02":"0","V03":"0","category2":"Other"},"geometry":{"type":"Point","coordinates":[73.63683660747395,3.083920171309321]}},{"type":"Feature","properties":{"atoll":"Meemu","islandName":null,"longitude":"73° 37' 12.729\"E","latitude":"3°5'27.395\" N","V01":"0","V02":"0","V03":"0","category2":"Other"},"geometry":{"type":"Point","coordinates":[73.62020250199838,3.090943175780219]}},{"type":"Feature","properties":{"atoll":"Meemu","islandName":null,"longitude":"73° 37' 39.342\"E","latitude":"3°4'53.387\" N","V01":"0","V02":"0","V03":"0","category2":"Other"},"geometry":{"type":"Point","coordinates":[73.62759507859771,3.081496310805334]}},{"type":"Feature","properties":{"atoll":"Meemu","islandName":null,"longitude":"73° 37' 24.453\"E","latitude":"3°4'50.967\" N","V01":"0","V02":"0","V03":"0","category2":"Other"},"geometry":{"type":"Point","coordinates":[73.6234590506535,3.080824283390827]}},{"type":"Feature","properties":{"atoll":"Meemu","islandName":null,"longitude":"73° 37' 22.229\"E","latitude":"3°5'46.528\" N","V01":"0","V02":"0","V03":"0","category2":"Other"},"geometry":{"type":"Point","coordinates":[73.62284143639336,3.096257671189443]}},{"type":"Feature","properties":{"atoll":"Meemu","islandName":null,"longitude":"73° 34' 55.369\"E","latitude":"3°6'14.569\" N","V01":"0","V02":"0","V03":"0","category2":"Other"},"geometry":{"type":"Point","coordinates":[73.58204698724818,3.104046807615598]}},{"type":"Feature","properties":{"atoll":"Meemu","islandName":null,"longitude":"73° 27' 32.788\"E","latitude":"2°49'54.227\" N","V01":"0","V02":"0","V03":"0","category2":"Other"},"geometry":{"type":"Point","coordinates":[73.45910770446235,2.831729683900838]}},{"type":"Feature","properties":{"atoll":"Meemu","islandName":null,"longitude":"73° 27' 39.192\"E","latitude":"2°49'55.271\" N","V01":"0","V02":"0","V03":"0","category2":"Other"},"geometry":{"type":"Point","coordinates":[73.46088664236694,2.832019762607213]}},{"type":"Feature","properties":{"atoll":"Meemu","islandName":null,"longitude":"73° 22' 43.637\"E","latitude":"2°59'22.962\" N","V01":"0","V02":"0","V03":"0","category2":"Other"},"geometry":{"type":"Point","coordinates":[73.37878815363028,2.989711775824567]}},{"type":"Feature","properties":{"atoll":"Meemu","islandName":null,"longitude":"73° 22' 46.886\"E","latitude":"3°1'8.427\" N","V01":"0","V02":"0","V03":"0","category2":"Other"},"geometry":{"type":"Point","coordinates":[73.37969046514107,3.019007429708967]}},{"type":"Feature","properties":{"atoll":"Meemu","islandName":null,"longitude":"73° 22' 48.800\"E","latitude":"3°1'9.623\" N","V01":"0","V02":"0","V03":"0","category2":"Other"},"geometry":{"type":"Point","coordinates":[73.38022234841496,3.01933980402486]}},{"type":"Feature","properties":{"atoll":"Noonu","islandName":"Maavelavaru","longitude":"73° 10' 18.303\"E","latitude":"5°48'19.553\" N","V01":"0","V02":"0","V03":"0","category2":"Other"},"geometry":{"type":"Point","coordinates":[73.17175095720228,5.805431378201575]}},{"type":"Feature","properties":{"atoll":"Noonu","islandName":"Medhufaru","longitude":"73° 24' 52.733\"E","latitude":"5°42'47.395\" N","V01":"0","V02":"0","V03":"0","category2":"Tourism"},"geometry":{"type":"Point","coordinates":[73.41464801343237,5.713165181932083]}},{"type":"Feature","properties":{"atoll":"Noonu","islandName":"Goan'bilivaadhoo","longitude":"73° 23' 14.829\"E","latitude":"5°49'21.916\" N","V01":"0","V02":"0","V03":"0","category2":"Other"},"geometry":{"type":"Point","coordinates":[73.38745261345187,5.822754330501343]}},{"type":"Feature","properties":{"atoll":"Noonu","islandName":"Orivarukudarah","longitude":"73° 17' 37.122\"E","latitude":"5°48'3.606\" N","V01":"0","V02":"0","V03":"0","category2":"Other"},"geometry":{"type":"Point","coordinates":[73.29364487529507,5.801001645931567]}},{"type":"Feature","properties":{"atoll":"Noonu","islandName":"Fohdhipparu","longitude":"73° 12' 31.149\"E","latitude":"5°45'12.286\" N","V01":"0","V02":"0","V03":"0","category2":"Other"},"geometry":{"type":"Point","coordinates":[73.20865240681604,5.753412775719794]}},{"type":"Feature","properties":{"atoll":"Noonu","islandName":"Karinma","longitude":"73° 22' 22.959\"E","latitude":"5°39'32.617\" N","V01":"0","V02":"0","V03":"0","category2":"Other"},"geometry":{"type":"Point","coordinates":[73.37304426499475,5.659060320401077]}},{"type":"Feature","properties":{"atoll":"Noonu","islandName":"Kunnamalei","longitude":"73° 7' 56.366\"E","latitude":"5°57'9.073\" N","V01":"0","V02":"0","V03":"0","category2":"Other"},"geometry":{"type":"Point","coordinates":[73.13232397415908,5.95252018492702]}},{"type":"Feature","properties":{"atoll":"Noonu","islandName":"Fushivelavaru","longitude":"73° 12' 33.617\"E","latitude":"5°49'51.845\" N","V01":"0","V02":"0","V03":"0","category2":"Tourism"},"geometry":{"type":"Point","coordinates":[73.2093381548757,5.83106794104957]}},{"type":"Feature","properties":{"atoll":"Noonu","islandName":"Farumuli","longitude":"73° 28' 31.063\"E","latitude":"5°51'53.298\" N","V01":"0","V02":"0","V03":"0","category2":"Other"},"geometry":{"type":"Point","coordinates":[73.47529540987597,5.864805081759092]}},{"type":"Feature","properties":{"atoll":"Noonu","islandName":"Dheefuram","longitude":"73° 19' 7.575\"E","latitude":"5°53'15.832\" N","V01":"0","V02":"0","V03":"0","category2":"Other"},"geometry":{"type":"Point","coordinates":[73.31877089868554,5.887731203347325]}},{"type":"Feature","properties":{"atoll":"Noonu","islandName":null,"longitude":"73° 22' 43.750\"E","latitude":"5°39'41.742\" N","V01":"0","V02":"0","V03":"0","category2":"Other"},"geometry":{"type":"Point","coordinates":[73.37881943724689,5.66159488375123]}},{"type":"Feature","properties":{"atoll":"Noonu","islandName":"Orivaru","longitude":"73° 17' 52.019\"E","latitude":"5°48'7.640\" N","V01":"0","V02":"0","V03":"0","category2":"Tourism"},"geometry":{"type":"Point","coordinates":[73.29778298051924,5.802122217436025]}},{"type":"Feature","properties":{"atoll":"Noonu","islandName":"Vavathi","longitude":"73° 13' 38.623\"E","latitude":"5°47'46.997\" N","V01":"0","V02":"0","V03":"0","category2":"Agriculture and Fisheries"},"geometry":{"type":"Point","coordinates":[73.22739524424438,5.796388001217543]}},{"type":"Feature","properties":{"atoll":"Noonu","islandName":"Kudafushi","longitude":"73° 24' 47.102\"E","latitude":"5°42'10.054\" N","V01":"0","V02":"0","V03":"0","category2":"Other"},"geometry":{"type":"Point","coordinates":[73.41308393665437,5.702792767372085]}},{"type":"Feature","properties":{"atoll":"Noonu","islandName":"Karinmavattaru","longitude":"73° 23' 13.486\"E","latitude":"5°40'12.717\" N","V01":"0","V02":"0","V03":"0","category2":"Agriculture and Fisheries"},"geometry":{"type":"Point","coordinates":[73.38707932985842,5.670199222288998]}},{"type":"Feature","properties":{"atoll":"Noonu","islandName":"Ekulhivaru","longitude":"73° 18' 24.747\"E","latitude":"5°56'59.871\" N","V01":"0","V02":"0","V03":"0","category2":"Other"},"geometry":{"type":"Point","coordinates":[73.30687415995855,5.949964252773684]}},{"type":"Feature","properties":{"atoll":"Noonu","islandName":"Kedhivaru","longitude":"73° 20' 10.902\"E","latitude":"5°51'7.415\" N","V01":"0","V02":"0","V03":"0","category2":"Other"},"geometry":{"type":"Point","coordinates":[73.33636157733558,5.852059711665657]}},{"type":"Feature","properties":{"atoll":"Noonu","islandName":"Kuramaadhoo","longitude":"73° 8' 37.466\"E","latitude":"5°52'23.587\" N","V01":"0","V02":"0","V03":"0","category2":"Agriculture"},"geometry":{"type":"Point","coordinates":[73.14374055516825,5.873218678121226]}},{"type":"Feature","properties":{"atoll":"Noonu","islandName":"Maafunafaru","longitude":"73° 21' 58.408\"E","latitude":"5°51'40.309\" N","V01":"0","V02":"0","V03":"0","category2":"Agriculture"},"geometry":{"type":"Point","coordinates":[73.36622451398812,5.86119700610468]}},{"type":"Feature","properties":{"atoll":"Noonu","islandName":"Raalhulaakolhu","longitude":"73° 24' 16.592\"E","latitude":"5°41'12.382\" N","V01":"0","V02":"0","V03":"0","category2":"Other"},"geometry":{"type":"Point","coordinates":[73.40460876249048,5.686772778581362]}},{"type":"Feature","properties":{"atoll":"Noonu","islandName":"Maavahdhoo","longitude":"73° 19' 35.079\"E","latitude":"5°48'53.784\" N","V01":"0","V02":"0","V03":"0","category2":"Agriculture"},"geometry":{"type":"Point","coordinates":[73.32641092918057,5.814939908474285]}},{"type":"Feature","properties":{"atoll":"Noonu","islandName":"In'guraidhoo","longitude":"73° 20' 40.948\"E","latitude":"5°47'49.752\" N","V01":"0","V02":"0","V03":"0","category2":"Other"},"geometry":{"type":"Point","coordinates":[73.34470779315613,5.797153330974986]}},{"type":"Feature","properties":{"atoll":"Noonu","islandName":"Kalaidhoo","longitude":"73° 19' 24.833\"E","latitude":"5°59'0.196\" N","V01":"0","V02":"0","V03":"0","category2":"Agriculture"},"geometry":{"type":"Point","coordinates":[73.32356482199292,5.983387901765131]}},{"type":"Feature","properties":{"atoll":"Noonu","islandName":"Huivani","longitude":"73° 18' 55.515\"E","latitude":"5°54'48.207\" N","V01":"0","V02":"0","V03":"0","category2":"Other"},"geometry":{"type":"Point","coordinates":[73.31542094256724,5.913390858355863]}},{"type":"Feature","properties":{"atoll":"Noonu","islandName":"Huvan'dhumaavattaru","longitude":"73° 26' 41.707\"E","latitude":"5°50'43.051\" N","V01":"0","V02":"0","V03":"0","category2":"Other"},"geometry":{"type":"Point","coordinates":[73.44491864738379,5.845291995026415]}},{"type":"Feature","properties":{"atoll":"Noonu","islandName":"Minaavaru","longitude":"73° 20' 36.644\"E","latitude":"5°46'6.548\" N","V01":"0","V02":"0","V03":"0","category2":"Agriculture"},"geometry":{"type":"Point","coordinates":[73.34351228764196,5.768485489162114]}},{"type":"Feature","properties":{"atoll":"Noonu","islandName":"Tholhendhoo","longitude":"73° 26' 10.929\"E","latitude":"5°55'14.663\" N","V01":"0","V02":"0","V03":"0","category2":"Other"},"geometry":{"type":"Point","coordinates":[73.43636911357972,5.920739655339936]}},{"type":"Feature","properties":{"atoll":"Noonu","islandName":"Bodufushi","longitude":"73° 24' 35.620\"E","latitude":"5°41'58.248\" N","V01":"0","V02":"0","V03":"0","category2":"Other"},"geometry":{"type":"Point","coordinates":[73.40989446225431,5.699513438746158]}},{"type":"Feature","properties":{"atoll":"Noonu","islandName":"Maakurehdhoo","longitude":"73° 18' 43.101\"E","latitude":"5°41'47.751\" N","V01":"0","V02":"0","V03":"0","category2":"Agriculture"},"geometry":{"type":"Point","coordinates":[73.31197257176426,5.696597453674959]}},{"type":"Feature","properties":{"atoll":"Noonu","islandName":"Thoshigan'dukolhu","longitude":"73° 24' 49.014\"E","latitude":"5°43'58.002\" N","V01":"0","V02":"0","V03":"0","category2":"Other"},"geometry":{"type":"Point","coordinates":[73.41361496908195,5.732778445253505]}},{"type":"Feature","properties":{"atoll":"Noonu","islandName":"Loafaru","longitude":"73° 16' 34.905\"E","latitude":"5°47'8.955\" N","V01":"0","V02":"0","V03":"0","category2":"Other"},"geometry":{"type":"Point","coordinates":[73.27636236634171,5.785820711415717]}},{"type":"Feature","properties":{"atoll":"Noonu","islandName":"Kaalhugemendhoo","longitude":"73° 21' 14.961\"E","latitude":"5°47'13.680\" N","V01":"0","V02":"0","V03":"0","category2":"Other"},"geometry":{"type":"Point","coordinates":[73.35415596281881,5.787133308662104]}},{"type":"Feature","properties":{"atoll":"Noonu","islandName":"Bomasdhoo","longitude":"73° 20' 43.366\"E","latitude":"5°58'20.102\" N","V01":"0","V02":"0","V03":"0","category2":"Agriculture"},"geometry":{"type":"Point","coordinates":[73.34537950476556,5.972250586987028]}},{"type":"Feature","properties":{"atoll":"Noonu","islandName":"Bodulhaimendhoo","longitude":"73° 18' 10.405\"E","latitude":"5°59'59.887\" N","V01":"0","V02":"0","V03":"0","category2":"Other"},"geometry":{"type":"Point","coordinates":[73.30289034389878,5.999968703342093]}},{"type":"Feature","properties":{"atoll":"Noonu","islandName":"Than'burudhoo","longitude":"73° 14' 5.097\"E","latitude":"5°42'59.950\" N","V01":"0","V02":"0","V03":"0","category2":"Agriculture"},"geometry":{"type":"Point","coordinates":[73.23474908570037,5.716652645363757]}},{"type":"Feature","properties":{"atoll":"Noonu","islandName":"Kan'dinmaahuraa","longitude":"73° 28' 48.618\"E","latitude":"5°51'28.101\" N","V01":"0","V02":"0","V03":"0","category2":"Other"},"geometry":{"type":"Point","coordinates":[73.48017179039623,5.857805853980349]}},{"type":"Feature","properties":{"atoll":"Noonu","islandName":"Hulhuhdhoo","longitude":"73° 19' 8.030\"E","latitude":"5°48'54.150\" N","V01":"0","V02":"0","V03":"0","category2":"Other"},"geometry":{"type":"Point","coordinates":[73.31889727513028,5.815041646683592]}},{"type":"Feature","properties":{"atoll":"Noonu","islandName":"Felivaru","longitude":"73° 18' 23.686\"E","latitude":"5°50'7.840\" N","V01":"0","V02":"0","V03":"0","category2":"Agriculture"},"geometry":{"type":"Point","coordinates":[73.30657957347951,5.835511212836051]}},{"type":"Feature","properties":{"atoll":"Noonu","islandName":"Orimasvaru","longitude":"73° 12' 26.378\"E","latitude":"5°51'47.203\" N","V01":"0","V02":"0","V03":"0","category2":"Other"},"geometry":{"type":"Point","coordinates":[73.20732728664025,5.863112005523867]}},{"type":"Feature","properties":{"atoll":"Noonu","islandName":"Kudafunafaru","longitude":"73° 22' 40.807\"E","latitude":"5°53'4.898\" N","V01":"0","V02":"0","V03":"0","category2":"Tourism"},"geometry":{"type":"Point","coordinates":[73.37800186012838,5.884693882089808]}},{"type":"Feature","properties":{"atoll":"Noonu","islandName":"Raafushi","longitude":"73° 17' 55.680\"E","latitude":"5°38'51.532\" N","V01":"0","V02":"0","V03":"0","category2":"Other"},"geometry":{"type":"Point","coordinates":[73.2987999703828,5.647647731386362]}},{"type":"Feature","properties":{"atoll":"Noonu","islandName":"Medhafushi","longitude":"73° 19' 26.242\"E","latitude":"5°44'40.454\" N","V01":"0","V02":"0","V03":"0","category2":"Tourism"},"geometry":{"type":"Point","coordinates":[73.3239560847464,5.744570499627342]}},{"type":"Feature","properties":{"atoll":"Noonu","islandName":"Randheli","longitude":"73° 20' 29.189\"E","latitude":"5°41'31.070\" N","V01":"0","V02":"0","V03":"0","category2":"Tourism"},"geometry":{"type":"Point","coordinates":[73.34144134617176,5.691963774617363]}},{"type":"Feature","properties":{"atoll":"Noonu","islandName":"Dhigurah","longitude":"73° 21' 33.414\"E","latitude":"5°43'57.089\" N","V01":"0","V02":"0","V03":"0","category2":"Tourism"},"geometry":{"type":"Point","coordinates":[73.35928156738022,5.732524681639099]}},{"type":"Feature","properties":{"atoll":"Noonu","islandName":"Kuredhivaru","longitude":"73° 20' 36.133\"E","latitude":"5°52'30.744\" N","V01":"0","V02":"0","V03":"0","category2":"Tourism"},"geometry":{"type":"Point","coordinates":[73.34337016083134,5.875206792107254]}},{"type":"Feature","properties":{"atoll":"Noonu","islandName":"Dhelibeyruhelhihuraa","longitude":"73° 27' 24.015\"E","latitude":"5°48'26.129\" N","V01":"0","V02":"0","V03":"0","category2":"Other"},"geometry":{"type":"Point","coordinates":[73.45667092087935,5.80725801784723]}},{"type":"Feature","properties":{"atoll":"Noonu","islandName":"Dhekenanfaru","longitude":"73° 9' 25.733\"E","latitude":"5°55'12.294\" N","V01":"0","V02":"0","V03":"0","category2":"Other"},"geometry":{"type":"Point","coordinates":[73.15714795684309,5.920081670142043]}},{"type":"Feature","properties":{"atoll":"Noonu","islandName":"Than'burudhuffushi","longitude":"73° 14' 31.699\"E","latitude":"5°42'32.914\" N","V01":"0","V02":"0","V03":"0","category2":"Other"},"geometry":{"type":"Point","coordinates":[73.2421386157264,5.709142900885237]}},{"type":"Feature","properties":{"atoll":"Noonu","islandName":null,"longitude":"73° 22' 25.781\"E","latitude":"5°39'31.381\" N","V01":"0","V02":"0","V03":"0","category2":"Other"},"geometry":{"type":"Point","coordinates":[73.37382799459493,5.65871691892409]}},{"type":"Feature","properties":{"atoll":"Noonu","islandName":"Maakanaafushi","longitude":"73° 24' 58.123\"E","latitude":"5°43'39.985\" N","V01":"0","V02":"0","V03":"0","category2":"Other"},"geometry":{"type":"Point","coordinates":[73.41614524902612,5.727773481484665]}},{"type":"Feature","properties":{"atoll":"Noonu","islandName":"Kafakomandoo","longitude":"73° 23' 10.736\"E","latitude":"5°57'43.787\" N","V01":"0","V02":"0","V03":"0","category2":"Other"},"geometry":{"type":"Point","coordinates":[73.38631552802715,5.962162962200949]}},{"type":"Feature","properties":{"atoll":"Noonu","islandName":"Ehdhuffarumairah","longitude":"73° 24' 30.246\"E","latitude":"5°41'44.123\" N","V01":"0","V02":"0","V03":"0","category2":"Other"},"geometry":{"type":"Point","coordinates":[73.408401576999,5.695589681404882]}},{"type":"Feature","properties":{"atoll":"Noonu","islandName":"Dhonaerikan'doodhoo","longitude":"73° 19' 46.214\"E","latitude":"5°38'46.989\" N","V01":"0","V02":"0","V03":"0","category2":"Other"},"geometry":{"type":"Point","coordinates":[73.32950394419169,5.646385928281897]}},{"type":"Feature","properties":{"atoll":"Noonu","islandName":"Ban'daidhihdhoo","longitude":"73° 15' 27.407\"E","latitude":"5°41'6.544\" N","V01":"0","V02":"0","V03":"0","category2":"Agriculture"},"geometry":{"type":"Point","coordinates":[73.25761313602354,5.685151123781981]}},{"type":"Feature","properties":{"atoll":"Noonu","islandName":null,"longitude":"73° 16' 52.515\"E","latitude":"5°40'51.768\" N","V01":"0","V02":"0","V03":"0","category2":"Agriculture"},"geometry":{"type":"Point","coordinates":[73.28125409696511,5.681046585796157]}},{"type":"Feature","properties":{"atoll":"Noonu","islandName":"Burehifasdhoo","longitude":"73° 22' 5.087\"E","latitude":"5°57'55.957\" N","V01":"0","V02":"0","V03":"0","category2":"Other"},"geometry":{"type":"Point","coordinates":[73.36807985953196,5.965543727481639]}},{"type":"Feature","properties":{"atoll":"Noonu","islandName":null,"longitude":"73° 24' 52.693\"E","latitude":"5°42'17.360\" N","V01":"0","V02":"0","V03":"0","category2":"Other"},"geometry":{"type":"Point","coordinates":[73.41463692892526,5.704822128824381]}},{"type":"Feature","properties":{"atoll":"Noonu","islandName":null,"longitude":"73° 20' 55.823\"E","latitude":"5°52'28.489\" N","V01":"0","V02":"0","V03":"0","category2":"Other"},"geometry":{"type":"Point","coordinates":[73.34883968437398,5.874580343747943]}},{"type":"Feature","properties":{"atoll":"Noonu","islandName":null,"longitude":"73° 20' 7.515\"E","latitude":"5°41'56.079\" N","V01":"0","V02":"0","V03":"0","category2":"Tourism"},"geometry":{"type":"Point","coordinates":[73.3354208916769,5.698910932155364]}},{"type":"Feature","properties":{"atoll":"Noonu","islandName":null,"longitude":"73° 20' 10.052\"E","latitude":"5°41'48.776\" N","V01":"0","V02":"0","V03":"0","category2":"Tourism"},"geometry":{"type":"Point","coordinates":[73.33612559048065,5.696882201194619]}},{"type":"Feature","properties":{"atoll":"Noonu","islandName":null,"longitude":"73° 21' 46.291\"E","latitude":"5°44'2.027\" N","V01":"0","V02":"0","V03":"0","category2":"Tourism"},"geometry":{"type":"Point","coordinates":[73.36285850779689,5.733896520845431]}},{"type":"Feature","properties":{"atoll":"Noonu","islandName":null,"longitude":"73° 12' 44.076\"E","latitude":"5°50'2.554\" N","V01":"0","V02":"0","V03":"0","category2":"Tourism"},"geometry":{"type":"Point","coordinates":[73.21224335954547,5.834042874986843]}},{"type":"Feature","properties":{"atoll":"Noonu","islandName":null,"longitude":"73° 22' 52.577\"E","latitude":"5°53'10.396\" N","V01":"0","V02":"0","V03":"0","category2":"Other"},"geometry":{"type":"Point","coordinates":[73.38127126650272,5.886221004324468]}},{"type":"Feature","properties":{"atoll":"Noonu","islandName":null,"longitude":"73° 16' 51.367\"E","latitude":"5°42'7.989\" N","V01":"0","V02":"0","V03":"0","category2":"Other"},"geometry":{"type":"Point","coordinates":[73.28093518599917,5.702219187541506]}},{"type":"Feature","properties":{"atoll":"Noonu","islandName":null,"longitude":"73° 16' 33.262\"E","latitude":"5°40'56.334\" N","V01":"0","V02":"0","V03":"0","category2":"Other"},"geometry":{"type":"Point","coordinates":[73.27590603218174,5.68231496055936]}},{"type":"Feature","properties":{"atoll":"Noonu","islandName":null,"longitude":"73° 20' 41.555\"E","latitude":"5°41'41.259\" N","V01":"0","V02":"0","V03":"0","category2":"Tourism"},"geometry":{"type":"Point","coordinates":[73.3448764905794,5.694794213854522]}},{"type":"Feature","properties":{"atoll":"Noonu","islandName":null,"longitude":"73° 16' 42.832\"E","latitude":"5°39'44.824\" N","V01":"0","V02":"0","V03":"0","category2":"Other"},"geometry":{"type":"Point","coordinates":[73.27856453132244,5.662451097964167]}},{"type":"Feature","properties":{"atoll":"Raa","islandName":"Huruvalhi","longitude":"72° 58' 44.594\"E","latitude":"5°23'31.618\" N","V01":"0","V02":"0","V03":"0","category2":"Tourism"},"geometry":{"type":"Point","coordinates":[72.97905384358752,5.392115976665503]}},{"type":"Feature","properties":{"atoll":"Raa","islandName":"Dheburidheythereyvaadhoo","longitude":"72° 59' 28.768\"E","latitude":"5°24'2.551\" N","V01":"0","V02":"0","V03":"0","category2":"Agriculture and Fisheries"},"geometry":{"type":"Point","coordinates":[72.99132439241134,5.400708579752584]}},{"type":"Feature","properties":{"atoll":"Raa","islandName":"Kudathulhaadhoo","longitude":"72° 53' 56.238\"E","latitude":"5°24'27.497\" N","V01":"0","V02":"0","V03":"0","category2":"Agriculture"},"geometry":{"type":"Point","coordinates":[72.89895500829267,5.407638108536409]}},{"type":"Feature","properties":{"atoll":"Raa","islandName":"Furaveri","longitude":"72° 54' 30.161\"E","latitude":"5°26'26.079\" N","V01":"0","V02":"0","V03":"0","category2":"Tourism"},"geometry":{"type":"Point","coordinates":[72.90837798435413,5.440577438883484]}},{"type":"Feature","properties":{"atoll":"Raa","islandName":"Aarah","longitude":"72° 56' 28.707\"E","latitude":"5°26'51.562\" N","V01":"0","V02":"0","V03":"0","category2":"Tourism"},"geometry":{"type":"Point","coordinates":[72.94130757777687,5.44765613673176]}},{"type":"Feature","properties":{"atoll":"Raa","islandName":"Meedhupparu","longitude":"72° 58' 47.929\"E","latitude":"5°27'21.648\" N","V01":"0","V02":"0","V03":"0","category2":"Tourism"},"geometry":{"type":"Point","coordinates":[72.97998037820658,5.456013281294502]}},{"type":"Feature","properties":{"atoll":"Raa","islandName":"Thaavathaa","longitude":"72° 58' 33.158\"E","latitude":"5°29'6.670\" N","V01":"0","V02":"0","V03":"0","category2":"Other"},"geometry":{"type":"Point","coordinates":[72.9758772944424,5.485186122329684]}},{"type":"Feature","properties":{"atoll":"Raa","islandName":null,"longitude":"73° 1' 26.764\"E","latitude":"5°25'12.419\" N","V01":"0","V02":"0","V03":"0","category2":"Other"},"geometry":{"type":"Point","coordinates":[73.0241012328202,5.420116325339421]}},{"type":"Feature","properties":{"atoll":"Raa","islandName":"Filaidhoo","longitude":"72° 56' 18.299\"E","latitude":"5°29'30.641\" N","V01":"0","V02":"0","V03":"0","category2":"Tourism"},"geometry":{"type":"Point","coordinates":[72.93841629284823,5.491844719415489]}},{"type":"Feature","properties":{"atoll":"Raa","islandName":"Dhoragali","longitude":"72° 59' 51.257\"E","latitude":"5°29'38.797\" N","V01":"0","V02":"0","V03":"0","category2":"Other"},"geometry":{"type":"Point","coordinates":[72.99757129175987,5.494110405487337]}},{"type":"Feature","properties":{"atoll":"Raa","islandName":"Fasmendhoo","longitude":"72° 52' 53.755\"E","latitude":"5°29'39.235\" N","V01":"0","V02":"0","V03":"0","category2":"Tourism"},"geometry":{"type":"Point","coordinates":[72.88159871553741,5.494232067038601]}},{"type":"Feature","properties":{"atoll":"Raa","islandName":"Bodufushi","longitude":"72° 58' 8.014\"E","latitude":"5°30'27.802\" N","V01":"0","V02":"0","V03":"0","category2":"Tourism"},"geometry":{"type":"Point","coordinates":[72.96889272376481,5.507722806944408]}},{"type":"Feature","properties":{"atoll":"Raa","islandName":"Kudafushi","longitude":"72° 58' 49.366\"E","latitude":"5°30'38.436\" N","V01":"0","V02":"0","V03":"0","category2":"Tourism"},"geometry":{"type":"Point","coordinates":[72.98037950459934,5.510676785655073]}},{"type":"Feature","properties":{"atoll":"Raa","islandName":"Kuroshigiri","longitude":"72° 51' 1.215\"E","latitude":"5°30'50.294\" N","V01":"0","V02":"0","V03":"0","category2":"Other"},"geometry":{"type":"Point","coordinates":[72.85033742067073,5.513970685886415]}},{"type":"Feature","properties":{"atoll":"Raa","islandName":"Angaagiri","longitude":"72° 56' 45.693\"E","latitude":"5°33'22.991\" N","V01":"0","V02":"0","V03":"0","category2":"Other"},"geometry":{"type":"Point","coordinates":[72.94602573762255,5.556386428894606]}},{"type":"Feature","properties":{"atoll":"Raa","islandName":"Goyyafaru","longitude":"72° 55' 41.712\"E","latitude":"5°33'53.716\" N","V01":"0","V02":"0","V03":"0","category2":"Other"},"geometry":{"type":"Point","coordinates":[72.9282533405132,5.564921210427032]}},{"type":"Feature","properties":{"atoll":"Raa","islandName":"Giraavaru","longitude":"72° 51' 40.191\"E","latitude":"5°35'18.038\" N","V01":"0","V02":"0","V03":"0","category2":"Other"},"geometry":{"type":"Point","coordinates":[72.86116429314598,5.588343934468831]}},{"type":"Feature","properties":{"atoll":"Raa","islandName":"Kudalhosgiri","longitude":"72° 54' 50.224\"E","latitude":"5°36'7.819\" N","V01":"0","V02":"0","V03":"0","category2":"Other"},"geometry":{"type":"Point","coordinates":[72.91395122441652,5.602171927804305]}},{"type":"Feature","properties":{"atoll":"Raa","islandName":"Boduhaiykodi","longitude":"72° 58' 10.733\"E","latitude":"5°36'41.240\" N","V01":"0","V02":"0","V03":"0","category2":"Fisheries"},"geometry":{"type":"Point","coordinates":[72.96964811289403,5.61145559230106]}},{"type":"Feature","properties":{"atoll":"Raa","islandName":"Fuggiri","longitude":"72° 51' 15.394\"E","latitude":"5°43'28.246\" N","V01":"0","V02":"0","V03":"0","category2":"Other"},"geometry":{"type":"Point","coordinates":[72.85427614669533,5.72451273491796]}},{"type":"Feature","properties":{"atoll":"Raa","islandName":"Mahidhoo","longitude":"72° 56' 39.476\"E","latitude":"5°32'15.308\" N","V01":"0","V02":"0","V03":"0","category2":"Other"},"geometry":{"type":"Point","coordinates":[72.94429894079165,5.537585442030012]}},{"type":"Feature","properties":{"atoll":"Raa","islandName":"Goboshi","longitude":"72° 53' 3.045\"E","latitude":"5°33'5.939\" N","V01":"0","V02":"0","V03":"0","category2":"Other"},"geometry":{"type":"Point","coordinates":[72.88417920287573,5.551649760266124]}},{"type":"Feature","properties":{"atoll":"Raa","islandName":"Hiraveri","longitude":"72° 52' 9.998\"E","latitude":"5°34'17.906\" N","V01":"0","V02":"0","V03":"0","category2":"Other"},"geometry":{"type":"Point","coordinates":[72.86944397007575,5.571640593133344]}},{"type":"Feature","properties":{"atoll":"Raa","islandName":"Orimasfushi","longitude":"72° 54' 24.701\"E","latitude":"5°34'52.402\" N","V01":"0","V02":"0","V03":"0","category2":"Other"},"geometry":{"type":"Point","coordinates":[72.90686145364383,5.581222650059458]}},{"type":"Feature","properties":{"atoll":"Raa","islandName":"Madivaafaru","longitude":"72° 59' 22.275\"E","latitude":"5°36'29.795\" N","V01":"0","V02":"0","V03":"0","category2":"Other"},"geometry":{"type":"Point","coordinates":[72.98952084266321,5.608276420592425]}},{"type":"Feature","properties":{"atoll":"Raa","islandName":"Muravandhoo","longitude":"72° 57' 8.229\"E","latitude":"5°36'27.996\" N","V01":"0","V02":"0","V03":"0","category2":"Tourism"},"geometry":{"type":"Point","coordinates":[72.95228569867584,5.607776570019833]}},{"type":"Feature","properties":{"atoll":"Raa","islandName":"Hiboodhoo","longitude":"72° 55' 8.767\"E","latitude":"5°36'45.479\" N","V01":"0","V02":"0","V03":"0","category2":"Other"},"geometry":{"type":"Point","coordinates":[72.9191020237935,5.612633055994619]}},{"type":"Feature","properties":{"atoll":"Raa","islandName":"Ban'daveri","longitude":"72° 51' 8.092\"E","latitude":"5°37'21.680\" N","V01":"0","V02":"0","V03":"0","category2":"Other"},"geometry":{"type":"Point","coordinates":[72.85224788068842,5.622688871739524]}},{"type":"Feature","properties":{"atoll":"Raa","islandName":null,"longitude":"73° 1' 41.318\"E","latitude":"5°25'23.144\" N","V01":"0","V02":"0","V03":"0","category2":"Other"},"geometry":{"type":"Point","coordinates":[73.02814398515163,5.423095687857593]}},{"type":"Feature","properties":{"atoll":"Raa","islandName":"Kudafenmaaen'boodhoo","longitude":"72° 56' 8.905\"E","latitude":"5°37'30.605\" N","V01":"0","V02":"0","V03":"0","category2":"Other"},"geometry":{"type":"Point","coordinates":[72.93580692519546,5.625168005956658]}},{"type":"Feature","properties":{"atoll":"Raa","islandName":"Bodufenmaaen'boodhoo","longitude":"72° 55' 26.831\"E","latitude":"5°37'46.949\" N","V01":"0","V02":"0","V03":"0","category2":"Other"},"geometry":{"type":"Point","coordinates":[72.92411978117536,5.629708094325869]}},{"type":"Feature","properties":{"atoll":"Raa","islandName":"Vaffushi","longitude":"72° 51' 45.778\"E","latitude":"5°37'44.976\" N","V01":"0","V02":"0","V03":"0","category2":"Other"},"geometry":{"type":"Point","coordinates":[72.86271607675623,5.629160014036758]}},{"type":"Feature","properties":{"atoll":"Raa","islandName":"Kurehdhoo","longitude":"72° 53' 40.573\"E","latitude":"5°38'25.753\" N","V01":"0","V02":"0","V03":"0","category2":"Other"},"geometry":{"type":"Point","coordinates":[72.89460363222278,5.640487071136135]}},{"type":"Feature","properties":{"atoll":"Raa","islandName":"Vaffushihuraa","longitude":"72° 50' 23.638\"E","latitude":"5°38'34.121\" N","V01":"0","V02":"0","V03":"0","category2":"Other"},"geometry":{"type":"Point","coordinates":[72.8398995318907,5.642811491043899]}},{"type":"Feature","properties":{"atoll":"Raa","islandName":"Uthurumaafaru","longitude":"72° 50' 44.796\"E","latitude":"5°40'11.691\" N","V01":"0","V02":"0","V03":"0","category2":"Tourism"},"geometry":{"type":"Point","coordinates":[72.84577664029763,5.6699142001656]}},{"type":"Feature","properties":{"atoll":"Raa","islandName":"Hulhudhoo","longitude":"73° 1' 8.327\"E","latitude":"5°44'18.871\" N","V01":"0","V02":"0","V03":"0","category2":"Other"},"geometry":{"type":"Point","coordinates":[73.0189797355385,5.738575317350617]}},{"type":"Feature","properties":{"atoll":"Raa","islandName":"Lin'boakandhoo","longitude":"72° 56' 3.509\"E","latitude":"5°43'50.296\" N","V01":"0","V02":"0","V03":"0","category2":"Agriculture"},"geometry":{"type":"Point","coordinates":[72.93430800771098,5.730637880083566]}},{"type":"Feature","properties":{"atoll":"Raa","islandName":"Gaaun'doodhoo","longitude":"73° 0' 56.807\"E","latitude":"5°44'57.992\" N","V01":"0","V02":"0","V03":"0","category2":"Agriculture and Fisheries"},"geometry":{"type":"Point","coordinates":[73.01577977716265,5.749442251799647]}},{"type":"Feature","properties":{"atoll":"Raa","islandName":"Faarufushi","longitude":"72° 57' 55.156\"E","latitude":"5°46'4.985\" N","V01":"0","V02":"0","V03":"0","category2":"Tourism"},"geometry":{"type":"Point","coordinates":[72.96532124265673,5.768051255389688]}},{"type":"Feature","properties":{"atoll":"Raa","islandName":"Minaadhoo","longitude":"72° 55' 38.925\"E","latitude":"5°35'17.357\" N","V01":"0","V02":"0","V03":"0","category2":"Other"},"geometry":{"type":"Point","coordinates":[72.92747924761619,5.588154769990909]}},{"type":"Feature","properties":{"atoll":"Raa","islandName":"Mullaafushi","longitude":"72° 54' 26.893\"E","latitude":"5°31'11.575\" N","V01":"0","V02":"0","V03":"0","category2":"Other"},"geometry":{"type":"Point","coordinates":[72.90747034274966,5.519881881572677]}},{"type":"Feature","properties":{"atoll":"Raa","islandName":"Dhikkurehdhoo","longitude":"72° 57' 25.790\"E","latitude":"5°34'36.748\" N","V01":"0","V02":"0","V03":"0","category2":"Other"},"geometry":{"type":"Point","coordinates":[72.95716383799197,5.576874306108352]}},{"type":"Feature","properties":{"atoll":"Raa","islandName":"Boduhuraa","longitude":"73° 1' 20.206\"E","latitude":"5°25'2.974\" N","V01":"0","V02":"0","V03":"0","category2":"Other"},"geometry":{"type":"Point","coordinates":[73.02227940104217,5.417492740929133]}},{"type":"Feature","properties":{"atoll":"Raa","islandName":"Lun'dhufushi","longitude":"72° 59' 17.575\"E","latitude":"5°38'34.546\" N","V01":"0","V02":"0","V03":"0","category2":"Other"},"geometry":{"type":"Point","coordinates":[72.98821529608563,5.642929465077973]}},{"type":"Feature","properties":{"atoll":"Raa","islandName":"Dhekunumaafarufinolhu","longitude":"72° 53' 47.871\"E","latitude":"5°25'56.292\" N","V01":"0","V02":"0","V03":"0","category2":"Other"},"geometry":{"type":"Point","coordinates":[72.89663086744298,5.432303307356602]}},{"type":"Feature","properties":{"atoll":"Raa","islandName":"Ehthigili","longitude":"72° 56' 17.056\"E","latitude":"5°58'43.977\" N","V01":"0","V02":"0","V03":"0","category2":"Other"},"geometry":{"type":"Point","coordinates":[72.93807102176746,5.97888243785225]}},{"type":"Feature","properties":{"atoll":"Raa","islandName":"Kandhoomeehunge Lhaan'bugali","longitude":"72° 55' 11.439\"E","latitude":"5°43'49.949\" N","V01":"0","V02":"0","V03":"0","category2":"Agriculture"},"geometry":{"type":"Point","coordinates":[72.91984423598261,5.730541302602503]}},{"type":"Feature","properties":{"atoll":"Raa","islandName":"Un'gulu","longitude":"73° 1' 35.128\"E","latitude":"5°41'27.319\" N","V01":"0","V02":"0","V03":"0","category2":"Agriculture"},"geometry":{"type":"Point","coordinates":[73.02642444152998,5.690921887523062]}},{"type":"Feature","properties":{"atoll":"Raa","islandName":"Kudakurathu","longitude":"73° 2' 40.745\"E","latitude":"5°35'2.017\" N","V01":"0","V02":"0","V03":"0","category2":"Tourism"},"geometry":{"type":"Point","coordinates":[73.04465135301395,5.583893544073577]}},{"type":"Feature","properties":{"atoll":"Raa","islandName":"Ifuru","longitude":"73° 1' 27.168\"E","latitude":"5°42'28.115\" N","V01":"0","V02":"0","V03":"0","category2":"Other"},"geometry":{"type":"Point","coordinates":[73.02421334609566,5.707809829721095]}},{"type":"Feature","properties":{"atoll":"Raa","islandName":"Fasgan'dufaru","longitude":"72° 56' 22.692\"E","latitude":"5°45'28.299\" N","V01":"0","V02":"0","V03":"0","category2":"Other"},"geometry":{"type":"Point","coordinates":[72.93963659832093,5.757860833118413]}},{"type":"Feature","properties":{"atoll":"Raa","islandName":"Vandhoo","longitude":"73° 2' 31.406\"E","latitude":"5°31'54.111\" N","V01":"0","V02":"0","V03":"0","category2":"Other"},"geometry":{"type":"Point","coordinates":[73.04205721292541,5.531697502055064]}},{"type":"Feature","properties":{"atoll":"Raa","islandName":"Dhuvaafaruhuraa","longitude":"73° 2' 29.632\"E","latitude":"5°38'23.545\" N","V01":"0","V02":"0","V03":"0","category2":"Other"},"geometry":{"type":"Point","coordinates":[73.04156446584143,5.63987352036821]}},{"type":"Feature","properties":{"atoll":"Raa","islandName":"Neyo","longitude":"73° 2' 20.064\"E","latitude":"5°29'33.304\" N","V01":"0","V02":"0","V03":"0","category2":"Agriculture"},"geometry":{"type":"Point","coordinates":[73.03890655917681,5.492584560703714]}},{"type":"Feature","properties":{"atoll":"Raa","islandName":"Arilundhoo","longitude":"72° 57' 27.756\"E","latitude":"5°39'37.020\" N","V01":"0","V02":"0","V03":"0","category2":"Other"},"geometry":{"type":"Point","coordinates":[72.9577099930289,5.660283245633548]}},{"type":"Feature","properties":{"atoll":"Raa","islandName":"Veyvah","longitude":"72° 53' 36.092\"E","latitude":"5°46'1.151\" N","V01":"0","V02":"0","V03":"0","category2":"Other"},"geometry":{"type":"Point","coordinates":[72.89335885184086,5.766986324206432]}},{"type":"Feature","properties":{"atoll":"Raa","islandName":"Kottefaru","longitude":"73° 2' 27.642\"E","latitude":"5°30'36.197\" N","V01":"0","V02":"0","V03":"0","category2":"Tourism"},"geometry":{"type":"Point","coordinates":[73.041011787952,5.510054691489553]}},{"type":"Feature","properties":{"atoll":"Raa","islandName":"Gemana","longitude":"72° 59' 5.713\"E","latitude":"5°32'13.871\" N","V01":"0","V02":"0","V03":"0","category2":"Other"},"geometry":{"type":"Point","coordinates":[72.98492033948442,5.537186462361159]}},{"type":"Feature","properties":{"atoll":"Raa","islandName":"Lhaan'bugali","longitude":"72° 52' 36.326\"E","latitude":"5°33'10.014\" N","V01":"0","V02":"0","V03":"0","category2":"Other"},"geometry":{"type":"Point","coordinates":[72.87675727814675,5.552781747378355]}},{"type":"Feature","properties":{"atoll":"Raa","islandName":"Maashigiri","longitude":"72° 49' 36.852\"E","latitude":"5°30'50.358\" N","V01":"0","V02":"0","V03":"0","category2":"Other"},"geometry":{"type":"Point","coordinates":[72.82690340553286,5.513988389608024]}},{"type":"Feature","properties":{"atoll":"Raa","islandName":"Bodufarufinolhu","longitude":"72° 48' 24.667\"E","latitude":"5°31'44.085\" N","V01":"0","V02":"0","V03":"0","category2":"Other"},"geometry":{"type":"Point","coordinates":[72.80685185503813,5.528912620584258]}},{"type":"Feature","properties":{"atoll":"Raa","islandName":"Kothaifaru","longitude":"72° 50' 34.670\"E","latitude":"5°31'30.510\" N","V01":"0","V02":"0","V03":"0","category2":"Tourism"},"geometry":{"type":"Point","coordinates":[72.84296386584302,5.525141598687374]}},{"type":"Feature","properties":{"atoll":"Raa","islandName":"Dhinnaafushi","longitude":"72° 49' 58.921\"E","latitude":"5°35'19.457\" N","V01":"0","V02":"0","V03":"0","category2":"Other"},"geometry":{"type":"Point","coordinates":[72.8330335870876,5.588737955552553]}},{"type":"Feature","properties":{"atoll":"Raa","islandName":"Maanenfushi","longitude":"72° 57' 40.538\"E","latitude":"5°45'3.491\" N","V01":"0","V02":"0","V03":"0","category2":"Other"},"geometry":{"type":"Point","coordinates":[72.96126049630494,5.750969855249394]}},{"type":"Feature","properties":{"atoll":"Raa","islandName":"Fenfushi","longitude":"72° 54' 8.640\"E","latitude":"5°22'56.224\" N","V01":"0","V02":"0","V03":"0","category2":"Other"},"geometry":{"type":"Point","coordinates":[72.90239986672022,5.382284543710519]}},{"type":"Feature","properties":{"atoll":"Raa","islandName":"Kukulhudhuffaru","longitude":"72° 50' 38.467\"E","latitude":"5°28'24.449\" N","V01":"0","V02":"0","V03":"0","category2":"Other"},"geometry":{"type":"Point","coordinates":[72.84401865711916,5.473458106590351]}},{"type":"Feature","properties":{"atoll":"Raa","islandName":"Lhohi","longitude":"72° 53' 6.985\"E","latitude":"5°27'41.444\" N","V01":"0","V02":"0","V03":"0","category2":"Agriculture"},"geometry":{"type":"Point","coordinates":[72.88527347691101,5.46151215956255]}},{"type":"Feature","properties":{"atoll":"Raa","islandName":null,"longitude":"72° 48' 5.531\"E","latitude":"5°31'53.034\" N","V01":"0","V02":"0","V03":"0","category2":"Other"},"geometry":{"type":"Point","coordinates":[72.80153640489975,5.531398203078793]}},{"type":"Feature","properties":{"atoll":"Raa","islandName":"Vilin'gili","longitude":"72° 57' 17.617\"E","latitude":"5°22'36.410\" N","V01":"0","V02":"0","V03":"0","category2":"Other"},"geometry":{"type":"Point","coordinates":[72.95489350554632,5.376780630342684]}},{"type":"Feature","properties":{"atoll":"Raa","islandName":null,"longitude":"73° 0' 55.957\"E","latitude":"5°24'50.456\" N","V01":"0","V02":"0","V03":"0","category2":"Other"},"geometry":{"type":"Point","coordinates":[73.01554350675488,5.414015631673495]}},{"type":"Feature","properties":{"atoll":"Raa","islandName":"Maamunagaufinolhu","longitude":"72° 52' 34.259\"E","latitude":"5°22'10.640\" N","V01":"0","V02":"0","V03":"0","category2":"Other"},"geometry":{"type":"Point","coordinates":[72.87618301147097,5.369622099995939]}},{"type":"Feature","properties":{"atoll":"Raa","islandName":"Ufulandhoo","longitude":"72° 54' 48.385\"E","latitude":"5°27'51.758\" N","V01":"0","V02":"0","V03":"0","category2":"Other"},"geometry":{"type":"Point","coordinates":[72.91344025166137,5.464377182653441]}},{"type":"Feature","properties":{"atoll":"Raa","islandName":"Maamin'gili","longitude":"72° 53' 5.075\"E","latitude":"5°39'3.215\" N","V01":"0","V02":"0","V03":"0","category2":"Tourism"},"geometry":{"type":"Point","coordinates":[72.88474304893585,5.65089296500932]}},{"type":"Feature","properties":{"atoll":"Raa","islandName":"Kan'dholhudhoo","longitude":"72° 51' 18.430\"E","latitude":"5°37'7.411\" N","V01":"0","V02":"0","V03":"0","category2":"Other"},"geometry":{"type":"Point","coordinates":[72.85511946227467,5.618725287508896]}},{"type":"Feature","properties":{"atoll":"Raa","islandName":"Dhigali","longitude":"72° 57' 12.742\"E","latitude":"5°28'31.604\" N","V01":"0","V02":"0","V03":"0","category2":"Tourism"},"geometry":{"type":"Point","coordinates":[72.95353948890391,5.47544555588615]}},{"type":"Feature","properties":{"atoll":"Raa","islandName":"Goiymaru","longitude":"72° 53' 17.288\"E","latitude":"5°37'48.672\" N","V01":"0","V02":"0","V03":"0","category2":"Other"},"geometry":{"type":"Point","coordinates":[72.88813547013127,5.630186614659233]}},{"type":"Feature","properties":{"atoll":"Raa","islandName":"Maamunagau","longitude":"72° 55' 8.784\"E","latitude":"5°21'35.862\" N","V01":"0","V02":"0","V03":"0","category2":"Tourism"},"geometry":{"type":"Point","coordinates":[72.9191066848489,5.359961798361539]}},{"type":"Feature","properties":{"atoll":"Raa","islandName":"Vakkarufaru","longitude":"72° 55' 36.756\"E","latitude":"5°30'54.667\" N","V01":"0","V02":"0","V03":"0","category2":"Other"},"geometry":{"type":"Point","coordinates":[72.92687655550253,5.515185155864358]}},{"type":"Feature","properties":{"atoll":"Raa","islandName":null,"longitude":"72° 49' 48.548\"E","latitude":"5°34'8.494\" N","V01":"0","V02":"0","V03":"0","category2":"Other"},"geometry":{"type":"Point","coordinates":[72.83015236055401,5.569026222390987]}},{"type":"Feature","properties":{"atoll":"Raa","islandName":"Kukulhudhoo","longitude":"72° 52' 16.239\"E","latitude":"5°27'33.323\" N","V01":"0","V02":"0","V03":"0","category2":"Other"},"geometry":{"type":"Point","coordinates":[72.87117753615685,5.459256526816047]}},{"type":"Feature","properties":{"atoll":"Raa","islandName":"Kan'doogan'du","longitude":"72° 52' 33.899\"E","latitude":"5°46'51.181\" N","V01":"0","V02":"0","V03":"0","category2":"Other"},"geometry":{"type":"Point","coordinates":[72.87608316746628,5.780883573996686]}},{"type":"Feature","properties":{"atoll":"Raa","islandName":null,"longitude":"72° 56' 30.635\"E","latitude":"5°36'29.092\" N","V01":"0","V02":"0","V03":"0","category2":"Other"},"geometry":{"type":"Point","coordinates":[72.94184319412535,5.608081178219176]}},{"type":"Feature","properties":{"atoll":"Raa","islandName":"Ethigan'dujehihuraa","longitude":"73° 1' 47.236\"E","latitude":"5°25'26.846\" N","V01":"0","V02":"0","V03":"0","category2":"Other"},"geometry":{"type":"Point","coordinates":[73.0297879138794,5.424123808471331]}},{"type":"Feature","properties":{"atoll":"Raa","islandName":null,"longitude":"72° 55' 33.056\"E","latitude":"5°30'59.023\" N","V01":"0","V02":"0","V03":"0","category2":"Other"},"geometry":{"type":"Point","coordinates":[72.92584877870904,5.516395176438621]}},{"type":"Feature","properties":{"atoll":"Raa","islandName":null,"longitude":"73° 2' 9.797\"E","latitude":"5°30'33.223\" N","V01":"0","V02":"0","V03":"0","category2":"Other"},"geometry":{"type":"Point","coordinates":[73.03605472632353,5.509228548329648]}},{"type":"Feature","properties":{"atoll":"Raa","islandName":null,"longitude":"72° 48' 37.075\"E","latitude":"5°32'26.972\" N","V01":"0","V02":"0","V03":"0","category2":"Other"},"geometry":{"type":"Point","coordinates":[72.81029857159811,5.540825516226175]}},{"type":"Feature","properties":{"atoll":"Raa","islandName":null,"longitude":"72° 50' 59.885\"E","latitude":"5°39'50.799\" N","V01":"0","V02":"0","V03":"0","category2":"Other"},"geometry":{"type":"Point","coordinates":[72.84996806452254,5.664110848150878]}},{"type":"Feature","properties":{"atoll":"Raa","islandName":null,"longitude":"72° 58' 34.473\"E","latitude":"5°23'17.200\" N","V01":"0","V02":"0","V03":"0","category2":"Other"},"geometry":{"type":"Point","coordinates":[72.97624250630234,5.388111109383924]}},{"type":"Feature","properties":{"atoll":"Raa","islandName":null,"longitude":"72° 56' 43.573\"E","latitude":"5°26'44.451\" N","V01":"0","V02":"0","V03":"0","category2":"Other"},"geometry":{"type":"Point","coordinates":[72.94543691572156,5.445680717281469]}},{"type":"Feature","properties":{"atoll":"Raa","islandName":null,"longitude":"72° 54' 8.064\"E","latitude":"5°32'33.678\" N","V01":"0","V02":"0","V03":"0","category2":"Other"},"geometry":{"type":"Point","coordinates":[72.90223988172058,5.542688216387597]}},{"type":"Feature","properties":{"atoll":"Raa","islandName":null,"longitude":"72° 52' 51.437\"E","latitude":"5°34'38.607\" N","V01":"0","V02":"0","V03":"0","category2":"Other"},"geometry":{"type":"Point","coordinates":[72.88095460708816,5.577390857065295]}},{"type":"Feature","properties":{"atoll":"Raa","islandName":null,"longitude":"72° 58' 3.902\"E","latitude":"5°46'8.220\" N","V01":"0","V02":"0","V03":"0","category2":"Tourism"},"geometry":{"type":"Point","coordinates":[72.96775066989521,5.7689499472672]}},{"type":"Feature","properties":{"atoll":"Raa","islandName":null,"longitude":"72° 58' 1.696\"E","latitude":"5°46'11.562\" N","V01":"0","V02":"0","V03":"0","category2":"Tourism"},"geometry":{"type":"Point","coordinates":[72.96713785446707,5.769878244699306]}},{"type":"Feature","properties":{"atoll":"Raa","islandName":null,"longitude":"72° 57' 28.803\"E","latitude":"5°57'52.987\" N","V01":"0","V02":"0","V03":"0","category2":"Other"},"geometry":{"type":"Point","coordinates":[72.95800093639333,5.964718597585351]}},{"type":"Feature","properties":{"atoll":"Raa","islandName":null,"longitude":"72° 50' 59.751\"E","latitude":"5°36'50.697\" N","V01":"0","V02":"0","V03":"0","category2":"Other"},"geometry":{"type":"Point","coordinates":[72.8499307040186,5.614082467134454]}},{"type":"Feature","properties":{"atoll":"Raa","islandName":null,"longitude":"72° 50' 58.231\"E","latitude":"5°36'43.120\" N","V01":"0","V02":"0","V03":"0","category2":"Other"},"geometry":{"type":"Point","coordinates":[72.8495086910106,5.611977896094352]}},{"type":"Feature","properties":{"atoll":"Raa","islandName":null,"longitude":"72° 49' 46.831\"E","latitude":"5°37'5.728\" N","V01":"0","V02":"0","V03":"0","category2":"Other"},"geometry":{"type":"Point","coordinates":[72.82967534083016,5.618257684268034]}},{"type":"Feature","properties":{"atoll":"Raa","islandName":null,"longitude":"72° 53' 0.188\"E","latitude":"5°37'48.482\" N","V01":"0","V02":"0","V03":"0","category2":"Other"},"geometry":{"type":"Point","coordinates":[72.88338542986959,5.630133873387124]}},{"type":"Feature","properties":{"atoll":"Raa","islandName":null,"longitude":"72° 51' 42.488\"E","latitude":"5°43'23.721\" N","V01":"0","V02":"0","V03":"0","category2":"Other"},"geometry":{"type":"Point","coordinates":[72.86180232852698,5.723255742103099]}},{"type":"Feature","properties":{"atoll":"Raa","islandName":null,"longitude":"72° 51' 58.325\"E","latitude":"5°44'55.964\" N","V01":"0","V02":"0","V03":"0","category2":"Other"},"geometry":{"type":"Point","coordinates":[72.86620148402817,5.748878818643158]}},{"type":"Feature","properties":{"atoll":"Raa","islandName":null,"longitude":"72° 55' 41.333\"E","latitude":"5°46'30.038\" N","V01":"0","V02":"0","V03":"0","category2":"Other"},"geometry":{"type":"Point","coordinates":[72.92814792048271,5.775010441957231]}},{"type":"Feature","properties":{"atoll":"Raa","islandName":null,"longitude":"72° 55' 21.846\"E","latitude":"5°32'8.745\" N","V01":"0","V02":"0","V03":"0","category2":"Other"},"geometry":{"type":"Point","coordinates":[72.92273511467738,5.535762474783545]}},{"type":"Feature","properties":{"atoll":"Seenu","islandName":null,"longitude":"73° 11' 55.773\"E","latitude":"0°34'51.318\" S","V01":"0","V02":"0","V03":"0","category2":"Other"},"geometry":{"type":"Point","coordinates":[73.19882570550901,-0.580921663626846]}},{"type":"Feature","properties":{"atoll":"Seenu","islandName":"Kedevaahera","longitude":"73° 12' 27.201\"E","latitude":"0°34'36.591\" S","V01":"0","V02":"0","V03":"0","category2":"Other"},"geometry":{"type":"Point","coordinates":[73.20755573440987,-0.57683091868362]}},{"type":"Feature","properties":{"atoll":"Seenu","islandName":null,"longitude":"73° 12' 32.624\"E","latitude":"0°34'35.551\" S","V01":"0","V02":"0","V03":"0","category2":"Other"},"geometry":{"type":"Point","coordinates":[73.20906223385983,-0.576541843129263]}},{"type":"Feature","properties":{"atoll":"Seenu","islandName":"Hikahera","longitude":"73° 13' 18.283\"E","latitude":"0°34'47.336\" S","V01":"0","V02":"0","V03":"0","category2":"Other"},"geometry":{"type":"Point","coordinates":[73.22174537397981,-0.57981544908267]}},{"type":"Feature","properties":{"atoll":"Seenu","islandName":"Kudhehera","longitude":"73° 13' 24.076\"E","latitude":"0°34'49.262\" S","V01":"0","V02":"0","V03":"0","category2":"Other"},"geometry":{"type":"Point","coordinates":[73.22335442214971,-0.580350506861006]}},{"type":"Feature","properties":{"atoll":"Seenu","islandName":"Herethere","longitude":"73° 13' 33.130\"E","latitude":"0°37'25.825\" S","V01":"0","V02":"0","V03":"0","category2":"Tourism"},"geometry":{"type":"Point","coordinates":[73.22586940764486,-0.623840145713469]}},{"type":"Feature","properties":{"atoll":"Seenu","islandName":"Geskalhuheraa","longitude":"73° 13' 17.066\"E","latitude":"0°38'46.120\" S","V01":"0","V02":"0","V03":"0","category2":"Other"},"geometry":{"type":"Point","coordinates":[73.22140729445334,-0.646144334592983]}},{"type":"Feature","properties":{"atoll":"Seenu","islandName":"Mulikede","longitude":"73° 13' 0.391\"E","latitude":"0°39'33.070\" S","V01":"0","V02":"0","V03":"0","category2":"Other"},"geometry":{"type":"Point","coordinates":[73.2167752207858,-0.659186025069669]}},{"type":"Feature","properties":{"atoll":"Seenu","islandName":"Gan","longitude":"73° 9' 12.781\"E","latitude":"0°41'38.739\" S","V01":"0","V02":"0","V03":"0","category2":"Other"},"geometry":{"type":"Point","coordinates":[73.1535501498653,-0.694094090924744]}},{"type":"Feature","properties":{"atoll":"Seenu","islandName":"Hankede","longitude":"73° 6' 38.980\"E","latitude":"0°39'19.024\" S","V01":"0","V02":"0","V03":"0","category2":"Other"},"geometry":{"type":"Point","coordinates":[73.11082769146752,-0.65528457466049]}},{"type":"Feature","properties":{"atoll":"Seenu","islandName":"Bedhey Aurah","longitude":"73° 5' 14.337\"E","latitude":"0°35'21.892\" S","V01":"0","V02":"0","V03":"0","category2":"Other"},"geometry":{"type":"Point","coordinates":[73.08731591375582,-0.589414369030617]}},{"type":"Feature","properties":{"atoll":"Seenu","islandName":"Dheeron'di","longitude":"73° 5' 13.951\"E","latitude":"0°35'41.584\" S","V01":"0","V02":"0","V03":"0","category2":"Other"},"geometry":{"type":"Point","coordinates":[73.08720858299515,-0.594884473156479]}},{"type":"Feature","properties":{"atoll":"Seenu","islandName":"Maahera","longitude":"73° 5' 24.299\"E","latitude":"0°35'41.988\" S","V01":"0","V02":"0","V03":"0","category2":"Other"},"geometry":{"type":"Point","coordinates":[73.0900830141223,-0.594996709844656]}},{"type":"Feature","properties":{"atoll":"Seenu","islandName":"Kudamaahera","longitude":"73° 5' 21.153\"E","latitude":"0°35'51.706\" S","V01":"0","V02":"0","V03":"0","category2":"Other"},"geometry":{"type":"Point","coordinates":[73.08920905258478,-0.597696093450681]}},{"type":"Feature","properties":{"atoll":"Seenu","islandName":null,"longitude":"73° 6' 1.297\"E","latitude":"0°36'7.842\" S","V01":"0","V02":"0","V03":"0","category2":"Other"},"geometry":{"type":"Point","coordinates":[73.10036019034027,-0.602178467777074]}},{"type":"Feature","properties":{"atoll":"Seenu","islandName":"Kan'diheragan'du","longitude":"73° 8' 31.334\"E","latitude":"0°36'54.377\" S","V01":"0","V02":"0","V03":"0","category2":"Other"},"geometry":{"type":"Point","coordinates":[73.14203722004846,-0.615104816995198]}},{"type":"Feature","properties":{"atoll":"Seenu","islandName":"Ismehelaahera","longitude":"73° 12' 55.161\"E","latitude":"0°34'42.232\" S","V01":"0","V02":"0","V03":"0","category2":"Tourism"},"geometry":{"type":"Point","coordinates":[73.21532244729823,-0.578397809695629]}},{"type":"Feature","properties":{"atoll":"Seenu","islandName":"Hasanbeaarah","longitude":"73° 13' 20.145\"E","latitude":"0°35'54.462\" S","V01":"0","V02":"0","V03":"0","category2":"Other"},"geometry":{"type":"Point","coordinates":[73.22226255123292,-0.598461694543082]}},{"type":"Feature","properties":{"atoll":"Seenu","islandName":"Vilin'gili","longitude":"73° 11' 40.533\"E","latitude":"0°40'36.213\" S","V01":"0","V02":"0","V03":"0","category2":"Other"},"geometry":{"type":"Point","coordinates":[73.19459262493099,-0.676725838286474]}},{"type":"Feature","properties":{"atoll":"Seenu","islandName":"Gomahera","longitude":"73° 10' 59.674\"E","latitude":"0°41'27.845\" S","V01":"0","V02":"0","V03":"0","category2":"Other"},"geometry":{"type":"Point","coordinates":[73.18324277584955,-0.691068004240808]}},{"type":"Feature","properties":{"atoll":"Seenu","islandName":null,"longitude":"73° 10' 57.903\"E","latitude":"0°41'26.164\" S","V01":"0","V02":"0","V03":"0","category2":"Other"},"geometry":{"type":"Point","coordinates":[73.18275069944201,-0.69060112078631]}},{"type":"Feature","properties":{"atoll":"Seenu","islandName":"Savaaheli","longitude":"73° 7' 33.288\"E","latitude":"0°40'49.160\" S","V01":"0","V02":"0","V03":"0","category2":"Other"},"geometry":{"type":"Point","coordinates":[73.1259132363223,-0.680322257036206]}},{"type":"Feature","properties":{"atoll":"Seenu","islandName":"Boduhajaraa","longitude":"73° 7' 24.536\"E","latitude":"0°40'38.792\" S","V01":"0","V02":"0","V03":"0","category2":"Other"},"geometry":{"type":"Point","coordinates":[73.12348235330835,-0.677442125739074]}},{"type":"Feature","properties":{"atoll":"Seenu","islandName":"Fathikedeheragan'du","longitude":"73° 8' 54.582\"E","latitude":"0°36'44.492\" S","V01":"0","V02":"0","V03":"0","category2":"Other"},"geometry":{"type":"Point","coordinates":[73.14849491430637,-0.612358786766179]}},{"type":"Feature","properties":{"atoll":"Seenu","islandName":null,"longitude":"73° 12' 54.868\"E","latitude":"0°34'48.036\" S","V01":"0","V02":"0","V03":"0","category2":"Other"},"geometry":{"type":"Point","coordinates":[73.21524114961333,-0.580010003147343]}},{"type":"Feature","properties":{"atoll":"Seenu","islandName":null,"longitude":"73° 12' 40.844\"E","latitude":"0°34'41.334\" S","V01":"0","V02":"0","V03":"0","category2":"Other"},"geometry":{"type":"Point","coordinates":[73.21134558983356,-0.578148409144141]}},{"type":"Feature","properties":{"atoll":"Seenu","islandName":null,"longitude":"73° 13' 13.886\"E","latitude":"0°34'43.986\" S","V01":"0","V02":"0","V03":"0","category2":"Other"},"geometry":{"type":"Point","coordinates":[73.22052387070745,-0.578885049673959]}},{"type":"Feature","properties":{"atoll":"Seenu","islandName":null,"longitude":"73° 12' 36.165\"E","latitude":"0°34'36.596\" S","V01":"0","V02":"0","V03":"0","category2":"Other"},"geometry":{"type":"Point","coordinates":[73.21004574620025,-0.576832235975156]}},{"type":"Feature","properties":{"atoll":"Seenu","islandName":null,"longitude":"73° 6' 42.815\"E","latitude":"0°39'32.117\" S","V01":"0","V02":"0","V03":"0","category2":"Other"},"geometry":{"type":"Point","coordinates":[73.11189318534866,-0.658921343519429]}},{"type":"Feature","properties":{"atoll":"Seenu","islandName":"Kaohera","longitude":"73° 5' 18.993\"E","latitude":"0°35'27.426\" S","V01":"0","V02":"0","V03":"0","category2":"Other"},"geometry":{"type":"Point","coordinates":[73.08860908545775,-0.590951798423376]}},{"type":"Feature","properties":{"atoll":"Shaviyani","islandName":"Ekasdhoo","longitude":"73° 17' 4.036\"E","latitude":"6°4'14.570\" N","V01":"0","V02":"0","V03":"0","category2":"Agriculture"},"geometry":{"type":"Point","coordinates":[73.28445446821826,6.070713846147444]}},{"type":"Feature","properties":{"atoll":"Shaviyani","islandName":"Medhukun'burudhoo","longitude":"73° 1' 48.459\"E","latitude":"6°11'49.156\" N","V01":"0","V02":"0","V03":"0","category2":"Agriculture"},"geometry":{"type":"Point","coordinates":[73.03012756546849,6.196987805144222]}},{"type":"Feature","properties":{"atoll":"Shaviyani","islandName":"Maakan'doodhoo","longitude":"73° 16' 2.334\"E","latitude":"6°14'5.193\" N","V01":"0","V02":"0","V03":"0","category2":"Other"},"geometry":{"type":"Point","coordinates":[73.2673151354738,6.234775867192182]}},{"type":"Feature","properties":{"atoll":"Shaviyani","islandName":"Narurin'budhoo","longitude":"73° 11' 44.598\"E","latitude":"6°16'45.395\" N","V01":"0","V02":"0","V03":"0","category2":"Other"},"geometry":{"type":"Point","coordinates":[73.19572174153443,6.279276435372173]}},{"type":"Feature","properties":{"atoll":"Shaviyani","islandName":"Bolissafaru","longitude":"73° 6' 38.993\"E","latitude":"5°58'52.308\" N","V01":"0","V02":"0","V03":"0","category2":"Other"},"geometry":{"type":"Point","coordinates":[73.11083146796065,5.98119667421249]}},{"type":"Feature","properties":{"atoll":"Shaviyani","islandName":"Farukolhu","longitude":"73° 17' 54.659\"E","latitude":"6°11'29.715\" N","V01":"0","V02":"0","V03":"0","category2":"Other"},"geometry":{"type":"Point","coordinates":[73.29851636649855,6.19158758559703]}},{"type":"Feature","properties":{"atoll":"Shaviyani","islandName":"Bis Alhaahuraa","longitude":"73° 17' 33.064\"E","latitude":"6°9'18.400\" N","V01":"0","V02":"0","V03":"0","category2":"Other"},"geometry":{"type":"Point","coordinates":[73.29251775808999,6.155111116014897]}},{"type":"Feature","properties":{"atoll":"Shaviyani","islandName":"Migoodhoo","longitude":"73° 14' 28.619\"E","latitude":"6°13'43.430\" N","V01":"0","V02":"0","V03":"0","category2":"Other"},"geometry":{"type":"Point","coordinates":[73.24128299199262,6.228730429174146]}},{"type":"Feature","properties":{"atoll":"Shaviyani","islandName":"Hirubadhoo","longitude":"73° 14' 43.457\"E","latitude":"6°11'16.291\" N","V01":"0","V02":"0","V03":"0","category2":"Other"},"geometry":{"type":"Point","coordinates":[73.24540465528425,6.187858595854344]}},{"type":"Feature","properties":{"atoll":"Shaviyani","islandName":"Dholhiyadhoo","longitude":"73° 12' 46.603\"E","latitude":"5°59'45.026\" N","V01":"0","V02":"0","V03":"0","category2":"Other"},"geometry":{"type":"Point","coordinates":[73.21294518167832,5.995840612741592]}},{"type":"Feature","properties":{"atoll":"Shaviyani","islandName":"Fushifaru","longitude":"72° 55' 34.444\"E","latitude":"6°23'42.803\" N","V01":"0","V02":"0","V03":"0","category2":"Other"},"geometry":{"type":"Point","coordinates":[72.92623445836712,6.39522317971979]}},{"type":"Feature","properties":{"atoll":"Shaviyani","islandName":"Van'garu","longitude":"73° 12' 12.545\"E","latitude":"6°5'22.374\" N","V01":"0","V02":"0","V03":"0","category2":"Tourism"},"geometry":{"type":"Point","coordinates":[73.20348463125114,6.089548436183632]}},{"type":"Feature","properties":{"atoll":"Shaviyani","islandName":"Nalandhoo","longitude":"73° 13' 39.957\"E","latitude":"6°19'21.289\" N","V01":"0","V02":"0","V03":"0","category2":"Other"},"geometry":{"type":"Point","coordinates":[73.2277659117223,6.322580186573973]}},{"type":"Feature","properties":{"atoll":"Shaviyani","islandName":"Gallaidhoo","longitude":"73° 7' 27.900\"E","latitude":"5°58'8.373\" N","V01":"0","V02":"0","V03":"0","category2":"Other"},"geometry":{"type":"Point","coordinates":[73.12441657327548,5.968992637697158]}},{"type":"Feature","properties":{"atoll":"Shaviyani","islandName":"Dholhiyadhookudarah","longitude":"73° 13' 28.373\"E","latitude":"5°59'24.096\" N","V01":"0","V02":"0","V03":"0","category2":"Other"},"geometry":{"type":"Point","coordinates":[73.22454798944172,5.990026643839808]}},{"type":"Feature","properties":{"atoll":"Shaviyani","islandName":"Neyo","longitude":"73° 3' 34.950\"E","latitude":"6°27'0.955\" N","V01":"0","V02":"0","V03":"0","category2":"Other"},"geometry":{"type":"Point","coordinates":[73.05970839613721,6.450265257341849]}},{"type":"Feature","properties":{"atoll":"Shaviyani","islandName":"Naainfarufinolhu","longitude":"72° 59' 54.882\"E","latitude":"6°12'12.083\" N","V01":"0","V02":"0","V03":"0","category2":"Other"},"geometry":{"type":"Point","coordinates":[72.99857846238554,6.203356303106673]}},{"type":"Feature","properties":{"atoll":"Shaviyani","islandName":"Madikuredhdhoo","longitude":"73° 9' 3.553\"E","latitude":"6°17'3.753\" N","V01":"0","V02":"0","V03":"0","category2":"Agriculture and Fisheries"},"geometry":{"type":"Point","coordinates":[73.15098701774514,6.284375813266837]}},{"type":"Feature","properties":{"atoll":"Shaviyani","islandName":"Madidhoo","longitude":"73° 6' 32.034\"E","latitude":"6°18'9.152\" N","V01":"0","V02":"0","V03":"0","category2":"Agriculture"},"geometry":{"type":"Point","coordinates":[73.10889821501482,6.302542235168604]}},{"type":"Feature","properties":{"atoll":"Shaviyani","islandName":"Kakaaeriyadhoo","longitude":"72° 54' 8.397\"E","latitude":"6°28'41.247\" N","V01":"0","V02":"0","V03":"0","category2":"Other"},"geometry":{"type":"Point","coordinates":[72.90233259635245,6.478124261004562]}},{"type":"Feature","properties":{"atoll":"Shaviyani","islandName":"Kudalhaimendhoo","longitude":"73° 17' 46.828\"E","latitude":"6°0'56.935\" N","V01":"0","V02":"0","V03":"0","category2":"Other"},"geometry":{"type":"Point","coordinates":[73.29634098486659,6.015815222749681]}},{"type":"Feature","properties":{"atoll":"Shaviyani","islandName":"Dhiguvelidhoomairah","longitude":"73° 5' 16.277\"E","latitude":"6°1'9.851\" N","V01":"0","V02":"0","V03":"0","category2":"Other"},"geometry":{"type":"Point","coordinates":[73.0878547400359,6.019403083003509]}},{"type":"Feature","properties":{"atoll":"Shaviyani","islandName":"Eriadhoo","longitude":"73° 17' 19.114\"E","latitude":"6°6'11.768\" N","V01":"0","V02":"0","V03":"0","category2":"Fisheries"},"geometry":{"type":"Point","coordinates":[73.28864271273332,6.103268951264472]}},{"type":"Feature","properties":{"atoll":"Shaviyani","islandName":"Kudadhoo","longitude":"72° 54' 27.047\"E","latitude":"6°26'9.581\" N","V01":"0","V02":"0","V03":"0","category2":"Other"},"geometry":{"type":"Point","coordinates":[72.90751302876471,6.435994650566455]}},{"type":"Feature","properties":{"atoll":"Shaviyani","islandName":"Medhurah","longitude":"73° 4' 49.225\"E","latitude":"6°1'21.392\" N","V01":"0","V02":"0","V03":"0","category2":"Other"},"geometry":{"type":"Point","coordinates":[73.0803403729051,6.022608881096687]}},{"type":"Feature","properties":{"atoll":"Shaviyani","islandName":"Dhigurah","longitude":"73° 4' 4.315\"E","latitude":"6°1'47.871\" N","V01":"0","V02":"0","V03":"0","category2":"Other"},"geometry":{"type":"Point","coordinates":[73.0678652636592,6.029964143680978]}},{"type":"Feature","properties":{"atoll":"Shaviyani","islandName":null,"longitude":"73° 17' 46.938\"E","latitude":"6°10'16.808\" N","V01":"0","V02":"0","V03":"0","category2":"Other"},"geometry":{"type":"Point","coordinates":[73.29637157250129,6.171335646821131]}},{"type":"Feature","properties":{"atoll":"Shaviyani","islandName":"Dhonvelihuraa","longitude":"73° 17' 56.485\"E","latitude":"6°11'6.325\" N","V01":"0","V02":"0","V03":"0","category2":"Other"},"geometry":{"type":"Point","coordinates":[73.29902367356505,6.185090246552747]}},{"type":"Feature","properties":{"atoll":"Shaviyani","islandName":"Naalaahuraa","longitude":"73° 2' 9.784\"E","latitude":"6°7'40.342\" N","V01":"0","V02":"0","V03":"0","category2":"Other"},"geometry":{"type":"Point","coordinates":[73.03605102484633,6.127872748553719]}},{"type":"Feature","properties":{"atoll":"Shaviyani","islandName":"Firun'baidhoo","longitude":"73° 13' 39.519\"E","latitude":"6°6'51.509\" N","V01":"0","V02":"0","V03":"0","category2":"Agriculture"},"geometry":{"type":"Point","coordinates":[73.22764422028135,6.114308057366839]}},{"type":"Feature","properties":{"atoll":"Shaviyani","islandName":"Keekimini","longitude":"73° 6' 43.296\"E","latitude":"6°0'26.110\" N","V01":"0","V02":"0","V03":"0","category2":"Fisheries"},"geometry":{"type":"Point","coordinates":[73.11202653856084,6.007252720582473]}},{"type":"Feature","properties":{"atoll":"Shaviyani","islandName":"Mathikomandoo","longitude":"73° 2' 46.041\"E","latitude":"6°3'25.383\" N","V01":"0","V02":"0","V03":"0","category2":"Other"},"geometry":{"type":"Point","coordinates":[73.04612244896144,6.057050757086396]}},{"type":"Feature","properties":{"atoll":"Shaviyani","islandName":"Kan'baalifaru","longitude":"73° 15' 15.908\"E","latitude":"6°7'23.652\" N","V01":"0","V02":"0","V03":"0","category2":"Other"},"geometry":{"type":"Point","coordinates":[73.2544189659396,6.123236603772304]}},{"type":"Feature","properties":{"atoll":"Shaviyani","islandName":"Raggan'duhuraa","longitude":"73° 2' 17.827\"E","latitude":"6°6'42.984\" N","V01":"0","V02":"0","V03":"0","category2":"Other"},"geometry":{"type":"Point","coordinates":[73.03828529238346,6.111939996257909]}},{"type":"Feature","properties":{"atoll":"Shaviyani","islandName":"Boduhuraa","longitude":"73° 2' 37.087\"E","latitude":"6°4'18.446\" N","V01":"0","V02":"0","V03":"0","category2":"Other"},"geometry":{"type":"Point","coordinates":[73.04363514120601,6.071790422252026]}},{"type":"Feature","properties":{"atoll":"Shaviyani","islandName":"Gaakoshibi","longitude":"73° 0' 43.869\"E","latitude":"6°17'11.142\" N","V01":"0","V02":"0","V03":"0","category2":"Tourism"},"geometry":{"type":"Point","coordinates":[73.01218584187531,6.286428468754896]}},{"type":"Feature","properties":{"atoll":"Shaviyani","islandName":"Hurasfaru","longitude":"73° 2' 11.649\"E","latitude":"6°8'24.823\" N","V01":"0","V02":"0","V03":"0","category2":"Other"},"geometry":{"type":"Point","coordinates":[73.03656915184341,6.140228513186567]}},{"type":"Feature","properties":{"atoll":"Shaviyani","islandName":"Kudafarufinolhu","longitude":"73° 2' 39.439\"E","latitude":"6°3'51.627\" N","V01":"0","V02":"0","V03":"0","category2":"Other"},"geometry":{"type":"Point","coordinates":[73.04428849368625,6.064340706053915]}},{"type":"Feature","properties":{"atoll":"Shaviyani","islandName":null,"longitude":"73° 3' 20.498\"E","latitude":"6°8'29.771\" N","V01":"0","V02":"0","V03":"0","category2":"Other"},"geometry":{"type":"Point","coordinates":[73.05569398251464,6.141602954099778]}},{"type":"Feature","properties":{"atoll":"Shaviyani","islandName":null,"longitude":"73° 2' 36.770\"E","latitude":"6°4'3.546\" N","V01":"0","V02":"0","V03":"0","category2":"Other"},"geometry":{"type":"Point","coordinates":[73.04354720721905,6.067651655577549]}},{"type":"Feature","properties":{"atoll":"Shaviyani","islandName":null,"longitude":"72° 53' 23.460\"E","latitude":"6°28'18.023\" N","V01":"0","V02":"0","V03":"0","category2":"Other"},"geometry":{"type":"Point","coordinates":[72.88985012241653,6.47167303862567]}},{"type":"Feature","properties":{"atoll":"Shaviyani","islandName":null,"longitude":"73° 0' 34.601\"E","latitude":"6°16'46.243\" N","V01":"0","V02":"0","V03":"0","category2":"Other"},"geometry":{"type":"Point","coordinates":[73.00961151585933,6.27951198986309]}},{"type":"Feature","properties":{"atoll":"Shaviyani","islandName":null,"longitude":"73° 1' 34.859\"E","latitude":"6°7'17.428\" N","V01":"0","V02":"0","V03":"0","category2":"Other"},"geometry":{"type":"Point","coordinates":[73.02634958354732,6.121507673266808]}},{"type":"Feature","properties":{"atoll":"Shaviyani","islandName":null,"longitude":"73° 1' 48.102\"E","latitude":"6°5'42.661\" N","V01":"0","V02":"0","V03":"0","category2":"Other"},"geometry":{"type":"Point","coordinates":[73.03002845612896,6.095183617701474]}},{"type":"Feature","properties":{"atoll":"Shaviyani","islandName":null,"longitude":"73° 2' 57.210\"E","latitude":"6°8'32.704\" N","V01":"0","V02":"0","V03":"0","category2":"Other"},"geometry":{"type":"Point","coordinates":[73.04922501973049,6.142417853446848]}},{"type":"Feature","properties":{"atoll":"Thaa","islandName":null,"longitude":"72° 57' 7.719\"E","latitude":"2°17'18.631\" N","V01":"0","V02":"0","V03":"0","category2":"Other"},"geometry":{"type":"Point","coordinates":[72.9521442924357,2.288508487797956]}},{"type":"Feature","properties":{"atoll":"Thaa","islandName":"Kudadhoo","longitude":"72° 57' 5.775\"E","latitude":"2°18'32.136\" N","V01":"0","V02":"0","V03":"0","category2":"Other"},"geometry":{"type":"Point","coordinates":[72.95160425983448,2.308926566855064]}},{"type":"Feature","properties":{"atoll":"Thaa","islandName":"Kakolhas","longitude":"72° 56' 38.851\"E","latitude":"2°18'56.235\" N","V01":"0","V02":"0","V03":"0","category2":"Agriculture"},"geometry":{"type":"Point","coordinates":[72.94412528561055,2.315620862226673]}},{"type":"Feature","properties":{"atoll":"Thaa","islandName":"Kafidhoo","longitude":"72° 57' 43.427\"E","latitude":"2°19'35.938\" N","V01":"0","V02":"0","V03":"0","category2":"Other"},"geometry":{"type":"Point","coordinates":[72.96206308710563,2.32664947682159]}},{"type":"Feature","properties":{"atoll":"Thaa","islandName":"Fondhoo","longitude":"72° 58' 57.987\"E","latitude":"2°18'53.864\" N","V01":"0","V02":"0","V03":"0","category2":"Other"},"geometry":{"type":"Point","coordinates":[72.98277427618225,2.314962087970902]}},{"type":"Feature","properties":{"atoll":"Thaa","islandName":"Olhufushi","longitude":"72° 54' 32.258\"E","latitude":"2°21'57.360\" N","V01":"0","V02":"0","V03":"0","category2":"Other"},"geometry":{"type":"Point","coordinates":[72.90896069383587,2.365933348993252]}},{"type":"Feature","properties":{"atoll":"Thaa","islandName":"Olhufushifinolhu","longitude":"72° 54' 29.167\"E","latitude":"2°22'19.984\" N","V01":"0","V02":"0","V03":"0","category2":"Other"},"geometry":{"type":"Point","coordinates":[72.9081019411126,2.372217768542446]}},{"type":"Feature","properties":{"atoll":"Thaa","islandName":"Kan'dufushi","longitude":"72° 59' 15.435\"E","latitude":"2°31'52.389\" N","V01":"0","V02":"0","V03":"0","category2":"Other"},"geometry":{"type":"Point","coordinates":[72.98762076577141,2.531219194683113]}},{"type":"Feature","properties":{"atoll":"Thaa","islandName":"Gaalee","longitude":"73° 9' 16.248\"E","latitude":"2°32'50.644\" N","V01":"0","V02":"0","V03":"0","category2":"Other"},"geometry":{"type":"Point","coordinates":[73.1545134630581,2.547401007159726]}},{"type":"Feature","properties":{"atoll":"Thaa","islandName":"Kuran'dhuvaru","longitude":"73° 10' 33.988\"E","latitude":"2°32'21.392\" N","V01":"0","V02":"0","V03":"0","category2":"Other"},"geometry":{"type":"Point","coordinates":[73.17610768091843,2.539275508934015]}},{"type":"Feature","properties":{"atoll":"Thaa","islandName":null,"longitude":"73° 9' 25.519\"E","latitude":"2°32'56.533\" N","V01":"0","V02":"0","V03":"0","category2":"Other"},"geometry":{"type":"Point","coordinates":[73.15708870026651,2.54903681111932]}},{"type":"Feature","properties":{"atoll":"Thaa","islandName":"Maagulhi","longitude":"73° 10' 46.494\"E","latitude":"2°32'18.233\" N","V01":"0","V02":"0","V03":"0","category2":"Other"},"geometry":{"type":"Point","coordinates":[73.179581572114,2.538398120398068]}},{"type":"Feature","properties":{"atoll":"Thaa","islandName":"Dhiffushi","longitude":"73° 13' 56.893\"E","latitude":"2°30'52.939\" N","V01":"0","V02":"0","V03":"0","category2":"Other"},"geometry":{"type":"Point","coordinates":[73.23247031688003,2.514705321457154]}},{"type":"Feature","properties":{"atoll":"Thaa","islandName":"Olhugiri","longitude":"73° 15' 21.717\"E","latitude":"2°30'21.050\" N","V01":"0","V02":"0","V03":"0","category2":"Other"},"geometry":{"type":"Point","coordinates":[73.25603245684049,2.505847206592763]}},{"type":"Feature","properties":{"atoll":"Thaa","islandName":"Hon'delifushi","longitude":"73° 18' 45.507\"E","latitude":"2°29'42.298\" N","V01":"0","V02":"0","V03":"0","category2":"Other"},"geometry":{"type":"Point","coordinates":[73.31264090851944,2.495082815057222]}},{"type":"Feature","properties":{"atoll":"Thaa","islandName":"Dhonanfushi","longitude":"73° 18' 53.899\"E","latitude":"2°29'24.668\" N","V01":"0","V02":"0","V03":"0","category2":"Other"},"geometry":{"type":"Point","coordinates":[73.31497207481033,2.490185493403898]}},{"type":"Feature","properties":{"atoll":"Thaa","islandName":"Kalhufahalafushi","longitude":"73° 21' 36.161\"E","latitude":"2°24'32.919\" N","V01":"0","V02":"0","V03":"0","category2":"Other"},"geometry":{"type":"Point","coordinates":[73.36004476492256,2.40914405742267]}},{"type":"Feature","properties":{"atoll":"Thaa","islandName":"Kolhufushi","longitude":"73° 21' 47.609\"E","latitude":"2°21'53.431\" N","V01":"0","V02":"0","V03":"0","category2":"Other"},"geometry":{"type":"Point","coordinates":[73.36322477283129,2.364842024023444]}},{"type":"Feature","properties":{"atoll":"Thaa","islandName":null,"longitude":"72° 56' 21.461\"E","latitude":"2°16'6.123\" N","V01":"0","V02":"0","V03":"0","category2":"Other"},"geometry":{"type":"Point","coordinates":[72.9392946562837,2.268367522832393]}},{"type":"Feature","properties":{"atoll":"Thaa","islandName":"Fushi","longitude":"72° 58' 7.897\"E","latitude":"2°11'34.858\" N","V01":"0","V02":"0","V03":"0","category2":"Other"},"geometry":{"type":"Point","coordinates":[72.96886036484794,2.193016098553442]}},{"type":"Feature","properties":{"atoll":"Thaa","islandName":"Kani","longitude":"72° 58' 25.321\"E","latitude":"2°11'23.356\" N","V01":"0","V02":"0","V03":"0","category2":"Other"},"geometry":{"type":"Point","coordinates":[72.97370029780286,2.189821161219099]}},{"type":"Feature","properties":{"atoll":"Thaa","islandName":"Vanbadhi","longitude":"72° 58' 34.381\"E","latitude":"2°11'12.257\" N","V01":"0","V02":"0","V03":"0","category2":"Other"},"geometry":{"type":"Point","coordinates":[72.97621704368484,2.186738005218704]}},{"type":"Feature","properties":{"atoll":"Thaa","islandName":"Dhururehaa","longitude":"73° 0' 43.396\"E","latitude":"2°10'7.689\" N","V01":"0","V02":"0","V03":"0","category2":"Agriculture"},"geometry":{"type":"Point","coordinates":[73.01205439445717,2.168802505628855]}},{"type":"Feature","properties":{"atoll":"Thaa","islandName":null,"longitude":"73° 0' 49.609\"E","latitude":"2°10'12.006\" N","V01":"0","V02":"0","V03":"0","category2":"Other"},"geometry":{"type":"Point","coordinates":[73.01378031027068,2.170001702964447]}},{"type":"Feature","properties":{"atoll":"Thaa","islandName":"Gaathurehaa","longitude":"73° 0' 55.914\"E","latitude":"2°10'12.236\" N","V01":"0","V02":"0","V03":"0","category2":"Other"},"geometry":{"type":"Point","coordinates":[73.01553161097601,2.170065630402978]}},{"type":"Feature","properties":{"atoll":"Thaa","islandName":"Kuredhifushi","longitude":"73° 1' 59.792\"E","latitude":"2°10'1.810\" N","V01":"0","V02":"0","V03":"0","category2":"Other"},"geometry":{"type":"Point","coordinates":[73.03327564955178,2.167169546283427]}},{"type":"Feature","properties":{"atoll":"Thaa","islandName":"Ruhthibirah","longitude":"73° 3' 10.127\"E","latitude":"2°10'5.764\" N","V01":"0","V02":"0","V03":"0","category2":"Other"},"geometry":{"type":"Point","coordinates":[73.05281315569921,2.168267721728811]}},{"type":"Feature","properties":{"atoll":"Thaa","islandName":null,"longitude":"73° 2' 53.614\"E","latitude":"2°9'52.019\" N","V01":"0","V02":"0","V03":"0","category2":"Other"},"geometry":{"type":"Point","coordinates":[73.04822616760094,2.164449738480197]}},{"type":"Feature","properties":{"atoll":"Thaa","islandName":"Kudakin'bidhoo","longitude":"73° 3' 46.977\"E","latitude":"2°9'52.356\" N","V01":"0","V02":"0","V03":"0","category2":"Other"},"geometry":{"type":"Point","coordinates":[73.06304910294337,2.164543357174643]}},{"type":"Feature","properties":{"atoll":"Thaa","islandName":null,"longitude":"73° 4' 5.943\"E","latitude":"2°10'37.990\" N","V01":"0","V02":"0","V03":"0","category2":"Other"},"geometry":{"type":"Point","coordinates":[73.06831751309605,2.17721939359987]}},{"type":"Feature","properties":{"atoll":"Thaa","islandName":"Elaa","longitude":"73° 4' 47.129\"E","latitude":"2°10'16.811\" N","V01":"0","V02":"0","V03":"0","category2":"Other"},"geometry":{"type":"Point","coordinates":[73.07975795965324,2.171336278855828]}},{"type":"Feature","properties":{"atoll":"Thaa","islandName":"Kanimeedhoo","longitude":"73° 6' 41.521\"E","latitude":"2°11'42.912\" N","V01":"0","V02":"0","V03":"0","category2":"Other"},"geometry":{"type":"Point","coordinates":[73.11153372631979,2.195253380147559]}},{"type":"Feature","properties":{"atoll":"Thaa","islandName":"Funaddu","longitude":"73° 7' 43.875\"E","latitude":"2°11'53.471\" N","V01":"0","V02":"0","V03":"0","category2":"Fisheries"},"geometry":{"type":"Point","coordinates":[73.12885411138127,2.198186253220749]}},{"type":"Feature","properties":{"atoll":"Thaa","islandName":"Usfushi","longitude":"73° 12' 16.627\"E","latitude":"2°14'46.012\" N","V01":"0","V02":"0","V03":"0","category2":"Other"},"geometry":{"type":"Point","coordinates":[73.2046186312054,2.246114400910467]}},{"type":"Feature","properties":{"atoll":"Thaa","islandName":"Hulhiyanfushi","longitude":"73° 13' 5.645\"E","latitude":"2°15'31.244\" N","V01":"0","V02":"0","V03":"0","category2":"Other"},"geometry":{"type":"Point","coordinates":[73.21823474363948,2.258678923906613]}},{"type":"Feature","properties":{"atoll":"Thaa","islandName":"Kolafushi","longitude":"73° 13' 24.893\"E","latitude":"2°15'49.494\" N","V01":"0","V02":"0","V03":"0","category2":"Other"},"geometry":{"type":"Point","coordinates":[73.22358133514989,2.26374846157698]}},{"type":"Feature","properties":{"atoll":"Thaa","islandName":"Ekuruffushi","longitude":"73° 13' 35.124\"E","latitude":"2°15'56.983\" N","V01":"0","V02":"0","V03":"0","category2":"Other"},"geometry":{"type":"Point","coordinates":[73.22642341942093,2.265828645286519]}},{"type":"Feature","properties":{"atoll":"Thaa","islandName":"Bodurehaa","longitude":"73° 13' 44.628\"E","latitude":"2°16'3.664\" N","V01":"0","V02":"0","V03":"0","category2":"Other"},"geometry":{"type":"Point","coordinates":[73.229063272803,2.267684443338898]}},{"type":"Feature","properties":{"atoll":"Thaa","islandName":"Fenmeerufushi","longitude":"73° 13' 59.685\"E","latitude":"2°16'12.996\" N","V01":"0","V02":"0","V03":"0","category2":"Other"},"geometry":{"type":"Point","coordinates":[73.23324590080912,2.270276628851519]}},{"type":"Feature","properties":{"atoll":"Thaa","islandName":"Olhudhiyafushi","longitude":"73° 14' 9.703\"E","latitude":"2°16'19.945\" N","V01":"0","V02":"0","V03":"0","category2":"Other"},"geometry":{"type":"Point","coordinates":[73.23602861603753,2.272207005842193]}},{"type":"Feature","properties":{"atoll":"Thaa","islandName":"Kaaddoo","longitude":"73° 15' 16.309\"E","latitude":"2°16'54.533\" N","V01":"0","V02":"0","V03":"0","category2":"Other"},"geometry":{"type":"Point","coordinates":[73.25453037060504,2.281814737890399]}},{"type":"Feature","properties":{"atoll":"Thaa","islandName":null,"longitude":"73° 15' 19.708\"E","latitude":"2°16'53.580\" N","V01":"0","V02":"0","V03":"0","category2":"Other"},"geometry":{"type":"Point","coordinates":[73.2554743624103,2.281550064633362]}},{"type":"Feature","properties":{"atoll":"Thaa","islandName":"Kudakaaddoo","longitude":"73° 15' 32.702\"E","latitude":"2°17'7.188\" N","V01":"0","V02":"0","V03":"0","category2":"Other"},"geometry":{"type":"Point","coordinates":[73.2590840226012,2.285330018509179]}},{"type":"Feature","properties":{"atoll":"Thaa","islandName":"Hathifushi","longitude":"73° 15' 46.698\"E","latitude":"2°17'14.127\" N","V01":"0","V02":"0","V03":"0","category2":"Other"},"geometry":{"type":"Point","coordinates":[73.26297158908008,2.287257613272584]}},{"type":"Feature","properties":{"atoll":"Thaa","islandName":"Rihaamaafushi","longitude":"73° 15' 59.265\"E","latitude":"2°17'21.792\" N","V01":"0","V02":"0","V03":"0","category2":"Other"},"geometry":{"type":"Point","coordinates":[73.26646257645601,2.289386662665885]}},{"type":"Feature","properties":{"atoll":"Thaa","islandName":"Fenfushi","longitude":"73° 16' 10.956\"E","latitude":"2°17'29.208\" N","V01":"0","V02":"0","V03":"0","category2":"Other"},"geometry":{"type":"Point","coordinates":[73.2697100946615,2.291446800636363]}},{"type":"Feature","properties":{"atoll":"Thaa","islandName":"Kalhudheyfushi","longitude":"73° 16' 35.013\"E","latitude":"2°17'41.503\" N","V01":"0","V02":"0","V03":"0","category2":"Other"},"geometry":{"type":"Point","coordinates":[73.27639257178996,2.294861895127583]}},{"type":"Feature","properties":{"atoll":"Thaa","islandName":null,"longitude":"73° 16' 28.804\"E","latitude":"2°17'47.093\" N","V01":"0","V02":"0","V03":"0","category2":"Other"},"geometry":{"type":"Point","coordinates":[73.27466771748449,2.296414825838084]}},{"type":"Feature","properties":{"atoll":"Thaa","islandName":"Fonidhaani","longitude":"73° 17' 5.317\"E","latitude":"2°18'2.769\" N","V01":"0","V02":"0","V03":"0","category2":"Other"},"geometry":{"type":"Point","coordinates":[73.28481022253742,2.300769050536359]}},{"type":"Feature","properties":{"atoll":"Thaa","islandName":"Lhavaddoo","longitude":"73° 17' 28.693\"E","latitude":"2°18'20.572\" N","V01":"0","V02":"0","V03":"0","category2":"Other"},"geometry":{"type":"Point","coordinates":[73.29130355068168,2.305714354491588]}},{"type":"Feature","properties":{"atoll":"Thaa","islandName":"Maalefushi","longitude":"73° 17' 53.571\"E","latitude":"2°18'38.881\" N","V01":"0","V02":"0","V03":"0","category2":"Tourism"},"geometry":{"type":"Point","coordinates":[73.2982142923946,2.310800210895758]}},{"type":"Feature","properties":{"atoll":"Thaa","islandName":null,"longitude":"73° 17' 49.835\"E","latitude":"2°18'46.228\" N","V01":"0","V02":"0","V03":"0","category2":"Tourism"},"geometry":{"type":"Point","coordinates":[73.29717630779918,2.312841060065962]}},{"type":"Feature","properties":{"atoll":"Thaa","islandName":"Bodufinolhu","longitude":"73° 18' 19.199\"E","latitude":"2°18'56.928\" N","V01":"0","V02":"0","V03":"0","category2":"Other"},"geometry":{"type":"Point","coordinates":[73.30533306459522,2.315813457043885]}},{"type":"Feature","properties":{"atoll":"Thaa","islandName":"Medhafushi","longitude":"73° 20' 27.039\"E","latitude":"2°20'36.105\" N","V01":"0","V02":"0","V03":"0","category2":"Other"},"geometry":{"type":"Point","coordinates":[73.34084429361081,2.343362399051269]}},{"type":"Feature","properties":{"atoll":"Thaa","islandName":"Mathidhoo","longitude":"73° 20' 33.566\"E","latitude":"2°20'46.543\" N","V01":"0","V02":"0","V03":"0","category2":"Other"},"geometry":{"type":"Point","coordinates":[73.3426571018719,2.346261987201397]}},{"type":"Feature","properties":{"atoll":"Thaa","islandName":"Ufuriyaa","longitude":"73° 21' 41.395\"E","latitude":"2°21'40.609\" N","V01":"0","V02":"0","V03":"0","category2":"Other"},"geometry":{"type":"Point","coordinates":[73.36149867021513,2.361280373428569]}},{"type":"Feature","properties":{"atoll":"Thaa","islandName":"Hikan'dhilhohi","longitude":"73° 13' 35.518\"E","latitude":"2°31'13.594\" N","V01":"0","V02":"0","V03":"0","category2":"Other"},"geometry":{"type":"Point","coordinates":[73.22653281260803,2.520442768547602]}},{"type":"Feature","properties":{"atoll":"Thaa","islandName":null,"longitude":"73° 14' 13.369\"E","latitude":"2°30'44.683\" N","V01":"0","V02":"0","V03":"0","category2":"Other"},"geometry":{"type":"Point","coordinates":[73.23704693887706,2.512411840953919]}},{"type":"Feature","properties":{"atoll":"Thaa","islandName":null,"longitude":"73° 5' 25.384\"E","latitude":"2°11'27.285\" N","V01":"0","V02":"0","V03":"0","category2":"Other"},"geometry":{"type":"Point","coordinates":[73.09038453408236,2.190912601530612]}},{"type":"Feature","properties":{"atoll":"Thaa","islandName":null,"longitude":"73° 21' 1.224\"E","latitude":"2°21'16.595\" N","V01":"0","V02":"0","V03":"0","category2":"Other"},"geometry":{"type":"Point","coordinates":[73.3503400513195,2.354609681779682]}},{"type":"Feature","properties":{"atoll":"Thaa","islandName":null,"longitude":"73° 20' 58.869\"E","latitude":"2°21'21.391\" N","V01":"0","V02":"0","V03":"0","category2":"Other"},"geometry":{"type":"Point","coordinates":[73.34968578531239,2.355942036821017]}},{"type":"Feature","properties":{"atoll":"Vaavu","islandName":"Kunaaveshi","longitude":"73° 21' 53.830\"E","latitude":"3°38'11.834\" N","V01":"0","V02":"0","V03":"0","category2":"Tourism"},"geometry":{"type":"Point","coordinates":[73.36495290426261,3.636620523287323]}},{"type":"Feature","properties":{"atoll":"Vaavu","islandName":"Vashugiri","longitude":"73° 22' 38.108\"E","latitude":"3°37'47.806\" N","V01":"0","V02":"0","V03":"0","category2":"Tourism"},"geometry":{"type":"Point","coordinates":[73.37725229759997,3.629946151929609]}},{"type":"Feature","properties":{"atoll":"Vaavu","islandName":"Hulhidhoo","longitude":"73° 31' 58.527\"E","latitude":"3°29'36.022\" N","V01":"0","V02":"0","V03":"0","category2":"Agriculture"},"geometry":{"type":"Point","coordinates":[73.53292403166273,3.493339381413805]}},{"type":"Feature","properties":{"atoll":"Vaavu","islandName":null,"longitude":"73° 31' 37.598\"E","latitude":"3°29'7.287\" N","V01":"0","V02":"0","V03":"0","category2":"Other"},"geometry":{"type":"Point","coordinates":[73.5271104561323,3.485357378246705]}},{"type":"Feature","properties":{"atoll":"Vaavu","islandName":"Alimathaa","longitude":"73° 29' 53.010\"E","latitude":"3°35'37.489\" N","V01":"0","V02":"0","V03":"0","category2":"Tourism"},"geometry":{"type":"Point","coordinates":[73.49805843218722,3.593747026362497]}},{"type":"Feature","properties":{"atoll":"Vaavu","islandName":null,"longitude":"73° 29' 50.861\"E","latitude":"3°33'34.732\" N","V01":"0","V02":"0","V03":"0","category2":"Other"},"geometry":{"type":"Point","coordinates":[73.49746151405806,3.559647767777264]}},{"type":"Feature","properties":{"atoll":"Vaavu","islandName":null,"longitude":"73° 29' 59.755\"E","latitude":"3°33'5.315\" N","V01":"0","V02":"0","V03":"0","category2":"Other"},"geometry":{"type":"Point","coordinates":[73.49993184830531,3.551476350031699]}},{"type":"Feature","properties":{"atoll":"Vaavu","islandName":"Kuda Anbaraa","longitude":"73° 25' 30.016\"E","latitude":"3°25'36.501\" N","V01":"0","V02":"0","V03":"0","category2":"Other"},"geometry":{"type":"Point","coordinates":[73.42500432341663,3.426805877123717]}},{"type":"Feature","properties":{"atoll":"Vaavu","islandName":"Fohtheyobodufushi","longitude":"73° 45' 30.410\"E","latitude":"3°27'17.521\" N","V01":"0","V02":"0","V03":"0","category2":"Other"},"geometry":{"type":"Point","coordinates":[73.75844719584869,3.454867027358977]}},{"type":"Feature","properties":{"atoll":"Vaavu","islandName":null,"longitude":"73° 19' 29.525\"E","latitude":"3°27'15.302\" N","V01":"0","V02":"0","V03":"0","category2":"Other"},"geometry":{"type":"Point","coordinates":[73.32486798321499,3.454250637299567]}},{"type":"Feature","properties":{"atoll":"Vaavu","islandName":"Anbaraa","longitude":"73° 26' 23.002\"E","latitude":"3°22'20.175\" N","V01":"0","V02":"0","V03":"0","category2":"Other"},"geometry":{"type":"Point","coordinates":[73.43972269811692,3.372270902924747]}},{"type":"Feature","properties":{"atoll":"Vaavu","islandName":"Thun'duhuraa","longitude":"73° 30' 22.287\"E","latitude":"3°20'33.526\" N","V01":"0","V02":"0","V03":"0","category2":"Other"},"geometry":{"type":"Point","coordinates":[73.50619081956202,3.342646018719606]}},{"type":"Feature","properties":{"atoll":"Vaavu","islandName":null,"longitude":"73° 30' 38.352\"E","latitude":"3°20'30.786\" N","V01":"0","V02":"0","V03":"0","category2":"Other"},"geometry":{"type":"Point","coordinates":[73.51065342295061,3.341884976840271]}},{"type":"Feature","properties":{"atoll":"Vaavu","islandName":"Bodumohoraa","longitude":"73° 31' 18.633\"E","latitude":"3°20'34.900\" N","V01":"0","V02":"0","V03":"0","category2":"Other"},"geometry":{"type":"Point","coordinates":[73.52184239148735,3.343027736304448]}},{"type":"Feature","properties":{"atoll":"Vaavu","islandName":null,"longitude":"73° 34' 46.762\"E","latitude":"3°21'32.130\" N","V01":"0","V02":"0","V03":"0","category2":"Other"},"geometry":{"type":"Point","coordinates":[73.57965604673896,3.358925111070217]}},{"type":"Feature","properties":{"atoll":"Vaavu","islandName":"Vattaru","longitude":"73° 25' 35.118\"E","latitude":"3°13'16.993\" N","V01":"0","V02":"0","V03":"0","category2":"Other"},"geometry":{"type":"Point","coordinates":[73.4264216693994,3.22138707261156]}},{"type":"Feature","properties":{"atoll":"Vaavu","islandName":null,"longitude":"73° 29' 14.516\"E","latitude":"3°38'42.036\" N","V01":"0","V02":"0","V03":"0","category2":"Tourism"},"geometry":{"type":"Point","coordinates":[73.48736553115297,3.645010066592156]}},{"type":"Feature","properties":{"atoll":"Vaavu","islandName":"Aarah","longitude":"73° 31' 47.544\"E","latitude":"3°29'55.801\" N","V01":"0","V02":"0","V03":"0","category2":"Tourism"},"geometry":{"type":"Point","coordinates":[73.52987334148949,3.498833555473305]}},{"type":"Feature","properties":{"atoll":"Vaavu","islandName":null,"longitude":"73° 30' 15.884\"E","latitude":"3°32'43.559\" N","V01":"0","V02":"0","V03":"0","category2":"Other"},"geometry":{"type":"Point","coordinates":[73.50441228972228,3.545433130681387]}},{"type":"Feature","properties":{"atoll":"Vaavu","islandName":null,"longitude":"73° 31' 18.903\"E","latitude":"3°30'49.467\" N","V01":"0","V02":"0","V03":"0","category2":"Other"},"geometry":{"type":"Point","coordinates":[73.5219175025525,3.513740919913137]}},{"type":"Feature","properties":{"atoll":"Vaavu","islandName":null,"longitude":"73° 23' 53.145\"E","latitude":"3°24'56.871\" N","V01":"0","V02":"0","V03":"0","category2":"Other"},"geometry":{"type":"Point","coordinates":[73.39809573126739,3.415797578596703]}},{"type":"Feature","properties":{"atoll":"Vaavu","islandName":null,"longitude":"73° 26' 15.192\"E","latitude":"3°23'15.427\" N","V01":"0","V02":"0","V03":"0","category2":"Other"},"geometry":{"type":"Point","coordinates":[73.43755343502738,3.387618666061881]}},{"type":"Feature","properties":{"atoll":"Vaavu","islandName":null,"longitude":"73° 42' 12.525\"E","latitude":"3°28'53.847\" N","V01":"0","V02":"0","V03":"0","category2":"Other"},"geometry":{"type":"Point","coordinates":[73.70347923756815,3.4816242971551]}},{"type":"Feature","properties":{"atoll":"Vaavu","islandName":null,"longitude":"73° 23' 13.315\"E","latitude":"3°24'34.869\" N","V01":"0","V02":"0","V03":"0","category2":"Other"},"geometry":{"type":"Point","coordinates":[73.38703183244871,3.40968595497336]}},{"type":"Feature","properties":{"atoll":"Vaavu","islandName":null,"longitude":"73° 26' 48.499\"E","latitude":"3°23'47.240\" N","V01":"0","V02":"0","V03":"0","category2":"Other"},"geometry":{"type":"Point","coordinates":[73.4468052096536,3.396455522272158]}},{"type":"Feature","properties":{"atoll":"Vaavu","islandName":null,"longitude":"73° 27' 45.250\"E","latitude":"3°23'4.648\" N","V01":"0","V02":"0","V03":"0","category2":"Other"},"geometry":{"type":"Point","coordinates":[73.46256950812968,3.384624428818901]}},{"type":"Feature","properties":{"atoll":"Vaavu","islandName":null,"longitude":"73° 30' 0.298\"E","latitude":"3°21'40.319\" N","V01":"0","V02":"0","V03":"0","category2":"Other"},"geometry":{"type":"Point","coordinates":[73.50008267852438,3.361199795280904]}},{"type":"Feature","properties":{"atoll":"Vaavu","islandName":null,"longitude":"73° 22' 11.082\"E","latitude":"3°38'7.174\" N","V01":"0","V02":"0","V03":"0","category2":"Other"},"geometry":{"type":"Point","coordinates":[73.36974504322156,3.635326143568525]}},{"type":"Feature","properties":{"atoll":"Vaavu","islandName":null,"longitude":"73° 17' 2.801\"E","latitude":"3°30'27.449\" N","V01":"0","V02":"0","V03":"0","category2":"Other"},"geometry":{"type":"Point","coordinates":[73.28411147218202,3.507624679282179]}},{"type":"Feature","properties":{"atoll":"Vaavu","islandName":null,"longitude":"73° 25' 47.336\"E","latitude":"3°22'41.439\" N","V01":"0","V02":"0","V03":"0","category2":"Other"},"geometry":{"type":"Point","coordinates":[73.4298155014228,3.378177445149356]}},{"type":"Feature","properties":{"atoll":"Vaavu","islandName":null,"longitude":"73° 24' 19.699\"E","latitude":"3°25'46.544\" N","V01":"0","V02":"0","V03":"0","category2":"Other"},"geometry":{"type":"Point","coordinates":[73.4054718374587,3.42959552965709]}},{"type":"Feature","properties":{"atoll":"Vaavu","islandName":null,"longitude":"73° 25' 21.569\"E","latitude":"3°25'59.918\" N","V01":"0","V02":"0","V03":"0","category2":"Other"},"geometry":{"type":"Point","coordinates":[73.42265792215818,3.433310453334108]}},{"type":"Feature","properties":{"atoll":"Vaavu","islandName":null,"longitude":"73° 17' 9.644\"E","latitude":"3°30'46.539\" N","V01":"0","V02":"0","V03":"0","category2":"Other"},"geometry":{"type":"Point","coordinates":[73.28601208695989,3.512927498415486]}},{"type":"Feature","properties":{"atoll":"Vaavu","islandName":null,"longitude":"73° 18' 27.643\"E","latitude":"3°31'38.647\" N","V01":"0","V02":"0","V03":"0","category2":"Other"},"geometry":{"type":"Point","coordinates":[73.30767854879703,3.5274019682595]}},{"type":"Feature","properties":{"atoll":"Vaavu","islandName":null,"longitude":"73° 18' 15.267\"E","latitude":"3°31'44.740\" N","V01":"0","V02":"0","V03":"0","category2":"Other"},"geometry":{"type":"Point","coordinates":[73.30424086226968,3.529094355460893]}},{"type":"Feature","properties":{"atoll":"Vaavu","islandName":null,"longitude":"73° 22' 1.739\"E","latitude":"3°36'48.890\" N","V01":"0","V02":"0","V03":"0","category2":"Other"},"geometry":{"type":"Point","coordinates":[73.36714981197444,3.613580497795278]}},{"type":"Feature","properties":{"atoll":"Vaavu","islandName":null,"longitude":"73° 22' 8.853\"E","latitude":"3°37'8.091\" N","V01":"0","V02":"0","V03":"0","category2":"Other"},"geometry":{"type":"Point","coordinates":[73.3691259633457,3.618914209160916]}},{"type":"Feature","properties":{"atoll":"Vaavu","islandName":null,"longitude":"73° 29' 59.289\"E","latitude":"3°37'32.898\" N","V01":"0","V02":"0","V03":"0","category2":"Other"},"geometry":{"type":"Point","coordinates":[73.49980259122808,3.625805077065568]}},{"type":"Feature","properties":{"atoll":"Vaavu","islandName":null,"longitude":"73° 30' 5.832\"E","latitude":"3°37'24.501\" N","V01":"0","V02":"0","V03":"0","category2":"Other"},"geometry":{"type":"Point","coordinates":[73.5016199313654,3.623472574601369]}},{"type":"Feature","properties":{"atoll":"Vaavu","islandName":null,"longitude":"73° 31' 17.150\"E","latitude":"3°30'0.588\" N","V01":"0","V02":"0","V03":"0","category2":"Other"},"geometry":{"type":"Point","coordinates":[73.52143045638036,3.500163423157684]}},{"type":"Feature","properties":{"atoll":"Vaavu","islandName":null,"longitude":"73° 38' 27.611\"E","latitude":"3°21'36.031\" N","V01":"0","V02":"0","V03":"0","category2":"Other"},"geometry":{"type":"Point","coordinates":[73.64100306568663,3.360008558996413]}},{"type":"Feature","properties":{"atoll":"Vaavu","islandName":null,"longitude":"73° 38' 53.555\"E","latitude":"3°21'44.653\" N","V01":"0","V02":"0","V03":"0","category2":"Other"},"geometry":{"type":"Point","coordinates":[73.64820970222485,3.362403684540279]}},{"type":"Feature","properties":{"atoll":"Vaavu","islandName":null,"longitude":"73° 28' 11.993\"E","latitude":"3°37'21.990\" N","V01":"0","V02":"0","V03":"0","category2":"Other"},"geometry":{"type":"Point","coordinates":[73.46999810341498,3.622775084504999]}},{"type":"Feature","properties":{"atoll":"Kaafu","islandName":null,"longitude":"73° 26' 25.171\"E","latitude":"4°57'25.351\" N","V01":"0","V02":"0","V03":"0","category2":"Other"},"geometry":{"type":"Point","coordinates":[73.4403252795738,4.957041928306871]}},{"type":"Feature","properties":{"atoll":"Kaafu","islandName":null,"longitude":"73° 26' 35.757\"E","latitude":"4°57'22.464\" N","V01":"0","V02":"0","V03":"0","category2":"Other"},"geometry":{"type":"Point","coordinates":[73.4432659264524,4.956239964241925]}},{"type":"Feature","properties":{"atoll":"Kaafu","islandName":null,"longitude":"73° 27' 3.037\"E","latitude":"4°57'30.267\" N","V01":"0","V02":"0","V03":"0","category2":"Other"},"geometry":{"type":"Point","coordinates":[73.4508436740226,4.958407407877282]}},{"type":"Feature","properties":{"atoll":"Kaafu","islandName":null,"longitude":"73° 29' 11.090\"E","latitude":"4°43'50.084\" N","V01":"0","V02":"0","V03":"0","category2":"Other"},"geometry":{"type":"Point","coordinates":[73.48641400759766,4.730578900666809]}},{"type":"Feature","properties":{"atoll":"Kaafu","islandName":null,"longitude":"73° 27' 13.562\"E","latitude":"4°40'56.790\" N","V01":"0","V02":"0","V03":"0","category2":"Other"},"geometry":{"type":"Point","coordinates":[73.4537671268954,4.682441659254279]}},{"type":"Feature","properties":{"atoll":"Kaafu","islandName":"Kagi","longitude":"73° 30' 4.056\"E","latitude":"4°40'36.221\" N","V01":"0","V02":"0","V03":"0","category2":"Tourism"},"geometry":{"type":"Point","coordinates":[73.50112663553718,4.67672798064161]}},{"type":"Feature","properties":{"atoll":"Kaafu","islandName":null,"longitude":"73° 31' 56.678\"E","latitude":"4°40'18.915\" N","V01":"0","V02":"0","V03":"0","category2":"Other"},"geometry":{"type":"Point","coordinates":[73.53241047590116,4.671920930851774]}},{"type":"Feature","properties":{"atoll":"Kaafu","islandName":null,"longitude":"73° 32' 29.063\"E","latitude":"4°39'25.257\" N","V01":"0","V02":"0","V03":"0","category2":"Other"},"geometry":{"type":"Point","coordinates":[73.54140647203688,4.657015904025111]}},{"type":"Feature","properties":{"atoll":"Kaafu","islandName":null,"longitude":"73° 26' 19.841\"E","latitude":"4°37'55.730\" N","V01":"0","V02":"0","V03":"0","category2":"Other"},"geometry":{"type":"Point","coordinates":[73.4388447483194,4.632147096662786]}},{"type":"Feature","properties":{"atoll":"Kaafu","islandName":"Helen'geli","longitude":"73° 33' 48.467\"E","latitude":"4°38'3.791\" N","V01":"0","V02":"0","V03":"0","category2":"Tourism"},"geometry":{"type":"Point","coordinates":[73.56346318601852,4.634386345279847]}},{"type":"Feature","properties":{"atoll":"Kaafu","islandName":"Maifalhuhuraa","longitude":"73° 34' 14.274\"E","latitude":"4°37'48.865\" N","V01":"0","V02":"0","V03":"0","category2":"Other"},"geometry":{"type":"Point","coordinates":[73.57063159700215,4.630240192265739]}},{"type":"Feature","properties":{"atoll":"Kaafu","islandName":null,"longitude":"73° 34' 18.624\"E","latitude":"4°37'36.282\" N","V01":"0","V02":"0","V03":"0","category2":"Tourism"},"geometry":{"type":"Point","coordinates":[73.57183989361907,4.626745041872915]}},{"type":"Feature","properties":{"atoll":"Kaafu","islandName":null,"longitude":"73° 34' 12.521\"E","latitude":"4°36'53.097\" N","V01":"0","V02":"0","V03":"0","category2":"Other"},"geometry":{"type":"Point","coordinates":[73.57014466141297,4.614749221596684]}},{"type":"Feature","properties":{"atoll":"Kaafu","islandName":null,"longitude":"73° 34' 55.102\"E","latitude":"4°36'8.106\" N","V01":"0","V02":"0","V03":"0","category2":"Tourism"},"geometry":{"type":"Point","coordinates":[73.58197277318286,4.602251560026738]}},{"type":"Feature","properties":{"atoll":"Kaafu","islandName":"Thun'bafushi","longitude":"73° 35' 29.491\"E","latitude":"4°35'25.021\" N","V01":"0","V02":"0","V03":"0","category2":"Agriculture and Fisheries"},"geometry":{"type":"Point","coordinates":[73.59152529636425,4.590283481434676]}},{"type":"Feature","properties":{"atoll":"Kaafu","islandName":null,"longitude":"73° 34' 55.787\"E","latitude":"4°34'52.596\" N","V01":"0","V02":"0","V03":"0","category2":"Other"},"geometry":{"type":"Point","coordinates":[73.58216307027527,4.581276778402295]}},{"type":"Feature","properties":{"atoll":"Kaafu","islandName":null,"longitude":"73° 35' 23.429\"E","latitude":"4°34'37.666\" N","V01":"0","V02":"0","V03":"0","category2":"Other"},"geometry":{"type":"Point","coordinates":[73.58984129795522,4.577129393533084]}},{"type":"Feature","properties":{"atoll":"Kaafu","islandName":null,"longitude":"73° 40' 25.453\"E","latitude":"4°28'3.405\" N","V01":"0","V02":"0","V03":"0","category2":"Other"},"geometry":{"type":"Point","coordinates":[73.67373681350365,4.467612548968694]}},{"type":"Feature","properties":{"atoll":"Kaafu","islandName":"Asdhoo","longitude":"73° 39' 41.212\"E","latitude":"4°27'58.455\" N","V01":"0","V02":"0","V03":"0","category2":"Other"},"geometry":{"type":"Point","coordinates":[73.66144774505894,4.466237518103892]}},{"type":"Feature","properties":{"atoll":"Kaafu","islandName":null,"longitude":"73° 41' 8.687\"E","latitude":"4°28'3.015\" N","V01":"0","V02":"0","V03":"0","category2":"Other"},"geometry":{"type":"Point","coordinates":[73.685746355802,4.467504289426499]}},{"type":"Feature","properties":{"atoll":"Kaafu","islandName":"Meerufenfushi","longitude":"73° 43' 0.725\"E","latitude":"4°27'14.350\" N","V01":"0","V02":"0","V03":"0","category2":"Tourism"},"geometry":{"type":"Point","coordinates":[73.71686807555199,4.453985983193006]}},{"type":"Feature","properties":{"atoll":"Kaafu","islandName":null,"longitude":"73° 41' 16.928\"E","latitude":"4°24'12.313\" N","V01":"0","V02":"0","V03":"0","category2":"Other"},"geometry":{"type":"Point","coordinates":[73.68803547545255,4.403420219420821]}},{"type":"Feature","properties":{"atoll":"Kaafu","islandName":null,"longitude":"73° 40' 39.320\"E","latitude":"4°23'14.317\" N","V01":"0","V02":"0","V03":"0","category2":"Other"},"geometry":{"type":"Point","coordinates":[73.67758883584399,4.387310216320091]}},{"type":"Feature","properties":{"atoll":"Kaafu","islandName":"Vilin'gilimathidhahuraa","longitude":"73° 39' 44.768\"E","latitude":"4°22'35.647\" N","V01":"0","V02":"0","V03":"0","category2":"Tourism"},"geometry":{"type":"Point","coordinates":[73.66243544198908,4.376568687616074]}},{"type":"Feature","properties":{"atoll":"Kaafu","islandName":null,"longitude":"73° 39' 13.154\"E","latitude":"4°23'5.842\" N","V01":"0","V02":"0","V03":"0","category2":"Other"},"geometry":{"type":"Point","coordinates":[73.6536539044973,4.384956166141553]}},{"type":"Feature","properties":{"atoll":"Kaafu","islandName":"Thulusdhoo Irumathee Huraagan'du","longitude":"73° 39' 16.763\"E","latitude":"4°22'17.321\" N","V01":"0","V02":"0","V03":"0","category2":"Other"},"geometry":{"type":"Point","coordinates":[73.6546564910198,4.371478190142396]}},{"type":"Feature","properties":{"atoll":"Kaafu","islandName":null,"longitude":"73° 37' 39.897\"E","latitude":"4°21'34.281\" N","V01":"0","V02":"0","V03":"0","category2":"Other"},"geometry":{"type":"Point","coordinates":[73.62774915111636,4.359522552332807]}},{"type":"Feature","properties":{"atoll":"Kaafu","islandName":"Lhohifushi","longitude":"73° 37' 4.677\"E","latitude":"4°21'1.988\" N","V01":"0","V02":"0","V03":"0","category2":"Tourism"},"geometry":{"type":"Point","coordinates":[73.61796572208651,4.350552144039364]}},{"type":"Feature","properties":{"atoll":"Kaafu","islandName":null,"longitude":"73° 36' 52.680\"E","latitude":"4°21'5.320\" N","V01":"0","V02":"0","V03":"0","category2":"Other"},"geometry":{"type":"Point","coordinates":[73.61463339664118,4.351477871638889]}},{"type":"Feature","properties":{"atoll":"Kaafu","islandName":null,"longitude":"73° 36' 52.251\"E","latitude":"4°21'10.390\" N","V01":"0","V02":"0","V03":"0","category2":"Other"},"geometry":{"type":"Point","coordinates":[73.61451408822248,4.352886067925995]}},{"type":"Feature","properties":{"atoll":"Kaafu","islandName":null,"longitude":"73° 36' 35.441\"E","latitude":"4°20'54.338\" N","V01":"0","V02":"0","V03":"0","category2":"Other"},"geometry":{"type":"Point","coordinates":[73.60984477763384,4.348427320494365]}},{"type":"Feature","properties":{"atoll":"Kaafu","islandName":null,"longitude":"73° 36' 40.758\"E","latitude":"4°20'36.020\" N","V01":"0","V02":"0","V03":"0","category2":"Tourism"},"geometry":{"type":"Point","coordinates":[73.61132172962066,4.343338993097262]}},{"type":"Feature","properties":{"atoll":"Kaafu","islandName":"Kanifinolhu","longitude":"73° 36' 29.537\"E","latitude":"4°20'36.849\" N","V01":"0","V02":"0","V03":"0","category2":"Tourism"},"geometry":{"type":"Point","coordinates":[73.60820482874117,4.34356928723518]}},{"type":"Feature","properties":{"atoll":"Kaafu","islandName":null,"longitude":"73° 35' 47.982\"E","latitude":"4°19'50.741\" N","V01":"0","V02":"0","V03":"0","category2":"Tourism"},"geometry":{"type":"Point","coordinates":[73.59666162972692,4.330761292175699]}},{"type":"Feature","properties":{"atoll":"Kaafu","islandName":"Kudahuraa","longitude":"73° 35' 51.112\"E","latitude":"4°19'41.518\" N","V01":"0","V02":"0","V03":"0","category2":"Tourism"},"geometry":{"type":"Point","coordinates":[73.59753118534563,4.328199480582302]}},{"type":"Feature","properties":{"atoll":"Kaafu","islandName":null,"longitude":"73° 35' 38.746\"E","latitude":"4°19'20.134\" N","V01":"0","V02":"0","V03":"0","category2":"Other"},"geometry":{"type":"Point","coordinates":[73.59409602241308,4.322259471587542]}},{"type":"Feature","properties":{"atoll":"Kaafu","islandName":"Kanuoiyhuraa","longitude":"73° 35' 28.074\"E","latitude":"4°19'8.410\" N","V01":"0","V02":"0","V03":"0","category2":"Tourism"},"geometry":{"type":"Point","coordinates":[73.59113179558103,4.319002680741312]}},{"type":"Feature","properties":{"atoll":"Kaafu","islandName":"Than'burudhoo","longitude":"73° 35' 3.405\"E","latitude":"4°18'55.402\" N","V01":"0","V02":"0","V03":"0","category2":"Other"},"geometry":{"type":"Point","coordinates":[73.58427918895909,4.315389537354576]}},{"type":"Feature","properties":{"atoll":"Kaafu","islandName":null,"longitude":"73° 34' 57.502\"E","latitude":"4°19'14.467\" N","V01":"0","V02":"0","V03":"0","category2":"Other"},"geometry":{"type":"Point","coordinates":[73.58263948777888,4.320685145521768]}},{"type":"Feature","properties":{"atoll":"Kaafu","islandName":"Girifushi","longitude":"73° 34' 45.025\"E","latitude":"4°19'5.963\" N","V01":"0","V02":"0","V03":"0","category2":"Other"},"geometry":{"type":"Point","coordinates":[73.57917359397065,4.318323033184267]}},{"type":"Feature","properties":{"atoll":"Kaafu","islandName":"Lankanfushi","longitude":"73° 33' 29.683\"E","latitude":"4°17'41.662\" N","V01":"0","V02":"0","V03":"0","category2":"Tourism"},"geometry":{"type":"Point","coordinates":[73.55824530158485,4.29490623133823]}},{"type":"Feature","properties":{"atoll":"Kaafu","islandName":null,"longitude":"73° 23' 48.461\"E","latitude":"4°13'7.331\" N","V01":"0","V02":"0","V03":"0","category2":"Other"},"geometry":{"type":"Point","coordinates":[73.39679484007425,4.218703085899089]}},{"type":"Feature","properties":{"atoll":"Kaafu","islandName":"Kohdhipparu","longitude":"73° 22' 48.305\"E","latitude":"4°15'35.804\" N","V01":"0","V02":"0","V03":"0","category2":"Tourism"},"geometry":{"type":"Point","coordinates":[73.38008481263206,4.259945613933757]}},{"type":"Feature","properties":{"atoll":"Kaafu","islandName":null,"longitude":"73° 21' 32.357\"E","latitude":"4°16'13.953\" N","V01":"0","V02":"0","V03":"0","category2":"Other"},"geometry":{"type":"Point","coordinates":[73.35898792034503,4.270542633671293]}},{"type":"Feature","properties":{"atoll":"Kaafu","islandName":"Nakahchaahuraa","longitude":"73° 23' 12.915\"E","latitude":"4°20'30.364\" N","V01":"0","V02":"0","V03":"0","category2":"Other"},"geometry":{"type":"Point","coordinates":[73.38692083787218,4.341767685837567]}},{"type":"Feature","properties":{"atoll":"Kaafu","islandName":null,"longitude":"73° 24' 33.884\"E","latitude":"4°22'8.734\" N","V01":"0","V02":"0","V03":"0","category2":"Other"},"geometry":{"type":"Point","coordinates":[73.40941220827739,4.369092877869959]}},{"type":"Feature","properties":{"atoll":"Kaafu","islandName":"Rasfari","longitude":"73° 21' 6.807\"E","latitude":"4°23'43.345\" N","V01":"0","V02":"0","V03":"0","category2":"Other"},"geometry":{"type":"Point","coordinates":[73.35189080527942,4.395373571729467]}},{"type":"Feature","properties":{"atoll":"Kaafu","islandName":"Kudahithi","longitude":"73° 22' 48.902\"E","latitude":"4°25'2.340\" N","V01":"0","V02":"0","V03":"0","category2":"Other"},"geometry":{"type":"Point","coordinates":[73.38025068359082,4.417316629672323]}},{"type":"Feature","properties":{"atoll":"Kaafu","islandName":"Boduhithi","longitude":"73° 23' 5.203\"E","latitude":"4°25'48.377\" N","V01":"0","V02":"0","V03":"0","category2":"Tourism"},"geometry":{"type":"Point","coordinates":[73.38477873121188,4.430104692427366]}},{"type":"Feature","properties":{"atoll":"Kaafu","islandName":null,"longitude":"73° 24' 24.346\"E","latitude":"4°27'24.622\" N","V01":"0","V02":"0","V03":"0","category2":"Other"},"geometry":{"type":"Point","coordinates":[73.4067628086123,4.456839550455626]}},{"type":"Feature","properties":{"atoll":"Kaafu","islandName":"Hen'badhoo","longitude":"73° 23' 35.955\"E","latitude":"4°28'54.055\" N","V01":"0","V02":"0","V03":"0","category2":"Tourism"},"geometry":{"type":"Point","coordinates":[73.39332085978424,4.48168194395089]}},{"type":"Feature","properties":{"atoll":"Kaafu","islandName":"Madivaru","longitude":"73° 22' 6.414\"E","latitude":"4°30'3.110\" N","V01":"0","V02":"0","V03":"0","category2":"Tourism"},"geometry":{"type":"Point","coordinates":[73.36844841363192,4.500863982605809]}},{"type":"Feature","properties":{"atoll":"Kaafu","islandName":"Ziyaaraiyfushi","longitude":"73° 22' 20.973\"E","latitude":"4°31'59.330\" N","V01":"0","V02":"0","V03":"0","category2":"Tourism"},"geometry":{"type":"Point","coordinates":[73.37249253078097,4.533147284618748]}},{"type":"Feature","properties":{"atoll":"Kaafu","islandName":"Makunudhoo","longitude":"73° 24' 20.444\"E","latitude":"4°32'33.783\" N","V01":"0","V02":"0","V03":"0","category2":"Tourism"},"geometry":{"type":"Point","coordinates":[73.40567896763086,4.542717538025554]}},{"type":"Feature","properties":{"atoll":"Kaafu","islandName":null,"longitude":"73° 23' 26.690\"E","latitude":"4°32'48.332\" N","V01":"0","V02":"0","V03":"0","category2":"Other"},"geometry":{"type":"Point","coordinates":[73.39074727895675,4.54675902751061]}},{"type":"Feature","properties":{"atoll":"Kaafu","islandName":"Eriadhoo","longitude":"73° 24' 52.175\"E","latitude":"4°35'24.009\" N","V01":"0","V02":"0","V03":"0","category2":"Tourism"},"geometry":{"type":"Point","coordinates":[73.41449296742245,4.590002494037626]}},{"type":"Feature","properties":{"atoll":"Kaafu","islandName":"Dhonfushi","longitude":"73° 24' 26.841\"E","latitude":"4°36'28.763\" N","V01":"0","V02":"0","V03":"0","category2":"Other"},"geometry":{"type":"Point","coordinates":[73.40745586210093,4.607989843311436]}},{"type":"Feature","properties":{"atoll":"Kaafu","islandName":null,"longitude":"73° 30' 51.293\"E","latitude":"4°41'37.469\" N","V01":"0","V02":"0","V03":"0","category2":"Other"},"geometry":{"type":"Point","coordinates":[73.51424809913324,4.693741469687822]}},{"type":"Feature","properties":{"atoll":"Kaafu","islandName":"Vabbinfaru","longitude":"73° 25' 26.221\"E","latitude":"4°18'35.189\" N","V01":"0","V02":"0","V03":"0","category2":"Tourism"},"geometry":{"type":"Point","coordinates":[73.4239501814589,4.309774603592656]}},{"type":"Feature","properties":{"atoll":"Kaafu","islandName":"Ihuru","longitude":"73° 24' 57.747\"E","latitude":"4°18'24.325\" N","V01":"0","V02":"0","V03":"0","category2":"Tourism"},"geometry":{"type":"Point","coordinates":[73.41604074846909,4.306756946132225]}},{"type":"Feature","properties":{"atoll":"Kaafu","islandName":null,"longitude":"73° 21' 51.531\"E","latitude":"4°18'38.027\" N","V01":"0","V02":"0","V03":"0","category2":"Other"},"geometry":{"type":"Point","coordinates":[73.36431417687102,4.310563019332153]}},{"type":"Feature","properties":{"atoll":"Kaafu","islandName":null,"longitude":"73° 21' 52.039\"E","latitude":"4°18'42.159\" N","V01":"0","V02":"0","V03":"0","category2":"Other"},"geometry":{"type":"Point","coordinates":[73.36445525298662,4.311710742066552]}},{"type":"Feature","properties":{"atoll":"Kaafu","islandName":"Baros","longitude":"73° 25' 37.770\"E","latitude":"4°17'5.233\" N","V01":"0","V02":"0","V03":"0","category2":"Tourism"},"geometry":{"type":"Point","coordinates":[73.42715839542561,4.284787037700281]}},{"type":"Feature","properties":{"atoll":"Kaafu","islandName":"Bolifushi","longitude":"73° 23' 59.096\"E","latitude":"4°5'50.599\" N","V01":"0","V02":"0","V03":"0","category2":"Tourism"},"geometry":{"type":"Point","coordinates":[73.39974886852877,4.09738860590145]}},{"type":"Feature","properties":{"atoll":"Kaafu","islandName":null,"longitude":"73° 23' 18.279\"E","latitude":"4°3'22.316\" N","V01":"0","V02":"0","V03":"0","category2":"Other"},"geometry":{"type":"Point","coordinates":[73.38841091580676,4.056198833970838]}},{"type":"Feature","properties":{"atoll":"Kaafu","islandName":"Maniyafushi","longitude":"73° 24' 39.796\"E","latitude":"4°3'20.650\" N","V01":"0","V02":"0","V03":"0","category2":"Other"},"geometry":{"type":"Point","coordinates":[73.41105432509903,4.055736200498352]}},{"type":"Feature","properties":{"atoll":"Kaafu","islandName":"Ithaafinolhu","longitude":"73° 23' 28.522\"E","latitude":"4°0'2.855\" N","V01":"0","V02":"0","V03":"0","category2":"Other"},"geometry":{"type":"Point","coordinates":[73.39125619013615,4.000792992667372]}},{"type":"Feature","properties":{"atoll":"Kaafu","islandName":"Kalhuhuraa","longitude":"73° 22' 19.061\"E","latitude":"4°0'34.569\" N","V01":"0","V02":"0","V03":"0","category2":"Other"},"geometry":{"type":"Point","coordinates":[73.37196130772827,4.009602381237075]}},{"type":"Feature","properties":{"atoll":"Kaafu","islandName":"Vaagali","longitude":"73° 21' 21.388\"E","latitude":"3°56'54.995\" N","V01":"0","V02":"0","V03":"0","category2":"Other"},"geometry":{"type":"Point","coordinates":[73.35594116862308,3.948609798923888]}},{"type":"Feature","properties":{"atoll":"Kaafu","islandName":"Rannaalhi","longitude":"73° 21' 28.312\"E","latitude":"3°54'11.864\" N","V01":"0","V02":"0","V03":"0","category2":"Tourism"},"geometry":{"type":"Point","coordinates":[73.35786441014149,3.903295466532338]}},{"type":"Feature","properties":{"atoll":"Kaafu","islandName":null,"longitude":"73° 21' 45.992\"E","latitude":"3°53'39.004\" N","V01":"0","V02":"0","V03":"0","category2":"Other"},"geometry":{"type":"Point","coordinates":[73.36277557731509,3.894167724210179]}},{"type":"Feature","properties":{"atoll":"Kaafu","islandName":"Fihaalhohi","longitude":"73° 22' 1.694\"E","latitude":"3°52'38.200\" N","V01":"0","V02":"0","V03":"0","category2":"Tourism"},"geometry":{"type":"Point","coordinates":[73.36713723481486,3.87727772308152]}},{"type":"Feature","properties":{"atoll":"Kaafu","islandName":null,"longitude":"73° 22' 35.452\"E","latitude":"3°50'26.287\" N","V01":"0","V02":"0","V03":"0","category2":"Other"},"geometry":{"type":"Point","coordinates":[73.37651442451032,3.840635363945798]}},{"type":"Feature","properties":{"atoll":"Kaafu","islandName":null,"longitude":"73° 22' 39.329\"E","latitude":"3°50'4.972\" N","V01":"0","V02":"0","V03":"0","category2":"Other"},"geometry":{"type":"Point","coordinates":[73.37759149294534,3.834714573353806]}},{"type":"Feature","properties":{"atoll":"Kaafu","islandName":null,"longitude":"73° 22' 40.628\"E","latitude":"3°49'39.807\" N","V01":"0","V02":"0","V03":"0","category2":"Other"},"geometry":{"type":"Point","coordinates":[73.3779521468053,3.8277241099767]}},{"type":"Feature","properties":{"atoll":"Kaafu","islandName":"Tholhimaraahuraa","longitude":"73° 22' 31.261\"E","latitude":"3°49'29.264\" N","V01":"0","V02":"0","V03":"0","category2":"Agriculture"},"geometry":{"type":"Point","coordinates":[73.37535021576244,3.824795527947989]}},{"type":"Feature","properties":{"atoll":"Kaafu","islandName":"Mahaanaelhihuraa","longitude":"73° 24' 40.621\"E","latitude":"3°48'44.268\" N","V01":"0","V02":"0","V03":"0","category2":"Tourism"},"geometry":{"type":"Point","coordinates":[73.41128374719959,3.812296796531862]}},{"type":"Feature","properties":{"atoll":"Kaafu","islandName":"Erruhhuraa","longitude":"73° 24' 58.288\"E","latitude":"3°48'53.720\" N","V01":"0","V02":"0","V03":"0","category2":"Other"},"geometry":{"type":"Point","coordinates":[73.41619114360343,3.814922198124735]}},{"type":"Feature","properties":{"atoll":"Kaafu","islandName":"Olhigan'dufinolhu","longitude":"73° 25' 3.628\"E","latitude":"3°48'42.886\" N","V01":"0","V02":"0","V03":"0","category2":"Other"},"geometry":{"type":"Point","coordinates":[73.41767439037899,3.811912654771476]}},{"type":"Feature","properties":{"atoll":"Kaafu","islandName":null,"longitude":"73° 25' 7.339\"E","latitude":"3°48'58.573\" N","V01":"0","V02":"0","V03":"0","category2":"Other"},"geometry":{"type":"Point","coordinates":[73.4187053916483,3.816270292809742]}},{"type":"Feature","properties":{"atoll":"Kaafu","islandName":null,"longitude":"73° 26' 47.729\"E","latitude":"3°49'50.183\" N","V01":"0","V02":"0","V03":"0","category2":"Other"},"geometry":{"type":"Point","coordinates":[73.4465914870825,3.830606462802799]}},{"type":"Feature","properties":{"atoll":"Kaafu","islandName":"Bodufinolhu","longitude":"73° 27' 24.085\"E","latitude":"3°51'25.606\" N","V01":"0","V02":"0","V03":"0","category2":"Tourism"},"geometry":{"type":"Point","coordinates":[73.45669025749497,3.857112751156287]}},{"type":"Feature","properties":{"atoll":"Kaafu","islandName":"Kudafinolhu","longitude":"73° 27' 30.727\"E","latitude":"3°51'54.609\" N","V01":"0","V02":"0","V03":"0","category2":"Other"},"geometry":{"type":"Point","coordinates":[73.45853530055204,3.865169075660941]}},{"type":"Feature","properties":{"atoll":"Kaafu","islandName":"Maadhoo","longitude":"73° 27' 31.740\"E","latitude":"3°52'19.070\" N","V01":"0","V02":"0","V03":"0","category2":"Tourism"},"geometry":{"type":"Point","coordinates":[73.458816593643,3.871963908617366]}},{"type":"Feature","properties":{"atoll":"Kaafu","islandName":"Lhosfushi","longitude":"73° 28' 11.231\"E","latitude":"3°53'49.716\" N","V01":"0","V02":"0","V03":"0","category2":"Other"},"geometry":{"type":"Point","coordinates":[73.46978646121245,3.89714329529051]}},{"type":"Feature","properties":{"atoll":"Kaafu","islandName":"Villivaru","longitude":"73° 27' 19.910\"E","latitude":"3°54'52.260\" N","V01":"0","V02":"0","V03":"0","category2":"Other"},"geometry":{"type":"Point","coordinates":[73.45553063590516,3.914516595611362]}},{"type":"Feature","properties":{"atoll":"Kaafu","islandName":"Biyaadhoo","longitude":"73° 27' 22.862\"E","latitude":"3°55'19.780\" N","V01":"0","V02":"0","V03":"0","category2":"Tourism"},"geometry":{"type":"Point","coordinates":[73.45635061697062,3.922161066429778]}},{"type":"Feature","properties":{"atoll":"Kaafu","islandName":null,"longitude":"73° 26' 38.819\"E","latitude":"3°55'14.285\" N","V01":"0","V02":"0","V03":"0","category2":"Other"},"geometry":{"type":"Point","coordinates":[73.4441165020197,3.920634761020751]}},{"type":"Feature","properties":{"atoll":"Kaafu","islandName":"Vammaafushi","longitude":"73° 29' 46.113\"E","latitude":"3°56'56.089\" N","V01":"0","V02":"0","V03":"0","category2":"Other"},"geometry":{"type":"Point","coordinates":[73.49614248606564,3.948913584211002]}},{"type":"Feature","properties":{"atoll":"Kaafu","islandName":null,"longitude":"73° 27' 37.862\"E","latitude":"3°57'21.044\" N","V01":"0","V02":"0","V03":"0","category2":"Other"},"geometry":{"type":"Point","coordinates":[73.46051717676205,3.955845657842609]}},{"type":"Feature","properties":{"atoll":"Kaafu","islandName":"Noofinolhu","longitude":"73° 30' 9.509\"E","latitude":"3°58'7.637\" N","V01":"0","V02":"0","V03":"0","category2":"Tourism"},"geometry":{"type":"Point","coordinates":[73.50264151956085,3.968787954300709]}},{"type":"Feature","properties":{"atoll":"Kaafu","islandName":"Veligan'duhuraa","longitude":"73° 30' 23.227\"E","latitude":"3°58'18.213\" N","V01":"0","V02":"0","V03":"0","category2":"Tourism"},"geometry":{"type":"Point","coordinates":[73.50645184864999,3.971725955241392]}},{"type":"Feature","properties":{"atoll":"Kaafu","islandName":"Dhigufinolhu","longitude":"73° 30' 8.134\"E","latitude":"3°58'20.384\" N","V01":"0","V02":"0","V03":"0","category2":"Tourism"},"geometry":{"type":"Point","coordinates":[73.50225931583992,3.972328812193942]}},{"type":"Feature","properties":{"atoll":"Kaafu","islandName":"Funfinolhu","longitude":"73° 30' 17.421\"E","latitude":"3°58'34.817\" N","V01":"0","V02":"0","V03":"0","category2":"Tourism"},"geometry":{"type":"Point","coordinates":[73.50483907702547,3.976338013252378]}},{"type":"Feature","properties":{"atoll":"Kaafu","islandName":null,"longitude":"73° 30' 45.930\"E","latitude":"3°59'19.750\" N","V01":"0","V02":"0","V03":"0","category2":"Other"},"geometry":{"type":"Point","coordinates":[73.51275842672987,3.988819551122102]}},{"type":"Feature","properties":{"atoll":"Kaafu","islandName":null,"longitude":"73° 31' 49.925\"E","latitude":"4°4'45.289\" N","V01":"0","V02":"0","V03":"0","category2":"Other"},"geometry":{"type":"Point","coordinates":[73.53053484605188,4.079247003480053]}},{"type":"Feature","properties":{"atoll":"Kaafu","islandName":"En'boodhoo","longitude":"73° 30' 43.710\"E","latitude":"4°5'2.679\" N","V01":"0","V02":"0","V03":"0","category2":"Tourism"},"geometry":{"type":"Point","coordinates":[73.51214165426725,4.08407736350306]}},{"type":"Feature","properties":{"atoll":"Kaafu","islandName":"En'boodhoofinolhu","longitude":"73° 31' 29.040\"E","latitude":"4°6'17.423\" N","V01":"0","V02":"0","V03":"0","category2":"Tourism"},"geometry":{"type":"Point","coordinates":[73.52473325992548,4.104839799591325]}},{"type":"Feature","properties":{"atoll":"Kaafu","islandName":"Aanugan'duhuraa","longitude":"73° 30' 3.538\"E","latitude":"4°18'27.572\" N","V01":"0","V02":"0","V03":"0","category2":"Tourism"},"geometry":{"type":"Point","coordinates":[73.50098289976597,4.307658798838109]}},{"type":"Feature","properties":{"atoll":"Kaafu","islandName":null,"longitude":"73° 28' 50.202\"E","latitude":"4°17'43.284\" N","V01":"0","V02":"0","V03":"0","category2":"Other"},"geometry":{"type":"Point","coordinates":[73.48061161078714,4.295356650747454]}},{"type":"Feature","properties":{"atoll":"Kaafu","islandName":null,"longitude":"73° 28' 17.071\"E","latitude":"4°17'57.526\" N","V01":"0","V02":"0","V03":"0","category2":"Other"},"geometry":{"type":"Point","coordinates":[73.47140864359199,4.299312846977736]}},{"type":"Feature","properties":{"atoll":"Kaafu","islandName":"Bodubis","longitude":"73° 24' 52.595\"E","latitude":"4°16'31.925\" N","V01":"0","V02":"0","V03":"0","category2":"Other"},"geometry":{"type":"Point","coordinates":[73.41460980689783,4.27553476555102]}},{"type":"Feature","properties":{"atoll":"Kaafu","islandName":null,"longitude":"73° 25' 24.281\"E","latitude":"4°15'55.624\" N","V01":"0","V02":"0","V03":"0","category2":"Other"},"geometry":{"type":"Point","coordinates":[73.42341129368032,4.265451206674157]}},{"type":"Feature","properties":{"atoll":"Kaafu","islandName":null,"longitude":"73° 26' 50.193\"E","latitude":"3°57'57.644\" N","V01":"0","V02":"0","V03":"0","category2":"Other"},"geometry":{"type":"Point","coordinates":[73.44727578228121,3.966012345151701]}},{"type":"Feature","properties":{"atoll":"Kaafu","islandName":null,"longitude":"73° 27' 47.210\"E","latitude":"3°58'20.109\" N","V01":"0","V02":"0","V03":"0","category2":"Other"},"geometry":{"type":"Point","coordinates":[73.46311397182255,3.972252573563087]}},{"type":"Feature","properties":{"atoll":"Kaafu","islandName":null,"longitude":"73° 31' 25.558\"E","latitude":"4°5'24.134\" N","V01":"0","V02":"0","V03":"0","category2":"Other"},"geometry":{"type":"Point","coordinates":[73.52376617349029,4.090037296855025]}},{"type":"Feature","properties":{"atoll":"Kaafu","islandName":null,"longitude":"73° 31' 35.532\"E","latitude":"4°7'4.878\" N","V01":"0","V02":"0","V03":"0","category2":"Other"},"geometry":{"type":"Point","coordinates":[73.52653667533335,4.118021579904248]}},{"type":"Feature","properties":{"atoll":"Kaafu","islandName":null,"longitude":"73° 30' 13.832\"E","latitude":"4°7'18.667\" N","V01":"0","V02":"0","V03":"0","category2":"Other"},"geometry":{"type":"Point","coordinates":[73.50384214806978,4.12185183368868]}},{"type":"Feature","properties":{"atoll":"Kaafu","islandName":"Boduban'dos","longitude":"73° 29' 29.017\"E","latitude":"4°16'9.911\" N","V01":"0","V02":"0","V03":"0","category2":"Tourism"},"geometry":{"type":"Point","coordinates":[73.4913935279407,4.269419613526819]}},{"type":"Feature","properties":{"atoll":"Kaafu","islandName":"Boduhuraa","longitude":"73° 30' 19.386\"E","latitude":"3°58'2.578\" N","V01":"0","V02":"0","V03":"0","category2":"Tourism"},"geometry":{"type":"Point","coordinates":[73.50538502452571,3.967382802147266]}},{"type":"Feature","properties":{"atoll":"Kaafu","islandName":"Thilafushi","longitude":"73° 25' 17.471\"E","latitude":"4°10'59.934\" N","V01":"0","V02":"0","V03":"0","category2":"Other"},"geometry":{"type":"Point","coordinates":[73.42151977207214,4.183315121795112]}},{"type":"Feature","properties":{"atoll":"Kaafu","islandName":"Makunufushi","longitude":"73° 28' 12.291\"E","latitude":"3°55'4.552\" N","V01":"0","V02":"0","V03":"0","category2":"Tourism"},"geometry":{"type":"Point","coordinates":[73.47008092613741,3.917930983691549]}},{"type":"Feature","properties":{"atoll":"Kaafu","islandName":"Kudaban'dos","longitude":"73° 29' 59.043\"E","latitude":"4°15'49.900\" N","V01":"0","V02":"0","V03":"0","category2":"Tourism"},"geometry":{"type":"Point","coordinates":[73.49973404250169,4.263861152601841]}},{"type":"Feature","properties":{"atoll":"Kaafu","islandName":"Dhoonidhoo","longitude":"73° 30' 49.846\"E","latitude":"4°11'49.362\" N","V01":"0","V02":"0","V03":"0","category2":"Other"},"geometry":{"type":"Point","coordinates":[73.51384602906481,4.197045038029461]}},{"type":"Feature","properties":{"atoll":"Kaafu","islandName":"Olhuhali","longitude":"73° 27' 3.336\"E","latitude":"4°41'24.756\" N","V01":"0","V02":"0","V03":"0","category2":"Tourism"},"geometry":{"type":"Point","coordinates":[73.4509266641293,4.690209916684024]}},{"type":"Feature","properties":{"atoll":"Kaafu","islandName":"Funadhoo","longitude":"73° 31' 4.813\"E","latitude":"4°11'1.585\" N","V01":"0","V02":"0","V03":"0","category2":"Other"},"geometry":{"type":"Point","coordinates":[73.51800352018876,4.183773578750373]}},{"type":"Feature","properties":{"atoll":"Kaafu","islandName":"Gaagan'du","longitude":"73° 32' 13.326\"E","latitude":"4°14'58.266\" N","V01":"0","V02":"0","V03":"0","category2":"Other"},"geometry":{"type":"Point","coordinates":[73.53703499697465,4.249518275720725]}},{"type":"Feature","properties":{"atoll":"Kaafu","islandName":"Gulhigaathuhuraa","longitude":"73° 30' 25.084\"E","latitude":"3°58'35.759\" N","V01":"0","V02":"0","V03":"0","category2":"Tourism"},"geometry":{"type":"Point","coordinates":[73.50696769089711,3.976599794001185]}},{"type":"Feature","properties":{"atoll":"Kaafu","islandName":"Kan'duoiygiri","longitude":"73° 32' 26.053\"E","latitude":"4°15'28.844\" N","V01":"0","V02":"0","V03":"0","category2":"Fisheries"},"geometry":{"type":"Point","coordinates":[73.54057024199888,4.258012249916738]}},{"type":"Feature","properties":{"atoll":"Kaafu","islandName":"Giraavaru","longitude":"73° 24' 46.227\"E","latitude":"4°12'1.670\" N","V01":"0","V02":"0","V03":"0","category2":"Tourism"},"geometry":{"type":"Point","coordinates":[73.41284070666309,4.200463836278621]}},{"type":"Feature","properties":{"atoll":"Kaafu","islandName":"Nakaiychaafushi","longitude":"73° 22' 14.530\"E","latitude":"4°22'6.786\" N","V01":"0","V02":"0","V03":"0","category2":"Tourism"},"geometry":{"type":"Point","coordinates":[73.37070282865288,4.368551539235892]}},{"type":"Feature","properties":{"atoll":"Kaafu","islandName":"Gasfinolhu","longitude":"73° 37' 34.650\"E","latitude":"4°21'40.811\" N","V01":"0","V02":"0","V03":"0","category2":"Tourism"},"geometry":{"type":"Point","coordinates":[73.62629177614193,4.361336513483007]}},{"type":"Feature","properties":{"atoll":"Kaafu","islandName":"Vaadhoo","longitude":"73° 27' 25.941\"E","latitude":"4°7'27.025\" N","V01":"0","V02":"0","V03":"0","category2":"Tourism"},"geometry":{"type":"Point","coordinates":[73.45720584705641,4.124173622848711]}},{"type":"Feature","properties":{"atoll":"Kaafu","islandName":"Thulhaagiri","longitude":"73° 29' 13.974\"E","latitude":"4°18'42.402\" N","V01":"0","V02":"0","V03":"0","category2":"Tourism"},"geometry":{"type":"Point","coordinates":[73.48721497897304,4.311778240926294]}},{"type":"Feature","properties":{"atoll":"Kaafu","islandName":"Velassaru","longitude":"73° 26' 13.223\"E","latitude":"4°7'17.122\" N","V01":"0","V02":"0","V03":"0","category2":"Tourism"},"geometry":{"type":"Point","coordinates":[73.43700645860356,4.121422675945765]}},{"type":"Feature","properties":{"atoll":"Kaafu","islandName":"Vihamanaafushi","longitude":"73° 31' 11.462\"E","latitude":"4°13'35.993\" N","V01":"0","V02":"0","V03":"0","category2":"Tourism"},"geometry":{"type":"Point","coordinates":[73.51985069222225,4.226664759235812]}},{"type":"Feature","properties":{"atoll":"Kaafu","islandName":"Aarah","longitude":"73° 29' 40.429\"E","latitude":"4°13'48.782\" N","V01":"0","V02":"0","V03":"0","category2":"Other"},"geometry":{"type":"Point","coordinates":[73.49456372093817,4.230217346722686]}},{"type":"Feature","properties":{"atoll":"Kaafu","islandName":null,"longitude":"73° 28' 8.509\"E","latitude":"4°10'44.333\" N","V01":"0","V02":"0","V03":"0","category2":"Other"},"geometry":{"type":"Point","coordinates":[73.46903021297904,4.178981432904254]}},{"type":"Feature","properties":{"atoll":"Kaafu","islandName":"Aanugan'dufinolhu","longitude":"73° 30' 20.264\"E","latitude":"4°18'22.865\" N","V01":"0","V02":"0","V03":"0","category2":"Tourism"},"geometry":{"type":"Point","coordinates":[73.50562884770869,4.306351360839641]}},{"type":"Feature","properties":{"atoll":"Kaafu","islandName":null,"longitude":"73° 26' 56.453\"E","latitude":"4°28'21.360\" N","V01":"0","V02":"0","V03":"0","category2":"Other"},"geometry":{"type":"Point","coordinates":[73.44901462697744,4.472600084492718]}},{"type":"Feature","properties":{"atoll":"Kaafu","islandName":null,"longitude":"73° 36' 7.780\"E","latitude":"4°20'46.384\" N","V01":"0","V02":"0","V03":"0","category2":"Other"},"geometry":{"type":"Point","coordinates":[73.60216107405743,4.346217774925827]}},{"type":"Feature","properties":{"atoll":"Kaafu","islandName":null,"longitude":"73° 24' 46.763\"E","latitude":"4°4'27.150\" N","V01":"0","V02":"0","V03":"0","category2":"Other"},"geometry":{"type":"Point","coordinates":[73.41298980543739,4.074208351560083]}},{"type":"Feature","properties":{"atoll":"Kaafu","islandName":"Ehmafushi","longitude":"73° 27' 46.460\"E","latitude":"4°7'27.184\" N","V01":"0","V02":"0","V03":"0","category2":"Tourism"},"geometry":{"type":"Point","coordinates":[73.46290561498424,4.12421772891383]}},{"type":"Feature","properties":{"atoll":"Kaafu","islandName":"Akasdhoo","longitude":"73° 28' 20.880\"E","latitude":"4°7'25.451\" N","V01":"0","V02":"0","V03":"0","category2":"Tourism"},"geometry":{"type":"Point","coordinates":[73.4724666306503,4.123736505632165]}},{"type":"Feature","properties":{"atoll":"Kaafu","islandName":"Vabboahuraa","longitude":"73° 35' 47.359\"E","latitude":"4°19'9.636\" N","V01":"0","V02":"0","V03":"0","category2":"Tourism"},"geometry":{"type":"Point","coordinates":[73.59648870307603,4.319343209035248]}},{"type":"Feature","properties":{"atoll":"Kaafu","islandName":"Medhufinolhu","longitude":"73° 22' 11.011\"E","latitude":"4°30'39.830\" N","V01":"0","V02":"0","V03":"0","category2":"Tourism"},"geometry":{"type":"Point","coordinates":[73.36972540914074,4.511063998348583]}},{"type":"Feature","properties":{"atoll":"Kaafu","islandName":null,"longitude":"73° 34' 47.095\"E","latitude":"4°36'23.817\" N","V01":"0","V02":"0","V03":"0","category2":"Tourism"},"geometry":{"type":"Point","coordinates":[73.57974865758163,4.606615845981673]}},{"type":"Feature","properties":{"atoll":"Kaafu","islandName":null,"longitude":"73° 34' 49.870\"E","latitude":"4°36'15.510\" N","V01":"0","V02":"0","V03":"0","category2":"Tourism"},"geometry":{"type":"Point","coordinates":[73.58051933902618,4.604308314545024]}},{"type":"Feature","properties":{"atoll":"Kaafu","islandName":"Hulhule","longitude":"73° 31' 44.961\"E","latitude":"4°11'37.717\" N","V01":"802","V02":"41","V03":"761","category2":"Other"},"geometry":{"type":"Point","coordinates":[73.52915589242444,4.193810375177485]}},{"type":"Feature","properties":{"atoll":"Kaafu","islandName":"Kan'baashaa","longitude":"73° 23' 44.228\"E","latitude":"4°37'14.162\" N","V01":"0","V02":"0","V03":"0","category2":"Other"},"geometry":{"type":"Point","coordinates":[73.39561902321874,4.620600442650093]}},{"type":"Feature","properties":{"atoll":"Kaafu","islandName":"Maaranfushi","longitude":"73° 25' 11.580\"E","latitude":"4°36'34.054\" N","V01":"0","V02":"0","V03":"0","category2":"Tourism"},"geometry":{"type":"Point","coordinates":[73.41988320074701,4.609459491803816]}},{"type":"Feature","properties":{"atoll":"Kaafu","islandName":"Nashvilu","longitude":"73° 24' 23.202\"E","latitude":"4°37'28.387\" N","V01":"0","V02":"0","V03":"0","category2":"Other"},"geometry":{"type":"Point","coordinates":[73.40644503719592,4.624552057292608]}},{"type":"Feature","properties":{"atoll":"Kaafu","islandName":"Hastheem","longitude":"73° 24' 59.885\"E","latitude":"4°37'19.392\" N","V01":"0","V02":"0","V03":"0","category2":"Other"},"geometry":{"type":"Point","coordinates":[73.41663484188284,4.622053254242214]}},{"type":"Feature","properties":{"atoll":"Kaafu","islandName":"Feydhoofinolhu","longitude":"73° 29' 4.004\"E","latitude":"4°12'46.129\" N","V01":"0","V02":"0","V03":"0","category2":"Other"},"geometry":{"type":"Point","coordinates":[73.48444548836416,4.212813667346171]}},{"type":"Feature","properties":{"atoll":"Kaafu","islandName":"Furanafushi","longitude":"73° 32' 44.098\"E","latitude":"4°14'59.469\" N","V01":"0","V02":"0","V03":"0","category2":"Tourism"},"geometry":{"type":"Point","coordinates":[73.5455827154756,4.249852499147403]}},{"type":"Feature","properties":{"atoll":"Kaafu","islandName":"Kan'doomaafushi","longitude":"73° 28' 24.807\"E","latitude":"3°54'11.670\" N","V01":"0","V02":"0","V03":"0","category2":"Tourism"},"geometry":{"type":"Point","coordinates":[73.47355739431933,3.903241748712563]}},{"type":"Feature","properties":{"atoll":"Kaafu","islandName":null,"longitude":"73° 28' 22.157\"E","latitude":"3°54'22.593\" N","V01":"0","V02":"0","V03":"0","category2":"Tourism"},"geometry":{"type":"Point","coordinates":[73.47282144131808,3.90627580723123]}},{"type":"Feature","properties":{"atoll":"Kaafu","islandName":"Bulhifushi","longitude":"73° 30' 4.990\"E","latitude":"3°58'47.951\" N","V01":"0","V02":"0","V03":"0","category2":"Tourism"},"geometry":{"type":"Point","coordinates":[73.50138620339605,3.979986483817535]}},{"type":"Feature","properties":{"atoll":"Kaafu","islandName":null,"longitude":"73° 27' 35.784\"E","latitude":"3°50'52.088\" N","V01":"0","V02":"0","V03":"0","category2":"Tourism"},"geometry":{"type":"Point","coordinates":[73.45994002046582,3.847802341691339]}},{"type":"Feature","properties":{"atoll":"Kaafu","islandName":"Lankanfinolhu","longitude":"73° 33' 14.663\"E","latitude":"4°17'8.468\" N","V01":"0","V02":"0","V03":"0","category2":"Tourism"},"geometry":{"type":"Point","coordinates":[73.55407308145534,4.285685453169781]}},{"type":"Feature","properties":{"atoll":"Kaafu","islandName":null,"longitude":"73° 33' 4.698\"E","latitude":"4°17'10.293\" N","V01":"0","V02":"0","V03":"0","category2":"Other"},"geometry":{"type":"Point","coordinates":[73.55130499058322,4.286192486127955]}},{"type":"Feature","properties":{"atoll":"Kaafu","islandName":"Akirifushi","longitude":"73° 24' 5.787\"E","latitude":"4°38'15.931\" N","V01":"0","V02":"0","V03":"0","category2":"Tourism"},"geometry":{"type":"Point","coordinates":[73.40160754968916,4.637758476729935]}},{"type":"Feature","properties":{"atoll":"Kaafu","islandName":null,"longitude":"73° 32' 33.227\"E","latitude":"4°14'52.800\" N","V01":"0","V02":"0","V03":"0","category2":"Tourism"},"geometry":{"type":"Point","coordinates":[73.54256313547388,4.247999974182718]}},{"type":"Feature","properties":{"atoll":"Kaafu","islandName":null,"longitude":"73° 32' 35.112\"E","latitude":"4°14'53.101\" N","V01":"0","V02":"0","V03":"0","category2":"Tourism"},"geometry":{"type":"Point","coordinates":[73.5430865471179,4.248083593044242]}},{"type":"Feature","properties":{"atoll":"Kaafu","islandName":null,"longitude":"73° 32' 37.375\"E","latitude":"4°14'53.328\" N","V01":"0","V02":"0","V03":"0","category2":"Tourism"},"geometry":{"type":"Point","coordinates":[73.543715211528,4.248146723559483]}},{"type":"Feature","properties":{"atoll":"Kaafu","islandName":null,"longitude":"73° 32' 39.322\"E","latitude":"4°14'53.435\" N","V01":"0","V02":"0","V03":"0","category2":"Tourism"},"geometry":{"type":"Point","coordinates":[73.54425601369523,4.248176463846266]}},{"type":"Feature","properties":{"atoll":"Kaafu","islandName":null,"longitude":"73° 32' 43.020\"E","latitude":"4°14'54.222\" N","V01":"0","V02":"0","V03":"0","category2":"Tourism"},"geometry":{"type":"Point","coordinates":[73.54528338335031,4.248394972143241]}},{"type":"Feature","properties":{"atoll":"Kaafu","islandName":null,"longitude":"73° 32' 45.402\"E","latitude":"4°14'54.887\" N","V01":"0","V02":"0","V03":"0","category2":"Tourism"},"geometry":{"type":"Point","coordinates":[73.54594501355952,4.248579710744449]}},{"type":"Feature","properties":{"atoll":"Kaafu","islandName":null,"longitude":"73° 24' 12.514\"E","latitude":"4°0'31.951\" N","V01":"0","V02":"0","V03":"0","category2":"Tourism"},"geometry":{"type":"Point","coordinates":[73.40347597592142,4.008875207147335]}},{"type":"Feature","properties":{"atoll":"Kaafu","islandName":null,"longitude":"73° 23' 32.360\"E","latitude":"4°0'39.974\" N","V01":"0","V02":"0","V03":"0","category2":"Tourism"},"geometry":{"type":"Point","coordinates":[73.39232211944864,4.011103938266897]}},{"type":"Feature","properties":{"atoll":"Kaafu","islandName":"Ithaafushi","longitude":"73° 22' 56.998\"E","latitude":"4°0'45.609\" N","V01":"0","V02":"0","V03":"0","category2":"Tourism"},"geometry":{"type":"Point","coordinates":[73.38249948517716,4.012669194083533]}},{"type":"Feature","properties":{"atoll":"Kaafu","islandName":null,"longitude":"73° 23' 24.454\"E","latitude":"4°0'51.842\" N","V01":"0","V02":"0","V03":"0","category2":"Tourism"},"geometry":{"type":"Point","coordinates":[73.39012622048014,4.014400580096456]}},{"type":"Feature","properties":{"atoll":"Kaafu","islandName":null,"longitude":"73° 23' 39.537\"E","latitude":"4°0'52.315\" N","V01":"0","V02":"0","V03":"0","category2":"Tourism"},"geometry":{"type":"Point","coordinates":[73.39431570699409,4.014532021059272]}},{"type":"Feature","properties":{"atoll":"Kaafu","islandName":null,"longitude":"73° 23' 13.370\"E","latitude":"4°0'54.586\" N","V01":"0","V02":"0","V03":"0","category2":"Tourism"},"geometry":{"type":"Point","coordinates":[73.38704727754289,4.015162762826882]}},{"type":"Feature","properties":{"atoll":"Kaafu","islandName":null,"longitude":"73° 22' 59.731\"E","latitude":"4°0'52.462\" N","V01":"0","V02":"0","V03":"0","category2":"Tourism"},"geometry":{"type":"Point","coordinates":[73.3832585397357,4.014572713077037]}},{"type":"Feature","properties":{"atoll":"Kaafu","islandName":null,"longitude":"73° 32' 49.421\"E","latitude":"4°39'48.220\" N","V01":"0","V02":"0","V03":"0","category2":"Other"},"geometry":{"type":"Point","coordinates":[73.54706131789904,4.66339443110986]}},{"type":"Feature","properties":{"atoll":"Kaafu","islandName":null,"longitude":"73° 32' 56.914\"E","latitude":"4°39'47.637\" N","V01":"0","V02":"0","V03":"0","category2":"Other"},"geometry":{"type":"Point","coordinates":[73.54914285255705,4.663232474889242]}},{"type":"Feature","properties":{"atoll":"Kaafu","islandName":null,"longitude":"73° 35' 6.881\"E","latitude":"4°35'42.159\" N","V01":"0","V02":"0","V03":"0","category2":"Tourism"},"geometry":{"type":"Point","coordinates":[73.58524479572507,4.59504417679252]}},{"type":"Feature","properties":{"atoll":"Kaafu","islandName":null,"longitude":"73° 34' 42.927\"E","latitude":"4°35'41.351\" N","V01":"0","V02":"0","V03":"0","category2":"Other"},"geometry":{"type":"Point","coordinates":[73.57859072388432,4.594819815078293]}},{"type":"Feature","properties":{"atoll":"Kaafu","islandName":null,"longitude":"73° 34' 41.429\"E","latitude":"4°35'44.265\" N","V01":"0","V02":"0","V03":"0","category2":"Other"},"geometry":{"type":"Point","coordinates":[73.57817458566247,4.595629185563856]}},{"type":"Feature","properties":{"atoll":"Kaafu","islandName":null,"longitude":"73° 29' 2.421\"E","latitude":"4°7'24.152\" N","V01":"0","V02":"0","V03":"0","category2":"Other"},"geometry":{"type":"Point","coordinates":[73.48400590542535,4.123375416945984]}},{"type":"Feature","properties":{"atoll":"Kaafu","islandName":null,"longitude":"73° 28' 52.146\"E","latitude":"4°7'24.766\" N","V01":"0","V02":"0","V03":"0","category2":"Tourism"},"geometry":{"type":"Point","coordinates":[73.48115161916171,4.123546081711025]}},{"type":"Feature","properties":{"atoll":"Kaafu","islandName":null,"longitude":"73° 23' 10.024\"E","latitude":"4°4'52.817\" N","V01":"0","V02":"0","V03":"0","category2":"Other"},"geometry":{"type":"Point","coordinates":[73.38611765449733,4.081338157596538]}},{"type":"Feature","properties":{"atoll":"Kaafu","islandName":null,"longitude":"73° 23' 20.970\"E","latitude":"4°5'22.604\" N","V01":"0","V02":"0","V03":"0","category2":"Other"},"geometry":{"type":"Point","coordinates":[73.38915846172969,4.089612268991914]}},{"type":"Feature","properties":{"atoll":"Kaafu","islandName":null,"longitude":"73° 23' 16.656\"E","latitude":"4°5'8.458\" N","V01":"0","V02":"0","V03":"0","category2":"Other"},"geometry":{"type":"Point","coordinates":[73.38795999904202,4.085682880778545]}},{"type":"Feature","properties":{"atoll":"Kaafu","islandName":null,"longitude":"73° 22' 47.690\"E","latitude":"4°3'42.487\" N","V01":"0","V02":"0","V03":"0","category2":"Other"},"geometry":{"type":"Point","coordinates":[73.37991379449582,4.061801894873248]}},{"type":"Feature","properties":{"atoll":"Kaafu","islandName":null,"longitude":"73° 23' 4.010\"E","latitude":"4°3'42.737\" N","V01":"0","V02":"0","V03":"0","category2":"Other"},"geometry":{"type":"Point","coordinates":[73.38444732862884,4.061871261448884]}},{"type":"Feature","properties":{"atoll":"Kaafu","islandName":null,"longitude":"73° 26' 1.604\"E","latitude":"3°49'22.045\" N","V01":"0","V02":"0","V03":"0","category2":"Other"},"geometry":{"type":"Point","coordinates":[73.43377902611812,3.822790416655348]}},{"type":"Feature","properties":{"atoll":"Kaafu","islandName":null,"longitude":"73° 26' 21.929\"E","latitude":"3°49'48.263\" N","V01":"0","V02":"0","V03":"0","category2":"Other"},"geometry":{"type":"Point","coordinates":[73.43942471006827,3.830072923721359]}},{"type":"Feature","properties":{"atoll":"Kaafu","islandName":null,"longitude":"73° 22' 0.340\"E","latitude":"4°15'0.098\" N","V01":"0","V02":"0","V03":"0","category2":"Tourism"},"geometry":{"type":"Point","coordinates":[73.36676110977965,4.250027211588727]}},{"type":"Feature","properties":{"atoll":"Kaafu","islandName":null,"longitude":"73° 39' 40.802\"E","latitude":"4°31'8.297\" N","V01":"0","V02":"0","V03":"0","category2":"Tourism"},"geometry":{"type":"Point","coordinates":[73.6613339858133,4.518971266017344]}},{"type":"Feature","properties":{"atoll":"Kaafu","islandName":null,"longitude":"73° 40' 3.339\"E","latitude":"4°22'36.379\" N","V01":"0","V02":"0","V03":"0","category2":"Tourism"},"geometry":{"type":"Point","coordinates":[73.66759416225044,4.376771872288519]}},{"type":"Feature","properties":{"atoll":"Kaafu","islandName":null,"longitude":"73° 39' 38.430\"E","latitude":"4°22'34.018\" N","V01":"0","V02":"0","V03":"0","category2":"Tourism"},"geometry":{"type":"Point","coordinates":[73.66067499755226,4.37611608915311]}},{"type":"Feature","properties":{"atoll":"Kaafu","islandName":null,"longitude":"73° 39' 56.907\"E","latitude":"4°22'33.481\" N","V01":"0","V02":"0","V03":"0","category2":"Tourism"},"geometry":{"type":"Point","coordinates":[73.66580743370734,4.375966986116604]}},{"type":"Feature","properties":{"atoll":"Kaafu","islandName":"Olhuveli","longitude":"73° 27' 20.317\"E","latitude":"3°51'4.362\" N","V01":"0","V02":"0","V03":"0","category2":"Tourism"},"geometry":{"type":"Point","coordinates":[73.45564349313823,3.85121162793577]}},{"type":"Feature","properties":{"atoll":"Kaafu","islandName":null,"longitude":"73° 27' 37.234\"E","latitude":"3°51'7.796\" N","V01":"0","V02":"0","V03":"0","category2":"Tourism"},"geometry":{"type":"Point","coordinates":[73.46034264272896,3.852165578423338]}},{"type":"Feature","properties":{"atoll":"Alifu Dhaalu","islandName":"Bulhalhohi","longitude":"72° 43' 54.677\"E","latitude":"3°44'20.119\" N","V01":"0","V02":"0","V03":"0","category2":"Other"},"geometry":{"type":"Point","coordinates":[72.73185480315249,3.738921825990425]}},{"type":"Feature","properties":{"atoll":"Gaafu Dhaalu","islandName":"Kudhemaadhoo","longitude":"73° 4' 52.259\"E","latitude":"0°16'17.225\" N","V01":"0","V02":"0","V03":"0","category2":"Other"},"geometry":{"type":"Point","coordinates":[73.08118298106938,0.271451435912734]}},{"type":"Feature","properties":{"atoll":"Gaafu Dhaalu","islandName":"Kavvahuttaa","longitude":"73° 5' 31.704\"E","latitude":"0°15'58.063\" N","V01":"0","V02":"0","V03":"0","category2":"Other"},"geometry":{"type":"Point","coordinates":[73.09214010158597,0.266128727613499]}},{"type":"Feature","properties":{"atoll":"Thaa","islandName":"Hiriyanfushi","longitude":"73° 8' 59.026\"E","latitude":"2°12'41.371\" N","V01":"0","V02":"0","V03":"0","category2":"Other"},"geometry":{"type":"Point","coordinates":[73.1497295737619,2.211491989226451]}},{"type":"Feature","properties":{"atoll":"Haa Alifu","islandName":"Kudafinolhu","longitude":"72° 53' 4.722\"E","latitude":"6°59'20.045\" N","V01":"0","V02":"0","V03":"0","category2":"Other"},"geometry":{"type":"Point","coordinates":[72.88464490194677,6.988901501135144]}},{"type":"Feature","properties":{"atoll":"Gaafu Dhaalu","islandName":null,"longitude":"73° 11' 9.235\"E","latitude":"0°11'54.610\" N","V01":"0","V02":"0","V03":"0","category2":"Other"},"geometry":{"type":"Point","coordinates":[73.1858985830009,0.198502653024493]}},{"type":"Feature","properties":{"atoll":"Kaafu","islandName":null,"longitude":"73° 30' 26.416\"E","latitude":"3°59'34.082\" N","V01":"0","V02":"0","V03":"0","category2":"Other"},"geometry":{"type":"Point","coordinates":[73.50733784453332,3.992800663929528]}},{"type":"Feature","properties":{"atoll":"Kaafu","islandName":"Farukolhufushi","longitude":"73° 32' 38.787\"E","latitude":"4°13'51.997\" N","V01":"0","V02":"0","V03":"0","category2":"Other"},"geometry":{"type":"Point","coordinates":[73.54410747711574,4.231110360021845]}},{"type":"Feature","properties":{"atoll":"Gaafu Dhaalu","islandName":"Rodhavarrehaa","longitude":"73° 27' 48.654\"E","latitude":"0°17'42.296\" N","V01":"0","V02":"0","V03":"0","category2":"Other"},"geometry":{"type":"Point","coordinates":[73.46351491311272,0.295082238326632]}},{"type":"Feature","properties":{"atoll":"Seenu","islandName":"Dhigiheraa","longitude":"73° 7' 52.399\"E","latitude":"0°41'11.415\" S","V01":"0","V02":"0","V03":"0","category2":"Other"},"geometry":{"type":"Point","coordinates":[73.13122206602924,-0.68650429960208]}},{"type":"Feature","properties":{"atoll":"Faafu","islandName":null,"longitude":"72° 53' 24.961\"E","latitude":"3°3'43.018\" N","V01":"0","V02":"0","V03":"0","category2":"Other"},"geometry":{"type":"Point","coordinates":[72.89026689895292,3.061949541835977]}},{"type":"Feature","properties":{"atoll":"Alifu Dhaalu","islandName":null,"longitude":"72° 57' 52.118\"E","latitude":"3°45'23.376\" N","V01":"0","V02":"0","V03":"0","category2":"Other"},"geometry":{"type":"Point","coordinates":[72.96447709422804,3.756493412488553]}},{"type":"Feature","properties":{"atoll":"Gaafu Dhaalu","islandName":"Maarehaa","longitude":"73° 11' 49.794\"E","latitude":"0°11'29.135\" N","V01":"0","V02":"0","V03":"0","category2":"Other"},"geometry":{"type":"Point","coordinates":[73.1971651374334,0.191426320629167]}},{"type":"Feature","properties":{"atoll":"Gaafu Dhaalu","islandName":"Dhoonirehaa","longitude":"73° 12' 3.683\"E","latitude":"0°11'28.789\" N","V01":"0","V02":"0","V03":"0","category2":"Other"},"geometry":{"type":"Point","coordinates":[73.20102304410922,0.191330332130016]}},{"type":"Feature","properties":{"atoll":"Gaafu Dhaalu","islandName":"Han'daidhoo","longitude":"73° 11' 31.304\"E","latitude":"0°11'36.877\" N","V01":"0","V02":"0","V03":"0","category2":"Other"},"geometry":{"type":"Point","coordinates":[73.19202886046588,0.193577071164758]}},{"type":"Feature","properties":{"atoll":"Gaafu Dhaalu","islandName":null,"longitude":"73° 11' 38.366\"E","latitude":"0°11'40.393\" N","V01":"0","V02":"0","V03":"0","category2":"Other"},"geometry":{"type":"Point","coordinates":[73.19399051354225,0.194553584493121]}},{"type":"Feature","properties":{"atoll":"Gaafu Dhaalu","islandName":"Kandahdhoo","longitude":"73° 11' 27.508\"E","latitude":"0°11'40.603\" N","V01":"0","V02":"0","V03":"0","category2":"Other"},"geometry":{"type":"Point","coordinates":[73.1909744593354,0.194612051618306]}},{"type":"Feature","properties":{"atoll":null,"islandName":"Dhondheeni Hera","longitude":"73° 6' 13.572\"E","latitude":"0°36'18.709\" S","V01":"0","V02":"0","V03":"0","category2":"Other"},"geometry":{"type":"Point","coordinates":[73.10377001096583,-0.60519682310236]}},{"type":"Feature","properties":{"atoll":null,"islandName":"Bolihera","longitude":"73° 6' 37.944\"E","latitude":"0°36'38.739\" S","V01":"0","V02":"0","V03":"0","category2":"Other"},"geometry":{"type":"Point","coordinates":[73.1105400532353,-0.610760845669598]}},{"type":"Feature","properties":{"atoll":null,"islandName":"Dhonhera Fenna","longitude":"73° 11' 48.501\"E","latitude":"0°35'8.743\" S","V01":"0","V02":"0","V03":"0","category2":"Other"},"geometry":{"type":"Point","coordinates":[73.19680590981196,-0.585761943176933]}},{"type":"Feature","properties":{"atoll":null,"islandName":null,"longitude":"73° 23' 58.645\"E","latitude":"4°11'58.246\" N","V01":"0","V02":"0","V03":"0","category2":"Other"},"geometry":{"type":"Point","coordinates":[73.39962359631832,4.199512757537052]}},{"type":"Feature","properties":{"atoll":null,"islandName":null,"longitude":"73° 21' 14.857\"E","latitude":"4°17'50.576\" N","V01":"0","V02":"0","V03":"0","category2":"Other"},"geometry":{"type":"Point","coordinates":[73.35412693053864,4.297382123589834]}},{"type":"Feature","properties":{"atoll":null,"islandName":null,"longitude":"73° 21' 32.212\"E","latitude":"4°18'35.344\" N","V01":"0","V02":"0","V03":"0","category2":"Other"},"geometry":{"type":"Point","coordinates":[73.35894790789222,4.309817667746649]}},{"type":"Feature","properties":{"atoll":null,"islandName":null,"longitude":"73° 20' 51.207\"E","latitude":"4°18'41.886\" N","V01":"0","V02":"0","V03":"0","category2":"Other"},"geometry":{"type":"Point","coordinates":[73.34755745553277,4.311635019925299]}},{"type":"Feature","properties":{"atoll":null,"islandName":null,"longitude":"73° 20' 52.815\"E","latitude":"4°18'58.068\" N","V01":"0","V02":"0","V03":"0","category2":"Other"},"geometry":{"type":"Point","coordinates":[73.34800421740252,4.316129917971245]}}]}