{"type":"FeatureCollection","name":"veg_3","crs":{"type":"name","properties":{"name":"urn:ogc:def:crs:OGC:1.3:CRS84"}},"features":[{"type":"Feature","properties":{"OBJECTID":"3","wardName":null,"wardNameDI":null,"Shape_Leng":4461.59786,"Shape_Area":768236.87719},"geometry":{"type":"MultiPolygon","coordinates":[[[[73.41906986645294,-0.281516899469229],[73.4192124590569,-0.281660490265458],[73.41924808140054,-0.281887816407642],[73.41941438935413,-0.282426231679475],[73.41961635667343,-0.282916794807419],[73.41985398988949,-0.283311648677095],[73.42006538797133,-0.283836795056625],[73.42035641830121,-0.284288351500287],[73.4206642952616,-0.284303484575697],[73.42078074235373,-0.284974811737714],[73.42120853305975,-0.285309870877921],[73.42157688249256,-0.285788493414054],[73.42158502590752,-0.286361216861869],[73.4217655985525,-0.286868527887439],[73.42167286388623,-0.287136515142287],[73.42195807351669,-0.287244233427244],[73.42247614773451,-0.28749507472622],[73.42243122303931,-0.287866203315084],[73.422467905539,-0.288002011486705],[73.42239657801818,-0.288157537392242],[73.42227771142306,-0.288325020948662],[73.42233710023642,-0.288564315145715],[73.42242024123539,-0.288923255635487],[73.422562818832,-0.289174525801913],[73.42241435048412,-0.289566985456208],[73.42265272564688,-0.289748038674697],[73.42337085273701,-0.289916425526808],[73.42353511344899,-0.290130096793139],[73.42350759299042,-0.29042378263641],[73.42319383156355,-0.290526631550155],[73.42300815364035,-0.290491009291884],[73.42283595705665,-0.290634208418392],[73.42253884643011,-0.290646130935948],[73.42239626235755,-0.290442717853586],[73.42214555767004,-0.290358917199425],[73.4216820854538,-0.290232030564872],[73.42128735208377,-0.29010791009209],[73.42102608788402,-0.290097938345247],[73.4208549582484,-0.290062021438451],[73.42056733548648,-0.290217516730494],[73.41986490920725,-0.290346647534123],[73.4195915643717,-0.290382501901577],[73.41934485599394,-0.289968257095575],[73.41876967731757,-0.289800676367342],[73.41873892038848,-0.289332792652997],[73.41853522729335,-0.289230225304224],[73.41812855669772,-0.289219764259537],[73.41779965619928,-0.288802404387876],[73.41755246615078,-0.288773655495143],[73.41711513275587,-0.288702765734251],[73.41684131873099,-0.288696984501915],[73.41677093837473,-0.288878831435447],[73.41670490319804,-0.289016124609414],[73.41657183589314,-0.288748106460289],[73.41637544007729,-0.288792633264121],[73.41607394886222,-0.289329151363233],[73.41577684754252,-0.289281252564901],[73.41550353480775,-0.289089786046548],[73.4153315081161,-0.288890115085992],[73.41494606003411,-0.288757449734564],[73.41457852764273,-0.288821095239836],[73.41434838483059,-0.28858398632145],[73.41418676685844,-0.288521749544218],[73.41364963882458,-0.288682741074496],[73.41347140079148,-0.288491288130587],[73.41364970013419,-0.288240064015232],[73.41360759653685,-0.288010555704131],[73.41346737466354,-0.28791721494764],[73.41308270679983,-0.287991476499766],[73.41294962911039,-0.287800029986852],[73.41294016266775,-0.287503315484732],[73.412797206198,-0.287149016808641],[73.41269912630942,-0.287007613974225],[73.41264040273202,-0.286646496838283],[73.41233073127323,-0.286875955875911],[73.41218008398383,-0.286848876549258],[73.412021734935,-0.286781173198274],[73.41166234892798,-0.286817494259019],[73.41154827002995,-0.286742821503745],[73.41147509520076,-0.286636551652654],[73.41135760670109,-0.286511536194186],[73.41124934314662,-0.286277593185709],[73.41127313806516,-0.286086168805015],[73.41143954113738,-0.285918692752195],[73.41157030941153,-0.285619605145139],[73.41177235383648,-0.285535883621762],[73.41187934527989,-0.285296613808137],[73.41215271514056,-0.285069331306279],[73.41233096641673,-0.285165069954322],[73.41273501275363,-0.285308696938186],[73.41312719618965,-0.285296787168693],[73.41348377921013,-0.284902016624987],[73.41379282498869,-0.284507239352385],[73.41392361434733,-0.284052616080241],[73.41397119720432,-0.283717623738965],[73.41418513255522,-0.283586046535457],[73.41439908906678,-0.283298934059481],[73.41429218235915,-0.282916063362911],[73.41435164932892,-0.282581072566514],[73.41445862265128,-0.282473409019822],[73.41464881202344,-0.282174328871835],[73.41486275540518,-0.281982930191233],[73.41501727887432,-0.281779559073081],[73.41523121739685,-0.281624053072778],[73.41554023361616,-0.281444631530789],[73.41581360660804,-0.281193419508197],[73.41603940849788,-0.281193450360373],[73.41643161013064,-0.281049932801102],[73.41644352022027,-0.280858506243571],[73.41659804043778,-0.280679063387605],[73.41688326558685,-0.280667138003686],[73.41718033646559,-0.280942356601732],[73.41732291605874,-0.281181661380831],[73.41754868265018,-0.281444906090931],[73.41790516386715,-0.281803882884936],[73.41816664801217,-0.281588561755961],[73.4184994042538,-0.281624500036628],[73.41876084168436,-0.281756142775522],[73.41879651240701,-0.281624540623998],[73.41886783932584,-0.281469014784689],[73.41906986645294,-0.281516899469229]]]]}},{"type":"Feature","properties":{"OBJECTID":"5","wardName":null,"wardNameDI":null,"Shape_Leng":2472.32919,"Shape_Area":120952.62956},"geometry":{"type":"MultiPolygon","coordinates":[[[[73.42797804988314,-0.308550813342625],[73.42800699598774,-0.308557995784697],[73.42804026997632,-0.30856117571224],[73.42807759078572,-0.308560717479155],[73.4281893969445,-0.30855375787661],[73.42822381571558,-0.308555330187142],[73.42825376676977,-0.30856042582507],[73.42829330432721,-0.308571411779755],[73.4283322611912,-0.308584802260348],[73.42836997687286,-0.308600369673609],[73.4284058787928,-0.308617877237589],[73.42843257741886,-0.308634019316047],[73.42849216211815,-0.308676992669473],[73.42851995789911,-0.308694465926692],[73.42854326548807,-0.308705549641533],[73.42857077409549,-0.308715217327368],[73.42866650938237,-0.308738957351628],[73.42870064274919,-0.308749417305909],[73.42873213775984,-0.308763435476846],[73.42875763349706,-0.30878064448275],[73.42877514582088,-0.308798854474376],[73.42881214753642,-0.308847982144335],[73.42882289366692,-0.308858783124402],[73.42883368109148,-0.308866798995039],[73.42885179884267,-0.308875785569982],[73.42887390578223,-0.308882797396482],[73.4289477672477,-0.308895530376802],[73.42897959528662,-0.308899228677821],[73.42901554496828,-0.308899700716161],[73.42913014684511,-0.308890671655492],[73.42916852876506,-0.308889222234923],[73.4292024879925,-0.308890792044989],[73.4292329932097,-0.308895572831553],[73.42925823471172,-0.308900603648649],[73.42927102193535,-0.308905149959518],[73.42928031548875,-0.308912344447416],[73.42928781650467,-0.308923690298404],[73.42929343633529,-0.308937905901143],[73.42930638911487,-0.308981005670386],[73.42931197713783,-0.308992420215441],[73.42931854554278,-0.309000871715957],[73.42933416719814,-0.309013140005271],[73.42935471152218,-0.309023623136006],[73.42943262891445,-0.309048746043879],[73.42947701594967,-0.309061065734052],[73.42952868696813,-0.309068651223903],[73.42957984967657,-0.309071823014897],[73.42970399465612,-0.309074815401841],[73.4297655027481,-0.309080699998527],[73.42979542279866,-0.309086456031187],[73.4298225315791,-0.309094142936768],[73.42984729935843,-0.309103895586208],[73.42986996567296,-0.309115811444923],[73.42988853787483,-0.309128378204742],[73.42990787087305,-0.309144266897577],[73.42999087346337,-0.309227030274339],[73.43001177285724,-0.30924513152141],[73.43003157269555,-0.309259407577875],[73.43006208040606,-0.309276450110031],[73.43009785548641,-0.309291550339919],[73.43013741256722,-0.309304604334524],[73.43025259468837,-0.309337830100365],[73.43028712612663,-0.309350711755057],[73.43031678334464,-0.309364736253366],[73.43035548498077,-0.309387856880887],[73.43043983868414,-0.309446113568489],[73.43047839602345,-0.30947004653574],[73.43053675993524,-0.30949868046433],[73.43060396916178,-0.309523657618177],[73.43068049854756,-0.30954563089079],[73.43084121402013,-0.309584015173176],[73.43090929666711,-0.309602289921325],[73.43097912208138,-0.309625665049868],[73.43103931416356,-0.309651988141636],[73.4310863076009,-0.309677831778512],[73.43119038569401,-0.309741292196946],[73.43123895565829,-0.309766875617566],[73.43132818481378,-0.309809412447906],[73.43138058876956,-0.309831015059149],[73.43143058826342,-0.309845993315854],[73.43147663156931,-0.309853054347711],[73.43151871177075,-0.309856158374519],[73.43154318437729,-0.309853064269225],[73.43155780232534,-0.30984582855139],[73.43158693178401,-0.309822591151126],[73.43160023527385,-0.309814786858475],[73.43161258305085,-0.309810700797213],[73.43162598649383,-0.309808347931482],[73.43165665688345,-0.309808748330616],[73.4316844886025,-0.309813532093037],[73.4317453786899,-0.309828832498288],[73.43177136826458,-0.309833955323816],[73.43198063509055,-0.30986057371865],[73.43203638313035,-0.309870135018773],[73.43208518226831,-0.309881106609458],[73.4321350602845,-0.30989596082375],[73.43217976746327,-0.309913625573963],[73.43222004066294,-0.309934394660701],[73.43225623482859,-0.309958456842957],[73.43230342461595,-0.310001898090737],[73.43232277921553,-0.31001589565467],[73.43233384645217,-0.310021086903702],[73.4323459826765,-0.310024750997008],[73.4323740330402,-0.310027645362503],[73.43240472409636,-0.31002541714812],[73.43249318183803,-0.31001227899153],[73.43251924049304,-0.310012181851469],[73.43254145282776,-0.310015928251891],[73.43256472992303,-0.310024167890842],[73.43258967027941,-0.31003656204786],[73.43267630254091,-0.310092289770646],[73.43271257463657,-0.310111668597087],[73.43274939356853,-0.310125638771595],[73.43279204046992,-0.310137374712023],[73.4329298210718,-0.310163081225881],[73.43297451596997,-0.310173085311729],[73.43301221513333,-0.310184439346501],[73.4330453262326,-0.310197861570236],[73.43306955090333,-0.310210587307155],[73.43309564181179,-0.310227040863847],[73.43320350283008,-0.310304824184533],[73.43322972770329,-0.310320250783945],[73.43325447265748,-0.310331893561557],[73.43328733045168,-0.310342754667208],[73.43332500726352,-0.310350420672894],[73.43336767646834,-0.310355228095712],[73.43349520846608,-0.310364173193685],[73.43353432004382,-0.31037056868605],[73.43356821486867,-0.310379797788354],[73.43359503372675,-0.310390095150336],[73.43362387050885,-0.310403566435164],[73.43374237486884,-0.310469642693785],[73.43379637927228,-0.310494689680369],[73.433851102128,-0.310511973240168],[73.43397849912483,-0.31054228634279],[73.43400802193794,-0.310551542239393],[73.4340340583005,-0.310561725562033],[73.43406002713107,-0.310574780519206],[73.43408784959401,-0.31059213139041],[73.4341736751794,-0.310655963314519],[73.43420417887947,-0.31067679540609],[73.43423395174204,-0.31069356490334],[73.43426221852654,-0.310705331962118],[73.43428761273121,-0.310712074411976],[73.43431706174077,-0.310716388360917],[73.43441204635761,-0.310720727666145],[73.434442655298,-0.310723390474082],[73.43446802058814,-0.310727741275579],[73.43449039568763,-0.310734080485698],[73.43451188101213,-0.310743210010179],[73.43453491443178,-0.310756185658918],[73.4346047015112,-0.310805028202734],[73.43462848076301,-0.310820198387351],[73.43465031067305,-0.310831541799164],[73.43467102380293,-0.310839393859451],[73.43471110885623,-0.310847553240365],[73.43479094071557,-0.310853963870701],[73.43482314193878,-0.310858559549302],[73.43485915725785,-0.3108673336558],[73.4348982641688,-0.31087997088405],[73.43505097648737,-0.310941951418789],[73.4350860225718,-0.310954455019656],[73.43511786081669,-0.310963889975551],[73.43515243391437,-0.310971761452127],[73.43518909712175,-0.310977781465881],[73.43522823140593,-0.310982015388701],[73.43527060385402,-0.31098454753755],[73.43534947074349,-0.31098524168429],[73.43553497460097,-0.310980643356266],[73.43562405094725,-0.310983371234707],[73.43566540631053,-0.310987469300672],[73.43570382221003,-0.310993523002074],[73.43573987481628,-0.311001624283531],[73.43577387561555,-0.311011845366748],[73.43581696303421,-0.311029170322844],[73.43586366640686,-0.311053048596329],[73.43590697582752,-0.311078612046383],[73.43600592861226,-0.311140745045739],[73.43605349973022,-0.311167902358143],[73.4360955840351,-0.311188271790722],[73.43613513490969,-0.311203329263939],[73.43616884332282,-0.311212287865928],[73.43620765011543,-0.311218812092772],[73.43633878386188,-0.311229727388742],[73.43638577293746,-0.311235813711034],[73.4364300016607,-0.311246114312488],[73.4364678912996,-0.311260807941462],[73.43650253525296,-0.31128172170696],[73.43657628185348,-0.311337400411703],[73.43661049072387,-0.311356544246391],[73.43663755522657,-0.31136614792106],[73.43666899158983,-0.311373241090753],[73.43678432038321,-0.31138630498897],[73.43682915917383,-0.311394862905594],[73.43686799617493,-0.31140675919376],[73.43690980862375,-0.311422863969523],[73.43695543655637,-0.311443327309206],[73.4370890345069,-0.31150752395879],[73.43713207443314,-0.311525209706751],[73.43717141055808,-0.311538486568209],[73.43725431655042,-0.311560275496819],[73.43734409412775,-0.311578484450333],[73.43744198466358,-0.311593383506365],[73.43755170357511,-0.311605543900033],[73.43761527999658,-0.311607918095073],[73.43771707406731,-0.311603636924995],[73.43773054893606,-0.311604964822096],[73.4377366871556,-0.311608561586726],[73.43773688245875,-0.311611512510191],[73.43773431751286,-0.31161484812568],[73.43772108783575,-0.311622485229621],[73.43769782073889,-0.31163098887994],[73.4376664516155,-0.311639643981604],[73.43759136849334,-0.311654382116341],[73.43751556841353,-0.311662805317009],[73.43749683106901,-0.311665382424823],[73.43744579126123,-0.311676621862603],[73.43743000464485,-0.311677486400432],[73.43741573699448,-0.311675711936812],[73.43733302093982,-0.311662940270086],[73.43730833266292,-0.311659227956222],[73.43727997256438,-0.311659294760513],[73.43718089837914,-0.311672489047686],[73.43712119730638,-0.311680739104214],[73.43705586912347,-0.311694072263118],[73.43698800648053,-0.311711297439289],[73.43679857223934,-0.311763938061093],[73.43673969959244,-0.311777578043759],[73.43668648777792,-0.31178727319231],[73.43660690153324,-0.311798042764918],[73.43651834230408,-0.311807149744055],[73.43625864155047,-0.311825495216131],[73.43595169687248,-0.311845933068661],[73.4357534834645,-0.311856759656878],[73.43557182855417,-0.311863042125153],[73.4354072354647,-0.311864398900289],[73.43524621606636,-0.311860562355775],[73.43509478562399,-0.311851251974638],[73.43495091667047,-0.311836340525753],[73.43481349321316,-0.311815707469228],[73.43475604722435,-0.311804131968335],[73.4346138986714,-0.311771200527033],[73.43453778245052,-0.311758237236242],[73.43449317335615,-0.311754729077047],[73.43444297867327,-0.311754642221754],[73.43427960732043,-0.311765715020223],[73.43422204204683,-0.311767576706799],[73.43416783119862,-0.311765256225805],[73.43411944987295,-0.311758174601731],[73.43407009212363,-0.311744278674937],[73.43396040660483,-0.311703648424506],[73.43393431508999,-0.311696163183591],[73.4339102935153,-0.311691142853612],[73.43387822934986,-0.311687638849291],[73.43379563260919,-0.311685321219629],[73.4337581740293,-0.311681548586595],[73.43372337664842,-0.311673655736889],[73.4336859037763,-0.31166090270119],[73.43364616116699,-0.311643812139525],[73.43353266383072,-0.311589913974197],[73.43349649992928,-0.311576077679489],[73.43346345678714,-0.31156664660225],[73.43341527107499,-0.311558467293901],[73.43336124304122,-0.311554964097605],[73.43330084105644,-0.311555763017207],[73.43317527577986,-0.311563203465871],[73.43312167879695,-0.311564858485136],[73.43306585677026,-0.311563109099828],[73.43301660318988,-0.311557008206724],[73.43297242203013,-0.311547382445054],[73.4329241601654,-0.311533477926539],[73.4327367855583,-0.311466059775617],[73.43269405173154,-0.311452448110847],[73.43265533320188,-0.311442096295142],[73.43260070729914,-0.311430845217807],[73.43253902199032,-0.311421540843454],[73.43234468366252,-0.311401767926473],[73.43228155611209,-0.311394056497043],[73.43222818527173,-0.311385365631358],[73.43217996562403,-0.311375024736048],[73.43214421122393,-0.311365129502489],[73.43210486137772,-0.311351961856423],[73.43197411919418,-0.311301003069692],[73.43192449514109,-0.311283320726587],[73.43187427544022,-0.311268944604614],[73.43182820333335,-0.311260114296909],[73.43178684390344,-0.311256563155613],[73.4316948505159,-0.311254245189728],[73.4316570689138,-0.311250517193496],[73.4316127212283,-0.311242308663521],[73.43156498342849,-0.311230503877439],[73.43151270174643,-0.311214878293335],[73.43144791139915,-0.311193057004362],[73.43135597685902,-0.311161608103785],[73.43132844651504,-0.311149143041543],[73.43130530671462,-0.3111356067867],[73.4312933849262,-0.311126209626921],[73.43128122513028,-0.311113756950586],[73.43124479174602,-0.311066916393658],[73.43123094329862,-0.311051221298273],[73.43121595584755,-0.311038465750284],[73.43120073928233,-0.311030304884212],[73.43117444058333,-0.311024522479452],[73.43112418588751,-0.311022665301118],[73.43110566526175,-0.311020719177188],[73.43106851600798,-0.311013059853675],[73.43103060325345,-0.311002524457264],[73.43099188147657,-0.310989100578314],[73.43095227698888,-0.310972762826326],[73.43091179543772,-0.310953523188159],[73.43087017961058,-0.310931268599398],[73.43082721684212,-0.310905887399761],[73.43078243002138,-0.310877098665242],[73.4307519137387,-0.310854718626189],[73.43068202070864,-0.310796346495358],[73.43064933998741,-0.310771792529958],[73.43061285413118,-0.31074921105292],[73.43057313413716,-0.31072914385846],[73.43052981456844,-0.310711402259146],[73.43048218626527,-0.310695693821183],[73.43043527906018,-0.310683125044453],[73.43038221987071,-0.310671379059449],[73.4301783798047,-0.310635143672089],[73.4300941267701,-0.310617117899492],[73.43004963278298,-0.310605105386406],[73.43000895523281,-0.310591920805274],[73.42997130837094,-0.310577307943082],[73.42993630563005,-0.310561113469188],[73.42986362142948,-0.310524176518322],[73.42981559384748,-0.310497927027106],[73.42977330101245,-0.310472038577446],[73.42973666430302,-0.310446225964387],[73.4297004118579,-0.310415276384786],[73.42963283290614,-0.310348426756075],[73.4296035771538,-0.310321776957536],[73.42957528184256,-0.310299409070821],[73.4295442598929,-0.310277913171956],[73.42951019117069,-0.310257063910198],[73.42947241154121,-0.310236453237022],[73.42940017942666,-0.310201863766345],[73.42922610171004,-0.310125842578274],[73.42918214118775,-0.310104515028661],[73.4291435961705,-0.310083805356976],[73.4291059224522,-0.31006094488056],[73.42907209971814,-0.31003735960851],[73.42904160193413,-0.310012681034467],[73.42901415942741,-0.309986687490045],[73.42898351155968,-0.309952045585316],[73.42891446531941,-0.309862583273554],[73.42888107795234,-0.309823952682332],[73.42884112691331,-0.309786693114086],[73.42879214681967,-0.309749591802958],[73.42874277413928,-0.30971730815066],[73.42862556518492,-0.309645837455127],[73.42857193720492,-0.309609353749309],[73.42852757635791,-0.309573410642908],[73.4284913114741,-0.30953675054227],[73.42846448429204,-0.309502505733008],[73.42843837597785,-0.309461953410176],[73.42841189896646,-0.309413644867357],[73.42836023036429,-0.309309068886321],[73.42833679994322,-0.309264711085762],[73.42830966928473,-0.309219993613548],[73.42828219794305,-0.30918257518636],[73.42825604446341,-0.309153511502773],[73.42822407177802,-0.309123425480863],[73.42811281377286,-0.309033409130235],[73.42807502535462,-0.309000427602154],[73.42804224646794,-0.308966923166849],[73.42801602375141,-0.308933677486107],[73.42798558703845,-0.308888788025403],[73.42796849736973,-0.308857098709248],[73.42796277840158,-0.30884116521665],[73.42795860332402,-0.308822388037169],[73.4279489659707,-0.308742363266511],[73.42793999588274,-0.308713522534551],[73.42792628576174,-0.308691210307154],[73.42790603172753,-0.308669702647735],[73.42787989423422,-0.308648961807949],[73.4278212686333,-0.30860956987497],[73.4277974621122,-0.308591888846086],[73.42777538078842,-0.308571472143323],[73.42775937678142,-0.308550780805031],[73.4277243222022,-0.308491360994161],[73.42769766304865,-0.308439199591425],[73.4276815889855,-0.308398593626419],[73.4276775500306,-0.308382759292607],[73.42767620019846,-0.308369986609276],[73.42771847443271,-0.308382380974476],[73.42775939926106,-0.308397637429857],[73.42778605602187,-0.30841111095396],[73.42781411687908,-0.308430129285666],[73.42789738095978,-0.308501294524004],[73.42792572088572,-0.308523192459188],[73.42795238789753,-0.30853964449242],[73.42797804988314,-0.308550813342625]]]]}},{"type":"Feature","properties":{"OBJECTID":"6","wardName":null,"wardNameDI":null,"Shape_Leng":23.67858,"Shape_Area":26.72318},"geometry":{"type":"MultiPolygon","coordinates":[[[[73.42776062242676,-0.308398151597441],[73.42775939926106,-0.308397637429857],[73.42771847443271,-0.308382380974476],[73.42767620019846,-0.308369986609276],[73.42767724011136,-0.308361304678762],[73.4276803654936,-0.308355036269801],[73.42768557191447,-0.308351190081429],[73.42769285360635,-0.308349770227891],[73.42772129056198,-0.308352244067095],[73.42773240014176,-0.30835530432016],[73.42774038982834,-0.3083593487582],[73.42774804675201,-0.308366306608313],[73.42775397115967,-0.308375093031562],[73.42775816305128,-0.308385708027944],[73.42776062242676,-0.308398151597441]]]]}},{"type":"Feature","properties":{"OBJECTID":"7","wardName":null,"wardNameDI":null,"Shape_Leng":3948.88266,"Shape_Area":625645.10576},"geometry":{"type":"MultiPolygon","coordinates":[[[[73.42857454865269,-0.295447167641955],[73.42860066652655,-0.295462791981358],[73.42862760725724,-0.295486387337918],[73.42865561418738,-0.295517991276566],[73.42868862273068,-0.295562041474914],[73.42870148059917,-0.295583201172344],[73.42871301656352,-0.295608984667883],[73.42874092330433,-0.29569547356674],[73.4287510905794,-0.295722630837199],[73.42876198320374,-0.29574482392054],[73.42877416213929,-0.295763054447413],[73.42878611947832,-0.29577622535707],[73.42880035018997,-0.295788209495366],[73.42881695893709,-0.29579909710739],[73.4288361525329,-0.295809024798089],[73.42888534015867,-0.295827220280019],[73.42899845725653,-0.295856911429701],[73.42904450179385,-0.295872193479207],[73.42906743634198,-0.295882584040195],[73.42908683876801,-0.295894045605831],[73.42910310540917,-0.295906814427737],[73.42911641064495,-0.295921032444403],[73.42912638205097,-0.295935742499217],[73.42913482636716,-0.29595278304984],[73.42914183600443,-0.295972333437758],[73.42914755301132,-0.295994785540606],[73.42915449741882,-0.296038779802953],[73.42916498696256,-0.296143961621111],[73.4291735710519,-0.296189812590261],[73.42918556631003,-0.29622425252766],[73.4291931708121,-0.296238620056846],[73.42920193185239,-0.296251260285325],[73.42921643495507,-0.296267146815008],[73.42923377529935,-0.296281771386776],[73.42925413266686,-0.296295290033415],[73.42927789713691,-0.296307963729248],[73.42932699645314,-0.296328234472405],[73.42942446662576,-0.29636079855468],[73.42946264925106,-0.296374898383832],[73.42949949737528,-0.296391502159036],[73.42952991912813,-0.296409236345595],[73.42955528654942,-0.296427614981773],[73.42958050280647,-0.296448656015764],[73.42960583678568,-0.29647258014653],[73.42963179619555,-0.296499865002156],[73.42967697002122,-0.296553018401952],[73.42977676982899,-0.296679631542723],[73.4298257574127,-0.296735201769295],[73.42987042526555,-0.29677764377119],[73.42991491719205,-0.296811293107009],[73.42994573604034,-0.296828622176439],[73.42998331638138,-0.296844224203537],[73.4300228172311,-0.296857074088517],[73.43012592014188,-0.296886627763293],[73.43017843262119,-0.296906535188398],[73.43020375518431,-0.296919833691327],[73.43022507922517,-0.296934547967882],[73.43024282095631,-0.296950967877803],[73.43025716585547,-0.296969271327805],[73.43026542268595,-0.296983944920589],[73.43027272685111,-0.297001490326775],[73.43029777369564,-0.297089918418898],[73.43030548732489,-0.297110241360243],[73.43031418873119,-0.297127208788173],[73.43033446362276,-0.297157716672102],[73.43035828531245,-0.297187543167473],[73.43038506917016,-0.297215953230495],[73.43041400155614,-0.297242080750415],[73.43042901238456,-0.297252767769358],[73.43044762277647,-0.297262770335231],[73.4305141962874,-0.297289676444914],[73.43053687062894,-0.297300474914241],[73.43055654124305,-0.29731351793666],[73.43057086360919,-0.297328246466628],[73.43057892910142,-0.297341948766149],[73.43058499948654,-0.297359095109281],[73.43058945716179,-0.297380773818677],[73.43059922791767,-0.297450180612901],[73.43060530021013,-0.297470284492905],[73.43061362517922,-0.297486181916598],[73.43062705193607,-0.297502002053377],[73.43064534382542,-0.297516969203398],[73.4306662055872,-0.297530158642562],[73.43072614520187,-0.297563715507227],[73.43074276330634,-0.297575167168205],[73.43075622391841,-0.297586702826305],[73.43079667874552,-0.29762885868412],[73.43082883771613,-0.297668804752114],[73.43085335337557,-0.297707356564284],[73.4308702919539,-0.29774464851413],[73.43087540309972,-0.297764503297939],[73.43087765513245,-0.297787900887351],[73.43087483157238,-0.297865255120887],[73.43087537469115,-0.297890778720783],[73.430878532142,-0.297912561483878],[73.43088452684987,-0.297931294331177],[73.43089375010473,-0.297950047014125],[73.43090585559504,-0.297969923719959],[73.43094155984524,-0.298017445793542],[73.43097180491006,-0.298052011354906],[73.43100371772935,-0.29808309440048],[73.43103657724258,-0.298109996226985],[73.43106989526129,-0.298132321919738],[73.43110297617349,-0.298147688099962],[73.43119021200413,-0.298173779842757],[73.43121006252143,-0.298181404171734],[73.43122676141073,-0.298189773289466],[73.43124617651655,-0.298202737629958],[73.43126442176273,-0.298218610243728],[73.43128166697062,-0.298237535185886],[73.43129819047832,-0.298259815788745],[73.43131287822905,-0.298283364857228],[73.43132785775983,-0.298311022363389],[73.43138114122513,-0.298424509722985],[73.43140596029667,-0.298471130566428],[73.43142095501233,-0.298494690071118],[73.43143631108752,-0.298515252335939],[73.43145232240853,-0.298533208687628],[73.43146915266311,-0.298548738509016],[73.43150321290965,-0.298576706652973],[73.43152619176264,-0.298591818356252],[73.43154762842354,-0.298601394073957],[73.43157172493365,-0.298608292524977],[73.43159831333064,-0.298612464030984],[73.43162711088877,-0.298613863243692],[73.43165807339287,-0.298612440544035],[73.43169026097297,-0.298608195339894],[73.43172283161759,-0.298601232915901],[73.43175437259632,-0.298591851133868],[73.43176725276936,-0.298586340783045],[73.43178044178472,-0.298578520157026],[73.43180831305563,-0.298555585029507],[73.43183425293313,-0.298528126769423],[73.4318890578133,-0.298463482074003],[73.43191275830306,-0.298439806376908],[73.43193450557224,-0.298424838089084],[73.43194449382426,-0.298421027438273],[73.43195405525337,-0.298419593162015],[73.43197030262714,-0.298422082998871],[73.43198633489794,-0.298430463720866],[73.43200234989538,-0.298444830159683],[73.43201870908568,-0.298465502231615],[73.43204683588014,-0.298513120654893],[73.43211483478295,-0.298648866783227],[73.4321346497231,-0.298681447491052],[73.43215367283837,-0.298706766259776],[73.43223732350303,-0.298803381927216],[73.432296299608,-0.29886431060671],[73.43232537824215,-0.298890619637929],[73.4323538588425,-0.298913643965544],[73.43238211080312,-0.29893368103741],[73.43241034175412,-0.298950875939],[73.43244912668632,-0.298968793289701],[73.43255125732327,-0.299002985486007],[73.4325957285826,-0.299022688713751],[73.43265714617196,-0.299059917035542],[73.43271533998468,-0.299102633258172],[73.43276692014744,-0.299148335527687],[73.43278949386156,-0.299171662612621],[73.43280962378876,-0.299195006185336],[73.43282150355496,-0.299211497341356],[73.43283158127464,-0.299229396440335],[73.43283987844069,-0.299248741318898],[73.43284641775307,-0.299269584589153],[73.43285121419531,-0.299291958962563],[73.4328542975558,-0.299315983278804],[73.43285538043605,-0.299369502568538],[73.43285138292065,-0.299418483186193],[73.43284288273115,-0.299475153614106],[73.43280362386386,-0.299663338028273],[73.43279196842292,-0.29972823566266],[73.43278512684365,-0.299787374398119],[73.43278400752328,-0.299838195508382],[73.43278861180283,-0.299882876302017],[73.43279905614246,-0.299921872228846],[73.43280651445522,-0.299939417930026],[73.43281548462201,-0.299955709672272],[73.43282598531538,-0.299970781217627],[73.43283803420209,-0.29998465776016],[73.43285485928865,-0.299999621993143],[73.43287662665618,-0.300014660261926],[73.43295703869555,-0.300058955030423],[73.43298443755248,-0.300076026904852],[73.43300733913267,-0.300094627592132],[73.43302341288047,-0.300113899546554],[73.43303115994836,-0.300128461229606],[73.43303662605224,-0.300144809405216],[73.43303986646572,-0.300163101031812],[73.43304093684655,-0.300183642622862],[73.43303742657962,-0.300228305346303],[73.4330204411345,-0.300325850076346],[73.43301552145175,-0.300367588937892],[73.43301590821883,-0.300409255051493],[73.43301873941562,-0.300427424759128],[73.43302336585445,-0.300444115791299],[73.43304453306166,-0.300493671974326],[73.43308039474277,-0.300558981856497],[73.43310616013684,-0.300596618567985],[73.43314064092002,-0.300635036748754],[73.43317742108101,-0.300669406741228],[73.43326837758262,-0.300747897943845],[73.43330989824322,-0.300789114244873],[73.4333279918334,-0.300810632455533],[73.43334316045875,-0.300831892947752],[73.43335565063589,-0.300853243243287],[73.43336557601563,-0.300874882125248],[73.43337288889276,-0.30089686478992],[73.43337876781463,-0.300922546241101],[73.43339550491943,-0.301033339883076],[73.43340126845726,-0.301056052295076],[73.43340833128286,-0.301075889540533],[73.43342511809425,-0.301108167547228],[73.43344892110477,-0.301141113834419],[73.4334779071209,-0.301173483237793],[73.43356559126545,-0.301262405312037],[73.43358957546464,-0.301291822898913],[73.4336079548849,-0.301319991369821],[73.43362398933193,-0.301353497483393],[73.43365678812329,-0.301438409095709],[73.43366762763951,-0.301459911317431],[73.43367923891661,-0.301477931251024],[73.43369382608849,-0.301494493916254],[73.43371320038989,-0.301510823406205],[73.43378353852451,-0.301556259696903],[73.43380583357275,-0.301572599713551],[73.43382355886725,-0.301589578912265],[73.43383609497121,-0.301607169075173],[73.43384500338891,-0.301628236199316],[73.43385055759894,-0.301653777837816],[73.4338530356785,-0.301681841468763],[73.43385570865789,-0.301763475817308],[73.43385908598225,-0.301787612222609],[73.43386458886827,-0.301808174481099],[73.43388168932871,-0.301850032765221],[73.43390433797354,-0.301893266908849],[73.43393218182122,-0.301937185682519],[73.43396439346881,-0.301980475768572],[73.43398839157243,-0.302006400892188],[73.43401661204709,-0.302029524279292],[73.43404932529477,-0.302050073983845],[73.43408709394875,-0.302068406418862],[73.4341249453162,-0.302082961441852],[73.43416889677756,-0.302096757870035],[73.4343412649455,-0.302140071894847],[73.43441159257895,-0.302161310396014],[73.43444767575515,-0.30217514201682],[73.43447988887984,-0.302190136145312],[73.4345088380946,-0.302206576764313],[73.43453481150839,-0.302224631557678],[73.43460975435039,-0.30227959578768],[73.43464426988663,-0.30230811940835],[73.4346728279524,-0.302338382114457],[73.4346834029083,-0.302353278826898],[73.43469166554596,-0.302368226718078],[73.43469983712073,-0.30239370097276],[73.43470250261336,-0.302424485697029],[73.43470039809527,-0.302458462171537],[73.43468786547233,-0.302557778348856],[73.43468786135632,-0.302587225456864],[73.43469163056889,-0.302612299789282],[73.4346965563753,-0.302628355215629],[73.43470353629594,-0.302644602855204],[73.43472405100204,-0.302678518427859],[73.4347483046011,-0.302709369832412],[73.43481036902092,-0.302780248027868],[73.43483663047517,-0.302816231902815],[73.434846681399,-0.302833931169269],[73.43485431745789,-0.302851158155264],[73.43485965147221,-0.302868169737476],[73.43486272739362,-0.302885112226077],[73.43486830576836,-0.302940295086813],[73.43486692289696,-0.302957583793648],[73.43486271503225,-0.302971255669948],[73.43485635685245,-0.302980423977529],[73.43484616687594,-0.302988862280847],[73.43479451998398,-0.303015035504432],[73.43478444902135,-0.303021730906692],[73.43477713881147,-0.303028672183579],[73.43476564503509,-0.303045989791454],[73.43475744811288,-0.303066824310518],[73.43475253783946,-0.303091199006133],[73.43475090033317,-0.303119180533432],[73.43475247182944,-0.303150309355072],[73.43475721414848,-0.303185365085033],[73.43476509172116,-0.303224520321881],[73.43477710375996,-0.303272745264501],[73.43478372157954,-0.303291891024472],[73.43479398433344,-0.303312661762642],[73.43483561363075,-0.30337787850993],[73.43484870695575,-0.303401122211577],[73.43485805017394,-0.303423843452247],[73.43486264698193,-0.303445044611124],[73.43486464516995,-0.303492130179219],[73.43486028407584,-0.303536302173525],[73.43485585065847,-0.30355589061544],[73.43484997628418,-0.303573623356892],[73.43484271244428,-0.303589346542433],[73.43483410161365,-0.303602970100632],[73.43481839396442,-0.30361798477294],[73.43477564686854,-0.303646401975734],[73.43476278670178,-0.303660388666465],[73.43475681329126,-0.303674855032539],[73.43475457609283,-0.303691848554281],[73.43475607666895,-0.303711356340012],[73.43476131414364,-0.303733367220878],[73.43477022563418,-0.303757729702837],[73.4347828441186,-0.303784597809892],[73.4347991490549,-0.303813968694389],[73.43481980516624,-0.303847041107497],[73.43483700041213,-0.303870261881965],[73.43485875137308,-0.303894119300454],[73.43488532415631,-0.303918977513469],[73.43491962001653,-0.30394755635716],[73.43494485430946,-0.303964544501511],[73.4349738202037,-0.30397800076634],[73.43500680481183,-0.303988065150846],[73.43504443392416,-0.303994931509242],[73.43507880385039,-0.303998270346346],[73.43511833911522,-0.303999806921923],[73.43529378312985,-0.303998883544865],[73.4353350565826,-0.304001795565501],[73.435370468644,-0.304007268427655],[73.43540290905115,-0.304016025441585],[73.43543103215237,-0.304028035002786],[73.43545525755927,-0.304043478683084],[73.435475795487,-0.304062495459997],[73.43550916541919,-0.304103754618586],[73.43553796748442,-0.304147901307683],[73.43556035791559,-0.304192083689044],[73.43557560002688,-0.304234796973123],[73.43558027250027,-0.304261572992876],[73.4355842705038,-0.304323773697911],[73.435589844815,-0.304349657020129],[73.43559680528779,-0.304367167163204],[73.43560600655617,-0.30438483905972],[73.43563137025394,-0.304421097175636],[73.43566567892432,-0.304458654747747],[73.43571817408657,-0.30450760547654],[73.43573916411243,-0.304524160731601],[73.43576329115645,-0.304538599844689],[73.43579079917501,-0.304551073896348],[73.43582221873757,-0.304561825718557],[73.43588392164772,-0.304576443124506],[73.4360319942083,-0.304602050438423],[73.43606737002006,-0.304610616251239],[73.43609776014375,-0.304620304210521],[73.4361257300512,-0.304632163348527],[73.43615001240711,-0.304645932943015],[73.4361709670359,-0.304661818905187],[73.43618877344764,-0.304679961227108],[73.43620121444518,-0.30469670154762],[73.43621313560638,-0.304716856646821],[73.43626111617343,-0.304822814412979],[73.43627457703022,-0.304846907599699],[73.4362885759168,-0.304866620072298],[73.43631189728123,-0.304890441824774],[73.43634259034158,-0.304913263417846],[73.43637481414538,-0.304932472959976],[73.436451678537,-0.304973704618679],[73.43648527703371,-0.304994906188119],[73.43651143937554,-0.305016350607771],[73.4365309938855,-0.305038942547323],[73.43655868659275,-0.305083866659902],[73.43658349449909,-0.3051354049505],[73.436603234678,-0.305188981247494],[73.43661670789777,-0.305241297054747],[73.43662318936666,-0.305288683667402],[73.43662291746308,-0.305331127063071],[73.43662024813696,-0.305350175803569],[73.436615903266,-0.305367688977066],[73.43660989795008,-0.305383606287792],[73.4366022487693,-0.305397884292926],[73.43659271600148,-0.305411066197747],[73.43658069630578,-0.305424271039505],[73.4365489301586,-0.305451024993589],[73.4365072540891,-0.305478266493515],[73.43644535737808,-0.305512719328298],[73.43638028941798,-0.305546387006596],[73.43633075554031,-0.305567324765556],[73.43628602714683,-0.305580070574415],[73.4362653695789,-0.30558330485225],[73.43624568818998,-0.305584476321664],[73.43621220273066,-0.305582782417771],[73.4361786320294,-0.305577206234793],[73.4361449760862,-0.305567747772918],[73.43611123490105,-0.305554407032335],[73.43605795526518,-0.305577077974024],[73.43600793371483,-0.30560399573662],[73.4359611702496,-0.305635160319987],[73.43591766486898,-0.305670571724027],[73.43589630188094,-0.305693968215431],[73.43584847167293,-0.305759223897263],[73.43583325572982,-0.305774496731659],[73.43581781886289,-0.305785415060645],[73.43580233988777,-0.305792457740648],[73.43578366353054,-0.305797800266017],[73.4357149193421,-0.305808107579797],[73.43568946264854,-0.305814110721104],[73.43565309432803,-0.305828811017668],[73.43561821478816,-0.305849231089742],[73.43558452061889,-0.305875542878469],[73.43555150597497,-0.305908138162958],[73.43552066495168,-0.305944864853583],[73.43548863165066,-0.305989081482361],[73.43545709413975,-0.306037528639732],[73.43537183216125,-0.306175301279145],[73.43534447939452,-0.30621552096207],[73.43531875532898,-0.306249647386963],[73.4352873604387,-0.306285792692346],[73.43525584316048,-0.306315832717525],[73.43522358201434,-0.306340355782241],[73.43519023674553,-0.306359612690894],[73.43515684826743,-0.306372333339608],[73.43511568928145,-0.306381358109561],[73.4350720995762,-0.306386680601593],[73.43495857575786,-0.306395826686704],[73.43492765030912,-0.30640030768618],[73.43490149950625,-0.306406114049839],[73.4348743251888,-0.306415408742817],[73.43485184315438,-0.306427350390209],[73.43483360829033,-0.306442178735493],[73.43481942743992,-0.306460058840664],[73.43481313898783,-0.306472388536448],[73.43480787525378,-0.306487805676663],[73.434790951729,-0.306560982589071],[73.4347845136302,-0.306576726684539],[73.43477662467464,-0.306589267705202],[73.43476153150158,-0.306604861378666],[73.43474120782123,-0.306619632680056],[73.43466252357723,-0.306661037106359],[73.43461624879012,-0.306684800469609],[73.43456636418463,-0.306705732897158],[73.43451236066791,-0.306724053251978],[73.4344532170392,-0.306740110447314],[73.43439954491767,-0.30675194239413],[73.43433900765979,-0.306763044784903],[73.43412757598466,-0.306794661325548],[73.43404575759061,-0.306808704681558],[73.43396412298833,-0.306826676240505],[73.43389238458033,-0.306847567723508],[73.43382838401861,-0.30687182109398],[73.43370502689731,-0.306926089346105],[73.4336537222406,-0.306946944093328],[73.43359950731855,-0.306965114544631],[73.43355009392693,-0.306976732348168],[73.43352057011724,-0.306980944877486],[73.43348948603752,-0.306983286900749],[73.43342108551542,-0.306982447637859],[73.43335313883182,-0.306975967936688],[73.43317648775023,-0.306952423396661],[73.43312527720965,-0.306948560002045],[73.43307947439712,-0.306947948463631],[73.43304902811289,-0.306949641540725],[73.43301507075175,-0.306953468521006],[73.43288884775826,-0.306974611006746],[73.4328371713433,-0.306980979645294],[73.43278393766737,-0.306982309683005],[73.43275991426951,-0.306980348771039],[73.4327371984949,-0.306976612413933],[73.43271335844516,-0.306970103719489],[73.43268777497333,-0.306960142443442],[73.43265794030405,-0.306945615460847],[73.43256651959,-0.306896434913473],[73.4325365123124,-0.306883962080894],[73.43250903201199,-0.306876078166882],[73.43247692903917,-0.306871628280449],[73.43244087915028,-0.306871333506477],[73.43239876393433,-0.306875158345268],[73.432309017762,-0.306888705310804],[73.43227042218025,-0.306893026407215],[73.43223033922247,-0.306894057809196],[73.43219528092952,-0.306890389090413],[73.4321595017359,-0.306880526683966],[73.43212074353151,-0.306863304743262],[73.43208461975088,-0.306842823527526],[73.43200062934777,-0.306790284741622],[73.43195868576083,-0.306768117440654],[73.43191888123314,-0.306753338159968],[73.43190000612009,-0.306749053158939],[73.43188155289123,-0.306746770580606],[73.43184520073622,-0.306747477436021],[73.43176125839801,-0.306759261677149],[73.4317246763482,-0.306761104651877],[73.43168560895394,-0.306756805896884],[73.43164655973027,-0.306746250731644],[73.4316071407043,-0.306729341006951],[73.43156665340688,-0.306705780617489],[73.43153009380839,-0.306679670303787],[73.43149047891013,-0.306647099268888],[73.43134662148653,-0.306513131796473],[73.4312851201393,-0.3064612110724],[73.43125103053679,-0.30643659439444],[73.43121822093377,-0.306416357040881],[73.4311860773012,-0.306400122485977],[73.43115427823145,-0.306387732866202],[73.431131018308,-0.30638129494578],[73.4311039306682,-0.306376179308195],[73.4310027591103,-0.306364868940573],[73.43096377011496,-0.306358275311559],[73.4309265958706,-0.306346714225424],[73.43091117346098,-0.306339147929588],[73.43089758304164,-0.306330266161097],[73.43088598975064,-0.306320246694574],[73.43087521269702,-0.306308230835852],[73.43085558891566,-0.306277590248902],[73.43083960679864,-0.306242313024731],[73.43080001559562,-0.306138592903204],[73.43078519479313,-0.306109604243573],[73.43076926677733,-0.306086174626872],[73.43074013420257,-0.306051302432919],[73.43071152989647,-0.306020657425972],[73.4306832394087,-0.305994010938057],[73.43065519302849,-0.305971300124559],[73.43063058278537,-0.305956189981819],[73.4305999322301,-0.305943089505434],[73.43056853424837,-0.305933071163867],[73.43049449570802,-0.305912865194375],[73.43046132149885,-0.305901254421814],[73.43043373405655,-0.305887263379999],[73.43041276546363,-0.305870763943582],[73.43040054369725,-0.305855586003862],[73.43039105183287,-0.305837191811488],[73.4303841808768,-0.305815381619733],[73.43037978659639,-0.30578970554506],[73.43037754667452,-0.305738373535199],[73.43038130148909,-0.305611489669775],[73.43037988356778,-0.305581256200623],[73.43037648539914,-0.305555364412003],[73.43037105923877,-0.305533103066367],[73.43036348312506,-0.305513782304031],[73.4303536602185,-0.305497158499509],[73.43034151524198,-0.305483108789548],[73.43031865020622,-0.305463617942516],[73.43029135317894,-0.305444720655071],[73.43026042260018,-0.305426979772737],[73.43022743524531,-0.305411305965111],[73.43020093068753,-0.305402861864378],[73.43016940955837,-0.305398265084199],[73.43013822972239,-0.305397067188678],[73.43006615212994,-0.305397707907029],[73.4300338596981,-0.305395682350179],[73.43000741490141,-0.305390736164539],[73.42998499730444,-0.305382555894861],[73.4299582644521,-0.305367604562786],[73.42993170509587,-0.305348389194343],[73.42990542980841,-0.30532498874006],[73.4298795977225,-0.305297544182265],[73.42985426227017,-0.305266073909774],[73.42982985015735,-0.305231069410548],[73.42980670215061,-0.305193012898289],[73.42978537244574,-0.305152811240871],[73.42977614897977,-0.305131697279962],[73.42976780714471,-0.305107356252434],[73.42974224253089,-0.305007603974389],[73.4297283543147,-0.304966159189486],[73.42971095457969,-0.304929014208459],[73.42968816119107,-0.304889795975175],[73.4296597847355,-0.304847753692598],[73.42957208466049,-0.304726557355434],[73.42954758670561,-0.30468700902473],[73.42952874192407,-0.304650271376371],[73.42950387626298,-0.304589119838614],[73.42948277536999,-0.304523212755978],[73.42946525368708,-0.304451986679898],[73.4294510345203,-0.304374327052162],[73.4294407576707,-0.304297185249952],[73.42943248829862,-0.304210155616548],[73.42941475747249,-0.30391803727922],[73.42939837747141,-0.303693472866231],[73.4293952854273,-0.303626594026727],[73.42939427690779,-0.303566776406213],[73.42939554332196,-0.303505635087807],[73.4293993510096,-0.303448626155581],[73.42940576325724,-0.303394824417191],[73.42941484036018,-0.303343749158712],[73.42942749351242,-0.303268393055075],[73.42943413062793,-0.303238407008746],[73.42944433012353,-0.303209181186673],[73.4294576470056,-0.303185826174594],[73.42947534421128,-0.303167362184125],[73.42952424940225,-0.303131953882472],[73.42954322510955,-0.303114052652784],[73.42956175730822,-0.303087917966902],[73.42957847825542,-0.303055778855528],[73.42959340291517,-0.303018565868645],[73.42961455432518,-0.302956133816079],[73.42962454969354,-0.302923303031594],[73.42963290305475,-0.302888378082855],[73.42963969424464,-0.302851034853164],[73.4296450404749,-0.302810634991143],[73.42965140403597,-0.302728266100918],[73.42965739398772,-0.302568495532392],[73.42967495643278,-0.302313947707195],[73.42967690053612,-0.302246240638375],[73.42967575884286,-0.302186309070884],[73.42967058841778,-0.302123903578067],[73.42966116620359,-0.302066851489833],[73.42964733252076,-0.302014203078833],[73.42962895802997,-0.301965488785113],[73.4295948803753,-0.301896457118379],[73.42957657393589,-0.30186509127077],[73.42955767010962,-0.301836263576467],[73.42954507600166,-0.30182001596803],[73.4295302551199,-0.301804234154384],[73.4294931653379,-0.301773292010839],[73.42945346687922,-0.301746938329361],[73.42935696910938,-0.301689409844938],[73.42931428035884,-0.301658998983831],[73.42929610156222,-0.301642883394924],[73.4292808376939,-0.301626525596432],[73.42926824756204,-0.301609665422991],[73.42925821800743,-0.301592147592864],[73.42924715723731,-0.30156334253613],[73.42923962830456,-0.301528946832503],[73.4292353873856,-0.30149093344542],[73.42922827125933,-0.301380265350818],[73.4292230632806,-0.301347391470262],[73.42921547323353,-0.301319354543668],[73.42920309902333,-0.301288251378934],[73.42918717609597,-0.301257184051528],[73.42916754474338,-0.301225832687646],[73.42914383727039,-0.301193606625281],[73.42909324174543,-0.301135239387081],[73.42899189825732,-0.301031327912932],[73.42895309176323,-0.300989373761083],[73.42891652941273,-0.300944944436751],[73.42888752322766,-0.300902948133477],[73.42886282519466,-0.300860053285308],[73.42883792471672,-0.300810509359437],[73.42876641488581,-0.300647941304204],[73.42874056719367,-0.300592838349381],[73.42871444737685,-0.300543708943548],[73.42868792271888,-0.300500917632828],[73.42863886686148,-0.300431815935414],[73.4285864865258,-0.300365232361435],[73.4285313591065,-0.300301900110913],[73.42847404038665,-0.300242457108423],[73.42844880306632,-0.300219738472073],[73.42841856880983,-0.30019643798303],[73.42830876792316,-0.300123433755724],[73.42826848742848,-0.300093994379921],[73.42823153100167,-0.300060936682429],[73.42820310678567,-0.300027059966635],[73.42818217257135,-0.299994478153763],[73.4281618076425,-0.299956616794388],[73.42814154693811,-0.299912800340795],[73.42811756368975,-0.299854761258976],[73.42810277390747,-0.29981184072785],[73.42809057125574,-0.299763185219989],[73.4280805895618,-0.299708452352036],[73.4280562928756,-0.299546301400804],[73.4280452556583,-0.299496350896694],[73.42803205332604,-0.299452747467969],[73.42801440658278,-0.299409578572218],[73.4279904885262,-0.29936287940086],[73.42796484139436,-0.299319237926233],[73.42790083110711,-0.29921662206599],[73.42787146347902,-0.299164269471132],[73.42784809782644,-0.299113117753883],[73.42783245063674,-0.299065074448076],[73.42782577598719,-0.299031637871618],[73.42782166250801,-0.298993318101369],[73.42781830050711,-0.298870133707042],[73.42781578717731,-0.298829580449696],[73.42781110255895,-0.29879456983266],[73.42780397096782,-0.298763569302608],[73.4277975832293,-0.29874495771135],[73.42778894695265,-0.298725832935155],[73.42776448894237,-0.298685132175267],[73.42773558343434,-0.298646667251363],[73.42766107160465,-0.298556352091866],[73.42764325990066,-0.298531994081431],[73.42762927181285,-0.298509942211266],[73.42761691244952,-0.298485675896582],[73.42760872309712,-0.298462678596267],[73.42760455273263,-0.298440519960404],[73.42760436207733,-0.29841896795896],[73.42760982907453,-0.298391858121859],[73.42762203912163,-0.298362025635173],[73.42763932771986,-0.298331309270985],[73.4276954680502,-0.298242911857217],[73.42770942070989,-0.298214868287245],[73.42771848488229,-0.298189269317212],[73.42773153627067,-0.298137943129505],[73.42774132839061,-0.298091200027473],[73.4277479318389,-0.298048701768783],[73.42775132926195,-0.298010532227959],[73.42775151435174,-0.297976719188953],[73.42774848208214,-0.297947354068788],[73.4277422370132,-0.297922480068616],[73.42773278688203,-0.297902127537767],[73.42772258998738,-0.297889366269068],[73.42770886959829,-0.297878730929454],[73.42769147702606,-0.297870100684192],[73.42767007553624,-0.29786330610379],[73.42762224469563,-0.297855355771708],[73.42751343039956,-0.297847402784232],[73.42746755399538,-0.297841752856123],[73.42742419673762,-0.297831264269838],[73.4274062554481,-0.297824241925412],[73.42739052853783,-0.297815935222461],[73.42736376826412,-0.297798255185428],[73.42733694777577,-0.297777930415556],[73.42731030119867,-0.297755137645874],[73.42728412294055,-0.297730128093596],[73.42725865423404,-0.297703118979571],[73.4272343597287,-0.297674589415908],[73.42721163349923,-0.297645001486833],[73.42719089922647,-0.297614905908417],[73.42717717195471,-0.297590571692365],[73.42716603391598,-0.297563768280839],[73.4271573954548,-0.297534286136865],[73.42715114161027,-0.297501737484184],[73.42714713740123,-0.297465261436369],[73.42714529242471,-0.297423733945879],[73.42714843664214,-0.297248691716633],[73.42714763821505,-0.297208991221858],[73.42714521314608,-0.297174161312112],[73.42713973181664,-0.297135217047324],[73.42713137570495,-0.297100374653025],[73.42711997736983,-0.297068946448105],[73.42710541289289,-0.297040606134238],[73.42709086672792,-0.297018668899421],[73.4270727822412,-0.29699539118793],[73.42699384897094,-0.296907684717881],[73.42696282456578,-0.296868299460248],[73.42692493664474,-0.296811665539498],[73.42689051965361,-0.296755420997434],[73.42685974242069,-0.296699842454423],[73.42683270712364,-0.296645115611801],[73.4268095122983,-0.296591450035317],[73.42679017900937,-0.296538906430145],[73.42677474343279,-0.296487583491554],[73.42676322766647,-0.296437555313361],[73.42674548281032,-0.296339139621283],[73.42673479828696,-0.296260170054741],[73.42672969663924,-0.296189722888061],[73.42673027975934,-0.29612748089039],[73.4267367245264,-0.296071783928964],[73.42674217122133,-0.29604677104677],[73.426749106278,-0.296023620656266],[73.426757536157,-0.296002313826633],[73.42676746276591,-0.295982847944503],[73.42677888950614,-0.295965216387921],[73.42679181904181,-0.295949415101917],[73.42680911407872,-0.295934462601001],[73.42683258615395,-0.295920724556335],[73.42685766061327,-0.295909583766214],[73.42692116595244,-0.295884841330306],[73.42695092469353,-0.295870295392904],[73.42697475042739,-0.295853541283613],[73.42699149294691,-0.295834586123044],[73.42699881711121,-0.295821360020365],[73.4270051148563,-0.29580525423323],[73.42702329271357,-0.295733689557773],[73.42703429494163,-0.295705377549363],[73.42704607717184,-0.295685724622391],[73.42706011225356,-0.295667068928995],[73.42707640273143,-0.295649407041949],[73.42709495307056,-0.295632734091242],[73.42711576479809,-0.295617047717658],[73.42713885171902,-0.295602336652253],[73.42716422734617,-0.295588592182499],[73.42719191503237,-0.295575801595435],[73.42725342055995,-0.295553314630556],[73.42732460005718,-0.295534280791266],[73.42740592496364,-0.2955184811917],[73.42750494507617,-0.295504444026156],[73.42753108984873,-0.295502280312577],[73.42756065712487,-0.295501916369173],[73.4276843408338,-0.295507339504565],[73.42773312540449,-0.295504476548014],[73.42777264332621,-0.295496052931798],[73.42781602853516,-0.295480463917224],[73.42785707315288,-0.295461435107788],[73.42795319257893,-0.295412122510972],[73.42800120674062,-0.295391623987497],[73.42802496780565,-0.295383980002962],[73.42804741467204,-0.295378759984153],[73.42806891686776,-0.295375879109683],[73.42808967537971,-0.295375312607479],[73.42811909092833,-0.295378570336242],[73.42815133737616,-0.295386830084305],[73.42818710729439,-0.295400035033304],[73.42826207145843,-0.2954328745308],[73.42829473580979,-0.295445757119842],[73.42832933178751,-0.29545619104916],[73.4283606274907,-0.295461494371033],[73.42838147584433,-0.295461989696],[73.42840538574826,-0.295459761636459],[73.42848891198561,-0.295443286829676],[73.42851985743954,-0.29543925824483],[73.428549770606,-0.295440097718323],[73.42856271696226,-0.295442839368896],[73.42857454865269,-0.295447167641955]]]]}},{"type":"Feature","properties":{"OBJECTID":"10","wardName":null,"wardNameDI":null,"Shape_Leng":678.34674,"Shape_Area":14935.28066},"geometry":{"type":"MultiPolygon","coordinates":[[[[73.42625921838926,-0.306087108036139],[73.42628424518739,-0.306071661401599],[73.42631493412378,-0.306057581753873],[73.42642008446408,-0.306022084853064],[73.42645479310723,-0.306008564025019],[73.4264836127237,-0.30599403518506],[73.42650753326517,-0.305977867000083],[73.4265315276503,-0.305954332588567],[73.42657160601843,-0.305903115504513],[73.42658824218796,-0.305884344680273],[73.42660716040922,-0.305868324721583],[73.42662639466833,-0.305858241353564],[73.42664382689613,-0.305854039042696],[73.42668995005093,-0.305850517993754],[73.42670958719569,-0.305846289313157],[73.42673051638745,-0.305835042615636],[73.42675021351113,-0.305816275978659],[73.42676860535893,-0.305790980562364],[73.42680212630779,-0.305734371885361],[73.42681698189372,-0.305712107836621],[73.42683435715149,-0.305692177855434],[73.42685222436243,-0.305678809867707],[73.42688591164999,-0.305662950387915],[73.42692434248926,-0.305650361834752],[73.42696513572534,-0.305641818483844],[73.42700603938603,-0.305637790622014],[73.42704447090573,-0.305638422454942],[73.42707977670271,-0.30564358804502],[73.4271109617141,-0.305653137289597],[73.42713745169186,-0.30566688761372],[73.42715243644167,-0.305678155682114],[73.42716828206432,-0.305692856718834],[73.42720874764873,-0.305738684067708],[73.42723025745107,-0.305768856221546],[73.42724903551347,-0.305805320535957],[73.42726609096246,-0.305849851670555],[73.42729619012202,-0.305947077795474],[73.42731075589064,-0.305987969785438],[73.42732969714012,-0.306028606292114],[73.4273513134289,-0.306061741847397],[73.42738132555569,-0.306096923744284],[73.42741747417551,-0.306133071577291],[73.42746041481867,-0.306170981117886],[73.4275176724018,-0.306217302634354],[73.4275453135537,-0.306237240501095],[73.42757790511915,-0.306257234038807],[73.42768874839366,-0.306315319055342],[73.42772720828388,-0.306337223628358],[73.42776201248752,-0.306360657349756],[73.42779098927797,-0.306384843574144],[73.42780744708914,-0.306402088049652],[73.42782414535289,-0.306423200076038],[73.42787372523868,-0.306497848824312],[73.42789262575782,-0.306523743396615],[73.42791287191658,-0.306546529912935],[73.42793357597155,-0.306564329554012],[73.42795086005091,-0.306574839465283],[73.42799649642649,-0.30659697751396],[73.42801675983357,-0.306612199162761],[73.42802590989332,-0.306623559898857],[73.42803421815279,-0.306637993593156],[73.42805555814023,-0.306690154936321],[73.4280642834953,-0.306707920814855],[73.4280811196843,-0.306734269673875],[73.4281009638333,-0.306759811195874],[73.42812398296068,-0.306784764268307],[73.42815051399147,-0.306809495990172],[73.42817932378694,-0.306833139072197],[73.4282128582731,-0.30685793660518],[73.42835141341526,-0.306950250917928],[73.42840845961794,-0.306992064360414],[73.42843745344813,-0.307016532904149],[73.42846274707534,-0.307040869237839],[73.42848483684737,-0.307065553146586],[73.42850395070721,-0.307090844412363],[73.42855172763102,-0.307157105119514],[73.42856082072161,-0.307174399039189],[73.4285633587749,-0.307186567855401],[73.42856207431052,-0.307191271592255],[73.42855892282215,-0.307195402266248],[73.42854707970382,-0.307201878246489],[73.42852804654527,-0.307205862901744],[73.42850250192747,-0.307207208798304],[73.42846995499319,-0.307205698013316],[73.4284345989441,-0.307201325632305],[73.42840070577782,-0.307194618610191],[73.42837320822086,-0.307186539697679],[73.42836002699207,-0.307180682202779],[73.42834703511416,-0.307172824843256],[73.42832095378962,-0.307150676031033],[73.42829774079989,-0.307124535189231],[73.42824089391941,-0.307052326851611],[73.42822352015064,-0.307033747677456],[73.42820685097121,-0.307019014453662],[73.42815961246282,-0.306983603831533],[73.42811211120821,-0.306951536394515],[73.42806476326949,-0.306923092103613],[73.42801783987869,-0.306898432530975],[73.42797165271247,-0.306877711476173],[73.42792627577194,-0.306860951817453],[73.42788184533053,-0.306848203628244],[73.42783846056773,-0.306839495012193],[73.42781548445046,-0.306836952062081],[73.42778983686502,-0.306836116689645],[73.42767536311946,-0.306841540985618],[73.42762454127734,-0.306839463355714],[73.42758582413464,-0.306833561496191],[73.42754325150378,-0.306824541580461],[73.42742251340083,-0.30679157615684],[73.42738208371996,-0.306779173168174],[73.42734063064124,-0.306764470980571],[73.42725295533842,-0.306727543594499],[73.42715924953059,-0.306681286609745],[73.42697012657699,-0.306579435059591],[73.4268887010044,-0.3065378223904],[73.426801512005,-0.306498311725655],[73.42672138089635,-0.306468435720233],[73.42665032840365,-0.306448798293061],[73.42651593337736,-0.306420305726454],[73.42646328000342,-0.306407580209094],[73.42641055034473,-0.306391333339488],[73.42636486293101,-0.306372668437956],[73.42624394332371,-0.306324338964548],[73.42621669114781,-0.306311539663788],[73.42619431916164,-0.306298799580139],[73.42617289090302,-0.30628304883134],[73.42615667911166,-0.306266328800775],[73.42614543710408,-0.306248381757539],[73.4261390803543,-0.306229063239604],[73.42613603911818,-0.306208443274622],[73.42613498835458,-0.306188524861338],[73.42613602439161,-0.306171282542724],[73.42613909082449,-0.306157277338325],[73.42614532172522,-0.306143038281849],[73.42615406263863,-0.306130361480757],[73.4261653135648,-0.306119246935016],[73.42617907450376,-0.306109694644608],[73.42619534545561,-0.306101704609515],[73.4262141264204,-0.306095276829732],[73.42623541739827,-0.306090411305269],[73.42625921838926,-0.306087108036139]]]]}},{"type":"Feature","properties":{"OBJECTID":"11","wardName":null,"wardNameDI":null,"Shape_Leng":2023.567,"Shape_Area":27452.5168},"geometry":{"type":"MultiPolygon","coordinates":[[[[73.42199255352656,-0.29845165880911],[73.4219745416392,-0.298449477361328],[73.42195367115094,-0.298443120512848],[73.4219300051339,-0.298432765554884],[73.4218974837414,-0.298415752196236],[73.42188011126392,-0.298404685856067],[73.42186391947347,-0.298390824613162],[73.42184875687062,-0.298374042480288],[73.42183437448651,-0.298354066021421],[73.42180933886597,-0.298308524825643],[73.42176614835785,-0.298209747915843],[73.42174634142289,-0.298170008798223],[73.4217220044263,-0.298132678675061],[73.42170910095861,-0.298117601278349],[73.42169549391133,-0.298104651434227],[73.42166621512625,-0.298082804268303],[73.42163068335144,-0.298061974576304],[73.42159382293933,-0.298043968158597],[73.42149660309165,-0.298000522712176],[73.42144594108822,-0.297973008223377],[73.42132914360005,-0.297896903016668],[73.42128169295317,-0.297863090526177],[73.42123889501816,-0.297830261535428],[73.42119935363993,-0.297797280933549],[73.42116341140009,-0.297764361496731],[73.42113078967724,-0.297731247260881],[73.42110133386292,-0.297697779869363],[73.42107919532461,-0.297668217264295],[73.4210571401217,-0.297632920806497],[73.42099585366789,-0.297516243223525],[73.42097475979067,-0.297478949652845],[73.42095501332831,-0.297448607680712],[73.4209349920046,-0.297422577279035],[73.42091472025987,-0.29740039267643],[73.42089072562005,-0.297377590306148],[73.42077090745528,-0.297279865695808],[73.42074371482695,-0.297254975644105],[73.42072110081747,-0.297231117887678],[73.42068101048952,-0.297179330712548],[73.42060982980522,-0.297071182389226],[73.42057851745967,-0.297027704508687],[73.42054871771039,-0.296991389419665],[73.42051594772774,-0.296955217265592],[73.42047993678383,-0.296918886443947],[73.42044017164467,-0.296881877761974],[73.42034976715757,-0.296805696945629],[73.42015493844745,-0.296654843906741],[73.420073262587,-0.296588155862236],[73.42003041567213,-0.296550301652438],[73.41999186023531,-0.296513646262376],[73.41995683125943,-0.296477460491202],[73.41992496132517,-0.296441360652958],[73.41989828237865,-0.296406174660425],[73.41987149440472,-0.296363837193613],[73.41984606854446,-0.296317848875376],[73.41977994358717,-0.29619016212099],[73.41975855043444,-0.296153422214774],[73.41973801146416,-0.296122309020563],[73.41971224029662,-0.296089357214544],[73.41968562089046,-0.296062063411421],[73.4196576135505,-0.296039878562656],[73.41962791195786,-0.29602256818111],[73.41959471592908,-0.296009748087286],[73.41950998466233,-0.295987834848041],[73.41947342223246,-0.295974688895216],[73.41944130102543,-0.295958163983598],[73.41940930487165,-0.295937875407744],[73.41937717264305,-0.295913661156306],[73.41934442627665,-0.295885162842086],[73.41931346828507,-0.295854960818072],[73.4192801792508,-0.295819486611871],[73.41917635255885,-0.295699467891458],[73.41914538008194,-0.295660772701955],[73.41911382650646,-0.295614666863042],[73.41902101296023,-0.295457333363321],[73.41898678981227,-0.295403614676016],[73.41895104034919,-0.295355728754],[73.41891495115178,-0.295316573589473],[73.41888599028462,-0.295291375953137],[73.41885350097576,-0.295268136789487],[73.41881721871131,-0.295246663407596],[73.41877663813467,-0.295226654963788],[73.41873226385097,-0.295208216233476],[73.41868141069,-0.295190110492854],[73.4184702940544,-0.295126691472411],[73.41838163851284,-0.295095395025041],[73.41833568123188,-0.295075269959245],[73.41829483873687,-0.295053816952274],[73.41825830584955,-0.295030610460142],[73.41822570339443,-0.295005403790071],[73.41818934094802,-0.294971040674409],[73.41815231661758,-0.294929436868211],[73.41811367174982,-0.294879858210128],[73.4180367721821,-0.294772927446348],[73.41800282062971,-0.294728041385302],[73.41796506497157,-0.294683276214705],[73.417928645647,-0.294646433171351],[73.41788607572403,-0.294610163525135],[73.41783903171549,-0.294575760174514],[73.41778705309592,-0.294542880639872],[73.41772921188641,-0.294510935228776],[73.41767438752645,-0.294483926816697],[73.41761200056648,-0.294455884599256],[73.41738228471324,-0.294361655864232],[73.41729042995202,-0.294321312203265],[73.41719875962613,-0.294275030073242],[73.41715823572682,-0.294251590634609],[73.41712057006083,-0.29422756831554],[73.41707934042866,-0.294198477061215],[73.4170345833431,-0.294164081434378],[73.41688977144453,-0.294043909482516],[73.41683539296179,-0.294000722522814],[73.41678017022147,-0.293960878183884],[73.4167284293461,-0.293928405715911],[73.4166880411454,-0.293906620519129],[73.41664472696964,-0.293886192038527],[73.41659806445638,-0.293866918049397],[73.41654722449147,-0.293848454621412],[73.41644644356856,-0.293817260654882],[73.41625282645258,-0.293765104959405],[73.41617512750769,-0.293742648379128],[73.4160962787593,-0.293716432042376],[73.41602728783012,-0.293689020430239],[73.41597695021585,-0.293669044960878],[73.41591640233554,-0.293648682773988],[73.41569748216293,-0.293585637643517],[73.41561548886078,-0.293559772517553],[73.4155401686972,-0.293531293911554],[73.41547841741902,-0.293501726906032],[73.41544481266861,-0.293481655155647],[73.41541560612323,-0.293460539670765],[73.41539061478436,-0.2934382474131],[73.41536973414982,-0.293414683856672],[73.41535287011035,-0.293389731581693],[73.41534000548303,-0.293363350999811],[73.4153311097405,-0.293335479024727],[73.41532616675707,-0.293306064209318],[73.41532284240986,-0.293251005035345],[73.41532367400079,-0.293229346777043],[73.41532618021941,-0.293210350173381],[73.41533080762302,-0.293191503560796],[73.41533765457602,-0.293172204412038],[73.41535784712269,-0.293132664981938],[73.41538627183493,-0.293092757702928],[73.41542127663867,-0.293054828407943],[73.41543407168776,-0.293044764749685],[73.41545068062663,-0.293035585402646],[73.41551361954713,-0.293011243514521],[73.41553519345524,-0.293000803847431],[73.41555297278279,-0.292987207805176],[73.41556390024334,-0.292971098929812],[73.41556813025325,-0.292955512872206],[73.41571238159844,-0.292996420227349],[73.4158033641288,-0.293025569813707],[73.41588474746912,-0.293056903026488],[73.4159560660343,-0.293090797347103],[73.41604318013479,-0.293135670610006],[73.41608562205997,-0.293159286513011],[73.41612510323014,-0.293184706014444],[73.41615808271287,-0.293210468710622],[73.4161766994498,-0.293228210674882],[73.41619589366844,-0.29324961398941],[73.41626065393866,-0.293333544571028],[73.41628878841291,-0.293366022713456],[73.41632645021194,-0.293403046975461],[73.41636786660395,-0.293439488470508],[73.41641343958459,-0.29347570538411],[73.41646399136526,-0.293512353218035],[73.41656701412863,-0.293579578135182],[73.41678788130625,-0.293713057464459],[73.41691827162214,-0.293799716797291],[73.4169672243454,-0.293830239168129],[73.41702197217009,-0.293859496330019],[73.41707308161938,-0.293880597849896],[73.41710342279792,-0.293889527970535],[73.41718097743906,-0.293906635320785],[73.41721568852765,-0.293916510995415],[73.41724708806267,-0.293928452173215],[73.41727906291473,-0.293943021660044],[73.41731194151912,-0.293960366137074],[73.41734635721313,-0.293980818252332],[73.41740758412111,-0.294021805352127],[73.41756030381696,-0.294131916985199],[73.41770331936846,-0.29422820574367],[73.41778281947076,-0.294284574849043],[73.41785499590382,-0.294340748638307],[73.41791679674428,-0.294395181811982],[73.41795828338242,-0.294437835830814],[73.41804514499952,-0.294536369186642],[73.41808315213959,-0.294574669638674],[73.4181327112093,-0.294616127298598],[73.41819133842061,-0.294656777901893],[73.41825863224992,-0.294696933554222],[73.4184002295949,-0.294773889833225],[73.41845960228353,-0.29480805539397],[73.41851965300573,-0.294846999564773],[73.41857036610278,-0.294885810383057],[73.418603392394,-0.29491502139758],[73.41863830247213,-0.294948850642991],[73.41878594774714,-0.295106329959117],[73.41882201289364,-0.295142276167574],[73.4188555497283,-0.295172993779125],[73.41892202622502,-0.295226274502481],[73.41899911168736,-0.295279264063719],[73.41909230369463,-0.295335655182156],[73.41929523349339,-0.295448614319355],[73.41938197986495,-0.295499647315358],[73.41947017844,-0.295557899068434],[73.41950892048749,-0.295586695300124],[73.41954477909339,-0.295615770758611],[73.41965741513474,-0.295711343254535],[73.41972473397855,-0.29577278667932],[73.41978268728938,-0.295832820461345],[73.4198299644901,-0.295890990085155],[73.41985955714328,-0.29593411148668],[73.41988948494874,-0.295983425811139],[73.41992037706993,-0.296039713284703],[73.41996066014143,-0.296118330179113],[73.41997993908369,-0.296161439624913],[73.41999765165633,-0.296211559661365],[73.42001251036295,-0.296262512857359],[73.42004732802397,-0.296394405554128],[73.42007025341078,-0.29646423048814],[73.42008512999752,-0.296499590318215],[73.4201013364419,-0.296531149734062],[73.42011918360373,-0.296559510106646],[73.42013885926056,-0.296584962774912],[73.4201662216591,-0.296614811852131],[73.42019722350891,-0.296644795005202],[73.42023174449506,-0.296674794837559],[73.42026957014855,-0.29670462439481],[73.42030712004896,-0.296729743861159],[73.42035147174249,-0.296753504570665],[73.42039778268371,-0.296774326925173],[73.42052296067146,-0.296825866961952],[73.42055908325953,-0.296843032370504],[73.42059042558894,-0.296860206229127],[73.42070352283112,-0.296930557434073],[73.42080045639432,-0.296998336495725],[73.4208442795196,-0.297032248016723],[73.42088518383179,-0.297066322241354],[73.42092332506697,-0.297100689175191],[73.42095880151149,-0.297135437812538],[73.42100309832169,-0.297186180276745],[73.4211008629091,-0.297318149488823],[73.42112552109833,-0.297348676635653],[73.42114891722032,-0.297374750941659],[73.42121973324176,-0.297446538452973],[73.4212816853541,-0.297503434492623],[73.42134084470567,-0.297550999883762],[73.4213984581221,-0.297590144095767],[73.42144482510915,-0.297614970638717],[73.42155373983628,-0.297662198324143],[73.42160047861883,-0.297685887533773],[73.42166723124144,-0.297727790942169],[73.42173723969437,-0.297778798568875],[73.42181200995037,-0.297839746158112],[73.42190943796261,-0.297925217916472],[73.42196215440106,-0.297967715094296],[73.42212044918303,-0.298084082522671],[73.42215938114528,-0.298116225978839],[73.42218907311495,-0.298144457595545],[73.42221484293957,-0.298175892218653],[73.42222306040335,-0.29819011799662],[73.42222821751594,-0.298203431238962],[73.42223033145939,-0.298215888362432],[73.42222939955806,-0.29822750360259],[73.42222541972397,-0.298238301218643],[73.42221838541235,-0.298248298422594],[73.42219959274502,-0.298265715078814],[73.42217507699887,-0.298282245461418],[73.42217084114013,-0.298296148737165],[73.4221596986603,-0.29831529583752],[73.4221351812311,-0.298344000765399],[73.4220894319925,-0.298395367010404],[73.42205483905502,-0.298426508946993],[73.42203831154589,-0.298437629496382],[73.4220224856572,-0.298445498382214],[73.42200725095331,-0.298450169789072],[73.42199255352656,-0.29845165880911]]]]}},{"type":"Feature","properties":{"OBJECTID":"15","wardName":null,"wardNameDI":null,"Shape_Leng":964.90528,"Shape_Area":17731.699},"geometry":{"type":"MultiPolygon","coordinates":[[[[73.41363851610409,-0.291563965117773],[73.41473179622336,-0.292485775047701],[73.41483901230517,-0.292576175376921],[73.41488256119891,-0.292610685709814],[73.41492859682191,-0.292644717794946],[73.41502860214858,-0.292711691040022],[73.41514532683169,-0.292780774657945],[73.41527869339033,-0.292851415771173],[73.41532879065534,-0.292874866042353],[73.41538362575204,-0.292897002225377],[73.4153737612166,-0.292899286324376],[73.41534106999781,-0.292908976089928],[73.41530513445007,-0.29292241910885],[73.41517943771908,-0.292978940599227],[73.41512924069067,-0.292998772008776],[73.41510225595357,-0.293007241995969],[73.41507685708073,-0.293013352222816],[73.41505255575699,-0.29301721892248],[73.41502909918407,-0.293018879779222],[73.41499191441365,-0.293018884386332],[73.41495549424965,-0.293017084134007],[73.41492055644474,-0.293013515726929],[73.41488751019676,-0.293008222965712],[73.4148568034623,-0.293001291222742],[73.41482848080184,-0.292992745454263],[73.41480269288304,-0.292982631453807],[73.41477953526939,-0.292970987217169],[73.41476552859795,-0.292961676448168],[73.41475214831965,-0.292950005765926],[73.41473924717921,-0.292935850621986],[73.41472656025978,-0.292918922371203],[73.41470562016272,-0.292884594651885],[73.41466069818176,-0.292800042913046],[73.41463706596997,-0.29276380334503],[73.41461406150103,-0.292738064671163],[73.41458942153503,-0.292719710872406],[73.41456129173638,-0.29270686585645],[73.41448936267184,-0.292684808436273],[73.41445870080541,-0.292671835264106],[73.41443250350223,-0.292655107194747],[73.41440598997806,-0.292632690671445],[73.41438051932458,-0.292606617863694],[73.41431236347184,-0.292530450267749],[73.4142900243151,-0.292509259224383],[73.41426857700107,-0.292492344470773],[73.41424331513966,-0.292475851244625],[73.41421403029983,-0.292459251961583],[73.41410758542024,-0.292406908816178],[73.41406655882064,-0.292384637500435],[73.4139949737626,-0.292338340284487],[73.41391978013642,-0.292281696586719],[73.41384203134406,-0.29221630078038],[73.41368852227663,-0.292078742823172],[73.41362248739503,-0.292021739360889],[73.41355104722524,-0.291964925679635],[73.41348429313182,-0.291917949147061],[73.41343847935627,-0.291890137291568],[73.4133129989379,-0.291820232565266],[73.4132771524838,-0.291797152154129],[73.41324662712965,-0.291774344468903],[73.41318643970402,-0.291721246286821],[73.41312981081936,-0.291662672588999],[73.41307816200131,-0.29160009540135],[73.4130327431638,-0.291535029263717],[73.41301854306772,-0.291510329218123],[73.41300531649084,-0.2914822599027],[73.41299947448401,-0.291482381880812],[73.41297928169973,-0.291479305653607],[73.4129574345392,-0.291469929600712],[73.4129352254724,-0.291455661074341],[73.41289490065446,-0.291424938686824],[73.4128796877647,-0.291412144772164],[73.41286429468065,-0.291395746502122],[73.4128199118912,-0.291337363178005],[73.41280392082142,-0.291318339422648],[73.41278771258091,-0.291302717939964],[73.41277132266224,-0.291290921666418],[73.41275029819535,-0.291280659636978],[73.4126983379409,-0.291262620643311],[73.41267625360479,-0.291252622617219],[73.41256075774677,-0.291112863930075],[73.41250942827689,-0.291036285528138],[73.41232455666085,-0.290668575041523],[73.41231893206752,-0.290613992696923],[73.41232032139393,-0.290600782072485],[73.41232457063352,-0.290592146839261],[73.41232767265413,-0.290589132278988],[73.41230262664523,-0.290533769771765],[73.41228532595571,-0.290490674207928],[73.4122729659096,-0.290452852255746],[73.41226548049661,-0.29041983295141],[73.41226272676774,-0.290390397012549],[73.41226491747686,-0.29036512373685],[73.41227206709307,-0.290343859259041],[73.41228420109037,-0.290326535062674],[73.41230504087693,-0.290309119011702],[73.412333440936,-0.290292468032223],[73.41236754625199,-0.290277709020632],[73.41240305242124,-0.290266730678269],[73.41243863168539,-0.290260348384836],[73.41247583930026,-0.290258176623259],[73.41251220830776,-0.290260352983179],[73.41254566401352,-0.290266750836416],[73.41257622892216,-0.290278479499085],[73.4126085935406,-0.290297909290152],[73.41264085861279,-0.290322846764535],[73.41270014489804,-0.29037445082587],[73.41273550330192,-0.29040797347539],[73.41276801122879,-0.290446612694813],[73.41279799080993,-0.290490742206258],[73.41282597184191,-0.290541136634545],[73.41284895412893,-0.290590394900521],[73.4128719229063,-0.290647231115236],[73.41294711440463,-0.290863005046227],[73.41298102766355,-0.290949701001578],[73.4130015334256,-0.290994369868042],[73.41302270171805,-0.291034589240864],[73.41304493358815,-0.291071117555884],[73.41306845634153,-0.291104321633082],[73.41312481335025,-0.291174918695278],[73.41318364072009,-0.291242816181443],[73.41324426970368,-0.291307243185179],[73.41330610561572,-0.291367568653032],[73.41333508909626,-0.291392970783712],[73.41336664566361,-0.291417478832039],[73.41340099144486,-0.291441262294882],[73.41343850912065,-0.291464587062886],[73.4135232984666,-0.291510267957517],[73.41363851610409,-0.291563965117773]]]]}},{"type":"Feature","properties":{"OBJECTID":"16","wardName":null,"wardNameDI":null,"Shape_Leng":5192.57393,"Shape_Area":205349.45888},"geometry":{"type":"MultiPolygon","coordinates":[[[[73.42005920924362,-0.280588667012539],[73.42005917583897,-0.280837524083231],[73.41975490605746,-0.281067196856085],[73.41939359665012,-0.281258576082389],[73.41912739282591,-0.281220254091551],[73.41901332645195,-0.281047952955678],[73.41888022970949,-0.280990506291257],[73.41861404396901,-0.280818184465566],[73.41815769108199,-0.280779836623654],[73.41792950952988,-0.280798948366035],[73.4177013357245,-0.280760631610537],[73.41749219229467,-0.280607460483686],[73.41714995224844,-0.28039684278637],[73.41680769939765,-0.280281939255984],[73.41633232688625,-0.280281874540878],[73.41591400431142,-0.280243531949294],[73.41608517435472,-0.279975555846162],[73.41659864588094,-0.279458769546031],[73.41711212503593,-0.278884554492286],[73.41745444442827,-0.278501744284493],[73.4177587263195,-0.27817635729688],[73.41789186636096,-0.277908375624882],[73.41781581946243,-0.277812651212134],[73.41766370020412,-0.277812630700902],[73.41756860529135,-0.277965760508923],[73.41745448781322,-0.278176316217256],[73.41735938266797,-0.278406017297454],[73.4171692131988,-0.278559134194612],[73.41684590617454,-0.27896108972906],[73.41646555184377,-0.27938218020557],[73.41600913532382,-0.279822402987701],[73.41576190316395,-0.280109511551895],[73.41553370903246,-0.280224337347108],[73.41538161048781,-0.280071174162774],[73.4151534652477,-0.279822286618907],[73.41505838824718,-0.279841416490294],[73.4147921695815,-0.279917951479899],[73.41437378299673,-0.280358178904976],[73.41412656379943,-0.280549573159252],[73.41382230771721,-0.280683531189425],[73.41344198701049,-0.280855764357647],[73.4131377103215,-0.281142864577667],[73.41281442134333,-0.281410819314968],[73.41256719182812,-0.281678784391344],[73.41216783560974,-0.282004156843538],[73.4117685001738,-0.282176386959751],[73.4115592795604,-0.282597499198169],[73.41129303513382,-0.28286546131925],[73.41108383786359,-0.283114288468656],[73.41098871925932,-0.283439702390165],[73.41081753335136,-0.283822534056081],[73.41068438754687,-0.28412879986757],[73.41062725655445,-0.284760503168036],[73.41070325823867,-0.285181654543823],[73.41066518912072,-0.285468790716978],[73.41066513388009,-0.285870788761346],[73.41072211522058,-0.286330223060224],[73.41070301062075,-0.286981074393461],[73.4109501164924,-0.287612820273094],[73.41115921637528,-0.288072276039563],[73.41146340380153,-0.288436031405938],[73.41163450574268,-0.28866576873273],[73.41186263368009,-0.289029513549083],[73.41207174671992,-0.289393255761131],[73.41222383109258,-0.289642133322404],[73.41235688457367,-0.290005864911828],[73.41239696891873,-0.290232356582458],[73.41226160341542,-0.290289086368537],[73.4120906763067,-0.290005827311175],[73.41180548787767,-0.289756930949139],[73.41161540045124,-0.289316620332616],[73.41140627416078,-0.28904859205482],[73.41096900139465,-0.288550818510618],[73.41070283848468,-0.288225354073254],[73.4106458443035,-0.287861633546237],[73.41058881298211,-0.287765911724283],[73.4103417204375,-0.287038452124963],[73.41032274786005,-0.286732165291068],[73.41037984256299,-0.286368460801603],[73.41037987683445,-0.286119604904291],[73.41035392289386,-0.28570758950768],[73.41038000049042,-0.2852198951206],[73.41029463324573,-0.284747452144226],[73.4103040538833,-0.284396745833285],[73.41043720756389,-0.284033051814728],[73.41049429394295,-0.283726775515079],[73.41064645713665,-0.283401369571329],[73.41073659999451,-0.283078144744694],[73.41100781231629,-0.282865421998186],[73.41117899284265,-0.282520875751281],[73.41150230255003,-0.282099779272901],[73.41184461409743,-0.281774399137482],[73.41216789782214,-0.281544730167601],[73.41247217186996,-0.281276772949322],[73.41289266054784,-0.280935407269496],[73.41340398565424,-0.280645188472585],[73.41357512208673,-0.280626069054317],[73.41376530176436,-0.280396381502493],[73.41387942192384,-0.280166683537466],[73.41443090739374,-0.279764759905082],[73.41469713884817,-0.279592510908282],[73.41479222096335,-0.279535095426351],[73.41481126407595,-0.279324527179361],[73.4149634087853,-0.279133119796522],[73.4151345529972,-0.279056571797174],[73.41538177981089,-0.278807748823183],[73.41549588193206,-0.278712050237862],[73.4158762359614,-0.278290959866977],[73.41616149252708,-0.27804214183251],[73.41650379887432,-0.277755045782021],[73.41703625421604,-0.27746797524609],[73.41732150317354,-0.277276585407736],[73.41770180126014,-0.277276636594255],[73.41802503689482,-0.277410679922863],[73.41855742899699,-0.277602179960928],[73.4190897957832,-0.277985108500613],[73.41947002542447,-0.278502016608198],[73.41966010576309,-0.279018899176007],[73.41979314122028,-0.279535774106299],[73.4198691189561,-0.280148355607345],[73.42005920924362,-0.280588667012539]]]]}},{"type":"Feature","properties":{"OBJECTID":"17","wardName":null,"wardNameDI":null,"Shape_Leng":913.9183,"Shape_Area":41520.61536},"geometry":{"type":"MultiPolygon","coordinates":[[[[73.42620049875855,-0.296080899267701],[73.42606978234295,-0.295997130364481],[73.42591530054176,-0.29588942944256],[73.42578462290568,-0.29553048131295],[73.4256063689814,-0.295446705673645],[73.42568958995224,-0.295231359881617],[73.4256064211636,-0.295075811938154],[73.42535686097237,-0.294992026182401],[73.42544007684552,-0.294812573339059],[73.42573721657826,-0.294597257973963],[73.42572537080575,-0.294322077043969],[73.42574916640179,-0.294130651383802],[73.42614135768086,-0.294082849811413],[73.42642656946352,-0.294178604853054],[73.42678310938841,-0.294118833868712],[73.42686627327521,-0.294310274817582],[73.42722277975143,-0.294489790297145],[73.42759118241908,-0.294585557237313],[73.42785267591542,-0.294322379188904],[73.42805467874877,-0.294549730098849],[73.4282447871229,-0.294848865336015],[73.42830418727809,-0.295004410068121],[73.42620049875855,-0.296080899267701]]]]}},{"type":"Feature","properties":{"OBJECTID":"18","wardName":null,"wardNameDI":null,"Shape_Leng":850.24042,"Shape_Area":25731.33207},"geometry":{"type":"MultiPolygon","coordinates":[[[[73.42530982501218,-0.291402725695763],[73.42542865546677,-0.291498456927812],[73.42548805573279,-0.291654001368518],[73.4256068778731,-0.291809554191937],[73.425785128557,-0.291917258148992],[73.42584452714439,-0.292084766941943],[73.42580886734933,-0.292132619174623],[73.4257375294282,-0.292359931098236],[73.42570187462788,-0.292371890379363],[73.42545397160595,-0.29227488127851],[73.42529233689463,-0.292326544290586],[73.42526950635681,-0.292416512696036],[73.42533343226651,-0.292563267357851],[73.42539284747366,-0.2926111330063],[73.42535156357104,-0.29268524325459],[73.42522644451509,-0.292766645544961],[73.42500702832585,-0.292925676689181],[73.42490576555413,-0.293111072757547],[73.42478643028167,-0.293097931526567],[73.42466512679995,-0.293110005206629],[73.42450353293502,-0.293130622083578],[73.42433947839056,-0.293155135558052],[73.42426160678905,-0.29316677159384],[73.42423355435143,-0.293322459611816],[73.4241745409021,-0.293247959862402],[73.42409808000068,-0.293151434109467],[73.42392763232107,-0.29303937579558],[73.4237862756454,-0.292854675185112],[73.42359804817661,-0.292703419892394],[73.42350437206298,-0.292572461430136],[73.42350989963509,-0.292454850382093],[73.42364751943073,-0.292473712129284],[73.42376871277195,-0.292221305653016],[73.4239060176777,-0.292127331837275],[73.42409618381228,-0.292010706713225],[73.42422939213932,-0.291905487873933],[73.42436359627312,-0.291909047846369],[73.42460858548019,-0.291845306388589],[73.42475117462384,-0.292012826829045],[73.42502449687349,-0.292144472812363],[73.42519089143704,-0.292048781800292],[73.42517903869349,-0.291821458202288],[73.42508400694906,-0.291510372710507],[73.42511967835198,-0.291378770306913],[73.42530982501218,-0.291402725695763]]]]}},{"type":"Feature","properties":{"OBJECTID":"19","wardName":null,"wardNameDI":null,"Shape_Leng":1807.9791,"Shape_Area":23788.44503},"geometry":{"type":"MultiPolygon","coordinates":[[[[73.42059296601545,-0.282416882413785],[73.42083058813907,-0.282895486399696],[73.42108008481966,-0.283445877850193],[73.42147218217706,-0.284080039072172],[73.42178110854697,-0.284570617549045],[73.42192367027471,-0.284941530276884],[73.42214943707292,-0.2852047758936],[73.42262470999322,-0.285946627918116],[73.42281482698162,-0.286185940186777],[73.42304058722196,-0.286497043232404],[73.42340893027,-0.287023523550348],[73.42368222628645,-0.28734659767232],[73.42391986429064,-0.287705559827911],[73.42427632455001,-0.28822007459313],[73.42451396909445,-0.288531179707602],[73.4245971464948,-0.288626905774169],[73.42443075053285,-0.288734561333032],[73.42435942291206,-0.288890087373132],[73.42425244053265,-0.289057572727317],[73.42418114917987,-0.288949884010988],[73.42412174383857,-0.288830232655334],[73.4240266919899,-0.288662719109997],[73.42395540886226,-0.288495208894208],[73.42403862245229,-0.288327720224775],[73.42394356399393,-0.288208063926741],[73.4238841553349,-0.288112341213244],[73.42378910180571,-0.287956792021617],[73.42361084788482,-0.287873017082495],[73.42359898323804,-0.287729443796983],[73.42356335806808,-0.287526045695646],[73.42343264815909,-0.287394420200781],[73.42331380620759,-0.287382439381764],[73.42327817773558,-0.287202969914963],[73.42296923852405,-0.286808105123689],[73.42264841658721,-0.286401274497722],[73.4225533728278,-0.286173939687444],[73.42242266946022,-0.285994457147125],[73.42226818595496,-0.285898721404783],[73.42211371062355,-0.28574316420445],[73.42203056912443,-0.285384223891679],[73.42178103366535,-0.285120974987447],[73.42162658112468,-0.284797917797734],[73.42137703590224,-0.284606454745574],[73.42142461068202,-0.284331282624979],[73.42113941892272,-0.284091957583446],[73.42104438476736,-0.283792837304661],[73.4209493489575,-0.283505681339877],[73.42074733785631,-0.283338153588276],[73.42060477760114,-0.282955276881416],[73.42054538017535,-0.28277580446022],[73.4204740903175,-0.282656151844877],[73.42045035234737,-0.28242882718466],[73.42046224799083,-0.28234507881912],[73.42059296601545,-0.282416882413785]]]]}},{"type":"Feature","properties":{"OBJECTID":"20","wardName":null,"wardNameDI":null,"Shape_Leng":1603.65992,"Shape_Area":23843.42894},"geometry":{"type":"MultiPolygon","coordinates":[[[[73.42485854658506,-0.28903372877379],[73.4253021063331,-0.289591760890351],[73.42551530513155,-0.289834731583112],[73.42573845375098,-0.290123820671318],[73.42628385711089,-0.290826879350382],[73.42670828500275,-0.291360842840094],[73.42772690733028,-0.292642350282241],[73.42841100510948,-0.293469640943263],[73.42897351986274,-0.294210689099293],[73.4291750956705,-0.294439797350095],[73.429195589223,-0.294490070405224],[73.4291594004238,-0.294495788210266],[73.42910806202826,-0.294479988003657],[73.42895791798524,-0.294370393341782],[73.4287559100086,-0.294178935363483],[73.42837565618287,-0.293843880194249],[73.42817366494478,-0.293532779021058],[73.42805484440133,-0.293365261605849],[73.42742506514767,-0.292695170311166],[73.42711610940667,-0.292419947255209],[73.42702105430355,-0.292276361973824],[73.42677152715956,-0.291953290112621],[73.42664081723784,-0.291821664172445],[73.42652200167161,-0.291618254004064],[73.42639130005539,-0.291426806504594],[73.4262487140546,-0.291235357356865],[73.42611800081718,-0.291127660123097],[73.42582092785925,-0.290864403422078],[73.42572586776627,-0.290756711234877],[73.42570212718184,-0.290553314547721],[73.4257021602953,-0.290314028253628],[73.42526246161299,-0.290146466228111],[73.42514362615931,-0.29008662801373],[73.42497726149634,-0.289966961591585],[73.42487032200076,-0.289823374888104],[73.42481092989524,-0.289608008994744],[73.42492979836538,-0.289428560970316],[73.42490102782148,-0.289362490417817],[73.42483792843281,-0.289200085309523],[73.42478723542327,-0.28906961174386],[73.42485854658506,-0.28903372877379]]]]}},{"type":"Feature","properties":{"OBJECTID":"21","wardName":null,"wardNameDI":null,"Shape_Leng":2222.35921,"Shape_Area":38960.73111},"geometry":{"type":"MultiPolygon","coordinates":[[[[73.42591508830485,-0.305933946909553],[73.42540762643286,-0.305032664524354],[73.42538230105185,-0.304989809475788],[73.42536790841072,-0.304962122991817],[73.42536069843601,-0.304948172344847],[73.42535307371449,-0.304933398016549],[73.42522650866246,-0.304688492393555],[73.42521416414586,-0.304657483420177],[73.4251959868784,-0.304588320781586],[73.42518633478444,-0.304566398780623],[73.42515262741325,-0.30452060198111],[73.4251451103154,-0.304504876743735],[73.42513928427897,-0.304485991685606],[73.4251169455951,-0.304412866895653],[73.42506365202628,-0.304270430973201],[73.42504600872307,-0.304218897363026],[73.42503634151801,-0.304192240144555],[73.42502375107124,-0.30416513577105],[73.42500811376085,-0.304137310857554],[73.42498913466099,-0.304108237672793],[73.42494946968161,-0.304055796820303],[73.4248491344485,-0.303934843420862],[73.42482523024634,-0.303902696063283],[73.42480580117456,-0.303873189740957],[73.42478836233123,-0.303841750943355],[73.42477518065404,-0.303811414797598],[73.42476603792367,-0.303781674469989],[73.4247608510857,-0.303752247389805],[73.424760692977,-0.303719540276575],[73.42476692244475,-0.303680948370203],[73.42477728109144,-0.303642206993744],[73.42480669749963,-0.303548703876133],[73.42481683544266,-0.303503318788699],[73.42481889204896,-0.303481347927438],[73.42481819141425,-0.303461883301124],[73.42481471893305,-0.303444565905233],[73.42480843537946,-0.303429218016962],[73.4248005159812,-0.303417080654828],[73.42479006881725,-0.303405585967825],[73.42477698718014,-0.303394612625965],[73.42476102688357,-0.303383954154905],[73.42472592471519,-0.303365660836271],[73.42462103124191,-0.303319201471887],[73.42459272461886,-0.30330269890855],[73.42457076847,-0.303285611472137],[73.42453534823139,-0.303248668477529],[73.42450262964321,-0.3032055902471],[73.42447246137351,-0.303156182393972],[73.42444459338606,-0.303100038346728],[73.4244194749349,-0.30303859159835],[73.4243956346075,-0.302968790984605],[73.42437264072942,-0.302889863593628],[73.42434503782337,-0.302783077498608],[73.42433595262267,-0.30274043728882],[73.42432892346582,-0.302692761437218],[73.42432368545725,-0.302639483345932],[73.42431188787788,-0.30248135332469],[73.42430563486685,-0.302431946570512],[73.42429755727343,-0.30238824843313],[73.42427573482715,-0.302299366723421],[73.42424867155333,-0.302207950747502],[73.4242163581314,-0.302113967989671],[73.42417876692987,-0.302017337587908],[73.4241296067336,-0.301904754033389],[73.42407758169692,-0.301799433467269],[73.42402268015702,-0.301701352562789],[73.42396490667574,-0.301610520006304],[73.42392248144391,-0.301554390696341],[73.42381783719561,-0.30143149554365],[73.42379436450102,-0.301400444241843],[73.42377479105774,-0.301371206212333],[73.42375335356337,-0.301333796635534],[73.4237322062699,-0.301290708759325],[73.42366362290922,-0.301126194829473],[73.42363222325096,-0.301060113565939],[73.4235932190628,-0.300992322518633],[73.4235458233796,-0.300920723455376],[73.4234870280496,-0.30084078582134],[73.42335719045212,-0.30067519100273],[73.42330244431794,-0.300602398840604],[73.4232482797628,-0.300523416970546],[73.42320447336763,-0.300449871973127],[73.42318467145495,-0.300410300690237],[73.42316525424225,-0.300364579084035],[73.42310394496069,-0.300192989662537],[73.42307636941946,-0.300125463700963],[73.42305936570035,-0.30009085312257],[73.42304159336094,-0.3000599475549],[73.4230227056551,-0.300032147223816],[73.423002502487,-0.300007163553147],[73.42298119490385,-0.299985387088701],[73.42295552247388,-0.299963392485489],[73.42292465276942,-0.299940339902264],[73.42282877245776,-0.29987347592144],[73.4228002652602,-0.29985028897274],[73.42277672515506,-0.299827666317702],[73.42274945801495,-0.299796767229676],[73.4227210035201,-0.299760421937193],[73.42263414012498,-0.299636216881555],[73.42244820481262,-0.299374096775702],[73.42239009033779,-0.299286522001163],[73.42234053473088,-0.29920634253916],[73.42229445384467,-0.299124556815918],[73.4222550944018,-0.299045987623965],[73.4222218753596,-0.298969470194081],[73.42219452456824,-0.298894366880668],[73.42216429734954,-0.298799694031293],[73.42214488622058,-0.29872961456543],[73.42213121717607,-0.2986658147977],[73.42212325934902,-0.298607213513577],[73.42210792290213,-0.298513142172067],[73.42210495876982,-0.298477026250245],[73.42210608369845,-0.298459949305239],[73.42210947718326,-0.298446166981925],[73.42211519444395,-0.298435461766133],[73.4221232849334,-0.298427749106122],[73.42214518627756,-0.29841792250062],[73.42217394498346,-0.298411651941012],[73.42219991554408,-0.298410925649943],[73.42221025532406,-0.298412684033985],[73.42221836154988,-0.298415798543966],[73.42222873577516,-0.298423344357499],[73.4222373411206,-0.298433715111957],[73.42224417758617,-0.298446910807353],[73.42224924517176,-0.298462931443687],[73.42225400782262,-0.298463660871499],[73.4222657762015,-0.29846684437809],[73.42227770489251,-0.298472298790889],[73.42230227449092,-0.298490138805952],[73.4223275690798,-0.29851658742001],[73.42236095346281,-0.2985593906824],[73.422371830565,-0.298575720312271],[73.42238110533441,-0.298593984082771],[73.42238887707929,-0.298614371276748],[73.422395297117,-0.298637275014823],[73.42240344709906,-0.29868237253941],[73.4224174847185,-0.298799450156825],[73.42242398077806,-0.298831189097867],[73.42243221699546,-0.298858508375027],[73.42244276595262,-0.298884571294861],[73.42245574391096,-0.298911038783562],[73.42247128254151,-0.298938185102294],[73.42248968159176,-0.298966536331985],[73.42252727887323,-0.299017603346744],[73.42262279906714,-0.299137381847685],[73.42264639373853,-0.299169983636462],[73.42266596908847,-0.299200044572312],[73.422684145424,-0.299232299529065],[73.42269863718893,-0.299263598543159],[73.4227096807245,-0.299294455748403],[73.42271737517457,-0.299325157213625],[73.4227292475739,-0.299408909015953],[73.4227397707688,-0.299449194395419],[73.42275407173936,-0.299489963678544],[73.42277202586388,-0.299530858989932],[73.42279343635659,-0.299571430243919],[73.42281812103421,-0.299611300604579],[73.42284566121731,-0.299649766322718],[73.42287562254877,-0.299686219619635],[73.42290746862497,-0.299720006594951],[73.42293327960664,-0.299742428622117],[73.42296480849102,-0.299764152802834],[73.42300002110835,-0.299784458457639],[73.42310218445915,-0.29983841677392],[73.42313199573546,-0.299857018686577],[73.42315701814726,-0.299875578675592],[73.4231891719159,-0.299903318124935],[73.42322118806364,-0.299933878296068],[73.423253241872,-0.299967425135655],[73.42328562024433,-0.300004258098216],[73.42335179662162,-0.300088051957449],[73.4234303124542,-0.300198654455843],[73.42350142729069,-0.300299915396641],[73.42353692273716,-0.300355593996888],[73.42356555394177,-0.300410484040049],[73.42357627743421,-0.300436480453631],[73.42358477159341,-0.300461891533608],[73.42359009596919,-0.300484246495219],[73.42359370270044,-0.300509393694121],[73.42359914852005,-0.30063380120074],[73.4236027627244,-0.300663395777146],[73.42360850774249,-0.300689216732178],[73.42362312677871,-0.300737672729877],[73.42363681899269,-0.300774885444268],[73.42365164585426,-0.300806444805614],[73.42366790901539,-0.300832797004439],[73.42368145182779,-0.300849805638341],[73.42369741598195,-0.300866275391705],[73.42371588029418,-0.300882289174584],[73.42373700819108,-0.300897989496757],[73.42378681573557,-0.300928428116529],[73.42385804013557,-0.300964432004333],[73.4239007927424,-0.300981015018606],[73.42399852006237,-0.301008894345663],[73.42403629720039,-0.301024279466112],[73.42410357832668,-0.301061791545932],[73.42413416096892,-0.301081917876019],[73.4241624363642,-0.301102786457554],[73.42418822333337,-0.301124256719328],[73.42421148709803,-0.301146292067169],[73.4242321584876,-0.301168826776263],[73.42425019195223,-0.301191810878636],[73.42427269806464,-0.301227577488712],[73.42429342419676,-0.301269988708999],[73.42431279166854,-0.301319700753505],[73.42433335510133,-0.301383251894259],[73.42434379746666,-0.301426089256662],[73.42435076619189,-0.301474779833538],[73.42435442124089,-0.301524315254514],[73.42436000083171,-0.301656714012414],[73.42436369003025,-0.301695672452363],[73.42436895834467,-0.301730221983651],[73.42439609760129,-0.301865266974131],[73.42442239598992,-0.301968376244037],[73.42443700125882,-0.302014988543981],[73.42445266976641,-0.302058389013087],[73.42446955124558,-0.302098990572424],[73.42448774358243,-0.302137025766919],[73.4245036637407,-0.302165537479292],[73.42452327208142,-0.302196057490716],[73.42460860388353,-0.302312608481654],[73.4246422077848,-0.302364370183002],[73.42467146003466,-0.30241955472461],[73.42469960314337,-0.302482726672705],[73.42472591291117,-0.302550827862808],[73.42479560416446,-0.302744941318014],[73.42481983611954,-0.302803634168153],[73.4248441715283,-0.302854936389505],[73.42489015859124,-0.302941198920878],[73.42494094556378,-0.303029462214257],[73.42499676141048,-0.303120126930464],[73.42505803860654,-0.303213897011434],[73.42518372121795,-0.30340177083202],[73.42522528593322,-0.30346011946134],[73.42526407206778,-0.303511125338954],[73.42530493065293,-0.303560668760458],[73.42534523891129,-0.303605030169284],[73.425385610047,-0.303644882167793],[73.42542638711988,-0.303680559172334],[73.42550006367367,-0.303737009576848],[73.42557703177073,-0.303788328338164],[73.42565586438867,-0.303833566580092],[73.42573535353239,-0.303872033523212],[73.42576667114183,-0.303883187097274],[73.42583106049672,-0.303899725133595],[73.42585677214416,-0.303907694320455],[73.42588177336361,-0.303918655189534],[73.42590172634229,-0.303931879514288],[73.42592556904596,-0.30395480686611],[73.4259480407631,-0.30398329518412],[73.42596824897537,-0.304016234357961],[73.42598489975677,-0.304051534882785],[73.42599497333471,-0.3040817318912],[73.42600231097948,-0.304115844123409],[73.4260068803423,-0.304153727923442],[73.42600864774026,-0.304195110166197],[73.42600714577817,-0.304242245800766],[73.426002008153,-0.304289972868932],[73.42599357794408,-0.304335190464774],[73.42598217088391,-0.30437628055468],[73.42596834923373,-0.304411576889596],[73.42595217489993,-0.304441219042697],[73.42593385337887,-0.304464834394628],[73.42591353097151,-0.304482239777128],[73.42589318486272,-0.304491809353643],[73.42586696159397,-0.304497006666667],[73.4258362374849,-0.304498277390911],[73.42576849779675,-0.304495831128635],[73.42573963790564,-0.30449610800953],[73.42571113651171,-0.304499374551878],[73.42568772406405,-0.304506135206588],[73.4256541176977,-0.304521180118058],[73.42562138233649,-0.304538681938502],[73.42559109479386,-0.304557792308237],[73.42556408273082,-0.304577980567041],[73.42554117566492,-0.304598564743411],[73.42552233621424,-0.304619504678976],[73.42550776219078,-0.304640578942776],[73.42549755124566,-0.304661643315282],[73.42549248032398,-0.304678376186398],[73.42548927482866,-0.304697068779173],[73.42548792029298,-0.304717798944522],[73.42548840550172,-0.304740730013774],[73.42549459919533,-0.304792451428726],[73.4255094060967,-0.304865038389735],[73.42552567805231,-0.304923345058323],[73.42554923026947,-0.304983389556232],[73.42557970610558,-0.305044240757583],[73.425616330836,-0.305104340415668],[73.42563721059538,-0.305132196388487],[73.4256633014309,-0.305160703430609],[73.42569341958996,-0.305189186288915],[73.42578301329894,-0.305268313796641],[73.42580894087816,-0.305294597795606],[73.42583021856866,-0.305319729605551],[73.42587121269163,-0.305371345432987],[73.42588190953255,-0.30538794536321],[73.42588962834776,-0.305403488574105],[73.42589422763125,-0.30541899876495],[73.42589628718908,-0.305437595389904],[73.42589438763764,-0.305518182022633],[73.42589684984962,-0.305533885641041],[73.42590149184626,-0.305547062112927],[73.42590987781342,-0.305561824506572],[73.42592088107328,-0.305576548107591],[73.42593442300694,-0.305591126077787],[73.42595035669918,-0.305605399335945],[73.42598881347058,-0.30563243060903],[73.42603220449855,-0.305654760245244],[73.42606453677732,-0.30566631122892],[73.42610142780269,-0.305675369132895],[73.42613935103915,-0.305681079403713],[73.42617550917244,-0.3056830268972],[73.42620692322701,-0.305681205319057],[73.4262335454338,-0.305675791623551],[73.42625464821295,-0.305666938108975],[73.42626989239162,-0.305654795318516],[73.42627732501288,-0.305640816282973],[73.42628058778222,-0.305619937512954],[73.42628040931046,-0.305596734932752],[73.42627638997553,-0.305536773465797],[73.42627744033592,-0.305509302138167],[73.42628306593473,-0.305488733761088],[73.42628773178974,-0.30548117605305],[73.42629368730164,-0.305475334058674],[73.42631142964423,-0.305465374456095],[73.42633519886725,-0.305457505006321],[73.42636270090578,-0.305452529591836],[73.42638876594721,-0.305451419441377],[73.42640053934176,-0.305453300165045],[73.42641193825945,-0.305457957742746],[73.42642306840835,-0.305465432641453],[73.42643410861193,-0.305475843436675],[73.42645502388363,-0.305503433261789],[73.4264947831983,-0.305570382597284],[73.42651282827516,-0.305596709612134],[73.42653375191959,-0.30561860836238],[73.42654431589985,-0.305625908901656],[73.42655512138218,-0.305630908760868],[73.42657507166354,-0.3056342128279],[73.42660116019762,-0.305632057610572],[73.42662919234391,-0.30562593957835],[73.42669523772484,-0.305607748971092],[73.4267235382435,-0.305603069905139],[73.42673604009923,-0.305603420504532],[73.42674569533311,-0.305606147358483],[73.42675270729401,-0.30561131000411],[73.42675715788123,-0.305618974240788],[73.42676099840281,-0.305635614254934],[73.4267623796207,-0.305655765627945],[73.42676102936178,-0.30567497519486],[73.42675714743355,-0.305690760163589],[73.42675051673866,-0.305703254119416],[73.42673977816956,-0.305715966358782],[73.42669771673496,-0.305750572998042],[73.4266822383868,-0.305761957361907],[73.4266650245999,-0.305772013898307],[73.42664590547413,-0.305780844496872],[73.4266245360593,-0.30578860971428],[73.42658124229386,-0.305800003715469],[73.4264627135542,-0.30582389840306],[73.42642914360103,-0.305834100487124],[73.42640059286896,-0.305846243701048],[73.42637774656012,-0.305859143181383],[73.42635332156499,-0.305875787640169],[73.42627554383492,-0.305937928204881],[73.42624613576847,-0.305959404552225],[73.42621574881773,-0.305977447302181],[73.42618665282575,-0.30598978392419],[73.42615564771586,-0.305999125762867],[73.42612460471169,-0.306006423418188],[73.42609501747002,-0.306011329189143],[73.42606780538885,-0.30601369500103],[73.42605072087655,-0.30601346240108],[73.42603394225746,-0.306011333610866],[73.42601744838679,-0.306007306012377],[73.42600121381906,-0.30600137344538],[73.42596942269863,-0.305983758333442],[73.42593825984036,-0.30595831943543],[73.4259382209532,-0.305958282122028],[73.42591508830485,-0.305933946909553]]]]}},{"type":"Feature","properties":{"OBJECTID":"22","wardName":null,"wardNameDI":null,"Shape_Leng":840.09569,"Shape_Area":20858.78668},"geometry":{"type":"MultiPolygon","coordinates":[[[[73.44045334597925,-0.307820210336257],[73.44036064600414,-0.30782737532472],[73.44025369717636,-0.307748394545614],[73.44015389050702,-0.307590449800094],[73.44021096621555,-0.307382277674201],[73.44020385219342,-0.307267418407248],[73.44016818626594,-0.307353556827886],[73.44005408383366,-0.307432505068673],[73.4399542563214,-0.30741813310703],[73.43982591440998,-0.307346327851033],[73.43984732208885,-0.307238651436224],[73.43981881288687,-0.307145324957231],[73.43970473546986,-0.307051985906115],[73.43962631251647,-0.306951473465582],[73.43968336735222,-0.306886874114632],[73.43954074639342,-0.306937103621084],[73.43940526653267,-0.306915547807628],[73.43930545362045,-0.306800674971173],[73.43928408653368,-0.306628384577442],[73.43914861292897,-0.306563756973182],[73.43904166933443,-0.30644888311886],[73.43908447212695,-0.30631967397002],[73.43899894133429,-0.30606123057717],[73.43904173891315,-0.305967914596441],[73.43902036243225,-0.305860231943519],[73.43904177417997,-0.30572384101765],[73.43892056297398,-0.305652036929542],[73.43879222005756,-0.305587410438676],[73.43880650007155,-0.305458197116131],[73.43874233327632,-0.305393580025536],[73.43876375948756,-0.305156688241371],[73.43889923205508,-0.305228494381685],[73.43906323356576,-0.305257232890522],[73.43917017825007,-0.305364928049871],[73.43936980936924,-0.305558780404884],[73.43969777827866,-0.305853152493424],[73.43999720164392,-0.30630545052043],[73.4402752339623,-0.306750566889893],[73.44038929686666,-0.30694440689395],[73.4404320518546,-0.307145415080375],[73.44043913672546,-0.307461276263913],[73.44045337308931,-0.307633565709439],[73.44045334597925,-0.307820210336257]]]]}},{"type":"Feature","properties":{"OBJECTID":"23","wardName":null,"wardNameDI":null,"Shape_Leng":6936.16966,"Shape_Area":720706.82958},"geometry":{"type":"MultiPolygon","coordinates":[[[[73.08712115539726,-0.586592135692071],[73.0869285328534,-0.586818207989707],[73.08702471787018,-0.587076685247143],[73.08715290590924,-0.587593617714522],[73.08683196335653,-0.587690423584336],[73.08651127365754,-0.587044202826439],[73.08631888174241,-0.586591859479696],[73.08593397708846,-0.586042533486972],[73.08554902857183,-0.585622429655323],[73.08516401433837,-0.585396158853516],[73.08503563974027,-0.585428420187659],[73.08449007246118,-0.585492843474226],[73.08407294568039,-0.585331172644707],[73.08365580804431,-0.585201807312295],[73.08327072849019,-0.585169369377597],[73.08298192162667,-0.58513696455962],[73.08266091421812,-0.585427602997048],[73.082468314155,-0.585589063827175],[73.08243615739887,-0.585782885328944],[73.08221147744007,-0.585912029605632],[73.08198678649875,-0.586073479256404],[73.0818582691226,-0.586525710799985],[73.08169789186341,-0.586299517538014],[73.0812807108671,-0.586299373586878],[73.08108814382146,-0.586363917937923],[73.08108807779178,-0.58655775033958],[73.08070298775834,-0.586557617361955],[73.08060686933753,-0.586105308637473],[73.08038234354862,-0.585782177241685],[73.0799972537282,-0.585782044391064],[73.07932328072789,-0.585975644039092],[73.07919484045873,-0.586201737269529],[73.07916261747997,-0.586589390548684],[73.07916250726561,-0.586912444184734],[73.07919449882812,-0.587203203560426],[73.07916230872681,-0.587493940728642],[73.07896970869545,-0.587655400869447],[73.07864872336158,-0.587881427202687],[73.07842402147568,-0.588075181458203],[73.07852019439792,-0.58836596299156],[73.07835965192731,-0.588624350127258],[73.07823122234946,-0.588818137658803],[73.0781027927506,-0.589011925157944],[73.07784595564618,-0.589334889382365],[73.07794215047791,-0.589561060216733],[73.07723596454326,-0.590110005305614],[73.07726793324389,-0.590465375073551],[73.07717144981602,-0.59107914272273],[73.0774921242676,-0.591757666555144],[73.07771655956526,-0.59233924098541],[73.0781656973222,-0.592727062023624],[73.07835814198226,-0.593017877432054],[73.07848634922505,-0.593470197203539],[73.07855041934417,-0.593793273166925],[73.07848609257807,-0.594213220251257],[73.07810114773817,-0.593793115902467],[73.07774833836774,-0.593243801601779],[73.07739555125026,-0.592629876847382],[73.07707476578054,-0.592274406117208],[73.07672202309868,-0.591531260496996],[73.07646551924813,-0.590885064659142],[73.07611266520313,-0.590464972603532],[73.07614495582818,-0.589883488283691],[73.0761772129878,-0.589398919859567],[73.07617741248016,-0.588817424343337],[73.07601719120048,-0.588138957210529],[73.07608159389034,-0.587492873393738],[73.076145874842,-0.587202147892741],[73.07614605151986,-0.586685262994987],[73.07630664868667,-0.586265349529204],[73.07624264357956,-0.585748442394984],[73.07621079511844,-0.58503771453639],[73.07630723235312,-0.584553168133232],[73.07637156771604,-0.584100915922851],[73.07662844737435,-0.583648729986163],[73.07704571481364,-0.583390431044658],[73.07794439841777,-0.582970770766447],[73.07816907757183,-0.582841626595865],[73.07884304942665,-0.58264802597238],[73.07938860363423,-0.582615907906897],[73.08009471041105,-0.582293096388113],[73.0808008064179,-0.58200258990671],[73.08144272095777,-0.581712061121143],[73.0819883958528,-0.581324582854582],[73.08266246678139,-0.5808402318552],[73.08330442512258,-0.580420480325747],[73.0837538275116,-0.580032968212659],[73.08429948073314,-0.579710099577782],[73.08490926148829,-0.579548779897467],[73.08558324587132,-0.579322870901378],[73.08651397928877,-0.579032437911048],[73.08773354215649,-0.578709796983029],[73.08815075663233,-0.578613021987279],[73.08866421155757,-0.578613196205025],[73.08924185934447,-0.578581086588232],[73.08962696157656,-0.578548911610943],[73.08988363519795,-0.578710526489158],[73.09010818545363,-0.578969047237304],[73.08978725418419,-0.579033549504407],[73.08956262828823,-0.579001167717372],[73.08933790504041,-0.579259535949026],[73.08901696305352,-0.579356343639924],[73.08898474213905,-0.579743999352062],[73.08875999711914,-0.580066978467869],[73.08863157911496,-0.580228462531503],[73.08856748396913,-0.579969996351898],[73.08847130868847,-0.579679213740707],[73.08821466786667,-0.579420682177589],[73.08798995549435,-0.579646744563465],[73.08773327142028,-0.579517435165179],[73.0874123621983,-0.579517326061323],[73.08718764988345,-0.579743388295897],[73.08693086833662,-0.579904828515324],[73.08657778151229,-0.580163152411673],[73.086288919939,-0.580292276049322],[73.08593585486841,-0.580485988741233],[73.08555070980506,-0.58064738490104],[73.08516561916294,-0.580647253569291],[73.08497307387455,-0.580647187893526],[73.08455587073762,-0.580711656507087],[73.08426696586196,-0.580970001639295],[73.08436320581632,-0.581066950897771],[73.08484452540672,-0.581196337134901],[73.0848444056372,-0.581551697329479],[73.08519725286689,-0.582004094630049],[73.0856463946186,-0.582391914051619],[73.0856462637434,-0.582779579899362],[73.08603115820209,-0.583361210582313],[73.08628782002668,-0.583555131505543],[73.08638399448544,-0.583845913996634],[73.08641591052513,-0.584362813023021],[73.08667255047806,-0.584621345135657],[73.08680075008456,-0.585105971814997],[73.08686483342149,-0.585396743445762],[73.08718565525287,-0.585655297817324],[73.08708928378296,-0.585946014360765],[73.08728175275716,-0.586172219188124],[73.08712115539726,-0.586592135692071]]]]}},{"type":"Feature","properties":{"OBJECTID":"24","wardName":null,"wardNameDI":null,"Shape_Leng":1882.15107,"Shape_Area":123698.16406},"geometry":{"type":"MultiPolygon","coordinates":[[[[73.09191145523786,-0.615606569641871],[73.08991640491392,-0.612065051433533],[73.09096203777892,-0.612208972323599],[73.09096210547985,-0.612017577691674],[73.0900119490703,-0.610701399528339],[73.08986946571899,-0.610390332424426],[73.09005964055662,-0.610246854522369],[73.09043998179418,-0.609983822923552],[73.09091513213035,-0.610438554980914],[73.09115277063708,-0.610486488599835],[73.09129527948191,-0.610725782909866],[73.09150915250287,-0.610773708064412],[73.09165170357875,-0.610893380744814],[73.09191312463837,-0.610893474228621],[73.09238826690337,-0.611372131147533],[73.09286361197076,-0.611276603753362],[73.09305365208766,-0.611515915325766],[73.09319616106018,-0.611755209936162],[73.0935526109248,-0.611851034948664],[73.0930058674378,-0.612233629051591],[73.09274437848457,-0.61242493024779],[73.09272053676821,-0.612640240914402],[73.09286302017676,-0.612951308646493],[73.09307684263563,-0.613142780211348],[73.09291036500511,-0.61347766152691],[73.09281521794696,-0.613716870956414],[73.09295768424295,-0.614075787505311],[73.09305261932653,-0.614434687025739],[73.09286246071629,-0.614530316107093],[73.09271979931442,-0.61472165966654],[73.09250579018304,-0.615056523639011],[73.0925532363635,-0.615295784255243],[73.09191145523786,-0.615606569641871]]]]}},{"type":"Feature","properties":{"OBJECTID":"25","wardName":null,"wardNameDI":null,"Shape_Leng":473.35732,"Shape_Area":10622.21932},"geometry":{"type":"MultiPolygon","coordinates":[[[[73.09184006492195,-0.615869711701485],[73.09195879064916,-0.616156846648855],[73.09198240292076,-0.616587493391969],[73.0919346927681,-0.6170898874241],[73.09191072244026,-0.617664063043405],[73.09181567718309,-0.617616179993103],[73.09116505105663,-0.616376859590236],[73.09112695307938,-0.61627616825479],[73.09132260547995,-0.616074871701765],[73.09162614923645,-0.615941407603547],[73.09184006492195,-0.615869711701485]]]]}},{"type":"Feature","properties":{"OBJECTID":"26","wardName":null,"wardNameDI":null,"Shape_Leng":1879.45487,"Shape_Area":214183.16106},"geometry":{"type":"MultiPolygon","coordinates":[[[[73.09378926775581,-0.614674195463413],[73.09407426819311,-0.615200634152155],[73.09431177984267,-0.615607434013558],[73.09459696714842,-0.615607536638975],[73.09481078969814,-0.615799008658304],[73.09500083815209,-0.616014396546975],[73.09516712949466,-0.616205851531483],[73.09526221748132,-0.616134112593081],[73.09595102950556,-0.617234882992809],[73.09602220723369,-0.617569850286832],[73.09621223867812,-0.617833087283404],[73.09687729329417,-0.618909925848159],[73.09680594513597,-0.619053446547296],[73.09526087051475,-0.619914165997199],[73.09450022475531,-0.620320604899238],[73.09385839009686,-0.62077493519766],[73.09364447378626,-0.620846630651189],[73.09354951414255,-0.620559503762743],[73.09286075659041,-0.619315187139173],[73.09252822631272,-0.618788730870652],[73.09219578994863,-0.617999106981973],[73.09205323911787,-0.61787943368818],[73.09204633386392,-0.617250220870897],[73.09210589702016,-0.616831566305027],[73.09214162634254,-0.61660429789598],[73.09214172855208,-0.61631720575451],[73.0920824167687,-0.616030092191469],[73.09201119237791,-0.615826709566655],[73.09207065311307,-0.615695147088556],[73.09378926775581,-0.614674195463413]]]]}},{"type":"Feature","properties":{"OBJECTID":"27","wardName":null,"wardNameDI":null,"Shape_Leng":327.40079,"Shape_Area":5393.15595},"geometry":{"type":"MultiPolygon","coordinates":[[[[73.08790041498659,-0.613964395082348],[73.08799543281883,-0.614088835609508],[73.08806189120952,-0.614328102458245],[73.0881664152412,-0.61445254644014],[73.08829942726443,-0.614663128162813],[73.0884229330741,-0.614873706487252],[73.08843240863729,-0.614959837370596],[73.08827078606576,-0.615007627673397],[73.08817571376967,-0.615036302534091],[73.08810914306598,-0.615112836255136],[73.08805211944983,-0.615074536817285],[73.08791911771235,-0.614835245943833],[73.08781461415082,-0.6146533836688],[73.08771960997977,-0.614490664267063],[73.08765310739784,-0.614375803724327],[73.08760560701072,-0.614289659178972],[73.08761514724154,-0.614193965477311],[73.08775779131958,-0.61405047115073],[73.08790041498659,-0.613964395082348]]]]}},{"type":"Feature","properties":{"OBJECTID":"35","wardName":null,"wardNameDI":null,"Shape_Leng":350.13938,"Shape_Area":6770.32692},"geometry":{"type":"MultiPolygon","coordinates":[[[[73.08855714298595,-0.615096073021448],[73.08875495817895,-0.615455501706427],[73.08884104432686,-0.615634965034271],[73.08892418853733,-0.615733682793415],[73.08901325708668,-0.615880251308441],[73.0890102682819,-0.615931089376158],[73.08883365131804,-0.616068394955896],[73.0887398692674,-0.616116405065303],[73.08867395104771,-0.616140169981787],[73.08864114169434,-0.616176403442315],[73.08864007130725,-0.616179034728532],[73.08863635689832,-0.616181964113205],[73.08856981341447,-0.616181940071358],[73.08851280514406,-0.6161005768628],[73.08847480247309,-0.616038359961861],[73.08838929432976,-0.615904353016899],[73.08833230140363,-0.61577992609906],[73.08831809152908,-0.615641160058591],[73.0882801024869,-0.615540664307772],[73.08823261916129,-0.615406671123457],[73.08817086970198,-0.615291812232362],[73.08811862985432,-0.615167387063127],[73.0881851852318,-0.615133917065409],[73.08828989729031,-0.61503606061527],[73.08837059716643,-0.61501914733306],[73.0884354770733,-0.614991255065647],[73.08848468359272,-0.614985694462128],[73.08852744110196,-0.6150431281954],[73.08855714298595,-0.615096073021448]]]]}},{"type":"Feature","properties":{"OBJECTID":"36","wardName":null,"wardNameDI":null,"Shape_Leng":553.20849,"Shape_Area":3955.06671},"geometry":{"type":"MultiPolygon","coordinates":[[[[73.09869585736118,-0.616165747604234],[73.09876711194981,-0.616285395415031],[73.09885021117928,-0.616512707481535],[73.09886205157116,-0.61663233394924],[73.09894512104319,-0.616943381584029],[73.09901636710936,-0.617086953881989],[73.09908759192675,-0.617290337296204],[73.0990637795024,-0.617421913171367],[73.09915876997172,-0.61762530516326],[73.09920624181662,-0.617792793387258],[73.09920619929113,-0.617912415605986],[73.09929584643156,-0.618106895744959],[73.09932449359458,-0.618174026533477],[73.09938432283373,-0.618247422070316],[73.09944231967245,-0.618319529656422],[73.09941759382292,-0.618346316126596],[73.09938526839969,-0.618357788208464],[73.09931299172557,-0.618343094150897],[73.0991823272553,-0.618211462585518],[73.09911113230068,-0.617924343575331],[73.09903991179917,-0.617708997912103],[73.09898056986894,-0.617505618764887],[73.09892121517294,-0.617338126290657],[73.09884999037375,-0.617134742891979],[73.09880251849228,-0.616967254717393],[73.09880257370094,-0.616811745869125],[73.09870757469376,-0.616632278394428],[73.09866011975292,-0.616416941373595],[73.0985888694216,-0.616285331345792],[73.09860082013543,-0.616093940133729],[73.09869585736118,-0.616165747604234]]]]}},{"type":"Feature","properties":{"OBJECTID":"37","wardName":null,"wardNameDI":null,"Shape_Leng":1552.66481,"Shape_Area":39631.06719},"geometry":{"type":"MultiPolygon","coordinates":[[[[73.09476152188068,-0.625930265572357],[73.09491831363687,-0.6261025790695],[73.09513212643404,-0.626317976371156],[73.09523189537559,-0.62644720523908],[73.09536016322069,-0.626633862075968],[73.09553116679191,-0.626935372356923],[73.09568794729753,-0.627136394310281],[73.09588750684406,-0.62733743287569],[73.09605855712644,-0.62750975090172],[73.09631515943184,-0.627696454931033],[73.09647196074631,-0.627840059469866],[73.0966857745542,-0.628055457119048],[73.09702788563767,-0.628371385117154],[73.09731300686259,-0.628558099795481],[73.0975268198515,-0.628773498508684],[73.09772640035035,-0.628917118006301],[73.0978404755522,-0.628917159870626],[73.0980242227973,-0.628862859650061],[73.09817524028432,-0.628796314094757],[73.09820799871412,-0.628726906666714],[73.09814002262003,-0.628644530916458],[73.09796898162715,-0.62844350338359],[73.09805455970418,-0.628386116245487],[73.0982159193957,-0.628580229209733],[73.09839251512847,-0.628751308044224],[73.09859618937705,-0.62901791958184],[73.09862463022525,-0.629233250429972],[73.09872432649092,-0.629563443618526],[73.09868145462066,-0.629821812199981],[73.09853882930044,-0.629907887604795],[73.09831063101932,-0.630036996340764],[73.09815376192199,-0.630080002572581],[73.09801119910533,-0.629993821488284],[73.09786864581464,-0.629878932066889],[73.09784017385806,-0.629749729956218],[73.09776890286949,-0.629677930632458],[73.09764063070655,-0.629505627086535],[73.09748382323976,-0.629376377859959],[73.0973412812832,-0.629232779268198],[73.09732705309682,-0.629146646304286],[73.0973093709418,-0.629113322618291],[73.0973128197062,-0.629074867058495],[73.09718450594444,-0.629017401456143],[73.09698493592809,-0.62884507273476],[73.09677110223886,-0.628687093428892],[73.09642900595277,-0.628328101557029],[73.0961866682447,-0.628127047141796],[73.09602986178353,-0.627997798106802],[73.09585881153758,-0.627825480034227],[73.09564498226737,-0.627653145400747],[73.09547389569731,-0.627581309628616],[73.09531711006538,-0.627394642257901],[73.09508902148204,-0.627222302483887],[73.09491798169026,-0.627021275349885],[73.09476118999807,-0.626848961769176],[73.09466140555102,-0.626762797605678],[73.09474700845776,-0.626633637549869],[73.0945901605967,-0.626619225503183],[73.09447613753858,-0.626475637746359],[73.094376367763,-0.626346408919106],[73.09430512279948,-0.626202836853749],[73.09420534355145,-0.626102318146782],[73.0944335253727,-0.626016274070262],[73.09457615530229,-0.625915843156812],[73.09476152188068,-0.625930265572357]]]]}},{"type":"Feature","properties":{"OBJECTID":"38","wardName":null,"wardNameDI":null,"Shape_Leng":675.96291,"Shape_Area":25756.0999},"geometry":{"type":"MultiPolygon","coordinates":[[[[73.13178542192371,-0.68633489648461],[73.13181399180704,-0.686205713305519],[73.13197081141267,-0.686306259526148],[73.13207056924746,-0.686464203066224],[73.13212753073341,-0.686665194598702],[73.1320561087109,-0.686980975113806],[73.13201325658278,-0.687167572422893],[73.1318135904314,-0.687239268475022],[73.13158542686664,-0.6872535335438],[73.13130025174735,-0.687196001483631],[73.13102930864451,-0.687210249674873],[73.13080117308894,-0.687152740080525],[73.1305873141748,-0.687052171340425],[73.13037347203205,-0.686908537852195],[73.13030222852328,-0.686764960558639],[73.13028802445181,-0.686621405738405],[73.13028810811456,-0.686406081932913],[73.13031672261954,-0.686162059510047],[73.13038809437575,-0.685975473592432],[73.1304309241048,-0.685846296128041],[73.13054502526953,-0.685788921307066],[73.13064489442512,-0.685659766251859],[73.1307019672831,-0.685573659135158],[73.13084454362499,-0.685631134890707],[73.13097287125375,-0.685659895193377],[73.13111546989414,-0.68565995124786],[73.13120098453736,-0.685774824301939],[73.13135781522358,-0.685846660610511],[73.13138627926406,-0.685990221116871],[73.13135770382208,-0.686133759194529],[73.13137190797232,-0.686277314095927],[73.13144318502697,-0.686334761862502],[73.1316285410485,-0.686392254511504],[73.13171411699281,-0.686349223372424],[73.13178542192371,-0.68633489648461]]]]}},{"type":"Feature","properties":{"OBJECTID":"39","wardName":null,"wardNameDI":null,"Shape_Leng":2019.37952,"Shape_Area":74140.17975},"geometry":{"type":"MultiPolygon","coordinates":[[[[73.16674679931795,-0.697229775338893],[73.16680377896864,-0.697387705095115],[73.16694632530654,-0.697531313201462],[73.16694626974117,-0.697674865387121],[73.1668891178112,-0.697961947372231],[73.16674642137018,-0.698205930091694],[73.16661802403023,-0.698349431857676],[73.16647537205597,-0.698478572782491],[73.16633271450958,-0.698622068895688],[73.16627561251579,-0.698779953824844],[73.16621853278279,-0.698880417892703],[73.1661044178615,-0.698966504313232],[73.1659760260386,-0.699095650743678],[73.1658476342087,-0.699224797151915],[73.16571927581501,-0.699267812286504],[73.1656194099245,-0.699382614672739],[73.16543399964965,-0.699454317745763],[73.16529135877994,-0.699554748048899],[73.16509166044615,-0.699698221479497],[73.1647778806696,-0.699841649925369],[73.16459244810406,-0.699970773680474],[73.16437846726116,-0.700171662146784],[73.16427865160618,-0.700157267594748],[73.16402191816756,-0.700286363140944],[73.16389354307174,-0.700372443685305],[73.16365106982376,-0.700501544778011],[73.16345141064596,-0.700544531567634],[73.16315193030051,-0.700587478936243],[73.16276687222053,-0.700673458041826],[73.16246740875746,-0.700673339781472],[73.16216791736592,-0.700744997400696],[73.16186844840236,-0.700759234267052],[73.16156896269243,-0.700816536634035],[73.16129801413243,-0.70083078471849],[73.1609842907551,-0.700830660699362],[73.16067058983784,-0.700773115988581],[73.16055651424624,-0.700758715714807],[73.16044244986513,-0.700715605108462],[73.1602998371921,-0.700744259051096],[73.16020001616951,-0.700744219576217],[73.16012874345267,-0.700672415562307],[73.16012878826288,-0.700557574256335],[73.16007178688976,-0.700457065563862],[73.15997201068633,-0.700342184804323],[73.15988650582518,-0.70019859936916],[73.16005763312968,-0.700184311835192],[73.16027151849252,-0.700227461853834],[73.16037136189703,-0.700170080637096],[73.16044266262507,-0.700170108807932],[73.16052820111551,-0.700227563277554],[73.16062804453138,-0.700170182047003],[73.16089898175703,-0.700184644245008],[73.16114142669518,-0.700127319309979],[73.16125550231595,-0.700141719533615],[73.1615549655406,-0.700141837782164],[73.1618544455921,-0.70009889047971],[73.16198280378417,-0.700055875605452],[73.16219673970726,-0.699969828946729],[73.16239641548339,-0.699883776631652],[73.16268164107096,-0.699826468402536],[73.16281002723231,-0.699711677540634],[73.16298115478848,-0.699697389828666],[73.16323785452795,-0.699654425460917],[73.16360864681758,-0.699582795644031],[73.16369423016496,-0.699525408592449],[73.16405078467432,-0.699396352296362],[73.16432177817836,-0.699267262232312],[73.16446441896618,-0.699166831990478],[73.16470689213862,-0.699037730613344],[73.16495620361607,-0.698864603609537],[73.16502324769422,-0.698789286748034],[73.16513482008128,-0.698722084466178],[73.16522033658966,-0.698836959750256],[73.16537717072246,-0.698908797472831],[73.16532020242107,-0.698722157367419],[73.16530598123059,-0.698621665323072],[73.16542009609039,-0.698535578938464],[73.16549145267471,-0.698392054898741],[73.16556276471547,-0.698363372505188],[73.16566256928945,-0.698406477355788],[73.16569107295398,-0.69844955418869],[73.16583367478853,-0.69844961022836],[73.16580519895096,-0.698334757346283],[73.16567689069976,-0.698248575668633],[73.16573397038401,-0.698148111617519],[73.16579106118903,-0.698018937140809],[73.16591947514398,-0.697832369809424],[73.16603365669226,-0.697574020794777],[73.16617634745148,-0.697344393355964],[73.16629049559205,-0.697172175545707],[73.16641885391483,-0.697129160229918],[73.16660424188,-0.697114877698218],[73.16674679931795,-0.697229775338893]]]]}},{"type":"Feature","properties":{"OBJECTID":"40","wardName":null,"wardNameDI":null,"Shape_Leng":912.10851,"Shape_Area":29657.31738},"geometry":{"type":"MultiPolygon","coordinates":[[[[72.95636583970784,5.966071187027875],[72.95591807886242,5.965050526407943],[72.95669354779562,5.964673075344273],[72.95664351009134,5.964637009384918],[72.9566293350816,5.964593900505165],[72.95651505812988,5.964485835645634],[72.95637930614186,5.964370515011703],[72.95632945451632,5.964284217434493],[72.95624379339888,5.964190610873923],[72.95623686536624,5.964126000776366],[72.95617236043216,5.964125761299379],[72.95615046013108,5.964233320614786],[72.9559925421698,5.964297318657057],[72.95588495418743,5.964318447290276],[72.9557633773471,5.964246235435361],[72.95581378708422,5.96418183826498],[72.95585689669161,5.964153294180552],[72.95590024551514,5.96406016661547],[72.9559434880041,5.963995742809525],[72.9559006707886,5.963945351547164],[72.95581479715851,5.963909152492954],[72.95572905644926,5.963837073723965],[72.95566457815137,5.963829658258374],[72.95558587177258,5.963793485793802],[72.95550719199073,5.963750137381409],[72.95534951344717,5.963749551807755],[72.95528476931358,5.963813895693378],[72.955204919683,5.964086288546055],[72.95519634320515,5.964466586666788],[72.95518067918437,5.964825330338445],[72.95521561112892,5.965069445369304],[72.95524337584224,5.965313533780157],[72.95524231205552,5.965600571317394],[72.9552197199196,5.965894704902449],[72.95524761753965,5.966102913629733],[72.9552617658302,5.96615319845754],[72.95537633524161,5.966182328278419],[72.95540457865613,5.966297249814862],[72.95542528247836,5.966512607870511],[72.95549695490384,5.966512874158928],[72.95578417647944,5.966370420407214],[72.9561432830531,5.966170825107373],[72.95636583970784,5.966071187027875]]]]}},{"type":"Feature","properties":{"OBJECTID":"41","wardName":null,"wardNameDI":null,"Shape_Leng":670.88839,"Shape_Area":13298.4347},"geometry":{"type":"MultiPolygon","coordinates":[[[[72.95641687783615,5.966142136156257],[72.95637394527255,5.966122840617191],[72.956321279167,5.966151349208769],[72.95619678112669,5.96622264727549],[72.95605320586466,5.966284306393566],[72.95590000335073,5.966365065809695],[72.95583461967142,5.966386988929504],[72.9557580272604,5.966424976623721],[72.95568860208446,5.966462990929335],[72.95554265538844,5.966519857037793],[72.9554565243566,5.966553025213186],[72.95541821926874,5.966574411006864],[72.95539878744624,5.966660451260093],[72.95540491734562,5.96694033950407],[72.95541176540162,5.967026477401037],[72.95544508843456,5.967060089396644],[72.95558366413175,5.967058212274708],[72.95564104646203,5.96704646540941],[72.95575335111731,5.967042098623404],[72.95596595297776,5.967050064469611],[72.95599717062068,5.967007124193737],[72.95605214613997,5.9670001523671],[72.95613579066672,5.966993287024042],[72.95617890939864,5.966962351005777],[72.95626256278722,5.966953093660057],[72.95630305313918,5.966986732240388],[72.95635783369067,5.967032383963488],[72.95635999235141,5.967094584342985],[72.95645071553835,5.96711166538673],[72.9566443643481,5.967076504333922],[72.95674465275904,5.967091228837534],[72.95692380758477,5.967099070121505],[72.95696437774066,5.967111180833214],[72.95700515167243,5.967068275957041],[72.95704573068963,5.967077994680531],[72.95707425796746,5.967116372835982],[72.95714115237347,5.967116621196793],[72.95716276931479,5.967085605256539],[72.95716056626743,5.967035364760313],[72.9571536913545,5.966956402738357],[72.95717091103765,5.966822513819582],[72.95714245462862,5.966764999813979],[72.95713802194369,5.966671694769036],[72.95708583415855,5.966571036393436],[72.95706696067263,5.966506381921374],[72.95705994401837,5.966465691617497],[72.95702635511701,5.966503839159655],[72.9570333097568,5.966561273337732],[72.95703546851092,5.966623473740992],[72.95702334591347,5.966671269033648],[72.9569754845038,5.966692619474618],[72.95693721486491,5.966704437463249],[72.9569037411121,5.966711489225577],[72.9568632418632,5.966680242665345],[72.95688262917898,5.966606162191725],[72.9568444924418,5.966582100448588],[72.95682313244808,5.966543748906749],[72.95674909745603,5.966536297973967],[72.95672519776733,5.966538601247771],[72.95669644903133,5.966560022631122],[72.95667962798743,5.966586272330809],[72.9566842909688,5.966617385833003],[72.95670568639348,5.96664616945155],[72.95670793371121,5.966684450027754],[72.95673406300453,5.966725211296778],[72.95674108849043,5.966763509615762],[72.95677431415845,5.966823433351547],[72.95677903916507,5.966837802983559],[72.95680515960794,5.966880956234993],[72.95677650831546,5.96687606581904],[72.95673612425415,5.966813723487179],[72.95670529653553,5.966751416640363],[72.95666979698156,5.966660388273335],[72.95662701499892,5.966600429052792],[72.9565915154608,5.966509400687987],[72.95654404393765,5.966425503911595],[72.95647054063154,5.966274534073449],[72.95641687783615,5.966142136156257]]]]}},{"type":"Feature","properties":{"OBJECTID":"42","wardName":null,"wardNameDI":null,"Shape_Leng":458.07384,"Shape_Area":13276.72354},"geometry":{"type":"MultiPolygon","coordinates":[[[[73.06483565396705,6.629937215432737],[73.06499550549007,6.629778619190556],[73.06512719634489,6.629417269702483],[73.06511576277587,6.629335959921485],[73.06505532707394,6.62928671870516],[73.06450576738486,6.629154304497719],[73.06427438585955,6.629095503769855],[73.06412985717267,6.629037041824439],[73.06399963452908,6.629022059212146],[73.06394150674669,6.629079730459408],[73.06388264456456,6.629325567512267],[73.06388185366323,6.629528207620482],[73.0638665872597,6.629730791235782],[73.06383712782831,6.629860946887749],[73.06380772487186,6.629976628240415],[73.06380727286901,6.630092422580046],[73.06383582834094,6.630193855620032],[73.06395146277691,6.630237730456999],[73.06403842872716,6.630209120820108],[73.06421241709889,6.630137427195868],[73.06447320190577,6.630080546660727],[73.06463282766815,6.629979847781787],[73.06483565396705,6.629937215432737]]]]}},{"type":"Feature","properties":{"OBJECTID":"43","wardName":null,"wardNameDI":null,"Shape_Leng":2210.42078,"Shape_Area":47069.42658},"geometry":{"type":"MultiPolygon","coordinates":[[[[73.06870580917473,6.628865390989797],[73.06867934266948,6.628937295310156],[73.06865033735205,6.629013730266686],[73.06864039573459,6.629109376390063],[73.06844882731467,6.629156473064588],[73.06830488086452,6.629261165944844],[73.06829464604729,6.629303913166167],[73.06828435722669,6.629346885927934],[73.06826597101055,6.629423678613404],[73.06824507521705,6.629485556707859],[73.06822616473355,6.629527115890121],[73.06822724742635,6.629538349597611],[73.06821925183192,6.629542308229799],[73.06817427938299,6.629564574160435],[73.06824511413276,6.629589758048795],[73.06832170431285,6.629580487777647],[73.06842718812958,6.629523487581506],[73.06855177289962,6.629476130196884],[73.06865721942556,6.629428698274509],[73.06875324582556,6.629342955725573],[73.06894485157446,6.629286290607461],[73.06905986715394,6.629238895819666],[73.069203850741,6.629124634331852],[73.06932828642977,6.629115550064735],[73.06938599899624,6.629039226742006],[73.06945305724246,6.629020350689671],[73.06953929094081,6.628991980745928],[73.06965419473389,6.628973290812148],[73.0696645084523,6.628781961180582],[73.06966521580911,6.628600162662457],[73.06970442290843,6.628361102980256],[73.06972404504452,6.628236788961334],[73.06971503432791,6.628093226585385],[73.06971577881593,6.6279018597132],[73.06973521478326,6.627825387404516],[73.06964924188121,6.62778677904252],[73.06952517878214,6.627700180062672],[73.06941075927037,6.627594481605338],[73.06936354674015,6.627431633666838],[73.0693927751574,6.627297788552975],[73.06935475943996,6.627230661263376],[73.069221015764,6.627172730060499],[73.06904873521393,6.627181628295462],[73.06899165587899,6.627095289854935],[73.06873340269924,6.627065579551959],[73.06845586248204,6.627074067990396],[73.06832189554315,6.627073546603913],[73.06814012053565,6.627063270615153],[73.06802514274703,6.627101096979898],[73.06790085666248,6.627071907725623],[73.06774775164135,6.627071311681458],[73.06748942421216,6.627060737418611],[73.06724066589301,6.627050200288394],[73.06710662451829,6.627068815234302],[73.06685794080722,6.627039141257671],[73.06679065920011,6.627115426973818],[73.0667046495052,6.627086386529354],[73.0665324810356,6.627066578908118],[73.06625482927957,6.627103771076738],[73.06615913872697,6.627103398235637],[73.06607305452384,6.627093494339583],[73.0660059592725,6.627121938297384],[73.065967235551,6.627236609015606],[73.06595703251375,6.627399233209552],[73.06591815956189,6.627552177202237],[73.06587928657326,6.627705121184009],[73.06578273804523,6.627924819628644],[73.06572495062231,6.628020279053932],[73.06558092961609,6.628144107716897],[73.06551308805737,6.628363917951038],[73.06544532103287,6.6285645915182],[73.06539680403368,6.628736634720671],[73.06532885029978,6.628985149832542],[73.06525147664286,6.629195354327287],[73.06522235887338,6.629300493877836],[73.06521222999619,6.62944398132548],[73.06517328184587,6.629616061769143],[73.0651155313573,6.629701952709116],[73.0651150834803,6.629816772511237],[73.06518210451334,6.629807465432028],[73.06535449762514,6.629769863871578],[73.06543116239246,6.629741457433577],[73.06550782715394,6.629713050981172],[73.06560389130404,6.629617740897436],[73.06566149246497,6.62957012315297],[73.0657572207745,6.6295609279076],[73.06579557179288,6.629541940490697],[73.06582446563314,6.629494210802172],[73.06579590756925,6.629455825603486],[73.06578291190384,6.629442729269506],[73.06577544819774,6.629435207746806],[73.06577355951207,6.629430190445013],[73.06577103436278,6.629421707168898],[73.06576638875002,6.629404407774178],[73.06576383850904,6.629395863077598],[73.06576076809947,6.629387595102258],[73.06575673734508,6.629379869877934],[73.06575175056209,6.629372685479181],[73.06574336715873,6.629362393411494],[73.06573455581722,6.629352332423228],[73.06570189509549,6.629315902031209],[73.06570077623422,6.629311927737532],[73.0656723301169,6.629244837576722],[73.06565337847827,6.629196921363007],[73.06566335797008,6.629091707147335],[73.06564731185145,6.629026447521659],[73.06564451826019,6.6290150859746],[73.06564424338083,6.629014769369617],[73.06564619456441,6.629000900404535],[73.06565127675746,6.628984865940041],[73.06565993205957,6.628971492045714],[73.06567083238423,6.628960026057857],[73.06568568818399,6.628951985742312],[73.06570725628694,6.628945406811424],[73.0657338113527,6.628938420893765],[73.06574256157607,6.628935996206536],[73.06575104096356,6.628933351617996],[73.06575890139905,6.628930233329931],[73.06576547896859,6.628926164914845],[73.06577139993884,6.628913147397562],[73.06577166131812,6.628896425676986],[73.06576945305449,6.628879841100075],[73.06576209713718,6.628867591412356],[73.06574714875892,6.628862089601082],[73.06572523437376,6.628858305051755],[73.06569838076616,6.628854425832348],[73.06568503761062,6.62885241935151],[73.06566767148264,6.628849152446868],[73.06565218695037,6.628843121033068],[73.06564097854054,6.628831284196362],[73.06562926401284,6.628813003512726],[73.06562657474666,6.62880849929022],[73.06567408359896,6.628795126522903],[73.06570312660806,6.6287091235485],[73.06573216960327,6.628623120569309],[73.06572533528652,6.628577518853537],[73.06573650494232,6.628546011737686],[73.06574876334604,6.628512215682835],[73.0657543691252,6.628495173802206],[73.06575715635951,6.628478107167979],[73.06575485604422,6.628462110669624],[73.06574674329731,6.628450921232467],[73.06573171838332,6.62844709160676],[73.0657257407934,6.62844661641863],[73.06574270858492,6.628374381527927],[73.06575276259565,6.62825003065482],[73.0657914865091,6.628135359995087],[73.06585865651697,6.628087779467362],[73.06590680026392,6.628011419370764],[73.06594541222083,6.627925453649083],[73.06598383768299,6.627887329532686],[73.06601280595532,6.627820463151568],[73.06606083776447,6.62777280799377],[73.06610886956439,6.6277251528286],[73.0661567148985,6.627725339273705],[73.06615682544387,6.627725450675403],[73.06616652663031,6.627735227010509],[73.06616566596118,6.627736337484546],[73.06613356625802,6.627779284295549],[73.06610655883775,6.627814889036657],[73.06609854331475,6.627825600914131],[73.06609339971182,6.627832827738121],[73.06608864166294,6.627840220249443],[73.06608464533865,6.6278479404432],[73.06608177640202,6.62785618163468],[73.06607967339392,6.627864752422532],[73.06607795712044,6.627873489636649],[73.0660756831449,6.627886724783063],[73.06606693378833,6.627939818520627],[73.06605944315255,6.627984020521084],[73.0660548327515,6.62801059856796],[73.06604759311162,6.628050704942916],[73.06604608457098,6.628059582221771],[73.06604433962096,6.628076641820825],[73.06604865829517,6.628090211717121],[73.06606215660342,6.628098179038727],[73.06607877755656,6.628102673447121],[73.06609624694771,6.628101722223922],[73.06610505809451,6.628099736882456],[73.06611826376312,6.628096163696425],[73.06613756855559,6.628090697213316],[73.06615853292365,6.628084760791832],[73.06616215818985,6.628083734235199],[73.06617081695082,6.628081175397687],[73.06617925924562,6.628078371545865],[73.06618723536934,6.628075017955974],[73.06619428443909,6.628070557225096],[73.06619985096005,6.628064556081959],[73.06620451502323,6.628057473181292],[73.06620871993928,6.628049840321151],[73.06621270967116,6.628041950047314],[73.06623019244776,6.628005884175562],[73.06625757594547,6.627950018756351],[73.0662750626198,6.627913981477325],[73.06628100691316,6.627902096978315],[73.06628519847412,6.627894427251459],[73.06628982660384,6.627887240978129],[73.06629531286444,6.627881004976639],[73.06630210393722,6.627876167253565],[73.06630975805332,6.62787228531539],[73.06632198318103,6.627867286591314],[73.066330333852,6.627864176647329],[73.06639336720622,6.627841332136903],[73.06640174125947,6.627838252416809],[73.06641005538008,6.627835093307551],[73.06641822781026,6.627831745355327],[73.06642609978267,6.627827996267134],[73.06643338139268,6.627823458557528],[73.0664398276909,6.627817700956739],[73.06644567652026,6.627811145391456],[73.06645393341736,6.627800623364556],[73.0664592959858,6.627793420104959],[73.06648058557052,6.627764397929417],[73.06648871322109,6.627753686274452],[73.06649433272425,6.627746780155797],[73.06650031157731,6.627740292512703],[73.06650694983172,6.627734575996953],[73.06651424647914,6.627729629135652],[73.06652580080517,6.62772291668024],[73.06653367791233,6.627718643116469],[73.06654557868566,6.627712328323414],[73.06659337395027,6.627687222918927],[73.06660336413239,6.627681975377893],[73.0666053537301,6.627680930302218],[73.066613185736,6.627676638068902],[73.06662072253101,6.627672132767133],[73.06662762468078,6.627667169998529],[73.06663327066211,6.627661302035493],[73.06663698669637,6.627654217547835],[73.06663947522213,6.627646249101661],[73.06664133148206,6.627637826121234],[73.06664288339485,6.627629185411659],[73.06664537660586,6.627613332784819],[73.06664839512182,6.627594140099633],[73.06665055509157,6.627581054072614],[73.0666521820568,6.627572434254515],[73.06665311096987,6.627568187476881],[73.06665416217031,6.62756400720727],[73.06665538501277,6.627559920070476],[73.0666568453274,6.627555961606018],[73.06665862968025,6.627552178571747],[73.06666084174338,6.627548559058472],[73.06666338538463,6.627545118982942],[73.06666617034597,6.627541809515823],[73.06666912817039,6.627538593620158],[73.06667220765121,6.627535443590221],[73.0666785907368,6.627529264917093],[73.06668512634023,6.627523168917437],[73.06673041190056,6.627481469662583],[73.06673611466094,6.627476218520718],[73.06675759242104,6.627456441646291],[73.06676412921674,6.627450346724143],[73.06677053687169,6.627444174713919],[73.0667736457454,6.627441032008679],[73.06677665147677,6.62743782770734],[73.06677951059433,6.62743453584594],[73.06678216496789,6.627431121705687],[73.06678453793928,6.627427539502374],[73.06678658871402,6.627423707971984],[73.0667883526313,6.627419705119464],[73.06678990866196,6.627415578109424],[73.06679131648943,6.627411362586881],[73.06679262058653,6.627407085112835],[73.0667950393062,6.627398417003997],[73.06679648944228,6.62739278724538],[73.06710787086952,6.627249970240117],[73.06728007674876,6.627260209356536],[73.06751945242497,6.627222867580791],[73.067749110001,6.627223761755308],[73.0678733215896,6.627272087722786],[73.06787923496427,6.627270747427894],[73.0679119056319,6.627263342461984],[73.0679491363658,6.627254903931777],[73.06794983404971,6.627255326212429],[73.06803354553901,6.627266120471702],[73.06805690840953,6.627269133017225],[73.06805924556609,6.627277152843632],[73.06806800535972,6.627290233149713],[73.06808268053106,6.627298047584507],[73.06809933515629,6.627304069607657],[73.06813757247023,6.627316929676411],[73.06819258844703,6.627335730355789],[73.06819602980639,6.627336882289817],[73.06823465649003,6.62736026147341],[73.06826805022497,6.627397654478771],[73.06826793791333,6.627402293516681],[73.06826768313184,6.627409870358741],[73.06826671557876,6.627438644008789],[73.06826611213839,6.627461274767385],[73.06826554630094,6.627488398400667],[73.06826493497965,6.627529128694181],[73.06826442640002,6.627542557688522],[73.06826179503119,6.627559544396862],[73.06825317269107,6.627573454728091],[73.06824057650135,6.627585413459663],[73.06823383066883,6.627591185716609],[73.06821329883213,6.627608414037611],[73.06820002905256,6.627620233780783],[73.06818883468438,6.627633390397932],[73.06818257288293,6.62764854169987],[73.06817898370787,6.627664563346791],[73.06817894814246,6.627679197350873],[73.06818813064238,6.627689511802475],[73.06820360095318,6.627696575958673],[73.06823760445103,6.62770892609516],[73.06825801839942,6.627717463648754],[73.06827066830255,6.627727360938759],[73.06827540539719,6.627736597944043],[73.06827766776412,6.627741009402286],[73.0682788006439,6.627745998898496],[73.06828123845632,6.627756735656095],[73.0682816348916,6.627773992428913],[73.0682802756507,6.627808896124053],[73.06827938348364,6.627826227070514],[73.06827903327611,6.627830170717277],[73.06827862739372,6.627834741311964],[73.0682772009799,6.627840911568074],[73.06827491366288,6.627850805843296],[73.06827070727219,6.627858198613457],[73.06826534050914,6.627865092751295],[73.06825938589267,6.627871733618789],[73.06825315311075,6.627878254123019],[73.06823081376419,6.627900851147417],[73.06821532088544,6.627917240259237],[73.0682051269652,6.627931465915533],[73.0681998185882,6.627947645965597],[73.06819705958158,6.627964851535859],[73.06819674904615,6.627982229132258],[73.06819948434287,6.627999559043912],[73.06820891710369,6.628042774384536],[73.06821629351408,6.628077410319634],[73.068220227445,6.62809454763375],[73.06822262694011,6.628102838468434],[73.06822574936619,6.628110668070722],[73.06823022581851,6.628117685389053],[73.06823607195986,6.628123880658094],[73.06824265001931,6.628129609641961],[73.0682495854826,6.628135110909421],[73.06825667863376,6.62814051169537],[73.06833664666935,6.628200536685696],[73.06833660105426,6.628212253067413],[73.06835040952619,6.628216256238851],[73.0683601600978,6.628219082996693],[73.06836297590681,6.628221567060966],[73.06836867943343,6.628227796464154],[73.06837286608146,6.628234857490892],[73.06837555918997,6.628242736108366],[73.0683774504825,6.628251092951543],[73.06837961400666,6.628264029975698],[73.06838222534155,6.628281450295673],[73.06838371136517,6.628290066612901],[73.06838557234138,6.628298483491527],[73.06838817359004,6.628306506433537],[73.06839217216744,6.628313921012633],[73.06839760581752,6.628320707045826],[73.0684037802716,6.628327097792655],[73.0684199817356,6.628342625824721],[73.06842597733018,6.628349034727938],[73.06843101704666,6.62835585745134],[73.06843428025061,6.62836344716096],[73.06843577270925,6.628371801647297],[73.06843632692194,6.628380563861702],[73.06843681958081,6.628402868839175],[73.06843770293595,6.628411507402145],[73.0684398656735,6.628419611877453],[73.06844393689684,6.628426878661506],[73.0684492954582,6.628433607640176],[73.06845530901796,6.628440062900599],[73.06846163038882,6.628446389469263],[73.06847724170429,6.628461512889626],[73.06847798728097,6.628465317432297],[73.06847913163642,6.628471156870526],[73.06847883362731,6.628547703561766],[73.06851677475386,6.628633967583248],[73.06855501389536,6.62864368491115],[73.06862158784071,6.628749197347485],[73.06865010889635,6.628797150773361],[73.06867753629764,6.628838637585377],[73.06868336315046,6.628847451308692],[73.06868816181047,6.628854709782741],[73.06870580917473,6.628865390989797]]]]}},{"type":"Feature","properties":{"OBJECTID":"44","wardName":null,"wardNameDI":null,"Shape_Leng":1682.2555,"Shape_Area":62126.19488},"geometry":{"type":"MultiPolygon","coordinates":[[[[73.06397564137785,6.633892699459646],[73.06404060134048,6.633978457856105],[73.06408434865166,6.633959221171885],[73.06422992129407,6.633959789548086],[73.0643949227647,6.633955581402766],[73.064535492094,6.633994946072027],[73.06466165491207,6.633995438554382],[73.06485088021513,6.634001029473228],[73.06498667269007,6.634020967873089],[73.06503491284387,6.634093937473404],[73.06520465350158,6.63411885973863],[73.06539382211011,6.634139006332448],[73.06550533316529,6.634163701286515],[73.06554426655244,6.634134741016099],[73.06570934392627,6.634111125223283],[73.0658210632621,6.634082447980759],[73.06604937353747,6.63402026188675],[73.06619993156116,6.633986884611319],[73.06637962288598,6.633948769473298],[73.06648182694032,6.63387153432352],[73.06652551743653,6.633866853270274],[73.06664699888479,6.633823657780437],[73.06676364654005,6.633775591976771],[73.06687062662216,6.633717784681098],[73.06706015569101,6.633645742162583],[73.06722058835442,6.633568734706332],[73.06736661511137,6.633452854150337],[73.06749296713765,6.633404825953031],[73.06760485742431,6.633332481479743],[73.06773623230495,6.633240803548914],[73.06787251565619,6.63313458948886],[73.06796998011258,6.633028223226033],[73.06812552289172,6.632960900098885],[73.06820344505535,6.632888423100273],[73.06828134829519,6.63282079744402],[73.06841744331157,6.632763103115987],[73.06857326948837,6.632622999425786],[73.06875330053008,6.632497546943733],[73.06889926998137,6.632396221634177],[73.06905964538608,6.632333769278381],[73.06917648151514,6.632237182764436],[73.06932241304162,6.632145560915228],[73.06941513766355,6.632010064425142],[73.06941543990969,6.631932432641825],[73.06941087148152,6.63185963333708],[73.06939165053956,6.631811037804742],[73.06941638441131,6.631689831848023],[73.06944102471988,6.631592886331156],[73.06943673870292,6.631447307505363],[73.06943730535794,6.631301747567119],[73.0694425358018,6.631204726495281],[73.0694672507002,6.63108837279024],[73.06948229889845,6.630962277676264],[73.06950216198608,6.63084590507968],[73.06948785038034,6.630782772539447],[73.06936635181938,6.630830820386917],[73.06922051429888,6.630898181925498],[73.06911347837699,6.630970545891334],[73.06895291454175,6.631081518363615],[73.0688217294198,6.631124676893402],[73.06873884162326,6.631226247001363],[73.06863184245958,6.631288908092309],[73.06859328828766,6.631220828818412],[73.06856947931259,6.631104286269998],[73.06849667477559,6.631108855113814],[73.06843334701584,6.631171685313185],[73.06829719669756,6.63124393567342],[73.06818062535297,6.631272594804437],[73.06811289939255,6.631218958007681],[73.06806418631787,6.631267288951487],[73.0680541416359,6.631354586501917],[73.06804392591792,6.631485552625416],[73.06804366128159,6.63155348072094],[73.06800457790766,6.631621257607082],[73.06795072853183,6.631742349977806],[73.0679455355752,6.63182966641611],[73.0678674056325,6.63195551651626],[73.0677601415359,6.632086104518331],[73.0675715246282,6.63227506554036],[73.06743815008629,6.632328206321164],[73.06734248400812,6.632395405490269],[73.06724880527501,6.632462612378646],[73.06716098972105,6.632555677822638],[73.0670970776961,6.632634924935081],[73.06702724228198,6.632704211917871],[73.06691962771755,6.632777326970261],[73.06676241736268,6.632826399239848],[73.0666410917492,6.632847787509431],[73.06653175325128,6.632853323788587],[73.06641632774154,6.632890633697157],[73.06634644570487,6.632971845514341],[73.06625470077452,6.633052971153382],[73.06624255860876,6.633108571487663],[73.06619872343244,6.633136223478527],[73.06613300211409,6.63316975358781],[73.06608089959842,6.633278857617789],[73.06603887436157,6.633352227303442],[73.06595122034327,6.633403558649944],[73.06586154792782,6.633462830994916],[73.06577981812795,6.633524121523739],[73.06558270913143,6.633610798523584],[73.06549314522033,6.633642247371587],[73.06540165506946,6.633657789999767],[73.06528636985735,6.633659327397006],[73.06518314073463,6.633627126320562],[73.06512157336603,6.633614960929744],[73.0650440819559,6.633608696864739],[73.0649885387637,6.633580656286878],[73.06488918449149,6.633574305974852],[73.06483965863255,6.633532377410024],[73.0647700788444,6.633536081197536],[73.06467455968355,6.63356551942177],[73.06459909537763,6.633549325286503],[73.06452154969635,6.633556972387742],[73.06444801755156,6.633554698131883],[73.06441835948586,6.633514834312519],[73.06436291037909,6.633462944675763],[73.06432712635939,6.633464793109353],[73.06424756229387,6.633480381175947],[73.06420175516502,6.633504051711498],[73.06412019596601,6.63352161918666],[73.06408825565737,6.633557268078698],[73.06401848962847,6.633608667950867],[73.06403220032645,6.633660394654602],[73.06400825695334,6.633684149627047],[73.06399841233548,6.633660262728388],[73.06397272128756,6.633622401601292],[73.06391495021462,6.63365596149235],[73.06387311870274,6.633679647511931],[73.06382933087029,6.633695375196218],[73.06382312723731,6.633756960239394],[73.0638567522282,6.633798827699976],[73.06387435317431,6.633872429928601],[73.0639219226234,6.633906402052925],[73.06397564137785,6.633892699459646]]]]}},{"type":"Feature","properties":{"OBJECTID":"45","wardName":null,"wardNameDI":null,"Shape_Leng":791.67952,"Shape_Area":13339.27441},"geometry":{"type":"MultiPolygon","coordinates":[[[[73.06973137631633,6.631797803982981],[73.06983342842075,6.631759384209393],[73.0699504342411,6.631619129705009],[73.0699553615605,6.631599740406734],[73.06998015283122,6.631463978473445],[73.0700724428346,6.631440077671956],[73.07011160238385,6.631352892359426],[73.07019921051571,6.631285304014571],[73.07029148160719,6.631266254527015],[73.0703695542462,6.63115496064738],[73.07045733221095,6.631043704498965],[73.07053512162358,6.631005190136911],[73.07058898919028,6.630879245907434],[73.07072508352277,6.630821550709268],[73.07078852335864,6.630729607380698],[73.07082758743586,6.630666682415434],[73.07092965813159,6.630623410952989],[73.07097376447564,6.630511984817722],[73.07109050457946,6.630439657172327],[73.07119748449851,6.630381848584051],[73.07126581459511,6.630280220373684],[73.07145082894903,6.630120821205447],[73.07159196342703,6.630014623591368],[73.07167975976736,6.629898514807934],[73.07176279769348,6.629758127563283],[73.07182125248671,6.629700129269571],[73.07174873006042,6.629631919034532],[73.07167109182845,6.629631617279562],[73.07155453972285,6.629655424192358],[73.07140385093759,6.629722767703362],[73.07135993435692,6.629785673894403],[73.07124300488603,6.629906521691622],[73.07119416012222,6.62998881718442],[73.07110171945467,6.630051534675419],[73.0709557322277,6.630157712342623],[73.07088751532977,6.63023022866405],[73.07079039175804,6.630249259454298],[73.07067854120417,6.630311901353257],[73.07057152352333,6.630379414361819],[73.07052785215156,6.630379244504156],[73.07044024424712,6.630446832064628],[73.07040099138491,6.6305582779035],[73.07028906430924,6.630640327858881],[73.07027894453637,6.630747033756411],[73.07023957742305,6.630887590477477],[73.07019061909452,6.6309989985165],[73.07006930930581,6.630998526542006],[73.06989460297072,6.63100269820783],[73.06977331208402,6.630997374794565],[73.06962773983257,6.630996808297219],[73.06958382200813,6.631059714226438],[73.06958344428209,6.631156754194675],[73.069602457486,6.631258721973012],[73.06960226861979,6.631307241957311],[73.06955338565153,6.631399240800164],[73.06957723263942,6.6315060797361],[73.0696109540871,6.631569287825469],[73.06957681711224,6.631612823337223],[73.06951828538686,6.631690228486357],[73.0695178887218,6.631792120717696],[73.06955157238998,6.631865033352652],[73.06963400689833,6.631879910332694],[73.06973137631633,6.631797803982981]]]]}},{"type":"Feature","properties":{"OBJECTID":"46","wardName":null,"wardNameDI":null,"Shape_Leng":393.94537,"Shape_Area":7451.34303},"geometry":{"type":"MultiPolygon","coordinates":[[[[73.07435225461852,6.626813068985095],[73.07425297427929,6.626787840667035],[73.07419097204902,6.626759652260668],[73.07412266271723,6.626756281597395],[73.07406050383655,6.626768461969382],[73.07399538467655,6.62674336616012],[73.07392406596594,6.626715141574378],[73.073855708442,6.626724192250414],[73.07379654599374,6.6267643320495],[73.07372821257086,6.626767172470948],[73.07368146127394,6.626810466035109],[73.073678005909,6.626900507348622],[73.07366520991822,6.626996722736175],[73.07358086705817,6.627123713866185],[73.07352171749721,6.627160748950501],[73.07347189650463,6.627194713716658],[73.0734530455613,6.6272505370998],[73.0734094843952,6.627272104597719],[73.07333804510783,6.627274932888001],[73.07332231201038,6.627327662749345],[73.07331896596716,6.627389756639021],[73.07329075115267,6.627457964308682],[73.0732317332654,6.62746084079851],[73.07315094126707,6.627472947779545],[73.07310738006966,6.627494516145369],[73.07310096345626,6.627547282162923],[73.07319091523415,6.627575579230524],[73.07325613178817,6.627575832430159],[73.07334300189204,6.62759790718351],[73.0734081943425,6.627604370596962],[73.07351368545595,6.627629623227544],[73.07360374579335,6.627629972823709],[73.07370314677297,6.627624147427681],[73.07379947900989,6.627608995060447],[73.07386163799883,6.627596814753893],[73.07392384429444,6.627572213965445],[73.0740078747251,6.627525959453232],[73.07406091001815,6.627464059270064],[73.07408916089987,6.627386534816723],[73.07410811934747,6.627302764874758],[73.07413320504207,6.627240755310565],[73.07419551974792,6.627188206148974],[73.0742050299887,6.627138557702729],[73.07424259733084,6.627061070281489],[73.07431739457351,6.626993043250408],[73.07433617311221,6.626955851416577],[73.07434885962421,6.6268875833909],[73.07435225461852,6.626813068985095]]]]}},{"type":"Feature","properties":{"OBJECTID":"47","wardName":null,"wardNameDI":null,"Shape_Leng":443.6805,"Shape_Area":10866.30645},"geometry":{"type":"MultiPolygon","coordinates":[[[[73.07388725700608,6.626596996164619],[73.07390250792376,6.626668478192954],[73.07401415026084,6.626709280812708],[73.07411353901985,6.626706560849398],[73.07418804700212,6.626713060275508],[73.07427491795879,6.626735134838148],[73.07436485768088,6.62676653724083],[73.07443311882876,6.626782329249563],[73.07447639166779,6.626835287196714],[73.07452295014133,6.626841679052609],[73.07457605757939,6.626761146252501],[73.07461993191517,6.626658840110417],[73.0746792379699,6.626581436951117],[73.0747043958189,6.626500795707108],[73.07474199915913,6.626413991496309],[73.07477959133625,6.626330293757367],[73.07479537150948,6.626265142409546],[73.07481110348974,6.626212413344898],[73.07484256834701,6.626106953406274],[73.0748832653723,6.626023266784467],[73.07491138440201,6.625979901700811],[73.07496132563642,6.625914882817117],[73.07496774107979,6.625862117609456],[73.07501782681258,6.625759835470184],[73.07504600512463,6.625700943412536],[73.0750243747241,6.625672910778369],[73.0749406105688,6.625650849341731],[73.07486293668072,6.625659864076333],[73.0747573364986,6.625662559257546],[73.07466738486465,6.625634262546446],[73.07458055109085,6.625602872297151],[73.0744594357969,6.625602402527783],[73.07436939987481,6.625595842956271],[73.07431960319762,6.62562359763501],[73.07427908686365,6.625660704254817],[73.07425095666663,6.625707175770263],[73.07419186667265,6.625728684049443],[73.07416382080866,6.625753417469473],[73.074113843368,6.625827752053765],[73.0740887827991,6.625883550503803],[73.07406983561515,6.625964215794906],[73.0740540674253,6.626026261525742],[73.07409122496652,6.626054353529313],[73.07412211156473,6.626097948381259],[73.07412185852273,6.626163159022957],[73.07410616262467,6.626206573143312],[73.0740439194673,6.626240489810039],[73.07402514185664,6.626277681638832],[73.07396919374001,6.626289886114254],[73.07392882193315,6.626289729461877],[73.07388501983999,6.62637340299928],[73.07388725700608,6.626596996164619]]]]}},{"type":"Feature","properties":{"OBJECTID":"48","wardName":null,"wardNameDI":null,"Shape_Leng":235.66226,"Shape_Area":3346.01175},"geometry":{"type":"MultiPolygon","coordinates":[[[[73.07507117487727,6.625617196545309],[73.07506832197431,6.625551973822704],[73.07508726806758,6.625471308437172],[73.07513098647763,6.625409371003994],[73.07514986029884,6.625347337234944],[73.07520283496761,6.625300962868405],[73.0751906053432,6.625251230072369],[73.07515042625725,6.625201388911937],[73.07519726156248,6.62513635792921],[73.07519426503934,6.625108398454642],[73.07508559618971,6.625101765890693],[73.07501115974134,6.625076635039626],[73.0749708120918,6.625070268261156],[73.07486524906332,6.625063647694883],[73.07481862961333,6.625072782867223],[73.07471626783737,6.625041332452088],[73.07466968542768,6.625041151804372],[73.07465394145773,6.625096987348446],[73.07465039001357,6.625211870585622],[73.07463747388867,6.625339139974002],[73.07463410309981,6.625407444163216],[73.0746430702776,6.625497533719606],[73.07461487989619,6.625559531315303],[73.07464582676076,6.625587599188715],[73.07471089857,6.625625115359308],[73.07478232562059,6.625625392371396],[73.07485685756939,6.625625681414109],[73.0749158623326,6.625625910232835],[73.0749748670979,6.625626139044559],[73.07500899205125,6.625635587323976],[73.07503692949182,6.625638801275447],[73.07507117487727,6.625617196545309]]]]}},{"type":"Feature","properties":{"OBJECTID":"49","wardName":null,"wardNameDI":null,"Shape_Leng":557.16071,"Shape_Area":5575.42081},"geometry":{"type":"MultiPolygon","coordinates":[[[[73.10358269560814,-0.638947631267665],[73.10357363732356,-0.638931659753593],[73.10360081552412,-0.638970449641825],[73.10360080715667,-0.638993261277721],[73.10364838134974,-0.639027496421501],[73.10366197254208,-0.63904118845771],[73.10368915576376,-0.63906629136692],[73.10372538220652,-0.639148426740287],[73.10378880526127,-0.639219166408665],[73.10380918786554,-0.639251110285697],[73.10381597090647,-0.639292173763163],[73.1038476928973,-0.639299029051787],[73.10389300357092,-0.639326419872046],[73.10394057860762,-0.63935837386405],[73.10399041800756,-0.639394891028257],[73.10404478864412,-0.639433691043739],[73.10407649808242,-0.639474763797725],[73.10407648803606,-0.639502137768284],[73.10410366875038,-0.639534084181389],[73.10412405972843,-0.639543216423952],[73.104158040227,-0.639570603038268],[73.10420106980045,-0.63963905398375],[73.10421238156087,-0.63968924381499],[73.10424409853603,-0.639709786096703],[73.10425314677106,-0.639753131593192],[73.10425992729353,-0.639801038575898],[73.10429616629183,-0.63984895652018],[73.10434602161287,-0.639842131575877],[73.10437093210398,-0.639885482977705],[73.1044049075799,-0.63992655658888],[73.10448194613505,-0.639944834575709],[73.1044977824268,-0.640015556585975],[73.10451362960725,-0.640056623455171],[73.10452946757121,-0.640122783138056],[73.10461557112005,-0.640138783341751],[73.1046472730204,-0.640200386603407],[73.1046495197858,-0.640252854241123],[73.10472429818222,-0.640255163242417],[73.10475147638711,-0.640293953171193],[73.1047967719985,-0.640362404996826],[73.10481714789994,-0.64041259822349],[73.10481485839486,-0.640476470005013],[73.10483976888396,-0.640519821425398],[73.10489866910149,-0.640565466669965],[73.10495529070843,-0.640645328553553],[73.10493487792316,-0.640695506595809],[73.10489860287089,-0.640745678728216],[73.104787579595,-0.640711419890025],[73.10476718022447,-0.640725099283969],[73.10467880140155,-0.640734191022975],[73.10465161901315,-0.640706806913383],[73.10462444333311,-0.640661173485059],[73.10462445758701,-0.640622393681235],[73.10454516891463,-0.640560772689033],[73.10450667059273,-0.640494604562542],[73.10446817813788,-0.640412468285632],[73.1043934332788,-0.640318912689003],[73.10433454732687,-0.640234487663101],[73.10427112511124,-0.640161466777458],[73.10421677793623,-0.640058794133324],[73.10414883202627,-0.639962959927765],[73.10409675004674,-0.639862569303323],[73.10403559303096,-0.639791830445783],[73.10401974836597,-0.639743920096461],[73.10400163766387,-0.639696008904888],[73.10394501439515,-0.639620709413973],[73.10388610499326,-0.639600157019493],[73.10386800266392,-0.639529434193282],[73.1038340271961,-0.639488360599102],[73.10378647476978,-0.639394815181056],[73.10375023745192,-0.639342334929277],[73.10374345022737,-0.639312677271983],[73.10371852969412,-0.639296699856044],[73.1036437814894,-0.639212268991851],[73.10362113285206,-0.639180324275106],[73.10358716073294,-0.639130126037733],[73.10354185927368,-0.639077642426227],[73.10351014984252,-0.639036569688984],[73.10351016741583,-0.638988665256178],[73.10352604054096,-0.638959016027462],[73.10355324300545,-0.638931652173069],[73.10358269560814,-0.638947631267665]]]]}},{"type":"Feature","properties":{"OBJECTID":"50","wardName":null,"wardNameDI":null,"Shape_Leng":2525.49544,"Shape_Area":60422.51046},"geometry":{"type":"MultiPolygon","coordinates":[[[[73.10527355913699,-0.642483781801393],[73.10532666155015,-0.642505187563711],[73.10534080722041,-0.642551529034085],[73.10534785312585,-0.642647768363887],[73.10534781371149,-0.642754698014134],[73.10534778611753,-0.642829548769272],[73.10540793705187,-0.642940065232989],[73.10541143567869,-0.6430541248537],[73.10541847629992,-0.643164621476488],[73.10545737520854,-0.643296515944777],[73.10545732128934,-0.643442653142354],[73.10549266239144,-0.643620882480674],[73.10551385388717,-0.643763463307077],[73.10549969376873,-0.643756329364501],[73.10550674224505,-0.643845440063498],[73.10552791134548,-0.644048614368137],[73.10555264218065,-0.644194760849919],[73.10555614204675,-0.64430525616004],[73.10555964058884,-0.644419315792668],[73.10558794501843,-0.644476355554693],[73.10561267713994,-0.644618937724999],[73.10561971635154,-0.644732998688413],[73.10564094203299,-0.644782907159336],[73.10563736048711,-0.64489339982226],[73.10564794168879,-0.645003897793121],[73.10564790872874,-0.645093005849701],[73.1056655726149,-0.645199942155105],[73.10568323121973,-0.645321135751893],[73.10571148549984,-0.645513619782798],[73.1057185101414,-0.645666888302306],[73.10572554796885,-0.645784513598824],[73.1057502905563,-0.645898581218245],[73.10576085321479,-0.64605897971666],[73.10578558258052,-0.646208690567426],[73.10580325961489,-0.646279983666224],[73.10582800878025,-0.646376229684243],[73.10587046139234,-0.646472482354783],[73.10588104911051,-0.646565158735576],[73.10592348585742,-0.646704183286951],[73.10594821914361,-0.646843201191382],[73.10600480012714,-0.647032131599739],[73.10604722626721,-0.64719967075583],[73.1060790461949,-0.647324434047226],[73.10612854311171,-0.647520490466531],[73.10618868590812,-0.647652393073192],[73.10622049125253,-0.647816363939593],[73.10626293851887,-0.64792687395777],[73.10629830174865,-0.648044509962345],[73.10631950220379,-0.64816214063893],[73.10635485879916,-0.648297598270072],[73.10638314195016,-0.648411667296811],[73.10650694826947,-0.648728938806752],[73.10654584155009,-0.648875090769335],[73.10660598693711,-0.648999864801245],[73.10663071742779,-0.6491460114377],[73.10670503088404,-0.649256533527125],[73.10675454886972,-0.649395560873782],[73.10680053809484,-0.649502507970929],[73.1068182163575,-0.649570236816545],[73.1068677422899,-0.649687878231727],[73.1069314416143,-0.649777010398679],[73.10698451619959,-0.649873267212791],[73.10699866172317,-0.649919608782382],[73.10709422730174,-0.65000875299054],[73.10715082797512,-0.650144218733928],[73.10721097996219,-0.650251171219056],[73.10726758726723,-0.650368815350481],[73.10733481798502,-0.650482899174894],[73.10745161844827,-0.650597001730268],[73.10750468372217,-0.65071820887515],[73.10755066361178,-0.650850106329671],[73.10756479450241,-0.650935655508412],[73.10755769051326,-0.650996246376748],[73.10746917043741,-0.651003341575646],[73.10740544587564,-0.650981931533321],[73.10733463992386,-0.650960518815442],[73.10728154277325,-0.650924855486938],[73.10726385524336,-0.650882076889859],[73.10720015594342,-0.650792944669478],[73.10718954980395,-0.650750168751158],[73.10714356461175,-0.650632528624765],[73.10710817227162,-0.650593307670995],[73.10705154373103,-0.650532692742833],[73.1069984718288,-0.650429307255617],[73.10698433295907,-0.650365144057143],[73.10694539859597,-0.650329486099096],[73.10694541719126,-0.650279585550828],[73.10691002086685,-0.650251057581797],[73.10686755643427,-0.650186883692548],[73.10686049363674,-0.650136980472848],[73.10681801725184,-0.650104885509391],[73.10680743101926,-0.650008644735016],[73.10675789050529,-0.649930210883692],[73.1067295968112,-0.649844656405423],[73.10668359433437,-0.649773352546422],[73.10664114316866,-0.649673535432837],[73.10658100312747,-0.649534504079057],[73.10654563732203,-0.649423996675345],[73.10648904724837,-0.649260016404431],[73.10643242135677,-0.649192272886971],[73.10641477093839,-0.649049693259271],[73.10635462556571,-0.64892491923721],[73.10631570578606,-0.64885005376018],[73.10630158145786,-0.648746683038592],[73.10626268552953,-0.648607659744654],[73.10616357397367,-0.64853277160017],[73.10613883815515,-0.648400882302472],[73.10614593676245,-0.64835454876778],[73.10606452071968,-0.648301053246884],[73.10603978753775,-0.648162035313443],[73.10601858179541,-0.648058661946746],[73.10599028407209,-0.647983800500032],[73.10597614646427,-0.647916073032899],[73.10589827641192,-0.647848321577033],[73.10586997736067,-0.647777024460974],[73.10585938441002,-0.647698605364356],[73.10587004354278,-0.647598808326656],[73.1057957512315,-0.647431257188825],[73.10570726439921,-0.647349244473892],[73.10567545903977,-0.647185273661484],[73.10566484622817,-0.647160319410829],[73.10561531227717,-0.647064064070579],[73.10560117067695,-0.647007029590869],[73.10556930182246,-0.647014146253531],[73.1055233204596,-0.646885813355207],[73.10547025110156,-0.646775299410896],[73.10543841397983,-0.646696872353157],[73.10537471593976,-0.646604176035848],[73.1053499549063,-0.646540008932396],[73.10528978565978,-0.646479392848376],[73.10524026094538,-0.646358187294979],[73.10519781099775,-0.646254806014516],[73.10511643460946,-0.646094380972279],[73.1050456617901,-0.645983860426187],[73.10501382729326,-0.645898304757675],[73.10498199675511,-0.645802056129452],[73.10495724230798,-0.645720067445977],[73.1048864536386,-0.645652318771259],[73.10480861131671,-0.645509716712428],[73.10475554456272,-0.645392074207599],[73.10470953938517,-0.64532789917076],[73.10465646075103,-0.645242335559046],[73.10458921277265,-0.645174588239683],[73.10462111589227,-0.645074799229664],[73.10464237847964,-0.645024906714949],[73.10472735496104,-0.645024938582825],[73.10475214900157,-0.644999997634487],[73.10487962032688,-0.644982223827812],[73.1049398054147,-0.645000068000685],[73.10497519514276,-0.645046417447878],[73.10502120429543,-0.645099899521823],[73.10505660985156,-0.645103477120205],[73.10512034486631,-0.645096372376597],[73.10517346177626,-0.645078570684977],[73.10524426893927,-0.645096418843538],[73.10526550515424,-0.645117812737811],[73.1052619974343,-0.645028703373598],[73.10531513676112,-0.64495030821017],[73.10533640593772,-0.64488259406273],[73.10526916055086,-0.644807718096704],[73.10525147029358,-0.644772068247348],[73.10518066972193,-0.644736398495613],[73.10515942032433,-0.644750647819298],[73.10508503820468,-0.644825470696295],[73.10499652102166,-0.644825437517085],[73.10491864304367,-0.644779072148285],[73.10487616402828,-0.644754105977533],[73.10485848432282,-0.644689941570435],[73.10488683486233,-0.644622230093344],[73.10494350825834,-0.644561657868958],[73.10493999656344,-0.644483241484594],[73.10490460287231,-0.644447585011818],[73.10478067883952,-0.644447538583293],[73.10472756195331,-0.644465340286245],[73.10470982161827,-0.644565134622137],[73.10474518498387,-0.644682770463827],[73.10473808383554,-0.644736232615374],[73.10470973065435,-0.644811072724528],[73.10463533931252,-0.644910845813914],[73.10455037206954,-0.644885863710196],[73.10446541801929,-0.644825238409328],[73.10445836038377,-0.64476107799776],[73.10447255741009,-0.644668410991873],[73.10448321901804,-0.644561485377883],[73.10449386612068,-0.644493767281243],[73.10451512209879,-0.644461696363082],[73.10451515504627,-0.644372588364944],[73.1045258047763,-0.644297741625849],[73.10449750564125,-0.6442264446164],[73.1045116881463,-0.644172985122841],[73.10448692178916,-0.644123075361188],[73.10452588513922,-0.644080318108857],[73.10447633002866,-0.644041092026367],[73.10438785108677,-0.643937693606517],[73.10434891013328,-0.643919857424642],[73.10430294048433,-0.643759445811994],[73.10443394320349,-0.643766623492968],[73.10447287494299,-0.643809409910494],[73.10450475691177,-0.643766650000741],[73.10447293287007,-0.643652579837274],[73.10447295393098,-0.643595550719691],[73.10443756024067,-0.64355989427146],[73.10433135416638,-0.64352064700568],[73.10433134890154,-0.643534904283903],[73.10426406404173,-0.643566957983048],[73.10423928451328,-0.643552691429683],[73.10421097746324,-0.643502780358395],[73.10421100510267,-0.643427929652979],[73.1042428962687,-0.643360219508599],[73.10427121253477,-0.643385180342234],[73.10432431227912,-0.643413714769426],[73.10437388186801,-0.643413733315871],[73.1044234646171,-0.643378108664348],[73.10447659857691,-0.643313970775881],[73.1045332876899,-0.64321062668743],[73.10454041114974,-0.643096571095974],[73.1045298127667,-0.643032409364543],[73.10449796501209,-0.642982496971212],[73.10450155171662,-0.642857747097837],[73.10446265019536,-0.642732981344893],[73.10440602684481,-0.642658109458133],[73.10444145866174,-0.642590400613381],[73.10452999154695,-0.64254766184747],[73.1047955626272,-0.642494296245313],[73.10505759568252,-0.642433800648357],[73.10515319288585,-0.642437400669061],[73.10527355913699,-0.642483781801393]]]]}},{"type":"Feature","properties":{"OBJECTID":"51","wardName":null,"wardNameDI":null,"Shape_Leng":282.49197,"Shape_Area":2506.66006},"geometry":{"type":"MultiPolygon","coordinates":[[[[73.10716509164487,-0.649873335355018],[73.10729605888272,-0.649976750230038],[73.10733852731947,-0.650030231149448],[73.1073880851128,-0.650062328788979],[73.10748366399028,-0.650115829757754],[73.1075190550209,-0.650158615033777],[73.10760044987822,-0.650269139883382],[73.10764645104884,-0.650344008111409],[73.10771015437426,-0.650422447353386],[73.10775614624762,-0.650522265875074],[73.10780215405721,-0.65057931248187],[73.10780921951239,-0.650622087075904],[73.10780564162064,-0.650721886884949],[73.10785516488056,-0.65084665704393],[73.10785515823696,-0.650864478677714],[73.10780913315894,-0.650853768308596],[73.10775602403056,-0.65085018391752],[73.10769939015216,-0.650803826271233],[73.10764984165498,-0.650746778323437],[73.10762154398118,-0.650671916771589],[73.10755784863875,-0.650572091566519],[73.10748705596397,-0.650515035605769],[73.10742689600569,-0.650429469052942],[73.10737735680718,-0.650347470841816],[73.10733135166407,-0.650283295599945],[73.10730305531071,-0.650204869742039],[73.10723580864872,-0.650133557835817],[73.10718982209076,-0.65001948204823],[73.10714735498641,-0.649962436807143],[73.10716509164487,-0.649873335355018]]]]}},{"type":"Feature","properties":{"OBJECTID":"52","wardName":null,"wardNameDI":null,"Shape_Leng":652.61298,"Shape_Area":4829.1177},"geometry":{"type":"MultiPolygon","coordinates":[[[[73.10729260975513,-0.649730810427441],[73.10723949269128,-0.649748612019486],[73.10718993224668,-0.649723643041023],[73.10710143212012,-0.649677273419178],[73.10700584530171,-0.64964515842931],[73.10696692286969,-0.649577421562765],[73.10691385490482,-0.649463343134336],[73.10687140769282,-0.649352833042656],[73.10679003936453,-0.649171021779492],[73.1067511421166,-0.64903556276499],[73.10671929841065,-0.648974957238023],[73.10669101925666,-0.648850195208821],[73.10662732786136,-0.648739677139821],[73.10659547885005,-0.648693328918476],[73.10661319689264,-0.648654128022317],[73.10660612875691,-0.648618482112417],[73.106560127571,-0.648543613965744],[73.10652830107873,-0.648436672240719],[73.10649999937986,-0.648372503740577],[73.10645757066803,-0.64821209316386],[73.10645406043255,-0.64813011238126],[73.10640452913594,-0.648026728329566],[73.1063904100537,-0.647909100314274],[73.10634441547066,-0.647816410575365],[73.10635151670752,-0.647762948384975],[73.10629842750258,-0.647705899223095],[73.1062949251857,-0.647602532507508],[73.10626307351426,-0.647563312960863],[73.10624187699189,-0.647434989324647],[73.10622772613112,-0.647402905086962],[73.10622068046139,-0.647306665691407],[73.10621007161292,-0.647271018463107],[73.10621363743147,-0.647203297649788],[73.10625613101803,-0.647189056330498],[73.10630216000759,-0.647189073635613],[73.1063340130085,-0.647224728852362],[73.10634107720043,-0.647271067722459],[73.1063622922551,-0.647349490831765],[73.10639413467378,-0.647413660642575],[73.10636932072879,-0.647492066443624],[73.10639762774328,-0.647541977630251],[73.10643299761811,-0.647641792016053],[73.10641881367805,-0.647698815869245],[73.10643647876103,-0.647802187921682],[73.1064824839377,-0.647866363072722],[73.1065001675454,-0.64791983459455],[73.10654262540977,-0.648001830038238],[73.10654613432882,-0.648087375148818],[73.10654964456795,-0.64816935593568],[73.10660271788183,-0.648269177007677],[73.10665933188685,-0.64836899941862],[73.10667345227249,-0.64848306313076],[73.1067265454502,-0.648529419351494],[73.10675129850789,-0.648614972474628],[73.1068043797615,-0.648693407622136],[73.106779571054,-0.648757556126841],[73.106818498806,-0.648811035670631],[73.1068574252327,-0.648868079541206],[73.10689279903593,-0.648957201002866],[73.10689986054038,-0.649010668543604],[73.10692816223093,-0.64907483706673],[73.10697417269489,-0.649124754965434],[73.10698828906474,-0.64924951167837],[73.10703077076782,-0.649267349322332],[73.10711217491698,-0.649352923830183],[73.10711215502354,-0.6494063887087],[73.10714398944427,-0.649491944531997],[73.107175837128,-0.649541857104585],[73.10721829628383,-0.649620288288742],[73.10727846554869,-0.649680904526681],[73.10729260975513,-0.649730810427441]]]]}},{"type":"Feature","properties":{"OBJECTID":"53","wardName":null,"wardNameDI":null,"Shape_Leng":288.0408,"Shape_Area":2595.77021},"geometry":{"type":"MultiPolygon","coordinates":[[[[73.1071721663992,-0.649891159653882],[73.10720757866054,-0.649876915712964],[73.10728545006907,-0.649941102965653],[73.10731021901027,-0.649983884226002],[73.1073349852964,-0.650033794138873],[73.10740931866808,-0.650090851413396],[73.10752614305072,-0.650140796076149],[73.1075544553448,-0.650176450028291],[73.10759337512397,-0.650251315579197],[73.10764999440097,-0.650336880795428],[73.10771016234177,-0.650401061394648],[73.10775261617545,-0.650493749925755],[73.10778445721328,-0.650561484163467],[73.10779505273939,-0.6506327747072],[73.10780210889435,-0.650700499587744],[73.10780209295251,-0.650743271507449],[73.10780206903777,-0.650807429387044],[73.10783745873675,-0.650853779009467],[73.1078728550798,-0.650882306999623],[73.10783036671214,-0.650882290947853],[73.10774186124226,-0.650850178566904],[73.10770292154785,-0.650828777893875],[73.10765691507662,-0.650768166956503],[73.10761799531329,-0.650693301391781],[73.10758261757375,-0.650614872841259],[73.10748351128277,-0.650525727246558],[73.10743396810074,-0.650454422008195],[73.10735611927163,-0.650329641191848],[73.10730659069526,-0.650219128381176],[73.10724643339066,-0.650126433194435],[73.10716151113031,-0.649980263778808],[73.1071721663992,-0.649891159653882]]]]}},{"type":"Feature","properties":{"OBJECTID":"54","wardName":null,"wardNameDI":null,"Shape_Leng":296.55037,"Shape_Area":2250.12848},"geometry":{"type":"MultiPolygon","coordinates":[[[[73.11110389639843,-0.655217756675987],[73.11114640624707,-0.65516074347087],[73.11121014832125,-0.655135817328823],[73.1112774204239,-0.655139407198126],[73.11129512396057,-0.65513941391789],[73.11138362963166,-0.655171526521628],[73.11144733833778,-0.65523570872637],[73.11147918735072,-0.655282057166909],[73.11151103235778,-0.655339098611693],[73.1115641309601,-0.655371197783587],[73.11165971138637,-0.655421134760635],[73.1117198967519,-0.655438979286142],[73.11175880982435,-0.655531666776386],[73.11187917522368,-0.655581613175303],[73.11193934724233,-0.655635101057237],[73.11197474631938,-0.655656500513319],[73.11210572985667,-0.655717143961935],[73.1121198833448,-0.655742099688595],[73.11214818097028,-0.655816961491859],[73.11216587115987,-0.655852611571403],[73.11213755216235,-0.655834779135342],[73.11199240712216,-0.655770565963383],[73.11191451820024,-0.655752714703021],[73.11183309525256,-0.655717040423767],[73.11174106086956,-0.655652847434605],[73.11160653131247,-0.655606459987173],[73.11156760222181,-0.65555654451452],[73.11148264125548,-0.655513740233],[73.11136582193767,-0.655449537849501],[73.11133042688138,-0.655417445399233],[73.11128087166671,-0.655378218904616],[73.1112171549594,-0.655335422700557],[73.11114636084653,-0.655281930809617],[73.11110389639843,-0.655217756675987]]]]}},{"type":"Feature","properties":{"OBJECTID":"55","wardName":null,"wardNameDI":null,"Shape_Leng":630.73732,"Shape_Area":18248.3143},"geometry":{"type":"MultiPolygon","coordinates":[[[[73.11020409035481,-0.656461366863574],[73.11010848593988,-0.656475587807202],[73.11005894149136,-0.656407846648134],[73.11003417662847,-0.656354372248409],[73.11001650923515,-0.656258128570848],[73.10998112760574,-0.656190392808856],[73.10994575266528,-0.656104835394382],[73.10989620687502,-0.656040658581548],[73.10988561686655,-0.655955110600114],[73.10986438333795,-0.655926587873667],[73.10986086403454,-0.655869557233872],[73.10981839697618,-0.655812511784263],[73.10979009139933,-0.655759036052918],[73.10974055229252,-0.655677037601237],[73.1097051746654,-0.655598608868397],[73.10970166337542,-0.655520192251323],[73.10974419193221,-0.655413278483741],[73.10976548293779,-0.655288534985058],[73.10978321585877,-0.655210126436838],[73.10978677794212,-0.655153098491094],[73.10980450952046,-0.655078254271119],[73.10979746685209,-0.654974885990858],[73.10977626269722,-0.654867948002787],[73.10980109703576,-0.654736077177399],[73.10980467245427,-0.654643405922696],[73.10982594738267,-0.654561434378771],[73.10982597941812,-0.654475890440226],[73.10980475254597,-0.654429546078857],[73.10980833328573,-0.654322617500253],[73.10984022096909,-0.654265600297184],[73.10983316357762,-0.654201439656524],[73.10988628213849,-0.654180073816739],[73.10992521253733,-0.65422642489214],[73.10998537114996,-0.654315556001269],[73.11007739610098,-0.654404699205685],[73.11015878159247,-0.6545401746966],[73.11023311103267,-0.654607925210754],[73.11030034972168,-0.654700623364478],[73.11041360956935,-0.654814724986844],[73.11047730889014,-0.654903857479616],[73.11053039811114,-0.654960906955629],[73.11061889839735,-0.655007276879219],[73.11067552432203,-0.655075020703326],[73.11081357847964,-0.655164181447539],[73.11087728315104,-0.655239056636924],[73.11095870070663,-0.655288988222015],[73.110979932927,-0.655321075287246],[73.11095867800071,-0.655349581884741],[73.11090202134959,-0.655363817702484],[73.11088783714936,-0.65542084165105],[73.11087012025638,-0.655456478256128],[73.11080638753685,-0.65545645404753],[73.11078512993673,-0.655492089305251],[73.11078510855792,-0.655549118629125],[73.1107390513096,-0.655623952127523],[73.11072485373381,-0.65571661939415],[73.11068589660505,-0.655741554920827],[73.1106717150644,-0.655791450193407],[73.11063982196785,-0.655862724730501],[73.11061856970679,-0.655884102649426],[73.11060083943202,-0.655955382566708],[73.11054418010536,-0.655976747021952],[73.11051937242567,-0.656037331245695],[73.1104697985245,-0.65604800539292],[73.11042375329261,-0.656090759873386],[73.11042019519702,-0.656137094842555],[73.11036706186148,-0.656197668284833],[73.11036350376258,-0.65624400325225],[73.11033515670464,-0.656301021785971],[73.11028912083395,-0.656318825933125],[73.11024662165532,-0.656347324420885],[73.11024307693452,-0.65635801606854],[73.11023951481523,-0.656415044026965],[73.11020409035481,-0.656461366863574]]]]}},{"type":"Feature","properties":{"OBJECTID":"56","wardName":null,"wardNameDI":null,"Shape_Leng":710.32987,"Shape_Area":5522.03265},"geometry":{"type":"MultiPolygon","coordinates":[[[[73.1098934489118,-0.65395195932381],[73.10989347424902,-0.653884237036285],[73.10994659947112,-0.653845049530104],[73.11000322939701,-0.653902100304198],[73.11008464558577,-0.653955596146755],[73.11013418077107,-0.654048287556711],[73.1102226690382,-0.65412673641445],[73.11027928963344,-0.654208737525693],[73.11033237085769,-0.654287172966938],[73.11039251481355,-0.654415511745654],[73.1104880804955,-0.654504656312134],[73.11055530585833,-0.654632997794933],[73.11057654208413,-0.654654391849426],[73.11060131234271,-0.654693608909709],[73.11062608260117,-0.654732825971006],[73.11064377144793,-0.654772040345942],[73.11068977926703,-0.654829087134179],[73.11077119414722,-0.654886147363109],[73.11084907099479,-0.654936077586455],[73.11092340847452,-0.654982442136133],[73.11097297035617,-0.655003846949168],[73.11104022242287,-0.65506090181517],[73.11112517402134,-0.655128656405208],[73.11116411645828,-0.655142928523673],[73.11128095312081,-0.655160794544707],[73.11139424240896,-0.65519648089146],[73.11145796179615,-0.655232148424281],[73.11147563996681,-0.655299877493653],[73.1115570442026,-0.65538545243247],[73.11169158043204,-0.65541401818969],[73.11170926661433,-0.655460361261259],[73.11174819971798,-0.655499583730573],[73.11179775761919,-0.655531681564867],[73.11186502040135,-0.655560221787708],[73.11189333939468,-0.655578054218006],[73.1119358038621,-0.655642228382963],[73.11202431624768,-0.655656519336401],[73.11208449494968,-0.655692185546559],[73.11212342538995,-0.655738536697687],[73.11215174038053,-0.655767062138773],[73.11215880443486,-0.655813401190495],[73.1121304747508,-0.655824083439213],[73.1120667459877,-0.655813366227076],[73.11201010398922,-0.655788394363394],[73.1119570013661,-0.655766988180634],[73.11183308189385,-0.65575268377279],[73.11175874303977,-0.655709883513996],[73.11173396743006,-0.655684923757489],[73.11170919048476,-0.655663528336271],[73.11158882376357,-0.655617146266943],[73.11158883845697,-0.655577938588527],[73.1115392805635,-0.655545840754678],[73.11144015810271,-0.65549946676147],[73.11138352414075,-0.65545310890611],[73.1113516684561,-0.655424582133964],[73.11129502514784,-0.655403174619006],[73.11124192789134,-0.655367511114525],[73.11119237000825,-0.655335413289666],[73.11112864929807,-0.655303310088585],[73.11111095911717,-0.655267660032373],[73.11111096980038,-0.655239145365029],[73.11112161061594,-0.655189248729647],[73.11111807792035,-0.655167861384888],[73.11106497666262,-0.655142890889371],[73.11103311030094,-0.655142878792212],[73.1109623055128,-0.655117901577119],[73.11084901091519,-0.655096472566103],[73.110753426533,-0.655057228612887],[73.11073928106613,-0.655010886911755],[73.11068618916724,-0.654960966094661],[73.11061186237995,-0.654886086889581],[73.11056585723497,-0.654821911437129],[73.11048443969605,-0.654771979878873],[73.11043135848138,-0.654693544417598],[73.11037472721885,-0.654640057940361],[73.11029331769622,-0.654568740402626],[73.11022607900237,-0.654476042254312],[73.1101694730963,-0.654354833489947],[73.11010576042993,-0.654301344342743],[73.11004914918466,-0.654194392916091],[73.1100208488967,-0.654126659880404],[73.10996067960475,-0.654066043424881],[73.10992529257291,-0.654012565033047],[73.1098934489118,-0.65395195932381]]]]}},{"type":"Feature","properties":{"OBJECTID":"57","wardName":null,"wardNameDI":null,"Shape_Leng":1095.85547,"Shape_Area":20127.60009},"geometry":{"type":"MultiPolygon","coordinates":[[[[73.11109320883699,-0.65539240497898],[73.11117108703141,-0.655438770895792],[73.1112029346968,-0.655488683667999],[73.11130205981354,-0.655527928991331],[73.11140826501656,-0.655570741340707],[73.11154985727042,-0.655667032155361],[73.11163127753102,-0.655709835100042],[73.11176225702962,-0.6557811715539],[73.11187553299364,-0.655852501290194],[73.11188260238677,-0.655884582995205],[73.11197110007413,-0.655938081648626],[73.11212686323124,-0.656012991876371],[73.11221182556724,-0.656052231851633],[73.1122826290764,-0.656080773441055],[73.1123959090854,-0.656141410198355],[73.11248086876334,-0.656187778853908],[73.11259414611365,-0.656255544293553],[73.11267201769783,-0.656319731949079],[73.11274281855488,-0.656355402224023],[73.11284901717336,-0.656416036313997],[73.11293751090385,-0.656480228018781],[73.11300476304092,-0.656537282980297],[73.11306492840917,-0.656608592603711],[73.11310739957557,-0.656654945139685],[73.11314631799779,-0.656733375370126],[73.11321711753806,-0.656772610002751],[73.11330206121293,-0.65686175075222],[73.11336860622578,-0.656931220770845],[73.11341499095757,-0.656995476342684],[73.1134686194006,-0.657080174016123],[73.11350485986905,-0.657123986392325],[73.1135106478251,-0.657159027470013],[73.11357008778192,-0.657215988250785],[73.113628077464,-0.657272948483159],[73.11366576382639,-0.657328441042806],[73.11369765182306,-0.65737663163221],[73.11372664310299,-0.657414601447629],[73.1137570808231,-0.657462791488183],[73.1137788157878,-0.657513898126189],[73.11378895895376,-0.657537261239967],[73.11376917587516,-0.657553410150895],[73.11373024407847,-0.657510623266756],[73.11369840173843,-0.657446453045923],[73.11364884913878,-0.657400097786058],[73.11360637930544,-0.657350180883459],[73.11357099089963,-0.657300266676488],[73.11352143428903,-0.657264604438026],[73.11351790294,-0.657239652722805],[73.11346834633068,-0.657203990486604],[73.11341524767195,-0.657171891243552],[73.11338694604451,-0.657107722385027],[73.11332677933736,-0.657039977072934],[73.11331263922213,-0.656979377942373],[73.11327016671736,-0.656936589732601],[73.11323122155308,-0.656929446248438],[73.11319582780065,-0.656893789408939],[73.11316044340907,-0.656833182207262],[73.1131392098322,-0.656804659430011],[73.11307904446595,-0.656733349797641],[73.11301178698103,-0.656690552176391],[73.11292683128772,-0.656633490479596],[73.11287728405124,-0.65657287790769],[73.11280295049843,-0.656515820255893],[73.11277110281044,-0.656465907428946],[73.11271092542285,-0.656426676849354],[73.11267552766817,-0.656401713037009],[73.11263658519341,-0.656387440889577],[73.11259056263445,-0.656369601714922],[73.11254454809651,-0.656330376522616],[73.11245250031229,-0.656301826849385],[73.11232505745984,-0.656241184699033],[73.11227548885373,-0.656237601526375],[73.11220468534526,-0.656209059930539],[73.11217636634859,-0.656191227488495],[73.11204890213348,-0.656187614714373],[73.11193206272954,-0.656176877304229],[73.11184000161428,-0.656183970987053],[73.11175502058484,-0.656194631693705],[73.1116452586081,-0.656194589973205],[73.11159567397823,-0.656233778809354],[73.11152128432902,-0.656326423233827],[73.11147876774021,-0.656401258096397],[73.11143269706243,-0.656511734948988],[73.11135123534707,-0.656579426319095],[73.11129811267863,-0.656611485119938],[73.11125205804548,-0.656679189949343],[73.11120246671652,-0.656736200426573],[73.11120244797878,-0.656786101096802],[73.11117056554187,-0.656828860972411],[73.11115992869225,-0.656868064598356],[73.11111033066274,-0.656942896733151],[73.11108552294348,-0.657003480965455],[73.11105720397278,-0.656985648515588],[73.11103951382151,-0.656949998443581],[73.11097225777468,-0.656903636503661],[73.11091207377416,-0.656882227592882],[73.11085543717786,-0.656842998366321],[73.11079879388942,-0.656821590805402],[73.11070674620721,-0.656793041102533],[73.11061469451396,-0.656775184398111],[73.11054034234408,-0.656768027429588],[73.11045536270142,-0.656775123745131],[73.11041996902351,-0.656739466946291],[73.1103314620703,-0.65671091859489],[73.11029607107271,-0.656668133135607],[73.110264235508,-0.656586141377407],[73.1103032154037,-0.656500612239841],[73.11039884258159,-0.656425797649424],[73.11043427908632,-0.656347395817438],[73.11044492662828,-0.656279677550013],[73.11051929216758,-0.656251191176728],[73.11053347907381,-0.65618703858401],[73.11060076988821,-0.656140727849101],[73.11061849080912,-0.656094398260482],[73.11062205692618,-0.656026677291335],[73.11067519159592,-0.655962539499563],[73.11067875369606,-0.655905511525409],[73.11072480427397,-0.655848499700856],[73.11074251850225,-0.655819991768656],[73.11076378546713,-0.655759406187227],[73.11076735424241,-0.655684556546042],[73.11079216057234,-0.655627536640022],[73.11083467043366,-0.655570523458036],[73.1108382378637,-0.655499238146165],[73.11085594941352,-0.655477858873856],[73.11090551930792,-0.655477877702957],[73.1109692587111,-0.655460080245448],[73.11102946408806,-0.655424459774832],[73.11109320883699,-0.65539240497898]]]]}},{"type":"Feature","properties":{"OBJECTID":"58","wardName":null,"wardNameDI":null,"Shape_Leng":233.73858,"Shape_Area":1323.42389},"geometry":{"type":"MultiPolygon","coordinates":[[[[73.48229087975012,4.172449066694796],[73.48228986033071,4.172479919919881],[73.48229845839087,4.172503078412849],[73.48231669795013,4.172506970842308],[73.48233396532616,4.172516645722088],[73.48234356889743,4.172516664309939],[73.48236661764874,4.172516708920654],[73.48237141202897,4.172520575326072],[73.48239927092196,4.172515808064261],[73.48242136319854,4.1725139227113],[73.48243672503129,4.172515880553433],[73.4824540405383,4.172500486465252],[73.48249055578287,4.172488986660221],[73.4825020972695,4.172480330688493],[73.48252324697884,4.172468801144562],[73.48254343651071,4.172457269741621],[73.48256264735674,4.172455377903347],[73.48258378781007,4.172448669521194],[73.48259821723063,4.172436162009663],[73.48258959789779,4.17242361079957],[73.48258675903728,4.17240142841179],[73.48255028081712,4.172393643567616],[73.4825455382631,4.172362779187954],[73.48254075128662,4.172355055671625],[73.48253115882216,4.172349251871092],[73.48252060062725,4.172346339272438],[73.48251585067143,4.172319331100699],[73.48250051105315,4.172305802830006],[73.48249760646044,4.172318331738848],[73.48248322701943,4.172304805326084],[73.48248326404021,4.172285520670977],[73.48248234088409,4.172266234157661],[73.4824689253239,4.172250780595059],[73.48246899010992,4.172217032448781],[73.48248341211989,4.172208382954665],[73.48250360534693,4.172194922542326],[73.48252089307971,4.172193991941098],[73.48252277546415,4.17221424436642],[73.48254584922113,4.17220078952701],[73.48256309713584,4.172221071686408],[73.4825688590969,4.172221082836312],[73.48257363496833,4.172234591568194],[73.48256496936591,4.172246145274211],[73.48259088198365,4.172254873725702],[73.48260240405591,4.172255860077192],[73.48260429939756,4.172269363235162],[73.4825696749031,4.172296294309803],[73.48256098893951,4.172318454395359],[73.48257631375115,4.172339696889461],[73.48258877283928,4.172353220489569],[73.48260509484754,4.172355180185511],[73.48260698928816,4.172368683341804],[73.48260216529238,4.172380244481789],[73.48258773677392,4.172392751995516],[73.48261173924872,4.172395690609861],[73.48263958423158,4.172398637563438],[73.48266263298262,4.172398682164192],[73.48269342142574,4.172368850592228],[73.48271748867697,4.172338041957418],[73.48272426168676,4.17231202104058],[73.48273009952878,4.17227249882284],[73.48274167527133,4.172245523142593],[73.48274557425044,4.172215639537321],[73.48275140653634,4.172179010379049],[73.48274855656761,4.172162612302418],[73.48275145465301,4.172153940505037],[73.48272747534187,4.172138466506671],[73.48268523146768,4.172132598628115],[73.48267370939665,4.172131612278491],[73.4826516689492,4.172106499665917],[73.48264593660049,4.172091060972424],[73.48261616016867,4.172093896427642],[73.4825709885982,4.172112128788637],[73.48255271847876,4.172124628869781],[73.48251428570008,4.172134196862611],[73.48246619752688,4.172170744243098],[73.48242196851595,4.172198621684201],[73.48239214395535,4.17222652609452],[73.48238150986847,4.172263145950735],[73.48235841114139,4.172289136168759],[73.48234108823593,4.17230838646322],[73.4823333716978,4.172325728143091],[73.48230929242834,4.172362321974197],[73.48230346937524,4.172394129957606],[73.48229573337143,4.172422078016741],[73.48229087975012,4.172449066694796]]]]}},{"type":"Feature","properties":{"OBJECTID":"59","wardName":null,"wardNameDI":null,"Shape_Leng":132.61106,"Shape_Area":765.54283},"geometry":{"type":"MultiPolygon","coordinates":[[[[73.48305376321723,4.172179093406404],[73.4830839020156,4.172177997734778],[73.48309939693905,4.172167864426316],[73.48310590839618,4.172141074282637],[73.4831272917707,4.172135913723699],[73.48315563891484,4.172109519423751],[73.48319109032543,4.172111190535307],[73.48321706201114,4.172099466809388],[73.48325121424922,4.172098017145945],[73.48328015716878,4.172069069153423],[73.4832869571096,4.172048717756302],[73.483288803268,4.172047487769595],[73.4832876140289,4.172026503237503],[73.48328086854936,4.172018468450889],[73.48327720464648,4.172006118556071],[73.48326677513575,4.171996225403818],[73.48326127719596,4.171978318240655],[73.48325823322435,4.171963502430212],[73.48324841446122,4.171955460795205],[73.48324781939061,4.171944968980685],[73.48324540747636,4.171920897286451],[73.48324481567478,4.171909171016528],[73.48323931299868,4.171893732767865],[73.48322395931085,4.171887531668281],[73.48320736400589,4.17188811634991],[73.48318519972136,4.171907821250622],[73.48317476339373,4.171901012882437],[73.48315016588529,4.171907753488997],[73.4831298738081,4.171912651182054],[73.4831034221347,4.171924325142646],[73.48309664587474,4.171932333775161],[73.48306773019152,4.171947088669876],[73.48306032779244,4.171961267494348],[73.48303450197132,4.171967388941626],[73.48302033159659,4.17198525805836],[73.4830135612564,4.17199018099936],[73.48297112856915,4.172002441722748],[73.48296248956835,4.17202032063358],[73.48295633233919,4.172025862442833],[73.48294647094644,4.172040037412694],[73.4829359999943,4.172051742279986],[73.48292858574855,4.172072092482352],[73.48293407093773,4.172096170119529],[73.48293465799752,4.172110364397541],[73.4829309431771,4.172124550353227],[73.48292415862107,4.172136880034451],[73.48294012395367,4.172144933564072],[73.48297209071652,4.172141292020899],[73.48299604314495,4.172150595462488],[73.4830009803561,4.172140113446806],[73.48301145012394,4.172129026259404],[73.48301577303597,4.172118543959536],[73.48301764051267,4.172106204765062],[73.48302994578306,4.172099440386846],[73.48303547924223,4.172098834312368],[73.48304838578366,4.172098859279104],[73.48304652186155,4.172109346336153],[73.4830471041857,4.172126009528808],[73.48304585782995,4.172135263318809],[73.48302737993379,4.1721555921207],[73.48303348269077,4.172178437395954],[73.48305376321723,4.172179093406404]]]]}},{"type":"Feature","properties":{"OBJECTID":"60","wardName":null,"wardNameDI":null,"Shape_Leng":1103.21724,"Shape_Area":14529.45794},"geometry":{"type":"MultiPolygon","coordinates":[[[[73.48755281673337,4.170034583330548],[73.48755521534727,4.170006339072256],[73.48753415000041,4.169987465876247],[73.48749197879498,4.169970906066513],[73.48744512290331,4.169951983150521],[73.48742871073685,4.169951951510615],[73.48733022423434,4.169958823857749],[73.48728567692767,4.169958737970543],[73.48723172332654,4.169972758383652],[73.48722225939908,4.17001746752604],[73.48722220536871,4.170045716299684],[73.4871847278662,4.170026811451688],[73.48714721434402,4.170026739117656],[73.48712381792382,4.170000799199963],[73.48713795753757,4.169963161295597],[73.48709107464543,4.169958362747693],[73.48708638545574,4.169958353705627],[73.48700195302426,4.169972315329067],[73.48697848005725,4.169986394500837],[73.48696902512268,4.170026395506528],[73.4869619688214,4.170038152263031],[73.4869150634126,4.170045124024052],[73.48686113773019,4.17004502002433],[73.48680954313261,4.170051982734922],[73.48677427962842,4.170101350248149],[73.48677654765616,4.170141373857899],[73.48680697334525,4.170169681413561],[73.48680690128228,4.170207346437668],[73.48681856120356,4.170240325944562],[73.48683726842371,4.170266256825917],[73.48684189906358,4.170296868702602],[73.48682305221838,4.17034391380563],[73.48684177745604,4.170360428431618],[73.48681350267684,4.170433351053048],[73.48682983827797,4.170473401797747],[73.4868696288508,4.170508789637799],[73.48692117393709,4.170527721639249],[73.48691642619248,4.170558315428303],[73.48685780227393,4.170562910499252],[73.48680850719373,4.170593418359596],[73.48680605899595,4.170647557308579],[73.4868130162103,4.170687589964135],[73.48683166938213,4.170741769617178],[73.48685043066176,4.170739451734105],[73.48687377753497,4.170791286368671],[73.48689713792338,4.170836058811385],[73.48692991273788,4.170862016831616],[73.48696739927071,4.170876213575343],[73.48699084524522,4.17087625879889],[73.4870213024922,4.170888087909468],[73.48706822597067,4.170871699903135],[73.48710348500933,4.170824686447751],[73.48711058635718,4.170789389048974],[73.48715057511454,4.170721198053652],[73.48715062465277,4.170695303345775],[73.48714126878181,4.170683514937422],[73.48712725524156,4.170655239035385],[73.48714372596483,4.170624667850402],[73.48717422373775,4.170615310372951],[73.48723049856696,4.170613064822239],[73.48726331481907,4.170617836250715],[73.48730787116821,4.170613214023681],[73.48731732160206,4.17057556707532],[73.48736659866218,4.170554475433816],[73.4874486595559,4.170554633659227],[73.48747206500481,4.170575865447303],[73.48749312135553,4.170599446779355],[73.48752587818251,4.170634821037457],[73.48755874306491,4.170613697739979],[73.48755877007781,4.170599573351149],[73.48760097733094,4.170597300650989],[73.48761499539292,4.17062322248555],[73.48762429274656,4.170665613733921],[73.48765944370209,4.17067509779576],[73.48765702257127,4.170715112379048],[73.48764057437106,4.170733913256824],[73.48767801140211,4.170774004683238],[73.48771549345584,4.170790555459583],[73.48772487184785,4.170790573539773],[73.48776240342325,4.17078122959936],[73.48777398685948,4.170854228214621],[73.48777394634337,4.170875414799833],[73.48773166253906,4.170917706608629],[73.48770580442412,4.170952968765076],[73.48764947553208,4.170983463120121],[73.48761436058346,4.170955146534211],[73.4875698447322,4.170938582189101],[73.48754170054794,4.170943236070231],[73.48749942573626,4.170980819731158],[73.48746895046106,4.170978406894021],[73.48741499768322,4.170992427296872],[73.487349290391,4.171022903540304],[73.48733520478822,4.171032292669877],[73.4872484267309,4.171046249755975],[73.4872225415736,4.171095635369065],[73.48718735007944,4.171107337862149],[73.48709117650778,4.171130693097603],[73.48705835663567,4.171128275720517],[73.48703257506327,4.171123517845416],[73.4869715794741,4.171142232772097],[73.48693881365841,4.171111566620835],[73.48689902756527,4.171073824708584],[73.48686623022253,4.171059637004479],[73.48685443966184,4.171094925350029],[73.48681693059964,4.171092498917751],[73.4867770138702,4.171123024855408],[73.48676976833575,4.171233652289351],[73.486769646695,4.171297212014707],[73.48677425930259,4.171337240147936],[73.48677414666984,4.171396091745456],[73.48677403403549,4.171454943342886],[73.48678089211865,4.171546766310082],[73.48678310155238,4.171617392750684],[73.48678063530183,4.171680947951998],[73.48680872544185,4.17170454287651],[73.48683448450039,4.171721071085075],[73.48687436972963,4.171707023603038],[73.48690724819029,4.17167883816398],[73.48693308383933,4.171655347280796],[73.48700108624189,4.171650770326327],[73.48701277320143,4.171669625455022],[73.4870643543985,4.171669724961806],[73.48706665395059,4.171693270126779],[73.4870665863784,4.171728581089773],[73.48706649177637,4.171778016437922],[73.48707348503315,4.171799216584912],[73.4871226495636,4.17183697659595],[73.48714368790148,4.171869974202218],[73.48717645825371,4.171898286294382],[73.4872092556361,4.17191247399991],[73.48722330071793,4.171924271458307],[73.48724667915839,4.171959627651284],[73.48726777245882,4.171964376486097],[73.48729359910509,4.171945593719576],[73.48731941674164,4.171931519080659],[73.48733585597384,4.171917426350967],[73.48734764654117,4.171882137995508],[73.48733833570041,4.171846808938826],[73.48733842578291,4.171799727649012],[73.48733394376826,4.171691431637926],[73.48733172077515,4.171627867374435],[73.48730845042881,4.17153601363855],[73.48730148869201,4.17149833504082],[73.48726645031391,4.171429998436162],[73.48723833223646,4.171420527911156],[73.48717276903479,4.171375674065337],[73.48719160239695,4.171335691149564],[73.48721499884375,4.171361631079593],[73.48725720162878,4.171361712477609],[73.4872782814033,4.171373523499762],[73.4872994593601,4.171333545101381],[73.48733707652899,4.171279473966819],[73.48737468918867,4.171227756893061],[73.48740521851082,4.171201920962057],[73.48740532658815,4.171145423411659],[73.48742650452948,4.17110544500505],[73.48748745058563,4.17111262474964],[73.48755306332855,4.171131583855613],[73.48760231341234,4.171124616598811],[73.48764925941924,4.171096458234198],[73.48765165804676,4.171068213976265],[73.48769624594357,4.171047113281155],[73.48770332926382,4.171021232128028],[73.48776194873331,4.171018991069531],[73.48776670095822,4.170986043199755],[73.48781594743437,4.17098142999234],[73.48787226732097,4.170955643753175],[73.48789112314529,4.170903889573542],[73.48787243838149,4.170866188373969],[73.48787484600051,4.170833235981775],[73.48790535728807,4.170816816280208],[73.4879054428132,4.17077208904196],[73.48788676705207,4.170729679713197],[73.48792195852837,4.170717977178703],[73.48794779411762,4.170694486239069],[73.48794554404209,4.170645046350182],[73.4879433119697,4.170586190200397],[73.48794813169205,4.170517931346978],[73.48794826671778,4.170447309389901],[73.4879155953882,4.170367207001953],[73.48790870562324,4.170291863358492],[73.48785492392757,4.170216429336164],[73.48783394408329,4.170152828906182],[73.4877964746525,4.170129215948359],[73.48775435294118,4.170086761432514],[73.48774031687279,4.170070255862048],[73.48769345196247,4.170056041086594],[73.4876841455979,4.170018357969609],[73.4876583730505,4.170008891996922],[73.48760677394205,4.170018208828245],[73.48757151497847,4.170065222331218],[73.48751987985354,4.170093371673481],[73.48747531002611,4.170105056117987],[73.48740958481217,4.170144948653573],[73.4873790285301,4.170184908988151],[73.48737426279993,4.170224919045959],[73.48734844973279,4.170236639643354],[73.48731098122256,4.170213026667961],[73.48726411181916,4.170201165931127],[73.48722428430979,4.170184610624003],[73.48719143295394,4.170198671717658],[73.48713750725413,4.170198567733106],[73.48708360857438,4.170184339358984],[73.48709535857037,4.170170237579436],[73.48711650045668,4.170149091691212],[73.48713293513944,4.170137353017312],[73.4871751648742,4.170123310009409],[73.48722438336834,4.170132821205774],[73.48726887305156,4.170163509940455],[73.48733920641997,4.170165999623432],[73.48735096991918,4.17014483564446],[73.48739325818224,4.170100189783078],[73.48741909375406,4.170076698858887],[73.4874800712467,4.170067400122079],[73.48751994287724,4.170060414766377],[73.48755281673337,4.170034583330548]]]]}},{"type":"Feature","properties":{"OBJECTID":"61","wardName":null,"wardNameDI":null,"Shape_Leng":350.31762,"Shape_Area":3177.34007},"geometry":{"type":"MultiPolygon","coordinates":[[[[73.48285233802851,4.173462453217255],[73.48289225588884,4.173431927581473],[73.48291573804693,4.173413140478078],[73.48292288030379,4.173356656660192],[73.48292303846497,4.173274264575208],[73.48294426187257,4.173210745799457],[73.48294902337138,4.173173089919648],[73.4829586096269,4.1730648204202],[73.48296811002332,4.173001278956913],[73.48297058113711,4.172935369823531],[73.48297068505816,4.172881226451624],[73.48296141510065,4.172824710874152],[73.4830014133421,4.172751812142882],[73.48298749032753,4.172676455015446],[73.48296887359875,4.172603442875815],[73.48304152000203,4.172622415972977],[73.4830697319828,4.172582451388497],[73.48313067798573,4.172589631498764],[73.48313543042848,4.172556682827935],[73.48312610624487,4.172528415967161],[73.48314026869842,4.172479007923983],[73.48313566081426,4.172436625775449],[73.48310752563977,4.17243657134855],[73.48302077552079,4.172436403525928],[73.4829763094833,4.172393944268705],[73.48295759788041,4.17237036738413],[73.48292488194356,4.172313806448432],[73.48296018191526,4.172245606757548],[73.48296726540008,4.17221972570853],[73.48292509427716,4.172203165645497],[73.48288992532297,4.172203097606074],[73.48283592188817,4.172243012286355],[73.48281470304528,4.172304177007463],[73.48281465786401,4.172327717602585],[73.48279106730797,4.172403002141963],[73.48278860071554,4.172466557211302],[73.48275335493742,4.172506508171868],[73.4827345394144,4.172537074649982],[73.48273674845129,4.172607701873527],[73.48273661740859,4.172675969596344],[73.48272942997438,4.172755994004739],[73.4827621684952,4.172800784652486],[73.48276209167506,4.172840803662703],[73.48276898990495,4.172911439056813],[73.48278064059713,4.172949126693451],[73.48275008850563,4.172986732660352],[73.48278046887644,4.173038580951963],[73.48278265982626,4.173118624414232],[73.48277787572536,4.17316805058744],[73.48276137314299,4.17321510001349],[73.48276362735716,4.173262185739004],[73.48279875116427,4.173285794395705],[73.48277521929685,4.173330476149527],[73.48276106582716,4.173375176052344],[73.4827960811726,4.17345528213712],[73.48282180850761,4.173488288883167],[73.48283590322762,4.173474191751963],[73.48285233802851,4.173462453217255]]]]}},{"type":"Feature","properties":{"OBJECTID":"62","wardName":null,"wardNameDI":null,"Shape_Leng":142.27355,"Shape_Area":592.8924},"geometry":{"type":"MultiPolygon","coordinates":[[[[73.4834053665796,4.173618891837904],[73.4834670027544,4.173626947810765],[73.48349102036828,4.17360653386146],[73.48352844565969,4.173619313531182],[73.48356400334714,4.173607885090901],[73.48360026972358,4.173597493520553],[73.48364557209462,4.173590006168494],[73.48368591466955,4.17359537837228],[73.48370049787276,4.173616336362173],[73.483715964589,4.173635942222544],[73.4837036203215,4.173658322246488],[73.48373059839439,4.17368216653563],[73.48375786946247,4.173674894810634],[73.48379439012533,4.173660604089624],[73.48382034157322,4.173648191191993],[73.48383670274232,4.173620370118331],[73.48384281976087,4.173593070947108],[73.48386337409954,4.173582487996942],[73.48386155041091,4.17355698039416],[73.48385247449785,4.173529811007242],[73.48382965122869,4.173521605850892],[73.48377595007867,4.173548986626983],[73.48373844999894,4.173541851887536],[73.4836962833011,4.173522937774416],[73.48364004899628,4.173503996448852],[73.48358606443726,4.173534494921461],[73.48352747650107,4.173520257173541],[73.48348292003757,4.173524879117386],[73.48343734521296,4.173518983102001],[73.48338914411454,4.173519989562919],[73.48334924523077,4.173541098990947],[73.48335851972543,4.173595260516016],[73.4834053665796,4.173618891837904]]]]}},{"type":"Feature","properties":{"OBJECTID":"64","wardName":null,"wardNameDI":null,"Shape_Leng":984.44601,"Shape_Area":11859.42524},"geometry":{"type":"MultiPolygon","coordinates":[[[[73.48312242275702,4.173513255078049],[73.48306672064389,4.173514111349674],[73.48302442301177,4.173536207303152],[73.4829802744583,4.173521658321666],[73.48294763134,4.173516773968774],[73.48291499282472,4.173509961512339],[73.48291685950235,4.173537927259909],[73.48291874558943,4.173556251584388],[73.48289185889045,4.17355427053578],[73.48287547762023,4.173583165927697],[73.48284956680848,4.173573473416785],[73.4828322401681,4.173594652723962],[73.48284177155797,4.173632276573918],[73.48288880990302,4.173642009974757],[73.48288586923199,4.173672858585032],[73.4829059829027,4.173700860551003],[73.48293282703196,4.173725018415593],[73.48293949364992,4.173753958412814],[73.48293173267085,4.173794440964234],[73.48291868981833,4.173817547630494],[73.48293066882846,4.173848435064262],[73.4829815636127,4.173850462578616],[73.48297958401936,4.173881313954521],[73.48298912282206,4.173915079789221],[73.48302559186325,4.173927685804764],[73.48302073268327,4.173957567552666],[73.4829620204211,4.174025913631368],[73.4829468903121,4.174071200389061],[73.4829681954724,4.174084757394646],[73.4829685426425,4.174130063255416],[73.48298435962555,4.174156289774321],[73.48302101168368,4.174149108589253],[73.48305298708624,4.174164939024087],[73.4829967847568,4.174184229835373],[73.48297415466568,4.17420817709398],[73.48296115145956,4.174223764924977],[73.4829663566506,4.174267943398481],[73.48301603387162,4.174238901734599],[73.48304418632036,4.174246881193278],[73.48303076672848,4.17428793158869],[73.48303152726906,4.174337494203711],[73.48310781344182,4.174342990278554],[73.4831408881263,4.174400381238524],[73.48316287499881,4.174452491843157],[73.48313374369344,4.174461740499961],[73.48308398976047,4.174523691949955],[73.48313751291997,4.174562790961727],[73.48319018218196,4.174569521007236],[73.48319856831135,4.174623794764275],[73.48326035309744,4.174656757349532],[73.48327361558913,4.174693317655162],[73.48323932216624,4.174715231033053],[73.4832464296226,4.174765089907418],[73.48323423704022,4.174826200647704],[73.48320544307656,4.174826753557652],[73.48321343143057,4.174862078238278],[73.48330390650577,4.174867333177957],[73.48337595952927,4.174886307886363],[73.4833938202696,4.174893315125582],[73.4833811651282,4.174898846164298],[73.4832980182806,4.174886161566076],[73.48324368923022,4.174877872795363],[73.48317313719426,4.174899058514072],[73.48314614584945,4.174920591712852],[73.48312211393018,4.174909490208965],[73.48309082343073,4.174971336305237],[73.48304579631377,4.175008528074467],[73.48304881391257,4.175028158688511],[73.48305278696186,4.175054006869308],[73.4830974339893,4.175064652688537],[73.48313122677783,4.175047819091199],[73.48312858413793,4.175019142814985],[73.48318034470647,4.17501220612087],[73.48322216599492,4.175007440563312],[73.4833157829959,4.175094722296448],[73.48341889142874,4.175123170676386],[73.48355028517702,4.175073989509587],[73.48370020893965,4.175142547622203],[73.48368885572064,4.175222031328679],[73.48370137251179,4.175247284693993],[73.48369058198732,4.175272002791441],[73.4837005031147,4.175302283940333],[73.48368993245985,4.175329769827977],[73.48367028330244,4.175328623954607],[73.48365140682513,4.175344449130543],[73.48365205240941,4.175364752529167],[73.48367394114337,4.175371348839255],[73.4836593516404,4.175413256134648],[73.48368745829144,4.175450281979494],[73.48369446004286,4.17548624052608],[73.48370872163943,4.175503476432303],[73.4837109684082,4.175531456489636],[73.48373901095789,4.175535247602996],[73.48375809208976,4.175524019723036],[73.48377715015236,4.175544048554114],[73.48376988280798,4.175561047456317],[73.48375499870191,4.175556532086008],[73.48373242110476,4.175581735628097],[73.48374046792954,4.175615234508895],[73.48375704644984,4.175623906015171],[73.48376933164596,4.175627632269927],[73.48379042546425,4.175625560485776],[73.48379722914757,4.175646925773011],[73.48377293395562,4.175672070825617],[73.48378013002899,4.175712846411756],[73.48382334797859,4.175728950013267],[73.4838328931469,4.175748155549543],[73.48384967928648,4.175781933609321],[73.48387452355415,4.175777162309147],[73.48394503717398,4.175849243017927],[73.48397301071171,4.175934044545686],[73.48405953985088,4.176049561375399],[73.48411831756297,4.176053722150851],[73.48415803152967,4.176040335667094],[73.48414196559038,4.175979531967923],[73.48410898901196,4.175939015790969],[73.48412046879842,4.175917951762002],[73.48413963410918,4.175911677259755],[73.48413006958685,4.175864067301376],[73.48410224035818,4.175821863586478],[73.48411120508625,4.175748339547932],[73.48414436452586,4.175737221193689],[73.48416145347191,4.175768577940314],[73.48419246539812,4.175770683618125],[73.48418006419409,4.175686129266444],[73.4842158596663,4.175636272887681],[73.48416943012678,4.175611956859641],[73.48413944537643,4.175559928447786],[73.48414261772753,4.175520055580352],[73.48418138092033,4.175497994358137],[73.48417305597394,4.17541556230541],[73.48419686896806,4.175350667523013],[73.48418927191942,4.175257382654904],[73.48420843515915,4.175220258343631],[73.48419866559868,4.17516308249118],[73.48417358116514,4.175108076437281],[73.48417175586398,4.174997507603542],[73.4841550791586,4.174909507482839],[73.48417205185612,4.174854043778181],[73.48415251859875,4.174819725027283],[73.48392890663999,4.174819179425838],[73.48371469504409,4.174834452156495],[73.48358417467131,4.174817198404392],[73.48352035659885,4.174786735190363],[73.4834619945229,4.174654793496201],[73.48350391763265,4.174609174210909],[73.48349327247568,4.174529070957192],[73.48344327018985,4.174502680619765],[73.48334395750476,4.1744991115331],[73.48328186126385,4.174444932797266],[73.48323608753859,4.174279399224644],[73.48324739034081,4.174213038713956],[73.48323048324936,4.174188328520304],[73.48318379327951,4.1741749285908],[73.48317882826146,4.174078828129116],[73.48322123850222,4.174034686628],[73.48321035033065,4.173906633347643],[73.48323096761487,4.173872179761662],[73.48324380223013,4.17381818582067],[73.48320984168922,4.173775099345771],[73.48324589300618,4.173639769912243],[73.48324150226637,4.173587971906525],[73.48325781029635,4.173538568018124],[73.483222695496,4.173510251253193],[73.48312242275702,4.173513255078049]]]]}},{"type":"Feature","properties":{"OBJECTID":"65","wardName":null,"wardNameDI":null,"Shape_Leng":283.21737,"Shape_Area":2629.49494},"geometry":{"type":"MultiPolygon","coordinates":[[[[73.48482303453017,4.17649360442667],[73.48484080512898,4.176491443192943],[73.48485352803307,4.17648660119511],[73.48485744257086,4.176482948266583],[73.48486053809606,4.1764772091593],[73.4848692564379,4.176447308348635],[73.48487269411348,4.176442377059313],[73.48487706448073,4.17643956531218],[73.48489113666719,4.176437238458513],[73.4849038787631,4.176429395204823],[73.48491227430308,4.176418446777323],[73.48491391346163,4.17640494855199],[73.4849099884054,4.176387838538127],[73.48490345118466,4.176377098033776],[73.48489274898947,4.176367101923927],[73.48487929498549,4.176359183769176],[73.4848655040164,4.176354795519997],[73.48484922637645,4.176355729874774],[73.4848444025139,4.176354754708242],[73.48483963959109,4.176349509735271],[73.48483636981909,4.176340352510465],[73.4848355226914,4.176329950023892],[73.48483743191038,4.176321784243359],[73.48484170996218,4.17631620275497],[73.48484917754882,4.176310036609035],[73.48485944718055,4.176306755800687],[73.48488571111761,4.176306802942733],[73.48489373871182,4.176303060580737],[73.48489669890344,4.176297486253814],[73.48490002545527,4.176279446175842],[73.4849031758678,4.176272475918248],[73.48490918477057,4.176267900255582],[73.48492630606619,4.176260724035817],[73.48493134281512,4.176256051899465],[73.48493583828585,4.176240861037349],[73.48493563712084,4.176233550710746],[73.48493374161923,4.176227807694601],[73.4849243812392,4.176218373311138],[73.48492565234291,4.176215180225801],[73.4849337822637,4.176206621140224],[73.48493676617272,4.176196682050943],[73.4849368885029,4.176184112237218],[73.48493410520918,4.176171258371165],[73.4849291788462,4.176161884901407],[73.48492538527509,4.176159180624238],[73.48491967560994,4.176157912834071],[73.4848852546569,4.176160471171116],[73.4848780267265,4.17615955891323],[73.48487291721779,4.176157067955312],[73.48486744039388,4.176147802654787],[73.48486112824949,4.176118606413465],[73.48485817865266,4.176113308842756],[73.48485425065523,4.176109950449788],[73.48483784741312,4.176105210585979],[73.48482612436001,4.176105187913791],[73.48482492789184,4.176108451381639],[73.48482609274619,4.1761216663442],[73.48482238775696,4.176130978370937],[73.48481627707122,4.176139624390585],[73.48480940097849,4.176145347600884],[73.4848025969598,4.176147515675186],[73.48479087842264,4.176145138940783],[73.48478906612907,4.17614082369449],[73.4847919876363,4.176125287802391],[73.48479092810288,4.17611924426487],[73.48478390782019,4.176112168476777],[73.48476913184811,4.176104715167789],[73.48474407202302,4.176100321080759],[73.48472399742023,4.176098670120103],[73.48470890286562,4.176100253059537],[73.4846830895672,4.176111973482959],[73.48467240777123,4.176112488283356],[73.48464460465372,4.176107766979095],[73.48463830080728,4.176108768811697],[73.48463385274768,4.176111878248709],[73.48462679181524,4.176125989011184],[73.4846173673634,4.176131335499039],[73.48460567677041,4.176133010378962],[73.4846014935668,4.176131635807068],[73.48459740716861,4.176128190600394],[73.48457994025951,4.176104711757334],[73.48456141376903,4.176091117908613],[73.48454715185149,4.176085815774508],[73.48453308419,4.176085788562768],[73.48453009342626,4.17608921281974],[73.48452655516483,4.176102805548186],[73.48452366509478,4.176106956971885],[73.48451310946342,4.176109247642373],[73.48450256270155,4.176106916151599],[73.48449900886371,4.176102343985693],[73.48449322491558,4.176085711459724],[73.48448134613172,4.176069999561665],[73.48446982398656,4.176062125494078],[73.48445810545338,4.176059748755518],[73.48444168866557,4.176062071067875],[73.48443572282926,4.176065844760657],[73.48442055103564,4.176080862735922],[73.48440893435503,4.176084276768553],[73.48437916280336,4.176085223846253],[73.48437323767487,4.176087059478082],[73.48436895154367,4.176090179194051],[73.48436573227248,4.176095659310581],[73.48436096000098,4.176113682584645],[73.48435716976391,4.17612075930759],[73.48434578589921,4.176130744931596],[73.48433604116624,4.176134842850119],[73.48433026333552,4.176132413221171],[73.48432452537733,4.17612481016356],[73.48431905383734,4.176112167730728],[73.48431501195938,4.17609713705142],[73.48431401666328,4.176085384142717],[73.48431506165464,4.176071242381187],[73.48432663890055,4.176043261068238],[73.4843268524697,4.176035954146677],[73.48432080286392,4.176031920625258],[73.48430958849295,4.176029880482312],[73.48429692853496,4.17603046505333],[73.48428699862016,4.17603352297491],[73.48427760662746,4.17604056701356],[73.48427186993227,4.176051113068165],[73.484268169456,4.176071151660834],[73.48426772916301,4.176083915555722],[73.48427104150979,4.176112192509492],[73.48427041467215,4.176122945536275],[73.48426762858767,4.176132016878006],[73.48426254333813,4.176141452540005],[73.48423268482395,4.176178408090648],[73.48422338241015,4.176195830697698],[73.48421340471153,4.176233616076368],[73.48420997383889,4.17626432096621],[73.484210784547,4.176276421889902],[73.48421326336243,4.176286326679556],[73.4842174001581,4.176293995863956],[73.48422318360926,4.176299409373745],[73.48423129282132,4.17630223492404],[73.48425445920263,4.176304997780132],[73.48426302391617,4.176308902736114],[73.48426763291906,4.176315440310845],[73.4842746928454,4.176334116265865],[73.48427937745491,4.176339537281872],[73.48428715500448,4.176341016795525],[73.48430777151128,4.176338062484211],[73.48431454661593,4.176339605326262],[73.48432277405173,4.176347292710932],[73.48433091822935,4.176360823628139],[73.48433790236389,4.176386731907066],[73.48434448185922,4.1763945275492],[73.48435420407706,4.17640136942934],[73.48436657511505,4.176406877912285],[73.48438006018014,4.176410355072094],[73.48439519070573,4.176412344078528],[73.48440350629062,4.176410400432952],[73.48440637480438,4.176406825638351],[73.48441292087907,4.176391585184599],[73.4844212766765,4.176386954197503],[73.4844332538713,4.176385332622652],[73.48444656481682,4.176387047583467],[73.4844574684888,4.176391671367376],[73.484469168956,4.176403464352029],[73.48448144580702,4.176408398958042],[73.48450197995744,4.176410590940899],[73.48451095368453,4.176409800838159],[73.48453433150311,4.176403993416091],[73.48454000736548,4.17640411973116],[73.48454419289448,4.176405964462794],[73.48454788773549,4.176411331384913],[73.48455263631318,4.176427808297007],[73.48455586174174,4.176434235874907],[73.48456265882628,4.176443167637959],[73.48456756221134,4.176446028858845],[73.4845792943028,4.176441343414351],[73.48458161181004,4.176455472317145],[73.48458764740226,4.176462811345644],[73.4845956568918,4.176467269836489],[73.48460737994903,4.176467292514087],[73.48461317742421,4.176462515732958],[73.48462384191882,4.176441429588694],[73.48463941394381,4.176428956726297],[73.48464608501274,4.176425915642112],[73.48465200887561,4.176425005584345],[73.48466248127428,4.176428107714874],[73.48467543240422,4.176436821243741],[73.48468042849753,4.176442555995397],[73.48468931769696,4.176457743652712],[73.48469413960859,4.176462752200196],[73.48470650018047,4.176469230208429],[73.48471991226775,4.176472218332775],[73.48473119798511,4.176472153666401],[73.48473867367747,4.176469900552555],[73.48474178594901,4.176466668020804],[73.48474702276089,4.176455143476213],[73.48475043287041,4.176451090736967],[73.48476216496186,4.176446405289367],[73.48476762301453,4.176447004424305],[73.48477262519874,4.176451057094917],[73.48478952681272,4.176482414458505],[73.48479439690875,4.176488140507492],[73.48479959292939,4.176491205016017],[73.4848099498963,4.176493280092226],[73.48482303453017,4.17649360442667]]]]}},{"type":"Feature","properties":{"OBJECTID":"66","wardName":null,"wardNameDI":null,"Shape_Leng":1049.9038,"Shape_Area":11815.9889},"geometry":{"type":"MultiPolygon","coordinates":[[[[73.48499295560026,4.176453913868556],[73.4850019613318,4.176452424607629],[73.48500434353602,4.176448173239916],[73.48500500015298,4.176432844582608],[73.48501103268232,4.176418362869348],[73.48501855110919,4.176408764854632],[73.48502640069458,4.176403663112585],[73.48503657503339,4.176399759646084],[73.48504337834322,4.176399225748255],[73.48505990882383,4.176401363831046],[73.48506658660403,4.176399817683611],[73.48508012599687,4.176381764641066],[73.48508609014725,4.176378655829824],[73.48510565303617,4.176372774844203],[73.48512040344137,4.176359383577376],[73.4851266926552,4.176356242981441],[73.48513408126479,4.176355275534728],[73.48513869674281,4.176356266193921],[73.48514468189809,4.176365316928059],[73.4851517310861,4.176367134696005],[73.48516268848024,4.176365351747244],[73.48518222458479,4.176350323652653],[73.48519674582882,4.176347912644399],[73.48521073463128,4.176350378780551],[73.48522272517025,4.17635793535332],[73.48522930085929,4.17635621929952],[73.48523924846882,4.176348927237187],[73.48525278207771,4.176333887533894],[73.4852620240847,4.176329620002713],[73.48529006653689,4.176326471450481],[73.48530082334982,4.176321927001771],[73.48530596922085,4.176315753506636],[73.48531516556059,4.176298590537313],[73.48532038545743,4.176293339758398],[73.48533054028543,4.176291407972026],[73.48535626696766,4.176296687038889],[73.48536689630666,4.176296443038542],[73.48538458402798,4.176289727007075],[73.4853984402852,4.176279931474573],[73.48541198255901,4.176260371750664],[73.48541659726042,4.176258191379903],[73.48542290894228,4.17625773784696],[73.4854526871208,4.176262545438979],[73.48545788465195,4.176261575267592],[73.4854615042249,4.176258960812268],[73.48546904111336,4.17624089615455],[73.48547155500033,4.176229915439027],[73.48547428246856,4.176203213002496],[73.48547814020056,4.176191195188476],[73.48549468949605,4.176168627919455],[73.48549797866364,4.17615616980864],[73.485499252038,4.17613699831545],[73.4854992722629,4.17612645161028],[73.4854902714103,4.176124928436908],[73.48548486716645,4.176121746595849],[73.4854799169517,4.176116205297705],[73.48547231394743,4.176099281104995],[73.4854704971703,4.176085999671398],[73.4854723601744,4.176075175254912],[73.48547666861563,4.176067900855586],[73.48548289053876,4.176061636416246],[73.4854949061808,4.176055632932982],[73.48550072110851,4.176055030242473],[73.48551607114193,4.1760568328543],[73.48552191848675,4.176054178472607],[73.4855249312899,4.176048157585457],[73.48552790873102,4.176047232079013],[73.48553141549526,4.176052014727638],[73.48554137368531,4.176081335376599],[73.48554306952528,4.176090853414557],[73.48554239888952,4.176102422210129],[73.48553244195259,4.176142813854454],[73.48553054895574,4.176156182468413],[73.48553219820023,4.176167894123474],[73.48553819132864,4.176176245403418],[73.4855531793293,4.176185313539166],[73.48557206729194,4.176189541860488],[73.4856011908018,4.176188419704301],[73.48561510796681,4.176187601425769],[73.48562220440904,4.176185446968449],[73.48562630705135,4.176180965686349],[73.48563283402976,4.176166704874412],[73.48563725397682,4.176162877700262],[73.48564625970629,4.176161388430261],[73.48565224512605,4.176157202094719],[73.48566430384292,4.176141837400873],[73.48567388106619,4.17613670501287],[73.48568597781019,4.176134922078962],[73.48570171373741,4.17613645010761],[73.4857379537561,4.176144777511763],[73.48575334504734,4.176146958302625],[73.48576824257675,4.1761458888904],[73.48577984934039,4.176140554056603],[73.48579187455015,4.176130030553017],[73.48579688450296,4.176129623651788],[73.48581437632504,4.17613308739936],[73.48582067766584,4.176130278326989],[73.4858270202898,4.176124850362558],[73.48583843450675,4.176107521275779],[73.48584296526168,4.176092464156753],[73.48584987173324,4.176087432504276],[73.48587503763615,4.176083847732583],[73.48588350629095,4.176078983310923],[73.485891043168,4.176060918644881],[73.48590307415041,4.176047382698033],[73.48591196933819,4.176043686869563],[73.48593910175498,4.176039918933412],[73.48595506375156,4.176032103236333],[73.48597215121706,4.176020396891338],[73.4859811693994,4.176012880928359],[73.48598438543299,4.176006294811621],[73.48598872648934,4.175984270457008],[73.48600226675703,4.175966217389835],[73.48601301813574,4.175957520450488],[73.48602480408904,4.175951194159971],[73.48603763025056,4.175948856635972],[73.48604131870833,4.175946706942438],[73.48604135047577,4.175930134448652],[73.48604502498145,4.175922885185941],[73.4860518828194,4.175915088019387],[73.48606540575604,4.175906074985595],[73.48607354461105,4.175904622344078],[73.48609215279853,4.175906676973995],[73.48609991829164,4.175906141673985],[73.48611254911062,4.175901890561833],[73.48612394758028,4.17589564135735],[73.48613725774189,4.175883020032987],[73.48614951701767,4.17586405232935],[73.48615705478646,4.175845987659457],[73.48616305219562,4.175842249191938],[73.48618164932964,4.175838891962419],[73.48618858628858,4.175835501835378],[73.48619541078816,4.175827495390897],[73.48620062592587,4.175817445862729],[73.48620154603194,4.175809635900458],[73.48619883470975,4.175790478007128],[73.48620069233965,4.175782794199933],[73.48620520485926,4.175776776205481],[73.48621270797521,4.175776790702058],[73.48621768161885,4.175774897625323],[73.48622241814994,4.175770728056621],[73.48623376199775,4.175752726335888],[73.48624582383215,4.175722616978251],[73.48626589241063,4.17569279457173],[73.48627141148367,4.175681987907694],[73.4862789838946,4.175645844066396],[73.48628043741931,4.175669952823172],[73.48628565080521,4.17568311775809],[73.48629090713294,4.17568805228534],[73.48629643433034,4.17568650021431],[73.48629691540017,4.175685050536225],[73.4863059269002,4.175680547910687],[73.48629643433034,4.17568650021431],[73.48629690096294,4.175692583899979],[73.48630029312847,4.175694254894765],[73.48630890215958,4.175694113763609],[73.48632052363357,4.175691677923274],[73.48633256646131,4.175684825754201],[73.48634348217108,4.175674406424896],[73.48635097843776,4.175662555708747],[73.48635552650045,4.175638459449737],[73.48636083778561,4.175631741390873],[73.48636755368217,4.175626429257021],[73.48637956642736,4.175621932428041],[73.48640211529093,4.175600883394043],[73.48642613590503,4.175594903986108],[73.48644416846422,4.175581378713767],[73.48646647192294,4.175562607554545],[73.48647724387956,4.175548297487047],[73.48648327812644,4.175531736584293],[73.48649096294277,4.175522734060785],[73.4865188703187,4.175505979512062],[73.48652836429473,4.175495665196854],[73.48653288637139,4.175485127181959],[73.48654641128252,4.175474607460376],[73.48655326983051,4.175462743170092],[73.48655660123568,4.175446944903149],[73.48655580818318,4.175430028121923],[73.48655102573078,4.175415858624479],[73.48653455352044,4.175397747571068],[73.48653220488467,4.175390840590501],[73.4865298580201,4.175372001702544],[73.48652561130424,4.175366091859609],[73.48651944349092,4.175365035969884],[73.48650760473346,4.17536605708005],[73.48649704351743,4.175368504173093],[73.48647468063373,4.17537761780562],[73.48646556312156,4.175379535077112],[73.48645295426613,4.175381546206562],[73.48644905717356,4.175379503194645],[73.48644906583438,4.175374983176065],[73.48645269883619,4.175367889658308],[73.48646410291389,4.175358439662671],[73.48647348200379,4.175353370596983],[73.4864989403821,4.175346042104857],[73.4865076566943,4.175338937872128],[73.48651369959781,4.175317856949433],[73.4865227255246,4.175305821859148],[73.48652776758838,4.175303721818609],[73.48654374199931,4.175301342415771],[73.48655956174775,4.175292392446246],[73.48656928920633,4.175281805841466],[73.48657084978376,4.175273905942522],[73.48656668894606,4.175250806683789],[73.48656786651944,4.175241124582208],[73.4865783988399,4.175226079042942],[73.48660394604337,4.175206542466272],[73.48661287757653,4.175195754146609],[73.48661899177566,4.175185478928524],[73.48662604444128,4.17516194633841],[73.4866266412038,4.175151910375893],[73.48662507219595,4.175144812158829],[73.48661797093398,4.175138607712804],[73.48660427190659,4.1751353690719],[73.48658454081382,4.175135378773449],[73.48656356093167,4.175138666648534],[73.48653803104843,4.175149164091085],[73.4865182667766,4.175164887079922],[73.4865094835027,4.175168694870824],[73.48649597790254,4.175168668785842],[73.4864932469838,4.175166538845591],[73.48649211006713,4.175162390000299],[73.48649501727414,4.175137313944187],[73.4864930554961,4.17512798463121],[73.48648587424887,4.175120237359877],[73.48647507779813,4.175112883123965],[73.48646149248044,4.175107470898656],[73.48644608123786,4.175104924695871],[73.48643200505256,4.175105732329889],[73.48642106297594,4.175109766343795],[73.48641574223151,4.175115422649643],[73.4864060172131,4.175133128468976],[73.48640000032094,4.175138350742253],[73.4863899671157,4.175141276541915],[73.48638198798258,4.175141329307358],[73.48637957940483,4.175139358168989],[73.48637880520104,4.175135258818427],[73.48638293233257,4.175110549933735],[73.48638206592511,4.175100650949747],[73.48637764447872,4.175090937413045],[73.48637309196081,4.175085567736476],[73.48635959502361,4.175081021631235],[73.48633180883125,4.17507738649205],[73.48631871014055,4.17507826673077],[73.4863070759573,4.175080920185637],[73.48629230717242,4.175087421785997],[73.48627845100154,4.175096696530357],[73.48626755049642,4.175107352536948],[73.4862604872057,4.175118495341298],[73.48625853858259,4.175127286917681],[73.48625833993886,4.175149192942956],[73.48625591027758,4.175157658327511],[73.48624237292185,4.175174204733853],[73.48622080610606,4.175187085220771],[73.48621532599367,4.175193738398708],[73.4862131132676,4.175205460869369],[73.48621528846097,4.175213324239543],[73.4862212822877,4.17521785585334],[73.48622125630403,4.175231415003354],[73.4862317395477,4.175241982002971],[73.48623277179908,4.175252783562177],[73.48622869499594,4.175264575391511],[73.48622496513507,4.175268002837855],[73.4862091647109,4.175276590184252],[73.48620013011909,4.175293145287449],[73.48619513815513,4.175296445152761],[73.48618824046075,4.175297659209535],[73.48615886445388,4.175293825317886],[73.48614760725434,4.175294550496889],[73.48613409389256,4.175299044424607],[73.48612807408037,4.175308071959541],[73.48612503331312,4.175329158675581],[73.48611804121394,4.175344545885742],[73.48610998377868,4.17535172886885],[73.48609947743563,4.175353215248656],[73.48609560928544,4.175356321882425],[73.4860882990351,4.175366925925327],[73.4860844432388,4.175368252079689],[73.48607844941066,4.175363721369145],[73.48607696611415,4.175354678434262],[73.48607246424726,4.175354669736423],[73.48606717191552,4.17535773380163],[73.48605829989414,4.175373227537099],[73.48605291374469,4.175377231231667],[73.48604241028917,4.175377210937978],[73.486038674894,4.175374918145393],[73.48603537385974,4.175370534618024],[73.48603044573713,4.175356095231387],[73.48603047461258,4.175341029410009],[73.48603573738343,4.175334607842241],[73.48605679642722,4.175325789072785],[73.48606352782664,4.175320000681393],[73.48606712150779,4.175300989161742],[73.48606957561492,4.175295906419456],[73.48607631864556,4.175291259577507],[73.4860891001263,4.175286904976384],[73.48612211868877,4.175283955411196],[73.48613993356615,4.175275750921307],[73.48615066335671,4.175265931323289],[73.48615436595612,4.175257708619577],[73.48615623723853,4.175247448734515],[73.4861560207476,4.175236567778351],[73.48615373967031,4.175226765440924],[73.4861492551284,4.175217716707854],[73.48615140635404,4.175212190209601],[73.48616369440346,4.175202676905971],[73.48616729922674,4.175198165654],[73.48617041844642,4.17518107030835],[73.4861696272004,4.175172043102709],[73.48616736274478,4.175165020663868],[73.48616427217553,4.175161566912681],[73.48615913714895,4.175159335041392],[73.4861281640606,4.175156399883469],[73.4861163702863,4.175151362048652],[73.48611037934653,4.175145324666222],[73.48610440374644,4.175131753017972],[73.48610383804365,4.175124697577932],[73.48610618956909,4.175107500092615],[73.48610446437868,4.175100114701423],[73.48609997406284,4.175094079313726],[73.48609154555437,4.175088223755591],[73.48607962155756,4.175085060744755],[73.48606526097178,4.175084950175074],[73.48605196751483,4.175087960760083],[73.4860432865829,4.175092945239429],[73.48603464865727,4.175101135648447],[73.48602665069596,4.175111994155582],[73.48602038696109,4.175124058214111],[73.4860181615258,4.175135638776402],[73.48601585622141,4.175139115337751],[73.48600685050346,4.17514060461658],[73.48600687360265,4.175128552140403],[73.48600435822205,4.175119316972181],[73.48599937704954,4.17511005043859],[73.48599244114037,4.175101708802265],[73.48598442870255,4.175095362761292],[73.48596943493482,4.175089307984376],[73.48595973610898,4.175088689917591],[73.48593554953496,4.175092156642761],[73.48593063246118,4.175091432550754],[73.48592741932852,4.175089226806409],[73.48592566443158,4.175083285040497],[73.4859263180084,4.175065189132195],[73.48592447583799,4.175059088461807],[73.48591399169898,4.17504852236307],[73.48590621093467,4.175045227697811],[73.48588099426438,4.175040925217216],[73.48586767075632,4.175034564818838],[73.48586151018567,4.175028835050706],[73.485860341746,4.175023531278556],[73.48586235140311,4.175008409053472],[73.48586155927667,4.175003222523139],[73.48585901505312,4.175000999027216],[73.48585450070077,4.175000005872977],[73.48582494635174,4.175003010629887],[73.48582017156295,4.175002314470247],[73.48581804883138,4.175000125096656],[73.48581867388668,4.174994940962701],[73.48582710165014,4.174974530870893],[73.48582767694418,4.174957688052783],[73.48582415527457,4.174945899199876],[73.4858196649619,4.174939863811651],[73.48581436911692,4.174937393777538],[73.48579716520466,4.174935301207997],[73.48579357827128,4.1749311565751],[73.48579300113265,4.174924258857642],[73.48580753846073,4.174879295337354],[73.48580792722066,4.174870290472358],[73.48580480403433,4.174864504814326],[73.48579403040102,4.174858642479188],[73.48577631424688,4.174853903925057],[73.48575889426272,4.174850862089949],[73.4857493068552,4.174852345062884],[73.48574534818681,4.174855697064829],[73.48574188864282,4.174861339786082],[73.48573574729845,4.174880943935079],[73.48573418603168,4.174912580251177],[73.48572063134796,4.174938165776022],[73.48571877949298,4.174947111748262],[73.48571912192823,4.174957640950472],[73.48572865392632,4.175002830857168],[73.48572846408386,4.175011793314321],[73.48572647788579,4.175019534065478],[73.48571060483815,4.175041752806465],[73.48570691294756,4.175049628913471],[73.48570536900577,4.175072225194664],[73.48568883130176,4.175088765789963],[73.48568757935506,4.175095295901349],[73.48568877642946,4.175117390755744],[73.48568500463153,4.175128106584915],[73.48567973515475,4.175136959192603],[73.48567260411512,4.175144941654808],[73.48566620735485,4.175148986473845],[73.48564970141783,4.175148954576302],[73.48564176699553,4.175151480333547],[73.48563618517252,4.175154954263262],[73.48562865606925,4.175168499813972],[73.48561663755679,4.175176009072709],[73.4856076824681,4.175177352297128],[73.48558665571876,4.17517455650969],[73.48557912381762,4.175175936574474],[73.48556710440232,4.175183446734792],[73.48554832239674,4.17518345524759],[73.48554309246877,4.175184907006281],[73.4855340723103,4.175193928735907],[73.48552883376519,4.175196236126297],[73.48552229444658,4.175196442048692],[73.4854922236601,4.175187575597582],[73.48548006418791,4.175187798547535],[73.48546731472645,4.175194343204367],[73.48545301923782,4.175205825505112],[73.48543908699014,4.17522104538595],[73.48543045304295,4.175235913635482],[73.48542645163712,4.175248669825336],[73.48542447545023,4.175261472682801],[73.48542479593114,4.175272476113062],[73.48542736513903,4.175281106190497],[73.48543470672757,4.175288941979875],[73.48546183231937,4.175305278749216],[73.485478303595,4.175323389813811],[73.4854925608453,4.17532975962102],[73.48551729774226,4.1753340110209],[73.48555197931049,4.175339965474632],[73.48556149526023,4.17533853176882],[73.48556831618423,4.175334109625325],[73.48557282960427,4.175328091636982],[73.48558194153479,4.175325450928142],[73.48559383741019,4.175328132238069],[73.48560282579835,4.175335682998762],[73.48561369961591,4.175340713863553],[73.48563131938367,4.175344778133468],[73.48565965892747,4.17534773998029],[73.48568533907306,4.175344882530767],[73.48569729229665,4.175342061667816],[73.48570335718985,4.175338890639691],[73.48570944937872,4.175323935906677],[73.48571239557992,4.175320828875656],[73.48571834653572,4.175319819972746],[73.48572439965507,4.175320852073422],[73.48573338605914,4.175329908602754],[73.48574388662428,4.175331435572729],[73.48577761269512,4.175334450792495],[73.48578871792634,4.175333201605175],[73.48579790920375,4.175330033289523],[73.48581744526915,4.175315005164981],[73.4858250884539,4.175313709543092],[73.48584346725262,4.175315125760697],[73.48585046094166,4.175313562284496],[73.48585797181534,4.175309056763724],[73.48586895351822,4.175305604394823],[73.48588001577542,4.175304268437128],[73.4858869714495,4.175305516688275],[73.48588948397807,4.175309117654272],[73.48588796891617,4.175316648117029],[73.48588463200365,4.175321656627115],[73.4858786580903,4.175325750705232],[73.48585792849667,4.175331655946159],[73.48584058092301,4.175330476382024],[73.48583542006598,4.175331612452395],[73.48583153995844,4.175337209028828],[73.48582636525008,4.175358714255153],[73.48581938225838,4.175370017705288],[73.48581282589564,4.175376767323627],[73.48578730177883,4.175384251390411],[73.4857811165963,4.175391193351718],[73.48577251950232,4.175410261100187],[73.48576773105354,4.17541735867765],[73.48575699916356,4.17542733262935],[73.48574669147384,4.17543389057204],[73.48572800388169,4.175441269304018],[73.48572160541273,4.175441630069836],[73.48571666927762,4.175439859265133],[73.48571067834233,4.175433820975592],[73.48570165139049,4.175431477268097],[73.48567838190226,4.175434862969925],[73.48567166685557,4.175432238904982],[73.48566723238655,4.175417411419539],[73.48566419840463,4.175414145241057],[73.48565669619477,4.175414130742229],[73.4856476837966,4.175418633358342],[73.48563966427623,4.175428114453552],[73.48562996072465,4.175460398349788],[73.48562648182613,4.175466866936312],[73.4856220730269,4.175471314874062],[73.48560929661461,4.175478353196611],[73.48559654403236,4.17548181137478],[73.48558079506427,4.175482196198297],[73.48557254075358,4.175478752531488],[73.48556992778762,4.175470219305828],[73.48557108057112,4.17545765712407],[73.48557551850915,4.1754481838673],[73.48558311930951,4.175439601162053],[73.48560018796091,4.175433591670147],[73.48560414445004,4.175430601730298],[73.48560621233611,4.175421542879255],[73.48560418777699,4.175408002550585],[73.48559969642433,4.175397994870395],[73.4855922212511,4.175388393515424],[73.48558471025467,4.175382438889147],[73.48557505167071,4.175377524102391],[73.48556446881734,4.175374276622464],[73.48555473638699,4.175373255194355],[73.48554862708059,4.17537466464279],[73.4855424138243,4.175378703779526],[73.48551780989379,4.175407153295249],[73.48551140000389,4.175412405153786],[73.48550513678246,4.175415344499719],[73.48549672971383,4.175415870683294],[73.48547325282637,4.175412798671197],[73.48546853139678,4.175413882127541],[73.48546611952302,4.17541677576369],[73.48546483238373,4.175424544584201],[73.48546609352516,4.175430334908877],[73.48547058672469,4.175434863626927],[73.48547122449361,4.175439787003628],[73.48546760217307,4.17545253208391],[73.48546904566041,4.175455953232521],[73.48547504525985,4.175457471506715],[73.48547590411395,4.175459149791616],[73.48547479912311,4.175461873473433],[73.48546451003014,4.175474023694439],[73.48545548318808,4.175486058764137],[73.48543896857878,4.175490546876065],[73.48542580692894,4.175498930489182],[73.48541041143719,4.175514597615825],[73.48539988198335,4.175528136457596],[73.48539841641221,4.175542590931152],[73.4853968460721,4.175546209817307],[73.48539268085845,4.175547440575241],[73.48537965180617,4.175546018387399],[73.4853758353732,4.175547675880931],[73.48537281679415,4.175556710112057],[73.48537709262702,4.175561857218306],[73.48539230376018,4.175567293620453],[73.48540076942564,4.175569014958442],[73.48542277165622,4.175569535271017],[73.48543130658088,4.175573395723678],[73.48543692763698,4.175583724591559],[73.48544025831579,4.175600531417578],[73.48543606652512,4.17562339789724],[73.48543720218126,4.175629151482666],[73.48544237530913,4.175630799651461],[73.48545890276323,4.175628715468128],[73.48546571220511,4.175629206591786],[73.48547920625084,4.175635259386119],[73.4854987134416,4.175635297092123],[73.48552467590956,4.175632896739795],[73.48553173996106,4.175630268473531],[73.4855362445343,4.175626329568849],[73.48553784179111,4.175621438053387],[73.48553843010134,4.175607350610242],[73.48554079262126,4.175602232419192],[73.48554680287484,4.175597724907008],[73.48555802685114,4.175594958583349],[73.48558691164219,4.175596572812056],[73.4855913958658,4.175595029250031],[73.48559333192289,4.175591788127371],[73.48559036245226,4.175575209836171],[73.48559412011305,4.175571332306983],[73.48560254669371,4.175569731456023],[73.48561523526236,4.175570637058075],[73.48562787909921,4.175573775668505],[73.4856342956467,4.175577849539512],[73.48564775155717,4.175592832073422],[73.48565484318605,4.175597933723899],[73.48566983984605,4.175602481837109],[73.4856740719033,4.175608186116865],[73.48567930860257,4.175625477027674],[73.48568329255531,4.175629627134668],[73.48569333371587,4.175630740139753],[73.48570280263631,4.175628158163207],[73.485705723837,4.175624810577234],[73.4857102861118,4.175612543753885],[73.48571334454314,4.175608592628344],[73.48571916699548,4.175606228864156],[73.485726589168,4.175605375985805],[73.48573360948782,4.175606238103571],[73.48573885332479,4.175608641926956],[73.48574633622017,4.175619202229623],[73.48575079187445,4.175643316783366],[73.48575490811456,4.175646919409896],[73.48576178713213,4.175648110134443],[73.48580150781963,4.175640776615069],[73.48580900352728,4.17564102802892],[73.48581381532324,4.175643438579804],[73.48581906627096,4.175652355802079],[73.48582197593683,4.175666156460341],[73.48582221971292,4.175683600125503],[73.48581970716131,4.175700701016573],[73.4858156325214,4.175714169150932],[73.4858106610013,4.17572328279991],[73.48579726049412,4.17573269634841],[73.485794129057,4.175736810048229],[73.48579410306102,4.175750370099752],[73.48579051039829,4.175753580864988],[73.48577457853555,4.175759371529961],[73.48576705809023,4.17576839706346],[73.48575257445584,4.175778224589077],[73.48573300916725,4.175783615827584],[73.48570896797797,4.175784335521688],[73.48568300370648,4.175780287131386],[73.48566500868641,4.175774226544197],[73.48565228487013,4.175772917435022],[73.48564250024513,4.175774183040291],[73.48562795142779,4.175785539249024],[73.48562296705224,4.175787704482669],[73.48561396421614,4.175787687081691],[73.48560047594403,4.175778620943894],[73.48558649126238,4.175774250922245],[73.4855498928648,4.175773312341645],[73.48553446947801,4.175769454198027],[73.4855209792193,4.175761894733213],[73.48551619003298,4.17575358732499],[73.48551305264851,4.175733282263257],[73.48551054419268,4.175725716104853],[73.48550336615516,4.175714438878544],[73.48549258384438,4.175701575448425],[73.48548359834209,4.175692518917637],[73.4854719475482,4.175689906612511],[73.48545958928253,4.17569247250868],[73.48545294960998,4.175700187698998],[73.48544603168001,4.175719564692304],[73.48544392120681,4.175729406424185],[73.4854424008533,4.175755931502081],[73.48544034506921,4.175762618066758],[73.48543693639697,4.175767758989372],[73.4854279182171,4.175775274040947],[73.48542496287293,4.175782417640043],[73.48542337391395,4.175797864517834],[73.48541795068161,4.175831323137642],[73.48541818928938,4.17584172261567],[73.48542027154969,4.175850590431908],[73.48542924260599,4.17586718032448],[73.48542921082618,4.175883752813546],[73.48543198111454,4.175891441546364],[73.48544197185723,4.175907226429313],[73.4854441592739,4.175913913456351],[73.48544413038157,4.17592898017775],[73.48544171205239,4.175936327335459],[73.48543702021654,4.175943868716931],[73.48542006064353,4.175960572070788],[73.48540954183596,4.175968085124642],[73.48540082450222,4.175969811987933],[73.4853765299317,4.175968021305902],[73.48535444637847,4.175974383912646],[73.4853254710038,4.175989014274114],[73.48529821431734,4.176010329950511],[73.48528640459726,4.176016058038715],[73.48527695317142,4.1760170937046],[73.48525189116917,4.176015991311004],[73.48521597380685,4.176021193817876],[73.48518733908872,4.176030932374046],[73.48517159119356,4.176039276968567],[73.4851602969896,4.176047452636193],[73.48514609367759,4.176066496344492],[73.48514074355496,4.176071520764472],[73.48512979190353,4.176074494300894],[73.48510033150436,4.176071125785856],[73.4850882215625,4.176072925885053],[73.48507310759021,4.176080404088206],[73.4850656842198,4.176087948175817],[73.48506414024735,4.176110544447748],[73.48505931123015,4.176117819629427],[73.485053613666,4.176122577512136],[73.48504539790478,4.176124254866862],[73.48503260584421,4.176122536888855],[73.485010117631,4.176111946660333],[73.48499853217392,4.176110741710831],[73.48499061043292,4.176111908937871],[73.48498841163554,4.176114167184111],[73.4849881188757,4.176118261622651],[73.48499781963572,4.176147558852053],[73.48499829019423,4.176154080007751],[73.48499652333102,4.176158625563019],[73.48498149687009,4.176169142342172],[73.48497465084573,4.176181371034731],[73.48497244489874,4.176194737448467],[73.484976444919,4.176207691456788],[73.48498590047271,4.176220376080769],[73.48499938784067,4.176229441323126],[73.48500513810974,4.176239571033702],[73.48500606291014,4.176254027868292],[73.48500235085994,4.176272531536359],[73.48499325329854,4.176298733907302],[73.48498762702171,4.176309343185662],[73.48497121205696,4.176331732065846],[73.48496615916235,4.176342372441312],[73.48496313479198,4.176354420011458],[73.48495941761132,4.176356839007108],[73.48494511665152,4.1763604109705],[73.48493974474778,4.176367658341999],[73.48493693263367,4.176379001383786],[73.48493720150351,4.17639252758021],[73.48494053095985,4.176404093936715],[73.48495550540108,4.17642069544357],[73.48495653614418,4.176426438742056],[73.48495577203298,4.176440265310103],[73.48495695977807,4.176444804189847],[73.48496166777944,4.176449286611819],[73.4849696057162,4.176452406799264],[73.48498055374937,4.176454029343144],[73.48499295560026,4.176453913868556]]]]}},{"type":"Feature","properties":{"OBJECTID":"67","wardName":null,"wardNameDI":null,"Shape_Leng":162.88155,"Shape_Area":732.49936},"geometry":{"type":"MultiPolygon","coordinates":[[[[73.48739774076016,4.174423131480806],[73.48741575308578,4.17442015288492],[73.48742973249273,4.174413382193217],[73.48743829034912,4.174405130492304],[73.48744121311806,4.174395464122017],[73.48744134639317,4.174376510390337],[73.48744102697114,4.174356229510708],[73.48743841148689,4.174341852914386],[73.48743411536601,4.174329506399342],[73.48742944525371,4.174322249686226],[73.48741445724615,4.174313181591007],[73.48740249870862,4.174300467659104],[73.48739350425113,4.174284515155142],[73.48739203819562,4.174277677760543],[73.48739268288341,4.174269342166472],[73.48740328228811,4.1742312850325],[73.48740279474823,4.174223161392938],[73.48739963652444,4.174216730045889],[73.48739214784085,4.174209182198213],[73.48738947145891,4.174200315763422],[73.48739132662536,4.174180663959194],[73.48739071644003,4.174173020945373],[73.48738474658262,4.174156436858457],[73.48737576016298,4.174147379441376],[73.48736657198822,4.174145383137338],[73.48735925423374,4.174147347587462],[73.4873547408336,4.174153365593697],[73.48734413189406,4.174159225169509],[73.48732920789878,4.174161542055118],[73.48731758775168,4.174159321994265],[73.48731422005093,4.174156725853986],[73.48731272525005,4.174153284508134],[73.48731273678781,4.174147257814051],[73.48731600152074,4.17414175396619],[73.48733077596496,4.174130720062259],[73.48733680031513,4.174121663142826],[73.48733981051566,4.174114164932145],[73.4873407957671,4.174105562381378],[73.48733984224188,4.174097592427599],[73.48733524735347,4.174091051956853],[73.48731829392774,4.174080563733228],[73.48731287523275,4.174074941102719],[73.48731082967804,4.174065975478135],[73.48731174492877,4.174042580559642],[73.4873084492618,4.174035760713691],[73.48730248855044,4.174034971528811],[73.487284148791,4.174038161555361],[73.48728117095898,4.174037554144494],[73.48727993837035,4.174035705690834],[73.48728145629747,4.174026668545879],[73.48728478218685,4.17402125993385],[73.48729714278521,4.174010970844899],[73.4873010038443,4.17400561366773],[73.48730448455954,4.173990734016582],[73.4873025534954,4.173980004922725],[73.48729878215033,4.173976434653651],[73.48728606776083,4.173969426353994],[73.4872699344895,4.173946637868533],[73.48726666016712,4.173943964412276],[73.48726360838536,4.173943771274833],[73.48725852978423,4.173947775036281],[73.48725157836449,4.173957307265241],[73.48724831566325,4.173966350105773],[73.48724581149803,4.173990060372513],[73.48724099614438,4.173997965367771],[73.4872231854771,4.174001652100246],[73.48721847620091,4.174003947717026],[73.48721095380724,4.17401447995213],[73.48720867843207,4.17402583254946],[73.48721088746598,4.1740491316327],[73.48721027659192,4.174052395097988],[73.48720809202032,4.174053808166995],[73.48719341465471,4.174052208791827],[73.48718599294617,4.174053825193294],[73.48718600143664,4.174070561465109],[73.48717504478435,4.17407863084426],[73.4871684455125,4.174088741575661],[73.4871640505253,4.174104456219307],[73.48716086777453,4.17412439720755],[73.48715998768786,4.174141544350246],[73.48716136723603,4.174154757713295],[73.48716534373294,4.174162148954078],[73.4871773228588,4.174169295873736],[73.48718026433194,4.174173286726832],[73.48718767047012,4.174194715896715],[73.48719579204025,4.174211985748277],[73.48720491679947,4.174225718025641],[73.48721496182085,4.17423573617559],[73.48723427738268,4.174251563385947],[73.48724207753,4.174254433991218],[73.48724898704054,4.174254131600583],[73.4872572060076,4.174247193495829],[73.4872758259765,4.174220415159711],[73.4872840871354,4.174216081322422],[73.48729361000463,4.174220000915557],[73.48729696650533,4.174222657129448],[73.48729715627569,4.174227719713712],[73.4872837082194,4.174255856802906],[73.48728279159737,4.174260499246398],[73.48728423727732,4.174263110383971],[73.4873112580634,4.174280402852609],[73.4873177876436,4.174287358908165],[73.48732075136658,4.174294140126282],[73.4873238007586,4.174310859776106],[73.48732256530722,4.174320090883779],[73.48731862535665,4.174325455276322],[73.48730917129646,4.17433347301272],[73.48730823961795,4.174336755177503],[73.4873115978076,4.17435123510028],[73.48731319458724,4.174380793288493],[73.48731492970875,4.1743902208306],[73.48732185011187,4.174401567506667],[73.48733680948057,4.17441140088015],[73.48734928777941,4.174418789737043],[73.48736259474339,4.1744229316704],[73.4873785261751,4.174424374668644],[73.48739774076016,4.174423131480806]]]]}},{"type":"Feature","properties":{"OBJECTID":"68","wardName":null,"wardNameDI":null,"Shape_Leng":213.05644,"Shape_Area":2959.29204},"geometry":{"type":"MultiPolygon","coordinates":[[[[73.0748085342224,6.624997783952706],[73.07485794015828,6.625002682332136],[73.07488845394546,6.625023981241371],[73.07490022161072,6.62502402687177],[73.07496381263644,6.625012506454316],[73.07507670922165,6.625031771384883],[73.0751919593564,6.62505104541697],[73.07525317951023,6.625044222567806],[73.07527919612939,6.625011375842461],[73.07528646660447,6.624957274943406],[73.07531269308103,6.624870300845599],[73.07531295769135,6.624802053293632],[73.07532259993069,6.62474325569174],[73.07532043800856,6.62469382592653],[73.07529474989154,6.624641951561436],[73.07524775225247,6.624622942175725],[73.07518660515076,6.624610938129691],[73.07508549455189,6.624587012146196],[73.07497489683861,6.624581876552045],[73.07489491328877,6.624572152839262],[73.07479140356496,6.624559984492542],[73.0747677496108,6.62459048695335],[73.0747534276355,6.624642206184938],[73.0747626135879,6.624701076767538],[73.07475305343084,6.624738694071921],[73.0747528435087,6.62479282142294],[73.07473608584277,6.624865711792491],[73.07473591242407,6.624910425690528],[73.07472394395937,6.624962154043749],[73.07472616057628,6.624997464520121],[73.0748085342224,6.624997783952706]]]]}},{"type":"Feature","properties":{"OBJECTID":"69","wardName":null,"wardNameDI":null,"Shape_Leng":234.73,"Shape_Area":3653.04814},"geometry":{"type":"MultiPolygon","coordinates":[[[[73.07482926083675,6.624508356515235],[73.07488327340022,6.624539160125781],[73.07494444694879,6.624544104110924],[73.07505040146674,6.624532747915319],[73.07520553377422,6.624585124121294],[73.0753160685406,6.624606733215636],[73.0753866744918,6.624607006915898],[73.0754127458147,6.624560039989685],[73.07543416480979,6.624498934630648],[73.07543909995708,6.624440118774446],[73.07545822927463,6.62436252983618],[73.07547727647275,6.62430612207655],[73.07547763226637,6.624214340874934],[73.07545433416216,6.62415306218522],[73.07537206098044,6.624126855896162],[73.07528741603453,6.624105347200812],[73.07521689136989,6.62408389322938],[73.0751251402371,6.62407412395898],[73.07505925967939,6.624069161764319],[73.07498168448215,6.624045327031871],[73.07490638069616,6.62404268168445],[73.07485217653881,6.624061298720299],[73.07485422892101,6.624138968833891],[73.07483270037925,6.624228314511655],[73.07482071370886,6.624284749602666],[73.07482266568894,6.624388306710038],[73.07482952549893,6.624440108981772],[73.07482926083675,6.624508356515235]]]]}},{"type":"Feature","properties":{"OBJECTID":"70","wardName":null,"wardNameDI":null,"Shape_Leng":264.24481,"Shape_Area":4513.48395},"geometry":{"type":"MultiPolygon","coordinates":[[[[73.07497010846423,6.623995860777443],[73.07505712514107,6.624012671914388],[73.07514647710838,6.624034198888721],[73.07528768061749,6.624037099647769],[73.07536760024804,6.624063296822834],[73.07547581697932,6.624075483267727],[73.07553006674654,6.624045099336307],[73.07552313387194,6.624012124871884],[73.07550679600422,6.623976760556475],[73.07556104575796,6.623946376617837],[73.07560840823726,6.623871250480915],[73.07561338894482,6.623800667791931],[73.07559707843738,6.623758243386296],[73.07564446824647,6.623676058049421],[73.07563769042345,6.623603076390158],[73.07558847614294,6.623548757474546],[73.07551563538922,6.623517880989974],[73.07538151173546,6.623510300978564],[73.07532280128885,6.623477125836669],[73.07516518711546,6.623457687728632],[73.07506879291303,6.623431426690483],[73.0749864377622,6.623426400649138],[73.07496509179609,6.623468679080765],[73.0749482977625,6.623550982937014],[73.07493602827985,6.623680372307722],[73.07494287899249,6.623734527039219],[73.07491667994921,6.623814441029618],[73.07492101287554,6.623910948082081],[73.07491846772041,6.623960359588999],[73.07497010846423,6.623995860777443]]]]}},{"type":"Feature","properties":{"OBJECTID":"71","wardName":null,"wardNameDI":null,"Shape_Leng":277.42369,"Shape_Area":4966.73803},"geometry":{"type":"MultiPolygon","coordinates":[[[[73.07509033046267,6.623339727613808],[73.07513026740757,6.623358709610491],[73.07531367910521,6.623401781701048],[73.07541011893939,6.623416275873104],[73.07553939869585,6.623459138092548],[73.07560998625085,6.62346411844269],[73.07570181939644,6.623452707313034],[73.0757185494605,6.623386876945843],[73.07573296247669,6.623311623094416],[73.07573326344757,6.623233962062858],[73.07573361001566,6.623144534208073],[73.07573627362375,6.623064528930769],[73.07572959608854,6.622965660258822],[73.07571580325924,6.622880884417221],[73.07567358574785,6.622843066436102],[73.07555349219439,6.622859074882999],[73.07542647488869,6.622839755473746],[73.07528526348838,6.622839208219848],[73.075259356489,6.622843814613555],[73.07507105549176,6.622847791592891],[73.07500041331093,6.622856931374577],[73.07499793206239,6.622889869342525],[73.07499767660921,6.622955763523394],[73.07497852909898,6.623038058265958],[73.07500420802008,6.623092285980619],[73.07503219485241,6.623158289636423],[73.07498485977598,6.623226354720082],[73.07501278274135,6.623308831923241],[73.07509033046267,6.623339727613808]]]]}},{"type":"Feature","properties":{"OBJECTID":"72","wardName":null,"wardNameDI":null,"Shape_Leng":283.52854,"Shape_Area":4856.76348},"geometry":{"type":"MultiPolygon","coordinates":[[[[73.07501717991397,6.622781686691959],[73.07512065280473,6.622803269246014],[73.0753043384524,6.622780512256894],[73.07544800800147,6.622760835033794],[73.07559457308123,6.622779324259528],[73.0757044186765,6.62278199660376],[73.07574214801045,6.622763315591851],[73.07574344568452,6.622735501135475],[73.07575062198985,6.622641962530092],[73.07570646913686,6.622579521742212],[73.07575966227681,6.622495095849735],[73.07575799550763,6.622335588902365],[73.07571337608367,6.622292524117593],[73.0755933009064,6.62230382588435],[73.07555817136567,6.622258975173087],[73.07544987292812,6.622267969137852],[73.0753698258622,6.62227471915519],[73.07520507851842,6.622274080720339],[73.07508738425608,6.622278331392122],[73.07499314309929,6.622303853527397],[73.07488933276474,6.622369346332015],[73.07491966396472,6.62243771246588],[73.07494516040623,6.622539007445363],[73.07497528178877,6.622661500943409],[73.07498203216949,6.622741542673237],[73.07501717991397,6.622781686691959]]]]}},{"type":"Feature","properties":{"OBJECTID":"73","wardName":null,"wardNameDI":null,"Shape_Leng":390.61624,"Shape_Area":9816.83843},"geometry":{"type":"MultiPolygon","coordinates":[[[[73.06984329411037,6.614496477920468],[73.06993733266826,6.614522730264274],[73.07002206695672,6.614520705764459],[73.07011385254388,6.61452106201054],[73.07023383418327,6.614533295538203],[73.07034684764997,6.614521967159136],[73.07050213147721,6.614534335812517],[73.07059625230536,6.614539407819332],[73.0706457483899,6.614520772723008],[73.07066481364407,6.614459658459227],[73.07066978542626,6.614391429329307],[73.0706794732892,6.614320865103018],[73.07066839078696,6.614144317566098],[73.07067111865543,6.614047839002119],[73.07068330607623,6.613939629264504],[73.07070498955723,6.613810276724631],[73.07071948476637,6.613713843808396],[73.07068909048809,6.613661951226662],[73.07055725032583,6.613673206698553],[73.07045837705579,6.613679883259769],[73.07035724164002,6.613663017088323],[73.07025608706707,6.613650857610537],[73.07015728688161,6.613638707249986],[73.07007487880972,6.613647801022892],[73.06999724162223,6.613640439545964],[73.06992427484718,6.613642509755233],[73.06990048435644,6.61370831242156],[73.06981561318702,6.613745637299689],[73.06978497146346,6.613757285330959],[73.06975192235791,6.613783044371453],[73.06974214304509,6.613877142117359],[73.06973237285922,6.613968886504479],[73.0697131248135,6.614077068751637],[73.06971284159476,6.614150022821153],[73.06975018656004,6.614230183132994],[73.06975693635701,6.614310224682161],[73.06975444583898,6.614345515903211],[73.0697472483689,6.614380788852475],[73.06971165386842,6.614455959239265],[73.06976797283428,6.614498538930979],[73.06984329411037,6.614496477920468]]]]}}]}