slug,name,dhivehi_name,atoll_code,atoll_name,status,island_type,use_category,lat,lng,area_sq_km,overall_completeness,unresolved_conflicts,last_updated
hulhumale,Hulhumalé,ހުޅުމާލެ,,,inhabited,Residential Island,,4.222071,73.542463,4.1867060488,73,4,2026-06-11T10:52:06.135Z
male,Malé,މާލެ,,,inhabited,Residential Island,,4.174446,73.5097,2.08033728722,73,4,2026-06-11T10:52:06.139Z
vilingili,Vilin'gili,ވިލިނގިލި,,,inhabited,Residential Island,,4.173395,73.485279,0.329136945115,73,3,2026-06-11T10:52:06.001Z
ha-alidhoo,Alidhoo,އަލިދޫ,HA,Haa Alifu,resort,Tourism Island,,6.849024,73.152296,0.148431899956,76,3,2026-06-11T10:52:03.313Z
ha-alidhuffarufinolhu,Alidhuffarufinolhu,އަލިދުއްފަރުފިނޮޅު,HA,Haa Alifu,resort,Tourism Island,Resort,6.861344,73.104011,0.0244271344469,76,4,2026-06-11T10:52:03.165Z
ha-baarah,Baarah,ބާރަށް,HA,Haa Alifu,inhabited,Residential Island,,6.816661,73.208383,2.49955158635,80,4,2026-06-11T10:52:03.300Z
ha-beenaafushi,Beenaafushi,ބީނާފުށި,HA,Haa Alifu,uninhabited,Uninhabited Island,Varuva,6.928337,73.136439,0.0221398935056,76,4,2026-06-11T10:52:03.154Z
ha-berinmadhoo,Berinmadhoo,ބެރިންމަދޫ,HA,Haa Alifu,resort,Tourism Island,Resort,7.04726,72.971413,0.140029436578,76,4,2026-06-11T10:52:03.193Z
ha-dhapparuhuraa,Dhapparuhuraa,ދައްޕަރުހުރާ,HA,Haa Alifu,uninhabited,Uninhabited Island,,6.915229,73.211325,0.000626897543008,76,2,2026-06-11T10:52:03.320Z
ha-dhidhdhoo,Dhidhdhoo,ދިއްދޫ,HA,Haa Alifu,inhabited,Residential Island,,6.888109,73.110928,0.965428879916,76,5,2026-06-11T10:52:03.207Z
ha-dhigufaruhuraa,Dhigufaruhuraa,ދިގުފަރުހުރާ,HA,Haa Alifu,uninhabited,Uninhabited Island,,6.925534,72.970093,0.00363655150721,76,2,2026-06-11T10:52:03.349Z
ha-dhonakulhi,Dhonakulhi,ދޮނަކުޅި,HA,Haa Alifu,uninhabited,Uninhabited Island,,6.843857,73.051777,0.338330242006,76,2,2026-06-11T10:52:03.114Z
ha-filladhoo,Filladhoo,ފިއްލަދޫ,HA,Haa Alifu,inhabited,Residential Island,,6.893126,73.229072,2.66042832469,80,4,2026-06-11T10:52:03.307Z
ha-gaamathikulhudhoo,Gaamathikulhudhoo,ގާމަތިކުޅުދޫ,HA,Haa Alifu,resort,Tourism Island,,7.038973,72.984471,0.117877887698,76,3,2026-06-11T10:52:03.160Z
ha-gallandhoo,Gallandhoo,ގައްލަންދޫ,HA,Haa Alifu,uninhabited,Uninhabited Island,,6.946811,72.983254,0.110629631818,76,3,2026-06-11T10:52:03.147Z
ha-govvaafushi,Govvaafushi,ގޮއްވާފުށި,HA,Haa Alifu,uninhabited,Uninhabited Island,,7.012664,72.919303,0.0165618481955,76,2,2026-06-11T10:52:03.235Z
ha-hathifushi,Hathifushi,ހަތިފުށި,HA,Haa Alifu,uninhabited,Uninhabited Island,,7.020074,72.830747,0.0500832420484,76,1,2026-06-11T10:52:03.343Z
ha-hoarafushi,Hoarafushi,ހޯރަފުށި,HA,Haa Alifu,inhabited,Residential Island,,6.982665,72.894139,0.690223713743,80,5,2026-06-11T10:52:03.135Z
ha-huvahandhoo,Huvahandhoo,ހުވަހަންދޫ,HA,Haa Alifu,uninhabited,Uninhabited Island,,6.959672,72.905308,0.453933695966,76,1,2026-06-11T10:52:03.325Z
ha-ihavandhoo,Ihavandhoo,އިހަވަންދޫ,HA,Haa Alifu,inhabited,Residential Island,,6.952921,72.926223,0.625757017379,80,6,2026-06-11T10:52:03.271Z
ha-innafinolhu,Innafinolhu,އިންނަފިނޮޅު,HA,Haa Alifu,uninhabited,Uninhabited Island,,7.073889,72.811079,0.141283017812,76,3,2026-06-11T10:52:03.141Z
ha-kandaalifinolhu,Kan'daalifinolhu,ކަނޑާލިފިނޮޅު,HA,Haa Alifu,uninhabited,Uninhabited Island,Varuva,6.925699,73.130521,0.0504738894684,76,3,2026-06-11T10:52:03.188Z
ha-kelaa,Kelaa,ކެލާ,HA,Haa Alifu,inhabited,Residential Island,,6.953291,73.215825,2.03365843965,80,6,2026-06-11T10:52:03.203Z
ha-kudafinolhu,Kudafinolhu,ކުޑަފިނޮޅު,HA,Haa Alifu,uninhabited,Uninhabited Island,,6.989024,72.88456,0.0441563991007,56,2,2026-06-11T10:52:06.306Z
ha-maafahi,Maafahi,މާފަހި,HA,Haa Alifu,uninhabited,Uninhabited Island,Longterm Leased,6.828913,73.156813,1.00130197503,76,3,2026-06-11T10:52:03.218Z
ha-maafinolhu,Maafinolhu,މާފިނޮޅު,HA,Haa Alifu,resort,Tourism Island,Resort,7.00222,72.862445,0.153421666407,76,3,2026-06-11T10:52:03.289Z
ha-maarandhoo,Maarandhoo,މާރަންދޫ,HA,Haa Alifu,inhabited,Residential Island,,6.852444,72.984325,0.445886243188,80,3,2026-06-11T10:52:03.222Z
ha-maarandhoofarufinolhu,Maarandhoofarufinolhu,މާރަންދޫފަރުފިނޮޅު,HA,Haa Alifu,uninhabited,Uninhabited Island,,6.828936,72.971936,0.000668799179092,76,2,2026-06-11T10:52:03.242Z
ha-madulu,Madulu,މަޑުލު,HA,Haa Alifu,uninhabited,Uninhabited Island,,7.054854,72.95316,0.150817527694,76,2,2026-06-11T10:52:03.277Z
ha-manafaru,Manafaru,މަނަފަރު,HA,Haa Alifu,resort,Tourism Island,Resort,6.997056,72.939944,0.145765570739,76,3,2026-06-11T10:52:03.199Z
ha-matheerah,Matheerah,މަތީރަށް,HA,Haa Alifu,uninhabited,Uninhabited Island,Varuva,7.027566,72.819015,0.0501140754232,76,3,2026-06-11T10:52:03.105Z
ha-medhafushi,Medhafushi,މެދަފުށި,HA,Haa Alifu,resort,Tourism Island,Resort,7.010879,72.934779,0.117440791438,76,4,2026-06-11T10:52:03.256Z
ha-molhadhoo,Molhadhoo,މޮޅަދޫ,HA,Haa Alifu,inhabited,Residential Island,,7.013872,72.997378,1.19087737817,80,2,2026-06-11T10:52:03.264Z
ha-mulidhoo,Mulidhoo,މުލިދޫ,HA,Haa Alifu,uninhabited,Uninhabited Island,,6.836089,73.011133,0.678817455962,76,1,2026-06-11T10:52:03.123Z
ha-muraidhoo,Muraidhoo,މުރައިދޫ,HA,Haa Alifu,inhabited,Residential Island,,6.837921,73.167309,0.475036757485,80,3,2026-06-11T10:52:03.228Z
ha-naridhoo,Naridhoo,ނަރިދޫ,HA,Haa Alifu,resort,Tourism Island,,6.894997,73.126763,0.14212611273,76,2,2026-06-11T10:52:03.337Z
ha-thakandhoo,Thakandhoo,ތަކަންދޫ,HA,Haa Alifu,inhabited,Residential Island,,6.84423,72.995625,0.413432053541,80,2,2026-06-11T10:52:03.295Z
ha-thuraakunu,Thuraakunu,ތުރާކުނު,HA,Haa Alifu,inhabited,Residential Island,,7.104183,72.899143,0.262041540569,80,3,2026-06-11T10:52:03.282Z
ha-uligan,Uligan,އުލިގަން,HA,Haa Alifu,inhabited,Residential Island,,7.082924,72.926389,1.06727102378,80,2,2026-06-11T10:52:03.171Z
ha-umuraifinolhu,Umuraifinolhu,އުމުރަތްފިނޮޅު,HA,Haa Alifu,uninhabited,Uninhabited Island,,7.009501,72.851293,0.00486371331851,76,3,2026-06-11T10:52:03.331Z
ha-ungulifinolhu,Un'gulifinolhu,އުނގުލިފިނޮޅު,HA,Haa Alifu,uninhabited,Uninhabited Island,,6.970535,72.901096,0.0316984349976,76,2,2026-06-11T10:52:03.177Z
ha-utheemu,Utheemu,އުތީމު,HA,Haa Alifu,inhabited,Residential Island,,6.834655,73.112609,0.499834192448,80,3,2026-06-11T10:52:03.183Z
ha-vangaaru,Van'gaaru,ވަނގާރު,HA,Haa Alifu,resort,Tourism Island,,7.093233,72.878263,0.206083024734,76,2,2026-06-11T10:52:03.213Z
ha-vashafaru,Vashafaru,ވަށަފަރު,HA,Haa Alifu,inhabited,Residential Island,,6.897604,73.159751,0.356114090606,80,3,2026-06-11T10:52:03.129Z
ha-velifinolhu,Velifinolhu,ވެލިފިނޮޅު,HA,Haa Alifu,uninhabited,Uninhabited Island,,6.994074,72.874568,0.04209848112,76,1,2026-06-11T10:52:03.248Z
hdh-dhipparufushi,Dhipparufushi,ދިއްޕަރުފުށި,HDh,Haa Dhaalu,resort,Tourism Island,Resort,6.319047,72.640644,0.05033061165010001,76,4,2026-06-11T10:52:03.547Z
hdh-faridhoo,Faridhoo,ފަރިދޫ,HDh,Haa Dhaalu,uninhabited,Uninhabited Island,,6.784959,73.054026,0.264661446106,76,1,2026-06-11T10:52:03.366Z
hdh-fenboahuraa,Fenboahuraa,ފެންބޯހުރާ,HDh,Haa Dhaalu,uninhabited,Uninhabited Island,,6.396417,72.694733,0.072326636348,76,2,2026-06-11T10:52:03.533Z
hdh-finey,Finey,ފިނޭ,HDh,Haa Dhaalu,inhabited,Residential Island,,6.745941,73.053389,1.17528869166,80,3,2026-06-11T10:52:03.372Z
hdh-hanimaadhoo,Hanimaadhoo,ހަނިމާދޫ,HDh,Haa Dhaalu,inhabited,Residential Island,,6.753921,73.169658,3.04395855693,80,6,2026-06-11T10:52:03.583Z
hdh-hirimaradhoo,Hirimaradhoo,ހިރިމަރަދޫ,HDh,Haa Dhaalu,inhabited,Residential Island,,6.724829,73.024217,0.466023845495,80,3,2026-06-11T10:52:03.439Z
hdh-hirinaidhoo,Hirinaidhoo,ހިރިނައިދޫ,HDh,Haa Dhaalu,uninhabited,Uninhabited Island,,6.701652,72.948262,0.06400554644869999,76,2,2026-06-11T10:52:03.422Z
hdh-hondaafushi,Hon'daafushi,ހޮނޑާފުށި,HDh,Haa Dhaalu,resort,Tourism Island,Resort,6.778724,73.122192,0.615454732111,76,4,2026-06-11T10:52:03.355Z
hdh-hondaidhoo,Hon'daidhoo,ހޮނޑައިދޫ,HDh,Haa Dhaalu,uninhabited,Uninhabited Island,Mixed Usage,6.769782,73.087572,0.180398012637,76,3,2026-06-11T10:52:03.360Z
hdh-innafushi,Innafushi,އިންނަފުށި,HDh,Haa Dhaalu,uninhabited,Uninhabited Island,,6.409006,72.645399,0.0228240300169,76,2,2026-06-11T10:52:03.540Z
hdh-kanamana,Kanamana,ކަނަމަނަ,HDh,Haa Dhaalu,uninhabited,Uninhabited Island,,6.705265,72.899418,0.0279850636801,76,2,2026-06-11T10:52:03.404Z
hdh-kattalafushi,Kattalafushi,ކައްޓަލަފުށި,HDh,Haa Dhaalu,uninhabited,Uninhabited Island,,6.566484,72.98302,0.0331085654886,76,2,2026-06-11T10:52:03.493Z
hdh-keylakunu,Keylakunu,ކޭލަކުނު,HDh,Haa Dhaalu,uninhabited,Uninhabited Island,,6.602807,73.009116,0.907819591065,76,3,2026-06-11T10:52:03.481Z
hdh-kudafarufasgandu,Kudafarufasgandu,ކުޑަފަރުފަސްގަނޑު,HDh,Haa Dhaalu,resort,Tourism Island,Resort,6.711888,72.925039,0.000329999276993,56,4,2026-06-11T10:52:03.412Z
hdh-kudamuraidhoo,Kudamuraidhoo,ކުޑަމުރައިދޫ,HDh,Haa Dhaalu,resort,Tourism Island,,6.642771,72.919876,0.305930207896,76,3,2026-06-11T10:52:03.474Z
hdh-kulhudhuffushi,Kulhudhuffushi,ކުޅުދުއްފުށި,HDh,Haa Dhaalu,inhabited,Residential Island,,6.623226,73.068889,2.52112262452,80,5,2026-06-11T10:52:03.553Z
hdh-kumundhoo,Kumundhoo,ކުމުންދޫ,HDh,Haa Dhaalu,inhabited,Residential Island,,6.57165,73.052022,1.90453372716,80,5,2026-06-11T10:52:03.487Z
hdh-kunburudhoo,Kun'burudhoo,ކުނބުރުދޫ,HDh,Haa Dhaalu,uninhabited,Uninhabited Island,,6.658276,73.027426,0.504442482464,76,2,2026-06-11T10:52:03.447Z
hdh-kuredhigandu,Kuredhigan'du,ކުރެދިގަނޑު,HDh,Haa Dhaalu,uninhabited,Uninhabited Island,,6.678518,73.105106,0.000397777194336,53,1,2026-06-11T10:52:03.573Z
hdh-kurinbi,Kurin'bi,ކުރިނބި,HDh,Haa Dhaalu,inhabited,Residential Island,,6.665551,72.996637,0.409927538944,80,2,2026-06-11T10:52:03.454Z
hdh-maavaidhoo,Maavaidhoo,މާވައިދޫ,HDh,Haa Dhaalu,uninhabited,Uninhabited Island,,6.515448,73.053957,0.41983409971,76,1,2026-06-11T10:52:03.520Z
hdh-makunudhoo,Makunudhoo,މަކުނުދޫ,HDh,Haa Dhaalu,inhabited,Residential Island,,6.409385,72.705088,0.8071640529459999,80,2,2026-06-11T10:52:03.527Z
hdh-muiri,Muiri,މުއިރި,HDh,Haa Dhaalu,resort,Tourism Island,,6.658082,72.936267,0.490255971612,76,2,2026-06-11T10:52:03.462Z
hdh-naagoashi,Naagoashi,ނާގޯށި,HDh,Haa Dhaalu,resort,Tourism Island,Resort,6.670088,72.903231,0.736666426347,76,4,2026-06-11T10:52:03.468Z
hdh-naivaadhoo,Naivaadhoo,ނައިވާދޫ,HDh,Haa Dhaalu,inhabited,Residential Island,,6.746958,72.934873,0.309303995171,80,2,2026-06-11T10:52:03.384Z
hdh-nellaidhoo,Nellaidhoo,ނެއްލައިދޫ,HDh,Haa Dhaalu,inhabited,Residential Island,,6.714879,72.946978,0.324121086098,80,5,2026-06-11T10:52:03.432Z
hdh-neykurendhoo,Neykurendhoo,ނޭކުރެންދޫ,HDh,Haa Dhaalu,inhabited,Residential Island,,6.543044,72.979783,1.71698004567,80,3,2026-06-11T10:52:03.500Z
hdh-nolhivaran,Nolhivaran,ނޮޅިވަރަން,HDh,Haa Dhaalu,inhabited,Residential Island,,6.662412,73.082374,2.06272830185,80,5,2026-06-11T10:52:03.560Z
hdh-nolhivaranfaru,Nolhivaranfaru,ނޮޅިވަރަންފަރު,HDh,Haa Dhaalu,inhabited,Residential Island,,6.695288,73.118532,1.73732703559,80,5,2026-06-11T10:52:03.565Z
hdh-ruffushi,Ruffushi,ރުއްފުށި,HDh,Haa Dhaalu,uninhabited,Uninhabited Island,,6.759009,72.938965,0.005916902312759999,76,2,2026-06-11T10:52:03.396Z
hdh-theefaridhoo,Theefaridhoo,ތީފަރިދޫ,HDh,Haa Dhaalu,industrial,Industrial Island,Longterm Leased,6.740188,73.033382,0.563593661528,76,4,2026-06-11T10:52:03.378Z
hdh-vaikaradhoo,Vaikaradhoo,ވައިކަރަދޫ,HDh,Haa Dhaalu,inhabited,Residential Island,,6.5498,72.953121,1.07450662282,80,3,2026-06-11T10:52:03.506Z
hdh-vaikaramuraidhoo,Vaikaramuraidhoo,ވައިކަރަމުރައިދޫ,HDh,Haa Dhaalu,uninhabited,Uninhabited Island,Resort,6.540966,72.896747,0.6848115311780001,76,3,2026-06-11T10:52:03.513Z
hdh-veligandu,Veligan'du,ވެލިގަނޑު,HDh,Haa Dhaalu,uninhabited,Uninhabited Island,,6.754259,72.938239,0.00286867351518,76,3,2026-06-11T10:52:03.389Z
sh-bileiyfahi,Bileiyfahi,ބިލެތްފަހި,Sh,Shaviyani,inhabited,Residential Island,,6.337832,72.973971,0.6651989619590001,80,3,2026-06-11T10:52:05.511Z
sh-bis-alhaahuraa,Bis Alhaahuraa,ބިސްއަޅާހުރާ,Sh,Shaviyani,uninhabited,Uninhabited Island,,6.155115,73.292507,0.00189342447418,76,2,2026-06-11T10:52:05.451Z
sh-boduhuraa,Boduhuraa,ބޮޑުހުރާ,Sh,Shaviyani,uninhabited,Uninhabited Island,,6.071721,73.043637,0.006171209402280001,76,2,2026-06-11T10:52:05.596Z
sh-bolissafaru,Bolissafaru,ބޮލިއްސަފަރު,Sh,Shaviyani,uninhabited,Uninhabited Island,,5.981152,73.110752,0.0306873688771,76,2,2026-06-11T10:52:05.445Z
sh-dhigurah,Dhigurah,ދިގުރަށް,Sh,Shaviyani,uninhabited,Uninhabited Island,,6.02963,73.068061,0.0320680593745,76,2,2026-06-11T10:52:05.568Z
sh-dhiguvelidhoomairah,Dhiguvelidhoomairah,ދިގުވެލިދޫމައިރަށް,Sh,Shaviyani,uninhabited,Uninhabited Island,,6.019475,73.087603,0.0689159319731,76,3,2026-06-11T10:52:05.551Z
sh-dholhiyadhoo,Dholhiyadhoo,ދޮޅިޔަދޫ,Sh,Shaviyani,resort,Tourism Island,Resort,5.99382,73.215164,0.218503923682,76,3,2026-06-11T10:52:05.466Z
sh-dholhiyadhookudarah,Dholhiyadhookudarah,ދޮޅިޔަދޫކުޑަރަށް,Sh,Shaviyani,uninhabited,Uninhabited Island,,5.990233,73.224504,0.00163602804844,56,2,2026-06-11T10:52:05.502Z
sh-dhonvelihuraa,Dhonvelihuraa,ދޮންވެލިހުރާ,Sh,Shaviyani,uninhabited,Uninhabited Island,,6.184592,73.298162,0.0883409415347,76,2,2026-06-11T10:52:05.574Z
sh-ekasdhoo,Ekasdhoo,އެކަސްދޫ,Sh,Shaviyani,industrial,Industrial Island,,6.070783,73.284459,0.91994568574,76,3,2026-06-11T10:52:05.433Z
sh-eriadhoo,Eriadhoo,އެރިއަދޫ,Sh,Shaviyani,industrial,Industrial Island,,6.103669,73.286739,0.628345656383,76,3,2026-06-11T10:52:05.554Z
sh-farukolhu,Farukolhu,ފަރުކޮޅު,Sh,Shaviyani,uninhabited,Uninhabited Island,,6.190833,73.296692,0.754659833085,76,2,2026-06-11T10:52:05.448Z
sh-feevah,Feevah,ފީވައް,Sh,Shaviyani,inhabited,Residential Island,,6.348898,73.209358,0.875631795082,80,3,2026-06-11T10:52:05.562Z
sh-feydhoo,Feydhoo,ފޭދޫ,Sh,Shaviyani,inhabited,Residential Island,,6.360553,73.048849,0.9027881987790001,80,5,2026-06-11T10:52:05.517Z
sh-firunbaidhoo,Firun'baidhoo,ފިރުނބައިދޫ,Sh,Shaviyani,industrial,Industrial Island,Poultry,6.114306,73.227654,0.163335003724,76,4,2026-06-11T10:52:05.580Z
sh-foakaidhoo,Foakaidhoo,ފޯކައިދޫ,Sh,Shaviyani,inhabited,Residential Island,,6.326699,73.14934,0.678144481443,80,5,2026-06-11T10:52:05.472Z
sh-funadhoo,Funadhoo,ފުނަދޫ,Sh,Shaviyani,inhabited,Residential Island,,6.153253,73.289853,1.2249811945,80,2,2026-06-11T10:52:05.498Z
sh-fushifaru,Fushifaru,ފުށިފަރު,Sh,Shaviyani,resort,Tourism Island,Resort,6.395653,72.925839,0.0433626858906,76,4,2026-06-11T10:52:05.469Z
sh-gaakoshibi,Gaakoshibi,ގާކޮށިބި,Sh,Shaviyani,resort,Tourism Island,Resort,6.286764,73.012024,0.181842657321,76,3,2026-06-11T10:52:05.599Z
sh-gallaidhoo,Gallaidhoo,ގައްލައިދޫ,Sh,Shaviyani,uninhabited,Uninhabited Island,Council Management,5.969047,73.124411,0.124322990153,76,2,2026-06-11T10:52:05.492Z
sh-goidhoo,Goidhoo,ގޮއިދޫ,Sh,Shaviyani,inhabited,Residential Island,,6.430089,72.929723,1.00616364653,80,4,2026-06-11T10:52:05.486Z
sh-hirubadhoo,Hirubadhoo,ހިރުބަދޫ,Sh,Shaviyani,uninhabited,Uninhabited Island,,6.187869,73.245379,0.130530760523,76,2,2026-06-11T10:52:05.457Z
sh-hurasfaru,Hurasfaru,ހުރަސްފަރު,Sh,Shaviyani,resort,Tourism Island,,6.140574,73.036508,0.0489839471378,76,3,2026-06-11T10:52:05.602Z
sh-kakaaeriyadhoo,Kakaaeriyadhoo,ކަކާއެރިޔަދޫ,Sh,Shaviyani,industrial,Industrial Island,,6.478128,72.90232,0.149348217919,76,5,2026-06-11T10:52:05.540Z
sh-kanbaalifaru,Kan'baalifaru,ކަނބާލިފަރު,Sh,Shaviyani,resort,Tourism Island,Resort,6.124204,73.253434,0.219885477894,76,4,2026-06-11T10:52:05.589Z
sh-kanditheemu,Kan'ditheemu,ކަނޑިތީމު,Sh,Shaviyani,inhabited,Residential Island,,6.440537,72.916081,0.893042829987,80,6,2026-06-11T10:52:05.514Z
sh-keekimini,Keekimini,ކީކިމިނި,Sh,Shaviyani,industrial,Industrial Island,,6.007315,73.112029,0.323176589694,76,3,2026-06-11T10:52:05.583Z
sh-komandoo,Komandoo,ކޮމަންޑޫ,Sh,Shaviyani,inhabited,Residential Island,,6.054214,73.054251,0.221587960724,80,2,2026-06-11T10:52:05.571Z
sh-kudadhoo,Kudadhoo,ކުޑަދޫ,Sh,Shaviyani,uninhabited,Uninhabited Island,,6.435975,72.907518,0.0351535725933,76,2,2026-06-11T10:52:05.558Z
sh-kudafarufinolhu,Kudafarufinolhu,ކުޑަފަރުފިނޮޅު,Sh,Shaviyani,uninhabited,Uninhabited Island,,6.064171,73.044226,0.013257587776,76,2,2026-06-11T10:52:05.605Z
sh-kudalhaimendhoo,Kudalhaimendhoo,ކުޑަޅައިމެންދޫ,Sh,Shaviyani,resort,Tourism Island,Resort,6.014951,73.295135,0.1311249113,76,4,2026-06-11T10:52:05.543Z
sh-lhaimagu,Lhaimagu,ޅައިމަގު,Sh,Shaviyani,inhabited,Residential Island,,6.164013,73.251478,0.441689110027,80,6,2026-06-11T10:52:05.505Z
sh-maakandoodhoo,Maakan'doodhoo,މާކަނޑޫދޫ,Sh,Shaviyani,uninhabited,Uninhabited Island,,6.234822,73.267407,0.8927022112669999,76,1,2026-06-11T10:52:05.438Z
sh-maaungoodhoo,Maaun'goodhoo,މާއުނގޫދޫ,Sh,Shaviyani,inhabited,Residential Island,,6.036706,73.283793,0.294141004732,80,3,2026-06-11T10:52:05.530Z
sh-madidhoo,Madidhoo,މަޑިދޫ,Sh,Shaviyani,industrial,Industrial Island,Poultry,6.302396,73.108991,1.04596835441,76,4,2026-06-11T10:52:05.537Z
sh-madikuredhdhoo,Madikuredhdhoo,މަޑިކުރެއްދޫ,Sh,Shaviyani,industrial,Industrial Island,Mixed Usage,6.284398,73.15102,0.462365082605,76,4,2026-06-11T10:52:05.534Z
sh-maroshi,Maroshi,މަރޮށި,Sh,Shaviyani,inhabited,Residential Island,,6.209665,73.061391,0.308680952845,80,2,2026-06-11T10:52:05.520Z
sh-mathikomandoo,Mathikomandoo,މަތިކޮމަންޑޫ,Sh,Shaviyani,uninhabited,Uninhabited Island,,6.057121,73.04609,0.0848866982275,76,2,2026-06-11T10:52:05.586Z
sh-medhukunburudhoo,Medhukun'burudhoo,މެދުކުނބުރުދޫ,Sh,Shaviyani,industrial,Industrial Island,Poultry,6.197024,73.03007,0.469354191857,76,4,2026-06-11T10:52:05.435Z
sh-medhurah,Medhurah,މެދުރަށް,Sh,Shaviyani,uninhabited,Uninhabited Island,,6.024089,73.077333,0.06686337938140001,76,1,2026-06-11T10:52:05.565Z
sh-migoodhoo,Migoodhoo,މިގޫދޫ,Sh,Shaviyani,uninhabited,Uninhabited Island,,6.228747,73.241273,0.0866964401542,76,1,2026-06-11T10:52:05.454Z
sh-milandhoo,Milandhoo,މިލަންދޫ,Sh,Shaviyani,inhabited,Residential Island,,6.286495,73.244507,1.33488627263,80,5,2026-06-11T10:52:05.460Z
sh-naainfarufinolhu,Naainfarufinolhu,ނާއިންފަރުފިނޮޅު,Sh,Shaviyani,resort,Tourism Island,Resort,6.203392,72.998992,0.0747886173852,76,4,2026-06-11T10:52:05.527Z
sh-naalaahuraa,Naalaahuraa,ނާލާހުރާ,Sh,Shaviyani,uninhabited,Uninhabited Island,,6.127856,73.036051,0.00630057218167,76,2,2026-06-11T10:52:05.577Z
sh-nalandhoo,Nalandhoo,ނަލަންދޫ,Sh,Shaviyani,uninhabited,Uninhabited Island,Resort,6.324946,73.228295,0.639902822244,76,3,2026-06-11T10:52:05.480Z
sh-narudhoo,Narudhoo,ނަރުދޫ,Sh,Shaviyani,inhabited,Residential Island,,6.264327,73.218156,0.4274562363,80,3,2026-06-11T10:52:05.463Z
sh-narurinbudhoo,Narurin'budhoo,ނަރުރިނބުދޫ,Sh,Shaviyani,uninhabited,Uninhabited Island,,6.279269,73.195768,0.275880355395,76,1,2026-06-11T10:52:05.442Z
sh-neyo,Neyo,ނެޔޮ,Sh,Shaviyani,uninhabited,Uninhabited Island,,6.45032,73.059655,0.205552297887,76,2,2026-06-11T10:52:05.524Z
sh-noomaraa,Noomaraa,ނޫމަރާ,Sh,Shaviyani,inhabited,Residential Island,,6.434224,73.069072,0.392129945521,80,3,2026-06-11T10:52:05.508Z
sh-ragganduhuraa,Raggan'duhuraa,ރައްގަނޑުހުރާ,Sh,Shaviyani,uninhabited,Uninhabited Island,,6.11195,73.038289,0.000225414830393,76,2,2026-06-11T10:52:05.593Z
sh-vangaru,Van'garu,ވަނގަރު,Sh,Shaviyani,resort,Tourism Island,,6.089476,73.203329,0.0968835107599,76,3,2026-06-11T10:52:05.476Z
n-bandaidhihdhoo,Ban'daidhihdhoo,ބަނޑައިދިއްދޫ,N,Noonu,industrial,Industrial Island,Mixed Usage,5.685025,73.25762,0.286364387807,76,4,2026-06-11T10:52:05.042Z
n-bodufushi,Bodufushi,ބޮޑުފުށި,N,Noonu,uninhabited,Uninhabited Island,,5.699178,73.410449,0.0039561090655,76,4,2026-06-11T10:52:04.877Z
n-bodulhaimendhoo,Bodulhaimendhoo,ބޮޑުޅައިމެންދޫ,N,Noonu,uninhabited,Uninhabited Island,,6.000023,73.302775,0.389353908318,76,2,2026-06-11T10:52:04.923Z
n-bomasdhoo,Bomasdhoo,ބޮމަސްދޫ,N,Noonu,industrial,Industrial Island,,5.971894,73.345677,0.283634553612,76,2,2026-06-11T10:52:04.918Z
n-burehifasdhoo,Burehifasdhoo,ބުރެހިފަސްދޫ,N,Noonu,uninhabited,Uninhabited Island,,5.965541,73.368089,0.372572766514,76,1,2026-06-11T10:52:05.048Z
n-dheefuram,Dheefuram,ދީފުރަމް,N,Noonu,uninhabited,Uninhabited Island,Varuva,5.887745,73.318757,0.02377817903,76,3,2026-06-11T10:52:04.726Z
n-dhekenanfaru,Dhekenanfaru,ދެކެނަންފަރު,N,Noonu,uninhabited,Uninhabited Island,,5.920088,73.157222,0.0264070468253,76,2,2026-06-11T10:52:05.020Z
n-dhelibeyruhelhihuraa,Dhelibeyruhelhihuraa,ދެލިބޭރުހެޅިހުރާ,N,Noonu,uninhabited,Uninhabited Island,,5.807262,73.456675,0.0007867318799429999,76,3,2026-06-11T10:52:05.017Z
n-dhigurah,Dhigurah,ދިގުރަށް,N,Noonu,resort,Tourism Island,Resort,5.732114,73.359408,0.566206767042,76,3,2026-06-11T10:52:04.996Z
n-dhonaerikandoodhoo,Dhonaerikan'doodhoo,ދޮނައެރިކަނޑޫދޫ,N,Noonu,uninhabited,Uninhabited Island,,5.64638,73.329579,0.213468841577,76,2,2026-06-11T10:52:05.039Z
n-ehdhuffarumairah,Ehdhuffarumairah,އެއްދުއްފަރުމައިރަށް,N,Noonu,resort,Tourism Island,,5.695616,73.408666,0.152746652233,76,3,2026-06-11T10:52:05.033Z
n-ekulhivaru,Ekulhivaru,އެކުޅިވަރު,N,Noonu,resort,Tourism Island,Resort,5.949944,73.306882,0.20295588127,76,3,2026-06-11T10:52:04.771Z
n-farumuli,Farumuli,ފަރުމުލި,N,Noonu,uninhabited,Uninhabited Island,,5.864709,73.47533,0.00405758463262,76,2,2026-06-11T10:52:04.710Z
n-felivaru,Felivaru,ފެލިވަރު,N,Noonu,industrial,Industrial Island,,5.835912,73.306486,0.112765523711,76,4,2026-06-11T10:52:04.955Z
n-fodhdhoo,Fodhdhoo,ފޮއްދޫ,N,Noonu,inhabited,Residential Island,,5.743801,73.215951,0.261770417817,80,4,2026-06-11T10:52:04.763Z
n-fohdhipparu,Fohdhipparu,ފޮއްދިއްޕަރު,N,Noonu,uninhabited,Uninhabited Island,,5.753622,73.208376,0.0157547560121,76,3,2026-06-11T10:52:04.684Z
n-fushivelavaru,Fushivelavaru,ފުށިވެލަވަރު,N,Noonu,resort,Tourism Island,Resort,5.831074,73.209355,0.206068470508,76,4,2026-06-11T10:52:04.702Z
n-goanbilivaadhoo,Goan'bilivaadhoo,ގޯނބިލިވާދޫ,N,Noonu,uninhabited,Uninhabited Island,,5.822742,73.387439,0.139139104982,76,1,2026-06-11T10:52:04.672Z
n-henbadhoo,Hen'badhoo,ހެނބަދޫ,N,Noonu,inhabited,Residential Island,,5.967548,73.392884,0.138356796672,80,2,2026-06-11T10:52:04.960Z
n-holhudhoo,Holhudhoo,ހޮޅުދޫ,N,Noonu,inhabited,Residential Island,,5.753088,73.255499,0.504929186333,80,8,2026-06-11T10:52:05.036Z
n-huivani,Huivani,ހުއިވަނި,N,Noonu,resort,Tourism Island,,5.913049,73.315629,0.190702067468,76,2,2026-06-11T10:52:04.851Z
n-hulhuhdhoo,Hulhuhdhoo,ހުޅުއްދޫ,N,Noonu,uninhabited,Uninhabited Island,,5.815067,73.318955,0.085924766966,76,1,2026-06-11T10:52:04.949Z
n-huvandhumaavattaru,Huvan'dhumaavattaru,ހުވަނދުމާވައްޓަރު,N,Noonu,resort,Tourism Island,Resort,5.845254,73.444894,0.121762470659,76,3,2026-06-11T10:52:04.859Z
n-inguraidhoo,In'guraidhoo,އިނގުރައިދޫ,N,Noonu,uninhabited,Uninhabited Island,,5.797149,73.344709,0.131229344213,76,1,2026-06-11T10:52:04.839Z
n-kaalhugemendhoo,Kaalhugemendhoo,ކާޅުގެމެންދޫ,N,Noonu,uninhabited,Uninhabited Island,,5.787126,73.354162,0.00288830119111,76,3,2026-06-11T10:52:04.910Z
n-kafakomandoo,Kafakomandoo,ކަފަކޮމަންޑޫ,N,Noonu,uninhabited,Uninhabited Island,,5.962268,73.386268,0.0782441423749,76,3,2026-06-11T10:52:05.030Z
n-kalaidhoo,Kalaidhoo,ކަލައިދޫ,N,Noonu,uninhabited,Uninhabited Island,,5.983456,73.323632,0.317218038507,76,1,2026-06-11T10:52:04.844Z
n-kandinmaahuraa,Kan'dinmaahuraa,ކަނޑިންމާހުރާ,N,Noonu,uninhabited,Uninhabited Island,,5.857813,73.480151,0.00558283368882,76,2,2026-06-11T10:52:04.943Z
n-karinma,Karinma,ކަރިންމަ,N,Noonu,uninhabited,Uninhabited Island,Varuva,5.658689,73.37263,0.00204728656985,56,3,2026-06-11T10:52:04.689Z
n-karinmavattaru,Karinmavattaru,ކަރިންމަވައްޓަރު,N,Noonu,uninhabited,Uninhabited Island,,5.669801,73.386881,0.4383238784,76,2,2026-06-11T10:52:04.755Z
n-kedhivaru,Kedhivaru,ކެދިވަރު,N,Noonu,uninhabited,Uninhabited Island,,5.852149,73.336336,0.170305588188,76,3,2026-06-11T10:52:04.779Z
n-kendhikulhudhoo,Ken'dhikulhudhoo,ކެނދިކުޅުދޫ,N,Noonu,inhabited,Residential Island,,5.952517,73.415474,2.09086502425,80,5,2026-06-11T10:52:04.930Z
n-kudafari,Kudafari,ކުޑަފަރި,N,Noonu,inhabited,Residential Island,,5.882829,73.400418,0.291928819597,80,5,2026-06-11T10:52:04.787Z
n-kudafunafaru,Kudafunafaru,ކުޑަފުނަފަރު,N,Noonu,resort,Tourism Island,Resort,5.884695,73.377996,0.131078285608,76,5,2026-06-11T10:52:04.973Z
n-kudafushi,Kudafushi,ކުޑަފުށި,N,Noonu,industrial,Industrial Island,,5.702761,73.413074,0.00346564404593,76,4,2026-06-11T10:52:04.748Z
n-kunnamalei,Kunnamalei,ކުންނަމަލެއި,N,Noonu,resort,Tourism Island,Resort,5.952968,73.1335,0.0911773876248,76,4,2026-06-11T10:52:04.695Z
n-kuramaadhoo,Kuramaadhoo,ކުރަމާދޫ,N,Noonu,uninhabited,Uninhabited Island,,5.873231,73.143808,0.173006998105,76,2,2026-06-11T10:52:04.798Z
n-kuredhivaru,Kuredhivaru,ކުރެދިވަރު,N,Noonu,uninhabited,Uninhabited Island,Resort,5.875274,73.343457,0.103664269515,76,4,2026-06-11T10:52:05.009Z
n-landhoo,Landhoo,ލަންދޫ,N,Noonu,inhabited,Residential Island,,5.881804,73.466154,0.8720941860739999,80,5,2026-06-11T10:52:04.714Z
n-lhohi,Lhohi,ޅޮހި,N,Noonu,inhabited,Residential Island,,5.816037,73.377631,0.405625789415,80,4,2026-06-11T10:52:04.817Z
n-loafaru,Loafaru,ލޯފަރު,N,Noonu,resort,Tourism Island,Resort,5.785968,73.276474,0.137202112496,76,4,2026-06-11T10:52:04.901Z
n-maafaru,Maafaru,މާފަރު,N,Noonu,inhabited,Residential Island,,5.824624,73.471528,1.33869772109,80,5,2026-06-11T10:52:04.835Z
n-maafunafaru,Maafunafaru,މާފުނަފަރު,N,Noonu,uninhabited,Uninhabited Island,,5.861187,73.366237,0.235458176778,76,1,2026-06-11T10:52:04.805Z
n-maakanaafushi,Maakanaafushi,މާކަނާފުށި,N,Noonu,uninhabited,Uninhabited Island,,5.727783,73.416221,0.000500303114624,76,4,2026-06-11T10:52:05.027Z
n-maakurehdhoo,Maakurehdhoo,މާކުރެއްދޫ,N,Noonu,industrial,Industrial Island,,5.696564,73.311977,0.271870971564,76,3,2026-06-11T10:52:04.883Z
n-maalhendhoo,Maalhendhoo,މާޅެންދޫ,N,Noonu,inhabited,Residential Island,,5.902359,73.456092,0.469608482821,80,6,2026-06-11T10:52:04.721Z
n-maavahdhoo,Maavahdhoo,މާވައްދޫ,N,Noonu,uninhabited,Uninhabited Island,,5.814941,73.326356,0.126906009481,76,1,2026-06-11T10:52:04.831Z
n-maavelavaru,Maavelavaru,މާވެލަވަރު,N,Noonu,resort,Tourism Island,Resort,5.805699,73.171391,0.47063445591,76,3,2026-06-11T10:52:04.657Z
n-magoodhoo,Magoodhoo,މަގޫދޫ,N,Noonu,inhabited,Residential Island,,5.776427,73.362463,0.369538453333,80,1,2026-06-11T10:52:04.952Z
n-manadhoo,Manadhoo,މަނަދޫ,N,Noonu,inhabited,Residential Island,,5.765992,73.410862,1.10901564777,80,4,2026-06-11T10:52:04.793Z
n-medhafushi,Medhafushi,މެދަފުށި,N,Noonu,resort,Tourism Island,Resort,5.744579,73.323862,0.229708408215,76,4,2026-06-11T10:52:04.986Z
n-medhufaru,Medhufaru,މެދުފަރު,N,Noonu,resort,Tourism Island,Resort,5.71353,73.414409,0.5157325662600001,76,3,2026-06-11T10:52:04.665Z
n-miladhoo,Miladhoo,މިލަދޫ,N,Noonu,inhabited,Residential Island,,5.790487,73.362599,0.223737596261,80,5,2026-06-11T10:52:05.002Z
n-minaavaru,Minaavaru,މިނާވަރު,N,Noonu,industrial,Industrial Island,,5.76862,73.343677,0.420118060767,76,3,2026-06-11T10:52:04.866Z
n-orimasvaru,Orimasvaru,އޮރިމަސްވަރު,N,Noonu,uninhabited,Uninhabited Island,Varuva,5.863169,73.207258,0.05835879882430001,76,3,2026-06-11T10:52:04.967Z
n-orivaru,Orivaru,އޮރިވަރު,N,Noonu,resort,Tourism Island,Resort,5.802121,73.297717,0.147355121399,76,3,2026-06-11T10:52:04.732Z
n-orivarukudarah,Orivarukudarah,އޮރިވަރުކުޑަރަށް,N,Noonu,uninhabited,Uninhabited Island,,5.801009,73.293641,0.00028763189345,76,3,2026-06-11T10:52:04.679Z
n-raafushi,Raafushi,ރާފުށި,N,Noonu,resort,Tourism Island,,5.647592,73.298585,0.185221492534,76,2,2026-06-11T10:52:04.979Z
n-raalhulaakolhu,Raalhulaakolhu,ރާޅުލާކޮޅު,N,Noonu,resort,Tourism Island,,5.686826,73.40462,0.0161613888187,76,4,2026-06-11T10:52:04.825Z
n-randheli,Randheli,ރަންދެލި,N,Noonu,resort,Tourism Island,Resort,5.691916,73.341722,0.109280578632,76,4,2026-06-11T10:52:04.991Z
n-thanburudhoo,Than'burudhoo,ތަނބުރުދޫ,N,Noonu,industrial,Industrial Island,,5.716573,73.234696,0.0590096271199,76,3,2026-06-11T10:52:04.937Z
n-thanburudhuffushi,Than'burudhuffushi,ތަނބުރުދުއްފުށި,N,Noonu,resort,Tourism Island,,5.708546,73.24238,0.0303467619761,76,4,2026-06-11T10:52:05.023Z
n-tholhendhoo,Tholhendhoo,ތޮޅެންދޫ,N,Noonu,uninhabited,Uninhabited Island,,5.920789,73.436452,0.164165206897,76,2,2026-06-11T10:52:04.870Z
n-thoshigandukolhu,Thoshigan'dukolhu,ތޮށިގަނޑުކޮޅު,N,Noonu,resort,Tourism Island,,5.732589,73.413649,0.0203628375799,76,4,2026-06-11T10:52:04.891Z
n-vavathi,Vavathi,ވަވަތި,N,Noonu,industrial,Industrial Island,,5.796395,73.227421,0.194166683729,76,2,2026-06-11T10:52:04.739Z
n-velidhoo,Velidhoo,ވެލިދޫ,N,Noonu,inhabited,Residential Island,,5.664426,73.273437,0.622354786216,80,4,2026-06-11T10:52:04.810Z
r-aarah,Aarah,އާރަށް,R,Raa,resort,Tourism Island,Resort,5.447666,72.94135,0.129826319081,76,4,2026-06-11T10:52:05.072Z
r-alifushi,Alifushi,އަލިފުށި,R,Raa,inhabited,Residential Island,,5.967268,72.953201,0.605700102536,80,6,2026-06-11T10:52:05.216Z
r-angolhitheemu,An'golhitheemu,އަނގޮޅިތީމު,R,Raa,inhabited,Residential Island,,5.792897,73.006649,0.3983913406,80,4,2026-06-11T10:52:05.186Z
r-angaagiri,Angaagiri,އަންގާގިރި,R,Raa,uninhabited,Uninhabited Island,,5.556412,72.946044,0.0248790531348,76,2,2026-06-11T10:52:05.110Z
r-arilundhoo,Arilundhoo,އަރިލުންދޫ,R,Raa,uninhabited,Uninhabited Island,Varuva,5.660229,72.95767,0.0358412788668,76,3,2026-06-11T10:52:05.264Z
r-bandaveri,Ban'daveri,ބަނޑަވެރި,R,Raa,uninhabited,Uninhabited Island,,5.622719,72.852252,0.0242321561414,76,2,2026-06-11T10:52:05.153Z
r-bodufarufinolhu,Bodufarufinolhu,ބޮޑުފަރުފިނޮޅު,R,Raa,resort,Tourism Island,Resort,5.529551,72.805834,0.0475131495686,76,4,2026-06-11T10:52:05.291Z
r-bodufenmaaenboodhoo,Bodufenmaaen'boodhoo,ބޮޑުފެންމާއެނބޫދޫ,R,Raa,uninhabited,Uninhabited Island,,5.629719,72.924133,0.031490069402,76,3,2026-06-11T10:52:05.159Z
r-bodufushi,Bodufushi,ބޮޑުފުށި,R,Raa,resort,Tourism Island,Resort,5.507683,72.968897,0.124198453327,76,3,2026-06-11T10:52:05.100Z
r-boduhaiykodi,Boduhaiykodi,ބޮޑުހަތްކޮޑި,R,Raa,industrial,Industrial Island,Aquaculture,5.611436,72.969753,0.0415157931414,76,4,2026-06-11T10:52:05.122Z
r-boduhuraa,Boduhuraa,ބޮޑުހުރާ,R,Raa,uninhabited,Uninhabited Island,,5.417963,73.02253,0.006164681185439999,76,2,2026-06-11T10:52:05.207Z
r-dheburidheythereyvaadhoo,Dheburidheythereyvaadhoo,ދެބުރިދޭތެރޭވާދޫ,R,Raa,industrial,Industrial Island,,5.400698,72.991366,0.100553585085,76,4,2026-06-11T10:52:05.059Z
r-dhekunumaafarufinolhu,Dhekunumaafarufinolhu,ދެކުނުމާފަރުފިނޮޅު,R,Raa,uninhabited,Uninhabited Island,,5.432263,72.896531,0.0011341372736,76,3,2026-06-11T10:52:05.213Z
r-dhigali,Dhigali,ދިގަލި,R,Raa,resort,Tourism Island,Resort,5.475279,72.953774,0.207467011671,76,4,2026-06-11T10:52:05.327Z
r-dhikkurehdhoo,Dhikkurehdhoo,ދިއްކުރެއްދޫ,R,Raa,uninhabited,Uninhabited Island,,5.576874,72.957207,0.0483328099771,76,2,2026-06-11T10:52:05.204Z
r-dhinnaafushi,Dhinnaafushi,ދިންނާފުށި,R,Raa,uninhabited,Uninhabited Island,,5.58903,72.83309,0.00609908243915,76,2,2026-06-11T10:52:05.297Z
r-dhoragali,Dhoragali,ދޮރަގަލި,R,Raa,resort,Tourism Island,,5.494089,72.997597,0.0666786220487,76,2,2026-06-11T10:52:05.088Z
r-dhuvaafaru,Dhuvaafaru,ދުވާފަރު,R,Raa,inhabited,Residential Island,,5.629247,73.041401,0.546511273537,80,6,2026-06-11T10:52:05.255Z
r-dhuvaafaruhuraa,Dhuvaafaruhuraa,ދުވާފަރުހުރާ,R,Raa,uninhabited,Uninhabited Island,,5.639874,73.041573,0.00220021239769,76,2,2026-06-11T10:52:05.258Z
r-ehthigili,Ehthigili,އެއްތިގިލި,R,Raa,resort,Tourism Island,,5.97885,72.938347,0.112942736658,76,2,2026-06-11T10:52:05.219Z
r-ethigandujehihuraa,Ethigan'dujehihuraa,އެތިގަނޑުޖެހިހުރާ,R,Raa,uninhabited,Uninhabited Island,,5.424122,73.029792,0.000278303484991,56,3,2026-06-11T10:52:05.345Z
r-faarufushi,Faarufushi,ފާރުފުށި,R,Raa,resort,Tourism Island,Resort,5.768022,72.965288,0.0681402637805,76,4,2026-06-11T10:52:05.183Z
r-fainu,Fainu,ފައިނު,R,Raa,inhabited,Residential Island,,5.463455,73.034582,0.617953847686,80,3,2026-06-11T10:52:05.267Z
r-fasgandufaru,Fasgan'dufaru,ފަސްގަނޑުފަރު,R,Raa,uninhabited,Uninhabited Island,,5.757898,72.939696,0.00490459149925,56,3,2026-06-11T10:52:05.249Z
r-fasmendhoo,Fasmendhoo,ފަސްމެންދޫ,R,Raa,resort,Tourism Island,Resort,5.494216,72.881603,0.196317097425,76,3,2026-06-11T10:52:05.092Z
r-fenfushi,Fenfushi,ފެންފުށި,R,Raa,industrial,Industrial Island,,5.382442,72.902284,0.0483122922664,76,2,2026-06-11T10:52:05.303Z
r-filaidhoo,Filaidhoo,ފިލައިދޫ,R,Raa,resort,Tourism Island,,5.491818,72.938414,0.192052671065,76,2,2026-06-11T10:52:05.086Z
r-fuggiri,Fuggiri,ފުއްގިރި,R,Raa,resort,Tourism Island,Resort,5.724468,72.854058,0.08188845883080001,76,5,2026-06-11T10:52:05.126Z
r-furaveri,Furaveri,ފުރަވެރި,R,Raa,resort,Tourism Island,Resort,5.44025,72.908309,0.23969043552,76,4,2026-06-11T10:52:05.069Z
r-gaaundoodhoo,Gaaun'doodhoo,ގާއުނޑޫދޫ,R,Raa,industrial,Industrial Island,Mixed Usage,5.749472,73.015715,0.16415565185,76,3,2026-06-11T10:52:05.180Z
r-gemana,Gemana,ގެމަނަ,R,Raa,uninhabited,Uninhabited Island,,5.53711,72.984983,0.0244988957183,73,1,2026-06-11T10:52:05.279Z
r-giraavaru,Giraavaru,ގިރާވަރު,R,Raa,uninhabited,Uninhabited Island,,5.588334,72.861165,0.0111144411151,76,2,2026-06-11T10:52:05.116Z
r-goboshi,Goboshi,ގޮބޮށި,R,Raa,uninhabited,Uninhabited Island,Varuva,5.551651,72.884182,0.0179643769574,76,3,2026-06-11T10:52:05.132Z
r-goiymaru,Goiymaru,ގޮތްމަރު,R,Raa,uninhabited,Uninhabited Island,,5.630177,72.887583,0.0211739955124,76,2,2026-06-11T10:52:05.330Z
r-goyyafaru,Goyyafaru,ގޮއްޔަފަރު,R,Raa,uninhabited,Uninhabited Island,Varuva,5.564944,72.928291,0.0338919711592,76,3,2026-06-11T10:52:05.113Z
r-hiboodhoo,Hiboodhoo,ހިބޫދޫ,R,Raa,uninhabited,Uninhabited Island,Council Management,5.612637,72.919066,0.024840192583,76,3,2026-06-11T10:52:05.150Z
r-hiraveri,Hiraveri,ހިރަވެރި,R,Raa,uninhabited,Uninhabited Island,Varuva,5.571638,72.869436,0.00484164586004,76,4,2026-06-11T10:52:05.138Z
r-hulhudhoo,Hulhudhoo,ހުޅުދޫ,R,Raa,uninhabited,Uninhabited Island,Varuva,5.738559,73.018983,0.0163327149345,76,3,2026-06-11T10:52:05.174Z
r-hulhudhuffaaru,Hulhudhuffaaru,ހުޅުދުއްފާރު,R,Raa,inhabited,Residential Island,,5.765496,73.01213,0.60816466488,80,5,2026-06-11T10:52:05.243Z
r-huruvalhi,Huruvalhi,ހުރުވަޅި,R,Raa,resort,Tourism Island,Resort,5.392036,72.979049,0.0668965944891,76,4,2026-06-11T10:52:05.053Z
r-ifuru,Ifuru,އިފުރު,R,Raa,industrial,Industrial Island,,5.708029,73.024114,0.574712778603,76,3,2026-06-11T10:52:05.240Z
r-inguraidhoo,In'guraidhoo,އިނގުރައިދޫ,R,Raa,inhabited,Residential Island,,5.476994,73.036716,0.471044423468,80,5,2026-06-11T10:52:05.353Z
r-innamaadhoo,Innamaadhoo,އިންނަމާދޫ,R,Raa,inhabited,Residential Island,,5.549388,73.044249,0.371751146673,80,5,2026-06-11T10:52:05.192Z
r-kandholhudhoo,Kan'dholhudhoo,ކަނދޮޅުދޫ,R,Raa,uninhabited,Uninhabited Island,,5.618752,72.855106,0.117992832621,76,2,2026-06-11T10:52:05.324Z
r-kandoogandu,Kan'doogan'du,ކަނޑޫގަނޑު,R,Raa,resort,Tourism Island,,5.780854,72.876182,0.0258031945739,76,3,2026-06-11T10:52:05.342Z
r-kandhoomeehunge-lhaanbugali,Kandhoomeehunge Lhaan'bugali,ކަނދޫމީހުންގެ ޅާނބުގަލި,R,Raa,uninhabited,Uninhabited Island,,5.731085,72.919896,0.00555247472279,56,2,2026-06-11T10:52:05.225Z
r-kinolhas,Kinolhas,ކިނޮޅަސް,R,Raa,inhabited,Residential Island,,5.448449,73.03005,0.562281364312,80,3,2026-06-11T10:52:05.195Z
r-kothaifaru,Kothaifaru,ކޮތައިފަރު,R,Raa,uninhabited,Uninhabited Island,Resort,5.524945,72.843124,0.112693438475,76,2,2026-06-11T10:52:05.294Z
r-kottefaru,Kottefaru,ކޮއްޓެފަރު,R,Raa,resort,Tourism Island,Resort,5.510078,73.040894,0.138000178743,76,4,2026-06-11T10:52:05.273Z
r-kudafenmaaenboodhoo,Kudafenmaaen'boodhoo,ކުޑަފެންމާއެނބޫދޫ,R,Raa,uninhabited,Uninhabited Island,,5.625166,72.935832,0.0133878808101,76,3,2026-06-11T10:52:05.155Z
r-kudafushi,Kudafushi,ކުޑަފުށި,R,Raa,resort,Tourism Island,Resort,5.510674,72.980409,0.103590022058,76,3,2026-06-11T10:52:05.103Z
r-kudakurathu,Kudakurathu,ކުޑަކުރަތު,R,Raa,resort,Tourism Island,Resort,5.58374,73.044438,0.387848996921,76,3,2026-06-11T10:52:05.231Z
r-kudalhosgiri,Kudalhosgiri,ކުޑަޅޮސްގިރި,R,Raa,uninhabited,Uninhabited Island,,5.602177,72.913946,0.0100770276607,76,2,2026-06-11T10:52:05.119Z
r-kudathulhaadhoo,Kudathulhaadhoo,ކުޑަތުޅާދޫ,R,Raa,uninhabited,Uninhabited Island,Varuva,5.407633,72.89899,0.0180170231709,76,4,2026-06-11T10:52:05.065Z
r-kukulhudhoo,Kukulhudhoo,ކުކުޅުދޫ,R,Raa,uninhabited,Uninhabited Island,,5.459219,72.871178,0.0296313744859,76,2,2026-06-11T10:52:05.339Z
r-kukulhudhuffaru,Kukulhudhuffaru,ކުކުޅުދުއްފަރު,R,Raa,uninhabited,Uninhabited Island,,5.473334,72.843958,0.0272934382512,73,1,2026-06-11T10:52:05.306Z
r-kurehdhoo,Kurehdhoo,ކުރެއްދޫ,R,Raa,uninhabited,Uninhabited Island,,5.640484,72.894562,0.0353103920338,76,2,2026-06-11T10:52:05.165Z
r-kuroshigiri,Kuroshigiri,ކުރޮށިގިރި,R,Raa,resort,Tourism Island,Resort,5.513975,72.850321,0.0101200013985,76,4,2026-06-11T10:52:05.107Z
r-lhaanbugali,Lhaan'bugali,ޅާނބުގަލި,R,Raa,uninhabited,Uninhabited Island,,5.552766,72.876765,0.0265564070887,76,2,2026-06-11T10:52:05.285Z
r-lhohi,Lhohi,ޅޮހި,R,Raa,industrial,Industrial Island,,5.461513,72.885259,0.0386440579996,76,4,2026-06-11T10:52:05.309Z
r-linboakandhoo,Lin'boakandhoo,ލިނބޯކަންދޫ,R,Raa,industrial,Industrial Island,,5.730636,72.934323,0.18353503436,76,3,2026-06-11T10:52:05.177Z
r-lundhufushi,Lun'dhufushi,ލުނދުފުށި,R,Raa,resort,Tourism Island,Resort,5.643621,72.987065,0.070844928494,76,5,2026-06-11T10:52:05.210Z
r-maakurathu,Maakurathu,މާކުރަތު,R,Raa,inhabited,Residential Island,,5.606169,73.043719,0.5313771253139999,80,3,2026-06-11T10:52:05.188Z
r-maamingili,Maamin'gili,މާމިނގިލި,R,Raa,resort,Tourism Island,,5.651117,72.884463,0.0721863997977,76,2,2026-06-11T10:52:05.321Z
r-maamunagau,Maamunagau,މާމުނަގައު,R,Raa,resort,Tourism Island,Resort,5.359905,72.919071,0.08395081294489999,76,3,2026-06-11T10:52:05.333Z
r-maamunagaufinolhu,Maamunagaufinolhu,މާމުނަގައުފިނޮޅު,R,Raa,uninhabited,Uninhabited Island,,5.369618,72.876189,0.00216740868785,76,3,2026-06-11T10:52:05.315Z
r-maanenfushi,Maanenfushi,މާނެންފުށި,R,Raa,resort,Tourism Island,,5.751044,72.961411,0.20190981936,76,3,2026-06-11T10:52:05.300Z
r-maashigiri,Maashigiri,މާށިގިރި,R,Raa,uninhabited,Uninhabited Island,,5.513939,72.826867,0.112419240233,76,1,2026-06-11T10:52:05.288Z
r-madivaafaru,Madivaafaru,މަޑިވާފަރު,R,Raa,uninhabited,Uninhabited Island,,5.608277,72.989531,0.00898327565637,76,2,2026-06-11T10:52:05.144Z
r-maduvvari,Maduvvari,މަޑުއްވަރި,R,Raa,inhabited,Residential Island,,5.486328,72.895989,0.227280422579,80,5,2026-06-11T10:52:05.083Z
r-mahidhoo,Mahidhoo,މަހިދޫ,R,Raa,uninhabited,Uninhabited Island,,5.537545,72.944284,0.0105006543847,76,1,2026-06-11T10:52:05.129Z
r-meedhoo,Meedhoo,މީދޫ,R,Raa,inhabited,Residential Island,,5.45815,72.955271,0.36243457186,80,5,2026-06-11T10:52:05.246Z
r-meedhupparu,Meedhupparu,މީދުއްޕަރު,R,Raa,resort,Tourism Island,Resort,5.455946,72.979918,0.18762371207,76,3,2026-06-11T10:52:05.076Z
r-minaadhoo,Minaadhoo,މިނާދޫ,R,Raa,uninhabited,Uninhabited Island,,5.588152,72.927476,0.00100738474035,73,1,2026-06-11T10:52:05.198Z
r-mullaafushi,Mullaafushi,މުއްލާފުށި,R,Raa,uninhabited,Uninhabited Island,,5.519887,72.907477,0.006419645707879999,76,3,2026-06-11T10:52:05.201Z
r-muravandhoo,Muravandhoo,މުރަވަންދޫ,R,Raa,resort,Tourism Island,Resort,5.607915,72.951832,0.108467158615,76,3,2026-06-11T10:52:05.147Z
r-neyo,Neyo,ނެޔޮ,R,Raa,uninhabited,Uninhabited Island,Council Management,5.492583,73.038893,0.0719037278172,76,2,2026-06-11T10:52:05.261Z
r-orimasfushi,Orimasfushi,އޮރިމަސްފުށި,R,Raa,uninhabited,Uninhabited Island,,5.581199,72.90686,0.0147431575714,73,1,2026-06-11T10:52:05.141Z
r-rasgetheemu,Rasgetheemu,ރަސްގެތީމު,R,Raa,inhabited,Residential Island,,5.807699,73.002954,0.392073994094,80,5,2026-06-11T10:52:05.222Z
r-rasmaadhoo,Rasmaadhoo,ރަސްމާދޫ,R,Raa,inhabited,Residential Island,,5.563069,73.043699,0.266849922323,80,5,2026-06-11T10:52:05.135Z
r-thaavathaa,Thaavathaa,ތާވަތާ,R,Raa,uninhabited,Uninhabited Island,,5.485296,72.975809,0.0822048375726,76,1,2026-06-11T10:52:05.079Z
r-ufulandhoo,Ufulandhoo,އުފުލަންދޫ,R,Raa,uninhabited,Uninhabited Island,Council Management,5.464385,72.91339,0.29470476851,76,3,2026-06-11T10:52:05.318Z
r-ungoofaaru,Un'goofaaru,އުނގޫފާރު,R,Raa,inhabited,Residential Island,,5.668288,73.029744,0.361495925999,80,4,2026-06-11T10:52:05.282Z
r-ungulu,Un'gulu,އުނގުލު,R,Raa,industrial,Industrial Island,,5.690919,73.026375,0.137807026908,76,3,2026-06-11T10:52:05.229Z
r-uthurumaafaru,Uthurumaafaru,އުތުރުމާފަރު,R,Raa,resort,Tourism Island,Resort,5.669953,72.845788,0.0306935743191,76,4,2026-06-11T10:52:05.170Z
r-vaadhoo,Vaadhoo,ވާދޫ,R,Raa,inhabited,Residential Island,,5.856224,72.99107,0.381656173071,80,0,2026-06-11T10:52:05.276Z
r-vaffushi,Vaffushi,ވައްފުށި,R,Raa,uninhabited,Uninhabited Island,Varuva,5.629278,72.862699,0.0103080887125,76,2,2026-06-11T10:52:05.162Z
r-vaffushihuraa,Vaffushihuraa,ވައްފުށިހުރާ,R,Raa,uninhabited,Uninhabited Island,,5.642823,72.839931,0.00985231208089,76,1,2026-06-11T10:52:05.168Z
r-vakkarufaru,Vakkarufaru,ވައްކަރުފަރު,R,Raa,uninhabited,Uninhabited Island,,5.515144,72.926885,0.000352364338953,53,1,2026-06-11T10:52:05.336Z
r-vandhoo,Vandhoo,ވަންދޫ,R,Raa,uninhabited,Uninhabited Island,,5.531598,73.041885,0.399330740222,76,1,2026-06-11T10:52:05.252Z
r-veyvah,Veyvah,ވޭވަށް,R,Raa,resort,Tourism Island,Resort,5.76714,72.893373,0.0171963217033,76,4,2026-06-11T10:52:05.270Z
r-vilingili,Vilin'gili,ވިލިނގިލި,R,Raa,uninhabited,Uninhabited Island,,5.376738,72.95492,0.0444854085684,76,2,2026-06-11T10:52:05.312Z
b-ahivaffushi,Ahivaffushi,އަހިވައްފުށި,B,Baa,uninhabited,Uninhabited Island,,5.228497,72.856991,0.00312542750938,76,2,2026-06-11T10:51:59.914Z
b-aidhoo,Aidhoo,އައިދޫ,B,Baa,industrial,Industrial Island,,5.187292,73.163568,0.0339063515951,76,3,2026-06-11T10:52:00.074Z
b-angaafaru,An'gaafaru,އަނގާފަރު,B,Baa,uninhabited,Uninhabited Island,,5.177502,73.099236,0.0165902812379,53,1,2026-06-11T10:51:59.952Z
b-anhenunfushi,Anhenunfushi,އަންހެނުންފުށި,B,Baa,uninhabited,Uninhabited Island,,5.342137,72.968693,0.205264283778,76,2,2026-06-11T10:52:00.263Z
b-bathalaa,Bathalaa,ބަތަލާ,B,Baa,uninhabited,Uninhabited Island,,5.353316,73.068175,0.0176206307125,56,2,2026-06-11T10:51:59.804Z
b-bathalaahuraa,Bathalaahuraa,ބަތަލާހުރާ,B,Baa,uninhabited,Uninhabited Island,,5.35739,73.061994,0.00801144147093,73,1,2026-06-11T10:51:59.798Z
b-boadhaafushifinolhu,Boadhaafushifinolhu,ބޯދާފުށިފިނޮޅު,B,Baa,uninhabited,Uninhabited Island,,4.88166,72.894951,0.0317027689117,76,2,2026-06-11T10:52:00.296Z
b-bodufinolhu,Bodufinolhu,ބޮޑުފިނޮޅު,B,Baa,resort,Tourism Island,Resort,5.008896,72.857743,0.110712443637,76,4,2026-06-11T10:52:00.204Z
b-boifushi,Boifushi,ބޮއިފުށި,B,Baa,resort,Tourism Island,,5.29783,72.993838,0.00619176380476,76,3,2026-06-11T10:51:59.836Z
b-dhakandhoo,Dhakandhoo,ދަކަންދޫ,B,Baa,uninhabited,Uninhabited Island,,5.248385,72.893652,0.05733042615179999,76,2,2026-06-11T10:51:59.897Z
b-dhandhoo,Dhandhoo,ދަންދޫ,B,Baa,resort,Tourism Island,Resort,5.235913,73.168395,0.0252307970428,76,4,2026-06-11T10:52:00.031Z
b-dharavandhoo,Dharavandhoo,ދަރަވަންދޫ,B,Baa,inhabited,Residential Island,,5.157033,73.130709,0.673845639912,80,7,2026-06-11T10:52:00.108Z
b-dhashufaruhuraa,Dhashufaruhuraa,ދަށުފަރުހުރާ,B,Baa,uninhabited,Uninhabited Island,,4.817379,72.909928,0.000758372650855,76,2,2026-06-11T10:52:00.316Z
b-dhigudhefaru,Dhigudhefaru,ދިގުދެފަރު,B,Baa,resort,Tourism Island,Resort,5.235112,73.139141,0.0370481954801,76,4,2026-06-11T10:52:00.004Z
b-dhigufaruvinagandu,Dhigufaruvinagan'du,ދިގުފަރުވިނަގަނޑު,B,Baa,resort,Tourism Island,Resort,5.352333,72.98975,0.058422011826,76,4,2026-06-11T10:52:00.256Z
b-dhonfan,Dhonfan,ދޮންފަން,B,Baa,inhabited,Residential Island,,5.187979,73.122931,0.173044698298,80,2,2026-06-11T10:52:00.088Z
b-dhoogandufinolhu,Dhoogan'dufinolhu,ދޫގަނޑުފިނޮޅު,B,Baa,uninhabited,Uninhabited Island,,5.2474,73.151976,0.00366930414735,76,2,2026-06-11T10:51:59.998Z
b-dhunikolhu,Dhunikolhu,ދުނިކޮޅު,B,Baa,resort,Tourism Island,Resort,5.039647,72.881479,0.157636938878,76,3,2026-06-11T10:52:00.222Z
b-enboodhoo,En'boodhoo,އެނބޫދޫ,B,Baa,resort,Tourism Island,,5.063879,72.856166,0.0431582316596,76,2,2026-06-11T10:52:00.236Z
b-eydhafushi,Eydhafushi,އޭދަފުށި,B,Baa,inhabited,Residential Island,,5.102656,73.070774,0.563472010554,80,5,2026-06-11T10:52:00.142Z
b-fares,Fares,ފަރެސް,B,Baa,resort,Tourism Island,Resort,5.232139,72.877271,0.131586154206,76,3,2026-06-11T10:51:59.906Z
b-fehendhoo,Fehendhoo,ފެހެންދޫ,B,Baa,inhabited,Residential Island,,4.881774,72.968754,0.251671626427,80,3,2026-06-11T10:52:00.283Z
b-finolhas,Finolhas,ފިނޮޅަސް,B,Baa,resort,Tourism Island,,5.233878,73.113643,0.244847824131,76,2,2026-06-11T10:51:59.965Z
b-finolhufaru,Finolhufaru,ފިނޮޅުފަރު,B,Baa,uninhabited,Uninhabited Island,Varuva,5.183933,72.934623,0.000257245926257,73,1,2026-06-11T10:51:59.926Z
b-fonimagoodhoo,Fonimagoodhoo,ފޮނިމަގޫދޫ,B,Baa,resort,Tourism Island,Resort,5.255163,73.163528,0.112134784415,76,3,2026-06-11T10:52:00.025Z
b-fulhadhoo,Fulhadhoo,ފުޅަދޫ,B,Baa,inhabited,Residential Island,,4.884713,72.932465,0.292719549558,80,5,2026-06-11T10:52:00.289Z
b-funadhoo,Funadhoo,ފުނަދޫ,B,Baa,resort,Tourism Island,Resort,5.274631,73.033132,0.124629105784,76,3,2026-06-11T10:51:59.862Z
b-gaagandufaruhuraa,Gaagan'dufaruhuraa,ގާގަނޑުފަރުހުރާ,B,Baa,uninhabited,Uninhabited Island,,5.369215,73.060843,0.00108855579385,76,2,2026-06-11T10:51:59.791Z
b-gaavilingili,Gaavilin'gili,ގާވިލިނގިލި,B,Baa,uninhabited,Uninhabited Island,Varuva,5.062096,72.83751,0.0199426246418,76,2,2026-06-11T10:52:00.229Z
b-gemendhoo,Gemendhoo,ގެމެންދޫ,B,Baa,uninhabited,Uninhabited Island,,5.275599,73.019793,0.018952143188,76,2,2026-06-11T10:51:59.874Z
b-goidhoo,Goidhoo,ގޮއިދޫ,B,Baa,inhabited,Residential Island,,4.872079,72.999556,1.62944661819,80,0,2026-06-11T10:52:00.277Z
b-hanifaru,Hanifaru,ހަނިފަރު,B,Baa,uninhabited,Uninhabited Island,,5.183098,73.133052,0.0264827218955,76,2,2026-06-11T10:52:00.095Z
b-hanifaruhuraa,Hanifaruhuraa,ހަނިފަރުހުރާ,B,Baa,uninhabited,Uninhabited Island,,5.172893,73.151435,0.000272290869902,56,2,2026-06-11T10:52:00.102Z
b-hibalhidhoo,Hibalhidhoo,ހިބަޅިދޫ,B,Baa,resort,Tourism Island,,5.141367,73.114746,0.200516301268,76,2,2026-06-11T10:52:00.115Z
b-hirundhoo,Hirundhoo,ހިރުންދޫ,B,Baa,resort,Tourism Island,Resort,5.217104,73.153586,0.0607891436195,76,3,2026-06-11T10:52:00.059Z
b-hithaadhoo,Hithaadhoo,ހިތާދޫ,B,Baa,inhabited,Residential Island,,5.007406,72.922859,0.317402177714,80,3,2026-06-11T10:52:00.188Z
b-horubadhoo,Horubadhoo,ހޮރުބަދޫ,B,Baa,resort,Tourism Island,Resort,5.162683,73.052741,0.164909333002,76,4,2026-06-11T10:51:59.945Z
b-hulhudhoo,Hulhudhoo,ހުޅުދޫ,B,Baa,uninhabited,Uninhabited Island,,5.274912,73.025159,0.04179720954319999,76,1,2026-06-11T10:51:59.868Z
b-huraafaru,Huraafaru,ހުރާފަރު,B,Baa,resort,Tourism Island,,5.206923,73.153938,0.0297510204313,73,2,2026-06-11T10:52:00.068Z
b-innafushi,Innafushi,އިންނަފުށި,B,Baa,resort,Tourism Island,,4.877513,72.879363,0.03488530744609999,76,2,2026-06-11T10:52:00.303Z
b-kamadhoo,Kamadhoo,ކަމަދޫ,B,Baa,inhabited,Residential Island,,5.282034,73.136981,0.213486330007,80,6,2026-06-11T10:51:59.978Z
b-kanufusheegaathufinolhu,Kanufusheegaathufinolhu,ކަނުފުށީގާތުފިނޮޅު,B,Baa,resort,Tourism Island,,5.013653,72.961981,0.0296633498543,76,3,2026-06-11T10:52:00.322Z
b-kanufushi,Kanufushi,ކަނުފުށި,B,Baa,resort,Tourism Island,Resort,5.011704,72.953304,0.121013430248,76,3,2026-06-11T10:52:00.175Z
b-kashidhoo,Kashidhoo,ކަށިދޫ,B,Baa,industrial,Industrial Island,Mixed Usage,5.297178,72.968702,0.066087057827,76,5,2026-06-11T10:51:59.843Z
b-kendhoo,Kendhoo,ކެންދޫ,B,Baa,inhabited,Residential Island,,5.275394,73.009979,0.190153490976,80,5,2026-06-11T10:51:59.881Z
b-keyodhoo,Keyodhoo,ކެޔޮދޫ,B,Baa,uninhabited,Uninhabited Island,Varuva,5.276622,72.99603,0.0325711119161,76,3,2026-06-11T10:51:59.888Z
b-kihaadhoo,Kihaadhoo,ކިހާދޫ,B,Baa,inhabited,Residential Island,,5.215188,73.125099,0.307724658216,80,5,2026-06-11T10:52:00.017Z
b-kihaadhuffaru,Kihaadhuffaru,ކިހާދުއްފަރު,B,Baa,resort,Tourism Island,Resort,5.190973,73.132381,0.150632998365,76,4,2026-06-11T10:52:00.081Z
b-kihavahhuravalhi,Kihavahhuravalhi,ކިހަވައްހުރަވަޅި,B,Baa,resort,Tourism Island,Resort,5.296193,73.057105,0.154499220994,76,5,2026-06-11T10:51:59.830Z
b-kudadhoo,Kudadhoo,ކުޑަދޫ,B,Baa,uninhabited,Uninhabited Island,,5.028754,72.991768,0.00646772815143,76,1,2026-06-11T10:52:00.169Z
b-kudarikilu,Kudarikilu,ކުޑަރިކިލު,B,Baa,inhabited,Residential Island,,5.300419,73.070833,0.189256899321,80,4,2026-06-11T10:51:59.824Z
b-kunfunadhoo,Kunfunadhoo,ކުންފުނަދޫ,B,Baa,resort,Tourism Island,Resort,5.112467,73.077677,0.449698005911,76,3,2026-06-11T10:52:00.135Z
b-landaagiraavaru,Lan'daagiraavaru,ލަނޑާގިރާވަރު,B,Baa,resort,Tourism Island,Resort,5.286059,73.111882,0.21612439163,76,3,2026-06-11T10:51:59.849Z
b-maaddoo,Maaddoo,މާއްޑޫ,B,Baa,uninhabited,Uninhabited Island,,5.092783,73.062681,0.259308952117,76,2,2026-06-11T10:52:00.149Z
b-maaddoohulhudhoo,Maaddoohulhudhoo,މާއްޑޫހުޅުދޫ,B,Baa,uninhabited,Uninhabited Island,Varuva,5.071312,73.031741,0.0238838108467,76,4,2026-06-11T10:52:00.155Z
b-maafusheefinolhu,Maafusheefinolhu,މާފުށީފިނޮޅު,B,Baa,uninhabited,Uninhabited Island,,5.23138,73.191061,0.00201372697561,53,1,2026-06-11T10:52:00.049Z
b-maalhos,Maalhos,މާޅޮސް,B,Baa,inhabited,Residential Island,,5.134688,73.108156,0.257375840789,80,1,2026-06-11T10:52:00.121Z
b-maamaduvvari,Maamaduvvari,މާމަޑުއްވަރި,B,Baa,resort,Tourism Island,Resort,5.009422,72.942115,0.384924747943,76,3,2026-06-11T10:52:00.182Z
b-maarikilu,Maarikilu,މާރިކިލު,B,Baa,industrial,Industrial Island,,5.334986,72.952531,0.267734374357,76,3,2026-06-11T10:52:00.270Z
b-madhirivaadhoo,Madhirivaadhoo,މަދިރިވާދޫ,B,Baa,uninhabited,Uninhabited Island,Varuva,5.268895,73.161264,0.0517470041104,76,2,2026-06-11T10:51:59.985Z
b-mathifaru,Mathifaru,މަތިފަރު,B,Baa,uninhabited,Uninhabited Island,,4.816068,72.890462,0.0103886137797,76,2,2026-06-11T10:52:00.310Z
b-medhufinolhugaathufinolhu,Medhufinolhugaathufinolhu,މެދުފިނޮޅުގާތުފިނޮޅު,B,Baa,uninhabited,Uninhabited Island,,5.015829,72.966891,0.0335646921805,76,3,2026-06-11T10:52:00.329Z
b-mendhoo,Mendhoo,މެންދޫ,B,Baa,resort,Tourism Island,,5.174966,72.995529,0.147632871064,76,2,2026-06-11T10:51:59.939Z
b-milaidhoo,Milaidhoo,މިލައިދޫ,B,Baa,resort,Tourism Island,Resort,5.267113,73.128476,0.0551469026962,76,3,2026-06-11T10:51:59.971Z
b-miriandhoo,Miriandhoo,މިރިއަންދޫ,B,Baa,resort,Tourism Island,Resort,5.063214,73.031273,0.0656865751472,76,3,2026-06-11T10:52:00.162Z
b-mudhdhoo,Mudhdhoo,މުއްދޫ,B,Baa,resort,Tourism Island,Resort,5.206673,73.084727,0.189260196067,76,4,2026-06-11T10:51:59.958Z
b-muthaafushi,Muthaafushi,މުތާފުށި,B,Baa,resort,Tourism Island,Resort,5.078426,72.877828,0.0504194599389,76,3,2026-06-11T10:52:00.243Z
b-nelivarufinolhu,Nelivarufinolhu,ނެލިވަރުފިނޮޅު,B,Baa,uninhabited,Uninhabited Island,,5.125979,73.085787,0.00994649810044,76,1,2026-06-11T10:52:00.128Z
b-nibiligaa,Nibiligaa,ނިބިލިގާ,B,Baa,uninhabited,Uninhabited Island,,5.174184,72.944158,0.0159258318974,56,2,2026-06-11T10:51:59.932Z
b-olhugiri,Olhugiri,އޮޅުގިރި,B,Baa,uninhabited,Uninhabited Island,,5.001314,72.905856,0.206771443879,76,1,2026-06-11T10:52:00.195Z
b-thiladhoo,Thiladhoo,ތިލަދޫ,B,Baa,resort,Tourism Island,Resort,5.262204,73.155255,0.0469721292553,76,3,2026-06-11T10:51:59.991Z
b-thulhaadhoo,Thulhaadhoo,ތުޅާދޫ,B,Baa,inhabited,Residential Island,,5.021917,72.84112,0.4580130281400001,80,7,2026-06-11T10:52:00.213Z
b-ufuligiri,Ufuligiri,އުފުލިގިރި,B,Baa,resort,Tourism Island,,5.017003,72.970093,0.00419469342227,56,3,2026-06-11T10:52:00.335Z
b-undoodhoo,Un'doodhoo,އުނޑޫދޫ,B,Baa,industrial,Industrial Island,,5.274655,73.04244,0.129046229921,76,3,2026-06-11T10:51:59.855Z
b-vakkaru,Vakkaru,ވައްކަރު,B,Baa,resort,Tourism Island,Resort,5.133602,72.910049,0.146778831008,76,3,2026-06-11T10:52:00.250Z
b-vandhuhmaafarufinolhu,Vandhuhmaafarufinolhu,ވަންދުއްމާފަރުފިނޮޅު,B,Baa,uninhabited,Uninhabited Island,,5.237308,73.190959,0.00174815580367,53,1,2026-06-11T10:52:00.039Z
b-velavaru,Velavaru,ވެލަވަރު,B,Baa,uninhabited,Uninhabited Island,,5.206677,72.920747,0.00208053184375,76,2,2026-06-11T10:51:59.919Z
b-veyofushi,Veyofushi,ވެޔޮފުށި,B,Baa,uninhabited,Uninhabited Island,,5.229556,73.156228,0.00307479490776,56,2,2026-06-11T10:52:00.011Z
b-vinaneiyfaruhuraa,Vinaneiyfaruhuraa,ވިނަނެތްފަރުހުރާ,B,Baa,uninhabited,Uninhabited Island,,5.346199,73.078716,0.00150630155273,76,2,2026-06-11T10:51:59.811Z
b-voavah,Voavah,ވޯވައް,B,Baa,resort,Tourism Island,Resort,5.316348,73.077624,0.0308260122317,76,4,2026-06-11T10:51:59.817Z
lh-aligau,Aligau,އަލިގައު,Lh,Lhaviyani,industrial,Industrial Island,,5.244135,73.51656,0.0198324439172,76,4,2026-06-11T10:52:04.441Z
lh-boamandhipparu-huraagandu,Boamandhipparu Huraagan'du,ބޯމަންދިއްޕަރު ހުރާގަނޑު,Lh,Lhaviyani,uninhabited,Uninhabited Island,,5.498268,73.510559,0.00808732905456,76,2,2026-06-11T10:52:04.314Z
lh-bodufaahuraa,Bodufaahuraa,ބޮޑުފާހުރާ,Lh,Lhaviyani,uninhabited,Uninhabited Island,,5.332519,73.656854,0.00328313884684,76,3,2026-06-11T10:52:04.292Z
lh-bodufinolhu,Bodufinolhu,ބޮޑުފިނޮޅު,Lh,Lhaviyani,resort,Tourism Island,Resort,5.270627,73.57132,0.0346369963708,76,5,2026-06-11T10:52:04.214Z
lh-dhashugirifinolhu,Dhashugirifinolhu,ދަށުގިރިފިނޮޅު,Lh,Lhaviyani,uninhabited,Uninhabited Island,,5.421716,73.42501,0.000354671758889,76,3,2026-06-11T10:52:04.336Z
lh-dhehuraa-evvihuraa,Dhehuraa Evvihuraa,ދެހުރާއެއްވިހުރާ,Lh,Lhaviyani,uninhabited,Uninhabited Island,,5.55469,73.489445,0.008779196987309999,76,2,2026-06-11T10:52:04.268Z
lh-dheruffinolhu,Dheruffinolhu,ދެރުއްފިނޮޅު,Lh,Lhaviyani,resort,Tourism Island,Resort,5.324432,73.647435,0.0573442213575,76,3,2026-06-11T10:52:04.159Z
lh-dhiffushi,Dhiffushi,ދިއްފުށި,Lh,Lhaviyani,uninhabited,Uninhabited Island,,5.386712,73.6494,0.151716665794,76,2,2026-06-11T10:52:04.405Z
lh-dhihdhoo,Dhihdhoo,ދިއްދޫ,Lh,Lhaviyani,uninhabited,Uninhabited Island,,5.376198,73.382417,0.131863125993,76,5,2026-06-11T10:52:04.346Z
lh-dhirunbaahuraa,Dhirun'baahuraa,ދިރުނބާހުރާ,Lh,Lhaviyani,uninhabited,Uninhabited Island,,5.353971,73.658597,0.0000496760544502,56,2,2026-06-11T10:52:04.419Z
lh-faadhoo,Faadhoo,ފާދޫ,Lh,Lhaviyani,industrial,Industrial Island,,5.431598,73.629926,0.123045726235,76,2,2026-06-11T10:52:04.261Z
lh-faadhoohuraagandu,Faadhoohuraagan'du,ފާދޫހުރާގަނޑު,Lh,Lhaviyani,uninhabited,Uninhabited Island,,5.435924,73.619603,0.005334945896460001,76,2,2026-06-11T10:52:04.370Z
lh-fainuaadhanuhuraa,Fainuaadhanuhuraa,ފައިނުއާދަނުހުރާ,Lh,Lhaviyani,uninhabited,Uninhabited Island,Varuva,5.358524,73.657769,0.000924915010583,76,4,2026-06-11T10:52:04.424Z
lh-fehigili,Fehigili,ފެހިގިލި,Lh,Lhaviyani,uninhabited,Uninhabited Island,,5.557351,73.481343,0.00676979143292,76,2,2026-06-11T10:52:04.122Z
lh-felivaru,Felivaru,ފެލިވަރު,Lh,Lhaviyani,industrial,Industrial Island,Fish Processing,5.476991,73.386228,0.467052505209,76,4,2026-06-11T10:52:04.109Z
lh-fushifaru,Fushifaru,ފުށިފަރު,Lh,Lhaviyani,uninhabited,Uninhabited Island,Resort,5.491209,73.515229,0.0520313753587,76,2,2026-06-11T10:52:04.332Z
lh-gaaerifaru,Gaaerifaru,ގާއެރިފަރު,Lh,Lhaviyani,uninhabited,Uninhabited Island,,5.485445,73.40349,0.0342192187484,76,1,2026-06-11T10:52:04.324Z
lh-govvaafushi,Govvaafushi,ގޮއްވާފުށި,Lh,Lhaviyani,uninhabited,Uninhabited Island,,5.357157,73.658498,0.0000769983299308,56,2,2026-06-11T10:52:04.432Z
lh-hinnavaru,Hinnavaru,ހިންނަވަރު,Lh,Lhaviyani,inhabited,Residential Island,,5.492483,73.411424,0.540669874945,80,7,2026-06-11T10:52:04.196Z
lh-hiriyadhoo,Hiriyadhoo,ހިރިޔަދޫ,Lh,Lhaviyani,uninhabited,Uninhabited Island,,5.41227,73.643833,0.291108729316,76,2,2026-06-11T10:52:04.400Z
lh-hudhufushi,Hudhufushi,ހުދުފުށި,Lh,Lhaviyani,resort,Tourism Island,Resort,5.362136,73.653685,0.644125193263,76,4,2026-06-11T10:52:04.170Z
lh-huravalhi,Huravalhi,ހުރަވަޅި,Lh,Lhaviyani,resort,Tourism Island,Resort,5.521164,73.441461,0.0927434523831,76,4,2026-06-11T10:52:04.318Z
lh-innahuraa,Innahuraa,އިންނަހުރާ,Lh,Lhaviyani,resort,Tourism Island,Resort,5.350116,73.654068,0.122282218902,76,4,2026-06-11T10:52:04.282Z
lh-kalhumanjehuraa,Kalhumanjehuraa,ކަޅުމަންޖެހުރާ,Lh,Lhaviyani,uninhabited,Uninhabited Island,,5.553657,73.482976,0.007555299133009999,76,1,2026-06-11T10:52:04.116Z
lh-kanifushi,Kanifushi,ކަނިފުށި,Lh,Lhaviyani,resort,Tourism Island,Resort,5.366289,73.339578,0.36443181655,76,5,2026-06-11T10:52:04.393Z
lh-kanuhuraa,Kanuhuraa,ކަނުހުރާ,Lh,Lhaviyani,resort,Tourism Island,Resort,5.532723,73.505997,0.187074836139,76,4,2026-06-11T10:52:04.189Z
lh-komandoo,Komandoo,ކޮމަންޑޫ,Lh,Lhaviyani,resort,Tourism Island,Resort,5.493356,73.424297,0.0503814437216,76,4,2026-06-11T10:52:04.339Z
lh-kudadhoo,Kudadhoo,ކުޑަދޫ,Lh,Lhaviyani,resort,Tourism Island,Resort,5.502896,73.433564,0.0283130751373,76,4,2026-06-11T10:52:04.386Z
lh-kurehdhoo,Kurehdhoo,ކުރެއްދޫ,Lh,Lhaviyani,resort,Tourism Island,Resort,5.549469,73.464227,0.432309876009,76,4,2026-06-11T10:52:04.177Z
lh-kurendhoo,Kurendhoo,ކުރެންދޫ,Lh,Lhaviyani,inhabited,Residential Island,,5.334031,73.463465,0.22788811686,80,5,2026-06-11T10:52:04.241Z
lh-lhohi,Lhohi,ޅޮހި,Lh,Lhaviyani,industrial,Industrial Island,,5.321573,73.472835,0.107190782111,76,3,2026-06-11T10:52:04.099Z
lh-lhossalafushi,Lhossalafushi,ޅޮއްސަލަފުށި,Lh,Lhaviyani,uninhabited,Uninhabited Island,Luxury Villa,5.307542,73.483156,0.281813346575,76,2,2026-06-11T10:52:04.352Z
lh-maabinhuraa,Maabinhuraa,މާބިންހުރާ,Lh,Lhaviyani,resort,Tourism Island,Resort,5.337153,73.651281,0.40172489365,76,4,2026-06-11T10:52:04.148Z
lh-maafilaafushi,Maafilaafushi,މާފިލާފުށި,Lh,Lhaviyani,uninhabited,Uninhabited Island,,5.362824,73.41728,0.572019099643,76,2,2026-06-11T10:52:04.236Z
lh-maakoa,Maakoa,މާކޯ,Lh,Lhaviyani,uninhabited,Uninhabited Island,,5.357464,73.430339,0.245916648384,76,2,2026-06-11T10:52:04.140Z
lh-madhiriguraidhoo,Madhiriguraidhoo,މަދިރިގުރައިދޫ,Lh,Lhaviyani,resort,Tourism Island,Resort,5.469687,73.559451,0.230009831117,76,3,2026-06-11T10:52:04.373Z
lh-madivaru,Madivaru,މަޑިވަރު,Lh,Lhaviyani,uninhabited,Uninhabited Island,,5.458756,73.370262,0.363617051803,76,2,2026-06-11T10:52:04.202Z
lh-maduvvari,Maduvvari,މަޑުއްވަރި,Lh,Lhaviyani,uninhabited,Uninhabited Island,,5.284929,73.502275,0.240491903636,76,2,2026-06-11T10:52:04.152Z
lh-maidhoo,Maidhoo,މައިދޫ,Lh,Lhaviyani,uninhabited,Uninhabited Island,,5.397491,73.648556,0.209862560192,76,1,2026-06-11T10:52:04.254Z
lh-masleggihuraa,Masleggihuraa,މަސްލެއްގިހުރާ,Lh,Lhaviyani,uninhabited,Uninhabited Island,,5.543712,73.500829,0.0119115353295,76,3,2026-06-11T10:52:04.302Z
lh-medha-adihuraa,Medha Adihuraa,މެދައަޑިހުރާ,Lh,Lhaviyani,resort,Tourism Island,,5.540789,73.502696,0.0317127495117,76,3,2026-06-11T10:52:04.380Z
lh-medhafushi,Medhafushi,މެދަފުށި,Lh,Lhaviyani,uninhabited,Uninhabited Island,,5.355584,73.426906,0.0161306563979,76,2,2026-06-11T10:52:04.183Z
lh-meedhaahuraa,Meedhaahuraa,މީދާހުރާ,Lh,Lhaviyani,uninhabited,Uninhabited Island,,5.369327,73.407742,0.0238427705342,76,1,2026-06-11T10:52:04.164Z
lh-meyyafushi,Meyyafushi,މެއްޔަފުށި,Lh,Lhaviyani,uninhabited,Uninhabited Island,,5.441843,73.607718,0.073395399397,76,2,2026-06-11T10:52:04.229Z
lh-naifaru,Naifaru,ނައިފަރު,Lh,Lhaviyani,inhabited,Residential Island,,5.444843,73.365303,0.582924938017,80,5,2026-06-11T10:52:04.103Z
lh-olhuvelifushi,Olhuvelifushi,އޮޅުވެލިފުށި,Lh,Lhaviyani,inhabited,Residential Island,,5.278463,73.606816,0.288015627144,80,7,2026-06-11T10:52:04.248Z
lh-ookolhufinolhu,Ookolhufinolhu,އޫކޮޅުފިނޮޅު,Lh,Lhaviyani,resort,Tourism Island,Resort,5.282115,73.622831,0.109515282488,76,4,2026-06-11T10:52:04.357Z
lh-sehlhifushi,Sehlhifushi,ސެއްޅިފުށި,Lh,Lhaviyani,uninhabited,Uninhabited Island,,5.421585,73.641277,0.156074206626,76,2,2026-06-11T10:52:04.412Z
lh-thilamaafushi,Thilamaafushi,ތިލަމާފުށި,Lh,Lhaviyani,resort,Tourism Island,Resort,5.273255,73.587066,0.10686955542,76,4,2026-06-11T10:52:04.306Z
lh-varihuraa,Varihuraa,ވަރިހުރާ,Lh,Lhaviyani,uninhabited,Uninhabited Island,,5.303534,73.488182,0.0184488752583,76,2,2026-06-11T10:52:04.275Z
lh-vavvaru,Vavvaru,ވައްވަރު,Lh,Lhaviyani,uninhabited,Uninhabited Island,,5.417345,73.3544,0.0308875233925,76,3,2026-06-11T10:52:04.130Z
lh-veligandu,Veligan'du,ވެލިގަނޑު,Lh,Lhaviyani,uninhabited,Uninhabited Island,,5.528593,73.437805,0.0147946161981,76,2,2026-06-11T10:52:04.364Z
lh-veyvah,Veyvah,ވޭވަށް,Lh,Lhaviyani,resort,Tourism Island,,5.425211,73.361191,0.0291056403584,76,3,2026-06-11T10:52:04.207Z
lh-vihafarufinolhu,Vihafarufinolhu,ވިހަފަރުފިނޮޅު,Lh,Lhaviyani,uninhabited,Uninhabited Island,,5.455812,73.582044,0.00279295678065,76,4,2026-06-11T10:52:04.221Z
k-aanugandufinolhu,Aanugan'dufinolhu,އާނުގަނޑުފިނޮޅު,K,Kaafu,resort,Tourism Island,,4.3064,73.505565,0.0834849411251,73,2,2026-06-11T10:52:06.226Z
k-aanuganduhuraa,Aanugan'duhuraa,އާނުގަނޑުހުރާ,K,Kaafu,resort,Tourism Island,,4.307826,73.501042,0.038523870052,73,2,2026-06-11T10:52:06.142Z
k-aarah,Aarah,އާރަށް,K,Kaafu,institutional,Institutional Island,Presidential Use,4.230106,73.494589,0.0586018342825,73,2,2026-06-11T10:52:06.221Z
k-akasdhoo,Akasdhoo,އަކަސްދޫ,K,Kaafu,resort,Tourism Island,Resort,4.123821,73.472313,0.0845209134929,73,2,2026-06-11T10:52:06.233Z
k-akirifushi,Akirifushi,އަކިރިފުށި,K,Kaafu,resort,Tourism Island,Resort,4.637097,73.402556,0.07968910615779999,73,2,2026-06-11T10:52:06.276Z
k-asdhoo,Asdhoo,އަސްދޫ,K,Kaafu,resort,Tourism Island,,4.466327,73.6613,0.0324454322377,73,2,2026-06-11T10:52:05.938Z
k-baros,Baros,ބަރޮސް,K,Kaafu,resort,Tourism Island,Resort,4.284751,73.427105,0.04890150938149999,73,2,2026-06-11T10:52:06.048Z
k-biyaadhoo,Biyaadhoo,ބިޔާދޫ,K,Kaafu,resort,Tourism Island,Resort,3.922233,73.456336,0.100703744055,73,2,2026-06-11T10:52:06.104Z
k-bodubandos,Boduban'dos,ބޮޑުބަނޑޮސް,K,Kaafu,resort,Tourism Island,Resort,4.269407,73.491461,0.199437262722,73,2,2026-06-11T10:52:06.153Z
k-bodubis,Bodubis,ބޮޑުބިސް,K,Kaafu,uninhabited,Uninhabited Island,,4.275486,73.414519,0.000250165351676,53,1,2026-06-11T10:52:06.146Z
k-bodufinolhu,Bodufinolhu,ބޮޑުފިނޮޅު,K,Kaafu,resort,Tourism Island,Resort,3.857406,73.456601,0.142425916878,73,2,2026-06-11T10:52:06.086Z
k-boduhithi,Boduhithi,ބޮޑުހިތި,K,Kaafu,resort,Tourism Island,Resort,4.430768,73.38467,0.0764897097835,73,2,2026-06-11T10:52:06.018Z
k-boduhuraa,Boduhuraa,ބޮޑުހުރާ,K,Kaafu,resort,Tourism Island,Resort,3.967439,73.505204,0.0466224296461,73,2,2026-06-11T10:52:06.156Z
k-bolifushi,Bolifushi,ބޮލިފުށި,K,Kaafu,resort,Tourism Island,Resort,4.097297,73.399796,0.10668235538,73,2,2026-06-11T10:52:06.051Z
k-bulhifushi,Bulhifushi,ބުޅިފުށި,K,Kaafu,uninhabited,Uninhabited Island,,3.980013,73.501435,0.00574422357195,73,1,2026-06-11T10:52:06.269Z
k-dhiffushi,Dhiffushi,ދިއްފުށި,K,Kaafu,inhabited,Residential Island,,4.441906,73.714327,0.270570455478,76,5,2026-06-11T10:52:05.945Z
k-dhigufinolhu,Dhigufinolhu,ދިގުފިނޮޅު,K,Kaafu,resort,Tourism Island,Resort,3.972387,73.502294,0.0809247301639,73,2,2026-06-11T10:52:06.121Z
k-dhonfushi,Dhonfushi,ދޮންފުށި,K,Kaafu,resort,Tourism Island,,4.608588,73.407777,0.00767236969498,73,2,2026-06-11T10:52:06.038Z
k-dhoonidhoo,Dhoonidhoo,ދޫނިދޫ,K,Kaafu,institutional,Institutional Island,National Security,4.197119,73.513931,0.0411642830173,73,2,2026-06-11T10:52:06.168Z
k-ehmafushi,Ehmafushi,އެއްމަފުށި,K,Kaafu,resort,Tourism Island,Resort,4.122946,73.465399,0.266140464336,73,2,2026-06-11T10:52:06.230Z
k-enboodhoo,En'boodhoo,އެނބޫދޫ,K,Kaafu,resort,Tourism Island,Resort,4.084084,73.512087,0.0536145993558,73,2,2026-06-11T10:52:06.128Z
k-enboodhoofinolhu,En'boodhoofinolhu,އެނބޫދޫފިނޮޅު,K,Kaafu,resort,Tourism Island,,4.103058,73.525327,0.0556354847142,73,2,2026-06-11T10:52:06.132Z
k-eriadhoo,Eriadhoo,އެރިއަދޫ,K,Kaafu,resort,Tourism Island,Resort,4.589938,73.414394,0.0301656924729,73,2,2026-06-11T10:52:06.034Z
k-erruhhuraa,Erruhhuraa,އެއްރުއްހުރާ,K,Kaafu,resort,Tourism Island,,3.815035,73.416276,0.00713160310878,73,2,2026-06-11T10:52:06.080Z
k-fariiruhuraa,Fariiruhuraa,ފަރިިއިރުހުރާ,K,Kaafu,uninhabited,Uninhabited Island,Resort,4.594685,73.584284,0.120771873909,73,0,2026-06-11T10:52:06.282Z
k-farikanduhuraa,Farikan'duhuraa,ފަަރިކަނޑުހުރާ,K,Kaafu,uninhabited,Uninhabited Island,Resort,4.603243,73.581142,0.144228062894,73,0,2026-06-11T10:52:05.932Z
k-faritharihuraa,Faritharihuraa,ފަރިތަރިހުރާ,K,Kaafu,uninhabited,Uninhabited Island,Resort,4.614359,73.570309,0.172919488425,73,0,2026-06-11T10:52:05.929Z
k-farivelihuraa,Farivelihuraa,ފަރިވެލިހުރާ,K,Kaafu,uninhabited,Uninhabited Island,Resort,4.624974,73.571793,0.395016771667,73,0,2026-06-11T10:52:05.925Z
k-farukolhufushi,Farukolhufushi,ފަރުކޮޅުފުށި,K,Kaafu,resort,Tourism Island,,4.231289,73.544155,0.10808736249,53,2,2026-06-11T10:52:06.310Z
k-feydhoofinolhu,Feydhoofinolhu,ފޭދޫފިނޮޅު,K,Kaafu,resort,Tourism Island,Resort,4.212891,73.484436,0.111066887876,73,2,2026-06-11T10:52:06.256Z
k-fihaalhohi,Fihaalhohi,ފިހާޅޮހި,K,Kaafu,resort,Tourism Island,Resort,3.877269,73.367071,0.0899934753368,73,2,2026-06-11T10:52:06.070Z
k-funadhoo,Funadhoo,ފުނަދޫ,K,Kaafu,uninhabited,Uninhabited Island,,4.183783,73.517879,0.0557893036244,73,1,2026-06-11T10:52:06.174Z
k-funfinolhu,Funfinolhu,ފުންފިނޮޅު,K,Kaafu,resort,Tourism Island,,3.976289,73.504816,0.0109885706883,73,2,2026-06-11T10:52:06.125Z
k-furanafushi,Furanafushi,ފުރަނަފުށި,K,Kaafu,resort,Tourism Island,Resort,4.250084,73.545068,0.15043386679,73,2,2026-06-11T10:52:06.261Z
k-gaafaru,Gaafaru,ގާފަރު,K,Kaafu,inhabited,Residential Island,,4.736183,73.499606,0.194749379523,76,7,2026-06-11T10:52:05.911Z
k-gaagandu,Gaagan'du,ގާގަނޑު,K,Kaafu,uninhabited,Uninhabited Island,,4.249442,73.537026,0.0111303837022,73,1,2026-06-11T10:52:06.177Z
k-gasfinolhu,Gasfinolhu,ގަސްފިނޮޅު,K,Kaafu,resort,Tourism Island,Resort,4.361354,73.626256,0.0752463079388,73,2,2026-06-11T10:52:06.196Z
k-giraavaru,Giraavaru,ގިރާވަރު,K,Kaafu,resort,Tourism Island,Resort,4.200494,73.412921,0.0352645317604,73,2,2026-06-11T10:52:06.189Z
k-girifushi,Girifushi,ގިރިފުށި,K,Kaafu,institutional,Institutional Island,,4.318344,73.578308,0.0587487032379,73,2,2026-06-11T10:52:05.990Z
k-gulhi,Gulhi,ގުޅި,K,Kaafu,inhabited,Residential Island,,3.990893,73.508919,0.112833886889,76,6,2026-06-11T10:52:06.183Z
k-gulhigaathuhuraa,Gulhigaathuhuraa,ގުޅިގާތުހުރާ,K,Kaafu,resort,Tourism Island,,3.976762,73.506578,0.0247065917019,73,2,2026-06-11T10:52:06.181Z
k-guraidhoo,Guraidhoo,ގުރައިދޫ,K,Kaafu,inhabited,Residential Island,,3.900706,73.468096,0.224840101128,76,4,2026-06-11T10:52:06.098Z
k-hastheem,Hastheem,ހަސްތީމް,K,Kaafu,resort,Tourism Island,,4.622011,73.416624,0.0256716951945,73,2,2026-06-11T10:52:06.253Z
k-hathaafinolhu,Hathaafinolhu,ހަތާފިނޮޅު,K,Kaafu,resort,Tourism Island,Resort,4.089934,73.523756,0.0635870114193,73,1,2026-06-11T10:52:06.150Z
k-helengeli,Helen'geli,ހެލެނގެލި,K,Kaafu,resort,Tourism Island,Resort,4.634358,73.563461,0.0810505404015,73,2,2026-06-11T10:52:05.918Z
k-henbadhoo,Hen'badhoo,ހެނބަދޫ,K,Kaafu,resort,Tourism Island,Resort,4.481698,73.393338,0.0339993143062,73,2,2026-06-11T10:52:06.021Z
k-hinmafushi,Hinmafushi,ހިންމަފުށި,K,Kaafu,inhabited,Residential Island,,4.308255,73.571145,0.661905100042,76,7,2026-06-11T10:52:05.994Z
k-hulhule,Hulhule,ހުޅުލެ,K,Kaafu,industrial,Industrial Island,Airport,4.195246,73.531788,3.32302212911,76,3,2026-06-11T10:52:06.242Z
k-huraa,Huraa,ހުރާ,K,Kaafu,inhabited,Residential Island,,4.333583,73.601549,0.526145555926,80,8,2026-06-11T10:52:05.975Z
k-ihuru,Ihuru,އިހުރު,K,Kaafu,resort,Tourism Island,Resort,4.30677,73.416034,0.0316559231821,73,2,2026-06-11T10:52:06.045Z
k-ithaafinolhu,Ithaafinolhu,އިތާފިނޮޅު,K,Kaafu,uninhabited,Uninhabited Island,,4.000791,73.391251,0.00251053806294,73,1,2026-06-11T10:52:06.058Z
k-ithaafushi,Ithaafushi,އިތާފުށި,K,Kaafu,resort,Tourism Island,Resort,4.011923,73.383123,0.0515036709638,73,2,2026-06-11T10:52:06.279Z
k-kaashidhoo,Kaashidhoo,ކާށިދޫ,K,Kaafu,inhabited,Residential Island,,4.956371,73.460388,2.82710945172,76,5,2026-06-11T10:52:05.907Z
k-kagi,Kagi,ކަގި,K,Kaafu,resort,Tourism Island,Resort,4.676734,73.501218,0.024975043665,73,2,2026-06-11T10:52:05.914Z
k-kalhuhuraa,Kalhuhuraa,ކަޅުހުރާ,K,Kaafu,uninhabited,Uninhabited Island,,4.009599,73.371965,0.00052214548044,73,1,2026-06-11T10:52:06.061Z
k-kanbaashaa,Kan'baashaa,ކަނބާޝާ,K,Kaafu,uninhabited,Uninhabited Island,,4.620521,73.395591,0.0921301000158,73,1,2026-06-11T10:52:06.245Z
k-kandoomaafushi,Kan'doomaafushi,ކަނޑޫމާފުށި,K,Kaafu,resort,Tourism Island,Resort,3.903202,73.473616,0.149298730035,73,2,2026-06-11T10:52:06.266Z
k-kanduoiygiri,Kan'duoiygiri,ކަނޑުއޮތްގިރި,K,Kaafu,industrial,Industrial Island,,4.257936,73.540507,0.0389697758972,73,2,2026-06-11T10:52:06.186Z
k-kanifinolhu,Kanifinolhu,ކަނިފިނޮޅު,K,Kaafu,resort,Tourism Island,Resort,4.343588,73.608008,0.143213458634,73,2,2026-06-11T10:52:05.969Z
k-kanuoiyhuraa,Kanuoiyhuraa,ކަނުއޮތްހުރާ,K,Kaafu,resort,Tourism Island,Resort,4.319019,73.591915,0.0792876789365,73,2,2026-06-11T10:52:05.983Z
k-kassanfushi,Kassanfushi,ކައްސަންފުށި,K,Kaafu,uninhabited,Uninhabited Island,,4.518717,73.661225,0.107636594895,73,1,2026-06-11T10:52:06.285Z
k-kohdhipparu,Kohdhipparu,ކޮއްދިއްޕަރު,K,Kaafu,resort,Tourism Island,Resort,4.259707,73.380125,0.0271064543304,73,2,2026-06-11T10:52:06.004Z
k-kudabandos,Kudaban'dos,ކުޑަބަނޑޮސް,K,Kaafu,resort,Tourism Island,Resort,4.263848,73.499715,0.0446916608533,73,2,2026-06-11T10:52:06.165Z
k-kudafinolhu,Kudafinolhu,ކުޑަފިނޮޅު,K,Kaafu,resort,Tourism Island,,3.865127,73.458548,0.0176935954754,73,2,2026-06-11T10:52:06.089Z
k-kudagiri,Kudagiri,ކުޑަގިރި,K,Kaafu,uninhabited,Uninhabited Island,Picnic,4.226544,73.42673,0.09784359930480001,49,0,2026-06-11T10:52:06.331Z
k-kudahithi,Kudahithi,ކުޑަހިތި,K,Kaafu,uninhabited,Uninhabited Island,,4.417354,73.380312,0.0143878614999,73,1,2026-06-11T10:52:06.015Z
k-kudahuraa,Kudahuraa,ކުޑަހުރާ,K,Kaafu,resort,Tourism Island,Resort,4.328214,73.597458,0.0771774849134,73,2,2026-06-11T10:52:05.979Z
k-lankanfinolhu,Lankanfinolhu,ލަންކަންފިނޮޅު,K,Kaafu,resort,Tourism Island,Resort,4.285151,73.553974,0.284945249965,73,2,2026-06-11T10:52:06.272Z
k-lankanfushi,Lankanfushi,ލަންކަންފުށި,K,Kaafu,resort,Tourism Island,Resort,4.295033,73.557076,0.115800956107,73,2,2026-06-11T10:52:05.998Z
k-lhohifushi,Lhohifushi,ޅޮހިފުށި,K,Kaafu,resort,Tourism Island,,4.350832,73.617562,0.201946001831,73,2,2026-06-11T10:52:05.963Z
k-lhosfushi,Lhosfushi,ޅޮސްފުށި,K,Kaafu,uninhabited,Uninhabited Island,,3.897187,73.469818,0.00902531997223,73,1,2026-06-11T10:52:06.095Z
k-maadhoo,Maadhoo,މާދޫ,K,Kaafu,resort,Tourism Island,Resort,3.871571,73.459524,0.108258675835,73,2,2026-06-11T10:52:06.092Z
k-maafushi,Maafushi,މާފުށި,K,Kaafu,inhabited,Residential Island,,3.941089,73.48962,0.415980982034,76,5,2026-06-11T10:52:06.107Z
k-maaranfushi,Maaranfushi,މާރަންފުށި,K,Kaafu,resort,Tourism Island,,4.610151,73.420024,0.0663904209636,73,2,2026-06-11T10:52:06.248Z
k-madivaru,Madivaru,މަޑިވަރު,K,Kaafu,resort,Tourism Island,Resort,4.500748,73.368691,0.09662651674619999,73,2,2026-06-11T10:52:06.025Z
k-mahaanaelhihuraa,Mahaanaelhihuraa,މަހާނައެޅިހުރާ,K,Kaafu,resort,Tourism Island,Resort,3.81227,73.411279,0.057921932759,73,2,2026-06-11T10:52:06.077Z
k-maifalhuhuraa,Maifalhuhuraa,މައިފަޅުހުރާ,K,Kaafu,uninhabited,Uninhabited Island,,4.630167,73.571159,0.00618790430015,73,1,2026-06-11T10:52:05.921Z
k-makunudhoo,Makunudhoo,މަކުނުދޫ,K,Kaafu,resort,Tourism Island,Resort,4.542593,73.40569,0.0340596415671,73,2,2026-06-11T10:52:06.031Z
k-makunufushi,Makunufushi,މަކުނުފުށި,K,Kaafu,resort,Tourism Island,Resort,3.917851,73.470096,0.0510376089532,73,2,2026-06-11T10:52:06.163Z
k-maniyafushi,Maniyafushi,މަނިޔަފުށި,K,Kaafu,uninhabited,Uninhabited Island,,4.055655,73.411028,0.0135295205484,73,1,2026-06-11T10:52:06.054Z
k-medhufinolhu,Medhufinolhu,މެދުފިނޮޅު,K,Kaafu,resort,Tourism Island,Resort,4.514552,73.369399,0.5421059589739999,73,2,2026-06-11T10:52:06.238Z
k-meerufenfushi,Meerufenfushi,މީރުފެންފުށި,K,Kaafu,resort,Tourism Island,Resort,4.454094,73.716839,0.37687893877,73,2,2026-06-11T10:52:05.941Z
k-nakahchaahuraa,Nakahchaahuraa,ނަކައްޗާހުރާ,K,Kaafu,resort,Tourism Island,Resort,4.342049,73.386518,0.0195901427435,73,2,2026-06-11T10:52:06.008Z
k-nakaiychaafushi,Nakaiychaafushi,ނަކަތްޗާފުށި,K,Kaafu,resort,Tourism Island,Resort,4.368448,73.369714,0.0527713632151,73,2,2026-06-11T10:52:06.192Z
k-nashvilu,Nashvilu,ނަޝްވިލު,K,Kaafu,resort,Tourism Island,,4.624529,73.406524,0.0590271294577,73,2,2026-06-11T10:52:06.251Z
k-noofinolhu,Noofinolhu,ނޫފިނޮޅޮ,K,Kaafu,resort,Tourism Island,,3.968743,73.503083,0.0126195824855,73,2,2026-06-11T10:52:06.113Z
k-olhigandufinolhu,Olhigan'dufinolhu,އޮޅިގަނޑުފިނޮޅު,K,Kaafu,resort,Tourism Island,,3.811939,73.417626,0.00618737135249,73,2,2026-06-11T10:52:06.083Z
k-olhuhali,Olhuhali,އޮޅުހަލި,K,Kaafu,resort,Tourism Island,Resort,4.690019,73.450817,0.0613280187389,73,2,2026-06-11T10:52:06.171Z
k-olhuveli,Olhuveli,އޮޅުވެލި,K,Kaafu,resort,Tourism Island,Resort,3.850763,73.455934,0.154697318136,73,2,2026-06-11T10:52:06.288Z
k-rannaalhi,Rannaalhi,ރަންނާޅި,K,Kaafu,resort,Tourism Island,Resort,3.903258,73.357919,0.0490021563915,73,2,2026-06-11T10:52:06.068Z
k-rasfari,Rasfari,ރަސްފަރި,K,Kaafu,uninhabited,Uninhabited Island,,4.394668,73.351533,0.0131403297496,73,1,2026-06-11T10:52:06.012Z
k-thanburudhoo,Than'burudhoo,ތަނބުރުދޫ,K,Kaafu,uninhabited,Uninhabited Island,,4.315682,73.584225,0.0372999901823,73,1,2026-06-11T10:52:05.986Z
k-thilafushi,Thilafushi,ތިލަފުށި,K,Kaafu,uninhabited,Uninhabited Island,Mixed Usage,4.182489,73.440224,1.18869850534,73,2,2026-06-11T10:52:06.159Z
k-tholhimaraahuraa,Tholhimaraahuraa,ތޮޅިމަރާހުރާ,K,Kaafu,resort,Tourism Island,Resort,3.824646,73.375198,0.000645982218017,73,2,2026-06-11T10:52:06.074Z
k-thulhaagiri,Thulhaagiri,ތުޅާގިރި,K,Kaafu,resort,Tourism Island,Resort,4.311751,73.487203,0.040713849911,73,2,2026-06-11T10:52:06.206Z
k-thulusdhoo,Thulusdhoo,ތުލުސްދޫ,K,Kaafu,inhabited,Residential Island,,4.373144,73.647742,0.771327742898,76,4,2026-06-11T10:52:05.958Z
k-thulusdhoo-irumathee-huraagandu,Thulusdhoo Irumathee Huraagan'du,ތުލުސްދޫ އިރުމަތީ ހުރާގަނޑ,K,Kaafu,uninhabited,Uninhabited Island,,4.371686,73.654665,0.0102288075939,53,1,2026-06-11T10:52:05.952Z
k-thunbafushi,Thun'bafushi,ތުނބަފުށި,K,Kaafu,industrial,Industrial Island,,4.589846,73.590053,0.0736632857209,73,2,2026-06-11T10:52:05.935Z
k-vaadhoo,Vaadhoo,ވާދޫ,K,Kaafu,resort,Tourism Island,Resort,4.124157,73.457221,0.023093052022,73,2,2026-06-11T10:52:06.199Z
k-vaagali,Vaagali,ވާގަލި,K,Kaafu,resort,Tourism Island,Resort,3.948617,73.355928,0.00836700919048,73,2,2026-06-11T10:52:06.065Z
k-vabbinfaru,Vabbinfaru,ވައްބިންފަރު,K,Kaafu,resort,Tourism Island,Resort,4.309741,73.423906,0.0514557185497,73,2,2026-06-11T10:52:06.041Z
k-vabboahuraa,Vabboahuraa,ވައްބޯހުރާ,K,Kaafu,uninhabited,Uninhabited Island,,4.319551,73.596328,0.0111930387361,73,1,2026-06-11T10:52:06.235Z
k-vammaafushi,Vammaafushi,ވައްމާފުށި,K,Kaafu,uninhabited,Uninhabited Island,,3.948543,73.496055,0.000296667019615,73,1,2026-06-11T10:52:06.110Z
k-velassaru,Velassaru,ވެލައްސަރު,K,Kaafu,resort,Tourism Island,Resort,4.121439,73.436938,0.0900392109017,73,2,2026-06-11T10:52:06.211Z
k-veliganduhuraa,Veligan'duhuraa,ވެލިގަނޑުހުރާ,K,Kaafu,resort,Tourism Island,Resort,3.971715,73.506394,0.0343666768109,73,2,2026-06-11T10:52:06.117Z
k-vihamanaafushi,Vihamanaafushi,ވިހަމަނާފުށި,K,Kaafu,resort,Tourism Island,Resort,4.226482,73.519776,0.136203487082,73,2,2026-06-11T10:52:06.214Z
k-vilingilimathidhahuraa,Vilin'gilimathidhahuraa,ވިލިނގިލިމަތިދަހުރާ,K,Kaafu,resort,Tourism Island,Resort,4.377503,73.663571,0.177841146202,73,2,2026-06-11T10:52:05.948Z
k-villivaru,Villivaru,ވިއްލިވަރު,K,Kaafu,resort,Tourism Island,,3.914483,73.455281,0.07130107631709999,73,2,2026-06-11T10:52:06.101Z
k-ziyaaraiyfushi,Ziyaaraiyfushi,ޒިޔާރަތްފުށި,K,Kaafu,resort,Tourism Island,Resort,4.532945,73.372479,0.060813079587,73,2,2026-06-11T10:52:06.028Z
aa-alikoirah,Alikoirah,އަލިކޮއިރަށް,AA,Alifu Alifu,resort,Tourism Island,,3.943378,72.879995,0.0146536206423,73,2,2026-06-11T10:51:59.246Z
aa-bathalaa,Bathalaa,ބަތަލާ,AA,Alifu Alifu,resort,Tourism Island,Resort,4.070342,72.945794,0.0320323058578,73,2,2026-06-11T10:51:59.418Z
aa-bodufolhudhoo,Bodufolhudhoo,ބޮޑުފޮޅުދޫ,AA,Alifu Alifu,inhabited,Residential Island,,4.185741,72.773469,0.124926755496,76,7,2026-06-11T10:51:59.315Z
aa-dhinnolhufinolhu,Dhinnolhufinolhu,ދިންނޮޅުފިނޮޅު,AA,Alifu Alifu,uninhabited,Uninhabited Island,Varuva,4.138574,72.732614,0.004965542176589999,73,1,2026-06-11T10:51:59.448Z
aa-ellaidhoo,Ellaidhoo,އެއްލައިދޫ,AA,Alifu Alifu,resort,Tourism Island,Resort,4.006208,72.94918,0.057478980909,73,2,2026-06-11T10:51:59.239Z
aa-etheremadivaru,Etheremadivaru,އެތެރެމަޑިވަރު,AA,Alifu Alifu,resort,Tourism Island,Resort,4.118844,72.937533,0.0243222780087,73,2,2026-06-11T10:51:59.301Z
aa-feridhoo,Feridhoo,ފެރިދޫ,AA,Alifu Alifu,inhabited,Residential Island,,4.051066,72.725569,0.450798163106,76,6,2026-06-11T10:51:59.265Z
aa-fesdhoo,Fesdhoo,ފެސްދޫ,AA,Alifu Alifu,resort,Tourism Island,Resort,4.006877,72.811003,0.049656372627,73,2,2026-06-11T10:51:59.410Z
aa-fusfinolhu,Fusfinolhu,ފުސްފިނޮޅު,AA,Alifu Alifu,uninhabited,Uninhabited Island,,4.018989,72.958406,0.000119520910854,73,1,2026-06-11T10:51:59.430Z
aa-fushi,Fushi,ފުށި,AA,Alifu Alifu,uninhabited,Uninhabited Island,Varuva,4.21569,72.883434,0.00817701657738,73,1,2026-06-11T10:51:59.368Z
aa-gaagandu,Gaagan'du,ގާގަނޑު,AA,Alifu Alifu,uninhabited,Uninhabited Island,,4.232715,72.864991,0.0007172224458940001,73,1,2026-06-11T10:51:59.397Z
aa-gaathafushi,Gaathafushi,ގާތަފުށި,AA,Alifu Alifu,resort,Tourism Island,,4.023699,72.810707,0.0108375560857,73,2,2026-06-11T10:51:59.403Z
aa-gangehi,Gangehi,ގަންގެހި,AA,Alifu Alifu,resort,Tourism Island,Resort,4.219999,72.754203,0.033396586551,73,2,2026-06-11T10:51:59.286Z
aa-halaveli,Halaveli,ހަލަވެލި,AA,Alifu Alifu,resort,Tourism Island,Resort,4.038493,72.9192,0.0765591795492,73,2,2026-06-11T10:51:59.294Z
aa-himandhoo,Himandhoo,ހިމަންދޫ,AA,Alifu Alifu,inhabited,Residential Island,,3.921069,72.744234,0.209589767108,76,4,2026-06-11T10:51:59.376Z
aa-kandholhudhoo,Kan'dholhudhoo,ކަނދޮޅުދޫ,AA,Alifu Alifu,resort,Tourism Island,Resort,4.002602,72.881785,0.0299145609018,73,2,2026-06-11T10:51:59.209Z
aa-kudafolhudhoo,Kudafolhudhoo,ކުޑަފޮޅުދޫ,AA,Alifu Alifu,resort,Tourism Island,Resort,4.181356,72.76675,0.0534847238706,73,2,2026-06-11T10:51:59.382Z
aa-kuramathi,Kuramathi,ކުރަމަތި,AA,Alifu Alifu,resort,Tourism Island,Resort,4.259864,72.977778,0.311822558864,73,2,2026-06-11T10:51:59.441Z
aa-maagau,Maagau,މާގައު,AA,Alifu Alifu,resort,Tourism Island,Resort,3.989184,72.957031,0.0203006757138,73,2,2026-06-11T10:51:59.223Z
aa-maalhos,Maalhos,މާޅޮސް,AA,Alifu Alifu,inhabited,Residential Island,,3.986405,72.719227,0.324532505961,76,2,2026-06-11T10:51:59.199Z
aa-maayafushi,Maayafushi,މާޔަފުށި,AA,Alifu Alifu,resort,Tourism Island,Resort,4.073613,72.887575,0.03993157318330001,73,2,2026-06-11T10:51:59.278Z
aa-madivaru,Madivaru,މަޑިވަރު,AA,Alifu Alifu,uninhabited,Uninhabited Island,,4.26558,73.000238,0.005717126841959999,73,1,2026-06-11T10:51:59.330Z
aa-madivarufinolhu,Madivarufinolhu,މަޑިވަރުފިނޮޅު,AA,Alifu Alifu,uninhabited,Uninhabited Island,,4.269629,73.001156,0.00858132610911,73,1,2026-06-11T10:51:59.338Z
aa-madoogali,Madoogali,މަޑޫގަލި,AA,Alifu Alifu,resort,Tourism Island,,4.096137,72.752883,0.06357330624810001,73,2,2026-06-11T10:51:59.354Z
aa-mathivereefinolhu,Mathivereefinolhu,މަތިވެރީފިނޮޅު,AA,Alifu Alifu,resort,Tourism Island,Resort,4.185892,72.750003,0.0286148966516,73,2,2026-06-11T10:51:59.455Z
aa-mathiveri,Mathiveri,މަތިވެރި,AA,Alifu Alifu,inhabited,Residential Island,,4.19196,72.746108,0.230642952067,76,7,2026-06-11T10:51:59.231Z
aa-mushimasmigili,Mushimasmigili,މުށިމަސްމިގިލި,AA,Alifu Alifu,resort,Tourism Island,,3.958953,72.912712,0.0287264033608,73,2,2026-06-11T10:51:59.361Z
aa-rasdhoo,Rasdhoo,ރަސްދޫ,AA,Alifu Alifu,inhabited,Residential Island,,4.263125,72.991681,0.218258079364,76,5,2026-06-11T10:51:59.255Z
aa-thoddoo,Thoddoo,ތޮއްޑޫ,AA,Alifu Alifu,inhabited,Residential Island,,4.437064,72.95936,1.62847075682,76,7,2026-06-11T10:51:59.322Z
aa-ukulhas,Ukulhas,އުކުޅަސް,AA,Alifu Alifu,inhabited,Residential Island,,4.214916,72.864141,0.237496637201,76,7,2026-06-11T10:51:59.389Z
aa-velidhoo,Velidhoo,ވެލިދޫ,AA,Alifu Alifu,resort,Tourism Island,Resort,4.194624,72.819033,0.09692194448029999,73,2,2026-06-11T10:51:59.308Z
aa-velifinolhu,Velifinolhu,ވެލިފިނޮޅު,AA,Alifu Alifu,uninhabited,Uninhabited Island,,4.293571,73.009676,0.0116818515043,73,1,2026-06-11T10:51:59.346Z
aa-veligandu,Veligan'du,ވެލިގަނޑު,AA,Alifu Alifu,resort,Tourism Island,Resort,4.298686,73.011356,0.0659667930193,73,2,2026-06-11T10:51:59.462Z
aa-vihamaafaru,Vihamaafaru,ވިހަމާފަރު,AA,Alifu Alifu,uninhabited,Uninhabited Island,,4.122224,72.745925,0.0315864591068,73,1,2026-06-11T10:51:59.216Z
adh-angaagau,Angaagau,އަންގާގައު,ADh,Alifu Dhaalu,resort,Tourism Island,Resort,3.652165,72.821979,0.0463803202456,73,2,2026-06-11T10:51:59.562Z
adh-ariyadhoo,Ariyadhoo,އަރިޔަދޫ,ADh,Alifu Dhaalu,industrial,Industrial Island,Agriculture,3.475168,72.855089,0.27723511522,73,2,2026-06-11T10:51:59.475Z
adh-athulivarufinolhu,Athulivarufinolhu,އަތުލިވަރުފިނޮޅު,ADh,Alifu Dhaalu,uninhabited,Uninhabited Island,Varuva,3.647827,72.9557,0.0009564741067380001,73,1,2026-06-11T10:51:59.784Z
adh-athurugau,Athurugau,އަތުރުގައު,ADh,Alifu Dhaalu,resort,Tourism Island,Resort,3.887203,72.816143,0.0313240733181,73,2,2026-06-11T10:51:59.778Z
adh-bodufinolhu,Bodufinolhu,ބޮޑުފިނޮޅު,ADh,Alifu Dhaalu,resort,Tourism Island,Resort,3.495231,72.760589,0.08255198367040001,73,2,2026-06-11T10:51:59.542Z
adh-bodukaashihuraa,Bodukaashihuraa,ބޮޑުކާށިހުރާ,ADh,Alifu Dhaalu,uninhabited,Uninhabited Island,,3.876181,72.954633,0.0223050038208,73,1,2026-06-11T10:51:59.498Z
adh-bulhalhohi,Bulhalhohi,ބުޅަޅޮހި,ADh,Alifu Dhaalu,uninhabited,Uninhabited Island,,3.738924,72.731854,0.0302679749941,73,1,2026-06-11T10:52:06.291Z
adh-dhangethi,Dhan'gethi,ދަނގެތި,ADh,Alifu Dhaalu,inhabited,Residential Island,,3.607647,72.956038,0.30166662051,76,6,2026-06-11T10:51:59.555Z
adh-dhidhdhoo,Dhidhdhoo,ދިއްދޫ,ADh,Alifu Dhaalu,inhabited,Residential Island,,3.484571,72.87861,0.203051459237,76,5,2026-06-11T10:51:59.604Z
adh-dhiffushi,Dhiffushi,ދިއްފުށި,ADh,Alifu Dhaalu,resort,Tourism Island,Resort,3.475304,72.824861,0.16468478235,73,2,2026-06-11T10:51:59.482Z
adh-dhiggiri,Dhiggiri,ދިއްގިރި,ADh,Alifu Dhaalu,uninhabited,Uninhabited Island,Varuva,3.858384,72.914782,0.00632499324397,73,1,2026-06-11T10:51:59.493Z
adh-dhigurah,Dhigurah,ދިގުރަށް,ADh,Alifu Dhaalu,inhabited,Residential Island,,3.527893,72.92386,0.550483158452,76,4,2026-06-11T10:51:59.688Z
adh-dhihdhoofinolhu,Dhihdhoofinolhu,ދިއްދޫފިނޮޅު,ADh,Alifu Dhaalu,resort,Tourism Island,Resort,3.498589,72.896664,0.17553548633,73,2,2026-06-11T10:51:59.674Z
adh-enboodhoo,En'boodhoo,އެނބޫދޫ,ADh,Alifu Dhaalu,uninhabited,Uninhabited Island,,3.81518,72.752409,0.0199785678649,73,1,2026-06-11T10:51:59.757Z
adh-fenfushi,Fenfushi,ފެންފުށި,ADh,Alifu Dhaalu,inhabited,Residential Island,,3.489172,72.782986,0.256408546107,76,4,2026-06-11T10:51:59.621Z
adh-fushidhigga,Fushidhigga,ފުށިދިއްގަ,ADh,Alifu Dhaalu,uninhabited,Uninhabited Island,,3.757917,72.770578,0.0201995569875,73,1,2026-06-11T10:51:59.731Z
adh-hangnaameedhoo,Hangnaameedhoo,ހަންޏާމީދޫ,ADh,Alifu Dhaalu,inhabited,Residential Island,,3.849286,72.955338,0.203104613932,76,4,2026-06-11T10:51:59.764Z
adh-heenfaru,Heenfaru,ހީންފަރު,ADh,Alifu Dhaalu,resort,Tourism Island,Resort,3.819263,72.829061,0.00832499420138,73,2,2026-06-11T10:51:59.591Z
adh-hiyafushi,Hiyafushi,ހިޔަފުށި,ADh,Alifu Dhaalu,uninhabited,Uninhabited Island,,3.479413,72.870534,0.0105613492314,73,1,2026-06-11T10:51:59.668Z
adh-hukurudhoo,Hukurudhoo,ހުކުރުދޫ,ADh,Alifu Dhaalu,industrial,Industrial Island,,3.570346,72.718695,0.141183363745,73,2,2026-06-11T10:51:59.694Z
adh-hurasdhoo,Hurasdhoo,ހުރަސްދޫ,ADh,Alifu Dhaalu,uninhabited,Uninhabited Island,,3.666942,72.774767,0.0284607342508,73,1,2026-06-11T10:51:59.504Z
adh-huruelhi,Huruelhi,ހުރުއެޅި,ADh,Alifu Dhaalu,resort,Tourism Island,Resort,3.544191,72.719594,0.0720517321747,73,2,2026-06-11T10:51:59.571Z
adh-huvahendhoo,Huvahendhoo,ހުވަހެންދޫ,ADh,Alifu Dhaalu,resort,Tourism Island,Resort,3.653722,72.953834,0.0604193204972,73,2,2026-06-11T10:51:59.582Z
adh-innafushi,Innafushi,އިންނަފުށި,ADh,Alifu Dhaalu,resort,Tourism Island,Resort,3.797772,72.732435,0.0341543685855,73,2,2026-06-11T10:51:59.487Z
adh-kalhahandhihuraa,Kalhahan'dhihuraa,ކަޅަހަނދިހުރާ,ADh,Alifu Dhaalu,uninhabited,Uninhabited Island,,3.798098,72.710743,0.0121419690023,73,1,2026-06-11T10:51:59.750Z
adh-kudadhoo,Kudadhoo,ކުޑަދޫ,ADh,Alifu Dhaalu,uninhabited,Uninhabited Island,,3.479201,72.871894,0.00224521925614,73,1,2026-06-11T10:51:59.648Z
adh-kudarah,Kudarah,ކުޑަރަށް,ADh,Alifu Dhaalu,resort,Tourism Island,Resort,3.573934,72.910762,0.0426797263715,73,2,2026-06-11T10:51:59.634Z
adh-kunburudhoo,Kun'burudhoo,ކުނބުރުދޫ,ADh,Alifu Dhaalu,inhabited,Residential Island,,3.775472,72.924721,0.0650717828282,76,3,2026-06-11T10:51:59.661Z
adh-lonuboi,Lonuboi,ލޮނުބޮއި,ADh,Alifu Dhaalu,resort,Tourism Island,,3.603242,72.900911,0.0119783128319,73,2,2026-06-11T10:51:59.707Z
adh-maafushivaru,Maafushivaru,މާފުށިވަރު,ADh,Alifu Dhaalu,resort,Tourism Island,Resort,3.607921,72.900254,0.0318480464987,73,2,2026-06-11T10:51:59.714Z
adh-maamigili,Maamigili,މާމިގިލި,ADh,Alifu Dhaalu,inhabited,Residential Island,,3.474846,72.833061,2.20807769522,76,5,2026-06-11T10:52:06.340Z
adh-mahchafushi,Mahchafushi,މައްޗަފުށި,ADh,Alifu Dhaalu,resort,Tourism Island,Resort,3.593849,72.883529,0.04637306930560001,73,2,2026-06-11T10:51:59.701Z
adh-mahibadhoo,Mahibadhoo,މަހިބަދޫ,ADh,Alifu Dhaalu,inhabited,Residential Island,,3.757158,72.968918,0.235984035323,76,5,2026-06-11T10:52:06.295Z
adh-mandhoo,Mandhoo,މަންދޫ,ADh,Alifu Dhaalu,inhabited,Residential Island,,3.69786,72.709786,0.385015738155,76,3,2026-06-11T10:51:59.511Z
adh-mirihi,Mirihi,މިރިހި,ADh,Alifu Dhaalu,resort,Tourism Island,Resort,3.619597,72.780561,0.0364097866698,73,2,2026-06-11T10:51:59.614Z
adh-moofushi,Moofushi,މޫފުށި,ADh,Alifu Dhaalu,resort,Tourism Island,Resort,3.885073,72.72644,0.07644526920019999,73,2,2026-06-11T10:51:59.771Z
adh-nalaguraidhoo,Nalaguraidhoo,ނަލަގުރައިދޫ,ADh,Alifu Dhaalu,resort,Tourism Island,Resort,3.48326,72.802165,0.5504402581810001,73,2,2026-06-11T10:51:59.654Z
adh-omadhoo,Omadhoo,އޮމަދޫ,ADh,Alifu Dhaalu,inhabited,Residential Island,,3.791618,72.962065,0.228229585258,76,2,2026-06-11T10:51:59.468Z
adh-ranfinolhu,Ranfinolhu,ރަންފިނޮޅު,ADh,Alifu Dhaalu,uninhabited,Uninhabited Island,,3.610921,72.72743,0.0311650420457,73,1,2026-06-11T10:51:59.681Z
adh-rangaleefinolhu,Rangaleefinolhu,ރަންގަލީފިނޮޅު,ADh,Alifu Dhaalu,resort,Tourism Island,Resort,3.616439,72.715729,0.0901863322279,73,2,2026-06-11T10:51:59.518Z
adh-rangali,Rangali,ރަންގަލި,ADh,Alifu Dhaalu,resort,Tourism Island,,3.618229,72.723363,0.112623415892,73,2,2026-06-11T10:51:59.532Z
adh-theluveligaa,Theluveligaa,ތެލުވެލިގާ,ADh,Alifu Dhaalu,resort,Tourism Island,Resort,3.669839,72.902612,0.0140879187407,73,2,2026-06-11T10:51:59.525Z
adh-tholhifushi,Tholhifushi,ތޮޅިފުށި,ADh,Alifu Dhaalu,resort,Tourism Island,,3.48504,72.789919,0.026679142721,73,2,2026-06-11T10:51:59.628Z
adh-thundufushi,Thun'dufushi,ތުނޑުފުށި,ADh,Alifu Dhaalu,resort,Tourism Island,Resort,3.786235,72.730668,0.0384403933116,73,2,2026-06-11T10:51:59.741Z
adh-vakarufalhi,Vakarufalhi,ވަކަރުފަޅި,ADh,Alifu Dhaalu,resort,Tourism Island,Resort,3.578718,72.902185,0.0550636928606,73,2,2026-06-11T10:51:59.641Z
adh-vilamendhoo,Vilamendhoo,ވިލަމެންދޫ,ADh,Alifu Dhaalu,resort,Tourism Island,Resort,3.633767,72.958641,0.114139813962,73,2,2026-06-11T10:51:59.549Z
adh-vilingilivaru,Vilin'gilivaru,ވިލިނގިލިވަރު,ADh,Alifu Dhaalu,resort,Tourism Island,,3.619031,72.955134,0.0324591778756,73,2,2026-06-11T10:51:59.721Z
v-aarah,Aarah,އާރަށް,V,Vaavu,resort,Tourism Island,Resort,3.499307,73.53011,0.0299342410029,73,2,2026-06-11T10:52:05.900Z
v-alimathaa,Alimathaa,އަލިމަތާ,V,Vaavu,resort,Tourism Island,Resort,3.593726,73.498036,0.0787902685311,73,2,2026-06-11T10:52:05.861Z
v-anbaraa,Anbaraa,އަންބަރާ,V,Vaavu,resort,Tourism Island,Resort,3.372275,73.439301,0.0198516806085,73,2,2026-06-11T10:52:05.876Z
v-bodumohoraa,Bodumohoraa,ބޮޑުމޮހޮރާ,V,Vaavu,resort,Tourism Island,Resort,3.343192,73.520569,0.06838833575639999,73,2,2026-06-11T10:52:05.890Z
v-dhiggiri,Dhiggiri,ދިއްގިރި,V,Vaavu,uninhabited,Uninhabited Island,,3.645005,73.487168,0.0263238865066,73,0,2026-06-11T10:52:05.897Z
v-felidhoo,Felidhoo,ފެލިދޫ,V,Vaavu,inhabited,Residential Island,,3.471967,73.547076,0.157504400571,76,4,2026-06-11T10:52:05.854Z
v-fohtheyobodufushi,Fohtheyobodufushi,ފޮއްތެޔޮބޮޑުފުށި,V,Vaavu,resort,Tourism Island,Resort,3.455315,73.758,0.133152243014,73,2,2026-06-11T10:52:05.870Z
v-fulidhoo,Fulidhoo,ފުލިދޫ,V,Vaavu,inhabited,Residential Island,,3.680433,73.41567,0.119105023752,76,7,2026-06-11T10:52:05.838Z
v-hulhidhoo,Hulhidhoo,ހުޅިދޫ,V,Vaavu,industrial,Industrial Island,,3.493364,73.532788,0.026070932133,73,2,2026-06-11T10:52:05.848Z
v-keyodhoo,Keyodhoo,ކެޔޮދޫ,V,Vaavu,inhabited,Residential Island,,3.462109,73.550092,0.118213269774,76,5,2026-06-11T10:52:05.858Z
v-kuda-anbaraa,Kuda Anbaraa,ކުޑައަންބަރާ,V,Vaavu,uninhabited,Uninhabited Island,,3.427032,73.424724,0.00406302485957,73,1,2026-06-11T10:52:05.865Z
v-kudamohoraa,Kudamohoraa,ކުޑަމޮހޮރާ,V,Vaavu,uninhabited,Uninhabited Island,,3.341979,73.510666,0.00352168377686,49,0,2026-06-11T10:52:05.887Z
v-kunaaveshi,Kunaaveshi,ކުނާވެށި,V,Vaavu,resort,Tourism Island,Resort,3.636674,73.365168,0.0199937811883,73,2,2026-06-11T10:52:05.841Z
v-rakeedhoo,Rakeedhoo,ރަކީދޫ,V,Vaavu,inhabited,Residential Island,,3.314903,73.469727,0.0641794784743,76,6,2026-06-11T10:52:05.883Z
v-thinadhoo,Thinadhoo,ތިނަދޫ,V,Vaavu,inhabited,Residential Island,,3.487716,73.5383,0.124902356655,76,4,2026-06-11T10:52:05.851Z
v-thunduhuraa,Thun'duhuraa,ތުނޑުހުރާ,V,Vaavu,uninhabited,Uninhabited Island,,3.342659,73.506201,0.0008708625008829999,73,1,2026-06-11T10:52:05.880Z
v-vashugiri,Vashugiri,ވަށުގިރި,V,Vaavu,uninhabited,Uninhabited Island,,3.629979,73.37742,0.0060010347771,73,1,2026-06-11T10:52:05.845Z
v-vattaru,Vattaru,ވައްޓަރު,V,Vaavu,uninhabited,Uninhabited Island,,3.221941,73.426451,0.0199996152872,73,1,2026-06-11T10:52:05.894Z
m-boahuraa,Boahuraa,ބޯހުރާ,M,Meemu,resort,Tourism Island,,2.925901,73.585513,0.0199951273978,73,2,2026-06-11T10:52:04.515Z
m-bodukanduhuraa,Bodukan'duhuraa,ބޮޑުކަނޑުހުރާ,M,Meemu,uninhabited,Uninhabited Island,,2.824889,73.369105,0.00377214356657,73,1,2026-06-11T10:52:04.575Z
m-dhekunuboduveli,Dhekunuboduveli,ދެކުނުބޮޑުވެލި,M,Meemu,resort,Tourism Island,Resort,2.825834,73.452234,0.0546530297413,73,2,2026-06-11T10:52:04.581Z
m-dhiggaru,Dhiggaru,ދިއްގަރު,M,Meemu,inhabited,Residential Island,,3.111887,73.565232,0.144543054353,76,7,2026-06-11T10:52:04.461Z
m-dhihthundi,Dhihthun'di,ދިއްތުނޑި,M,Meemu,uninhabited,Uninhabited Island,,2.766162,73.420912,0.101247152045,73,1,2026-06-11T10:52:04.528Z
m-erruhhuraa,Erruhhuraa,އެއްރުއްހުރާ,M,Meemu,uninhabited,Uninhabited Island,,3.07003,73.642059,0.0101040629025,73,1,2026-06-11T10:52:04.497Z
m-etherefasgandu,Etherefasgan'du,އެތެރެފަސްގަނޑު,M,Meemu,uninhabited,Uninhabited Island,,2.778868,73.417854,0.00605182027146,73,1,2026-06-11T10:52:04.549Z
m-fenfuraaveli,Fenfuraaveli,ފެންފުރާވެލި,M,Meemu,industrial,Industrial Island,,2.788072,73.426977,0.19471817417,73,2,2026-06-11T10:52:04.620Z
m-gaakurali,Gaakurali,ގާކުރަލި,M,Meemu,industrial,Industrial Island,,2.780406,73.372319,0.134905710373,73,2,2026-06-11T10:52:04.479Z
m-gasveli,Gasveli,ގަސްވެލި,M,Meemu,resort,Tourism Island,,2.8187,73.443796,0.07189246312519999,73,2,2026-06-11T10:52:04.456Z
m-gongalihuraa,Gongalihuraa,ގޮންގަލިހުރާ,M,Meemu,uninhabited,Uninhabited Island,Varuva,2.85397,73.550908,0.004381341289249999,73,1,2026-06-11T10:52:04.449Z
m-hakuraahuraa,Hakuraahuraa,ހަކުރާހުރާ,M,Meemu,resort,Tourism Island,Resort,2.85486,73.538421,0.07259585323039999,73,2,2026-06-11T10:52:04.491Z
m-hudhuveli,Hudhuveli,ހުދުވެލި,M,Meemu,uninhabited,Uninhabited Island,,3.036379,73.619547,0.00113583530434,73,1,2026-06-11T10:52:04.563Z
m-hurasveli,Hurasveli,ހުރަސްވެލި,M,Meemu,resort,Tourism Island,Resort,3.019031,73.617887,0.00942755198318,73,2,2026-06-11T10:52:04.552Z
m-kakaahuraa,Kakaahuraa,ކަކާހުރާ,M,Meemu,uninhabited,Uninhabited Island,,2.852712,73.535108,0.0354036227599,73,1,2026-06-11T10:52:04.646Z
m-kekuraalhuveli,Kekuraalhuveli,ކެކުރާޅުވެލި,M,Meemu,resort,Tourism Island,,2.829995,73.45856,0.00675390021131,73,2,2026-06-11T10:52:04.523Z
m-kolhufushi,Kolhufushi,ކޮޅުފުށި,M,Meemu,inhabited,Residential Island,,2.776974,73.424314,0.645900071793,76,5,2026-06-11T10:52:04.639Z
m-kudausfushi,Kudausfushi,ކުޑައުސްފުށި,M,Meemu,resort,Tourism Island,Resort,2.804158,73.43355,0.101658837367,73,2,2026-06-11T10:52:04.535Z
m-kuradhigandu,Kuradhigan'du,ކުރަދިގަނޑު,M,Meemu,uninhabited,Uninhabited Island,,2.774146,73.372484,0.00824178886767,73,1,2026-06-11T10:52:04.611Z
m-maahuraa,Maahuraa,މާހުރާ,M,Meemu,uninhabited,Uninhabited Island,,2.793576,73.428351,0.0484747439091,73,1,2026-06-11T10:52:04.482Z
m-maalhaveli,Maalhaveli,މާޅަވެލި,M,Meemu,uninhabited,Uninhabited Island,,2.904555,73.578957,0.0053022303423,73,1,2026-06-11T10:52:04.467Z
m-maausfushi,Maausfushi,މާއުސްފުށި,M,Meemu,resort,Tourism Island,,2.798231,73.43204,0.09496443411710001,73,2,2026-06-11T10:52:04.487Z
m-madifushi,Madifushi,މަޑިފުށި,M,Meemu,resort,Tourism Island,Resort,3.081136,73.638108,0.132665911942,73,2,2026-06-11T10:52:04.540Z
m-maduvvari,Maduvvari,މަޑުއްވަރި,M,Meemu,inhabited,Residential Island,,3.104866,73.573081,0.121219386809,76,2,2026-06-11T10:52:04.599Z
m-medhufushi,Medhufushi,މެދުފުށި,M,Meemu,resort,Tourism Island,Resort,2.886313,73.575547,0.100247365198,73,2,2026-06-11T10:52:04.475Z
m-mulah,Mulah,މުލައް,M,Meemu,inhabited,Residential Island,,2.946601,73.584396,0.683333458653,76,7,2026-06-11T10:52:04.650Z
m-muli,Muli,މުލި,M,Meemu,inhabited,Residential Island,,2.918047,73.581086,0.772648800325,76,4,2026-06-11T10:52:04.504Z
m-naalaafushi,Naalaafushi,ނާލާފުށި,M,Meemu,inhabited,Residential Island,,2.895363,73.577423,0.129453416402,76,4,2026-06-11T10:52:04.546Z
m-raabandhihuraa,Raaban'dhihuraa,ރާބަނދިހުރާ,M,Meemu,uninhabited,Uninhabited Island,,3.091949,73.388897,0.0135470383057,73,1,2026-06-11T10:52:04.588Z
m-raiymandhoo,Raiymandhoo,ރަތްމަންދޫ,M,Meemu,inhabited,Residential Island,,3.089409,73.639112,0.28387080879,76,6,2026-06-11T10:52:04.653Z
m-seedheehuraa,Seedheehuraa,ސީދީހުރާ,M,Meemu,resort,Tourism Island,,2.858381,73.556517,0.0160974225169,73,2,2026-06-11T10:52:04.509Z
m-seedheehuraaveligandu,Seedheehuraaveligan'du,ސީދީހުރާވެލިގަނޑު,M,Meemu,resort,Tourism Island,,2.860334,73.554549,0.0208138716191,73,2,2026-06-11T10:52:04.627Z
m-thuvaru,Thuvaru,ތުވަރު,M,Meemu,industrial,Industrial Island,,2.898399,73.379413,0.141044912719,73,2,2026-06-11T10:52:04.569Z
m-thuvaru-uthuruhuraa,Thuvaru Uthuruhuraa,ތުވަރުއުތުރުހުރާ,M,Meemu,uninhabited,Uninhabited Island,,2.946704,73.376771,0.00240732753739,73,1,2026-06-11T10:52:04.632Z
m-uthuruboduveli,Uthuruboduveli,އުތުރުބޮޑުވެލި,M,Meemu,resort,Tourism Island,Resort,3.025851,73.617548,0.044279500131,73,2,2026-06-11T10:52:04.556Z
m-uthurugaseveli,Uthurugaseveli,އުތުރުގަސެވެލި,M,Meemu,resort,Tourism Island,,3.030794,73.61878,0.0153296632895,73,2,2026-06-11T10:52:04.518Z
m-vannanerufasgandu,Vannanerufasgan'du,ވަންނަނެރުފަސްގަނޑު,M,Meemu,uninhabited,Uninhabited Island,,2.780886,73.410222,0.00440181984539,73,1,2026-06-11T10:52:04.578Z
m-veyvah,Veyvah,ވޭވަށް,M,Meemu,inhabited,Residential Island,,2.956284,73.599881,0.420691851806,76,2,2026-06-11T10:52:04.607Z
f-adhangau,Adhangau,އަދަންގައު,F,Faafu,uninhabited,Uninhabited Island,,3.138693,73.008297,0.0142531724657,73,1,2026-06-11T10:52:00.737Z
f-bileiydhoo,Bileiydhoo,ބިލެތްދޫ,F,Faafu,inhabited,Residential Island,,3.118372,72.983999,0.315898018054,76,7,2026-06-11T10:52:00.723Z
f-dharanboodhoo,Dharan'boodhoo,ދަރަނބޫދޫ,F,Faafu,inhabited,Residential Island,,3.062959,72.925724,0.400796942954,76,6,2026-06-11T10:52:00.708Z
f-dhiguvarufinolhu,Dhiguvarufinolhu,ދިގުވަރުފިނޮޅު,F,Faafu,uninhabited,Uninhabited Island,,3.246594,73.025186,0.00700645061134,73,1,2026-06-11T10:52:00.766Z
f-enbulufushi,En'bulufushi,އެނބުލުފުށި,F,Faafu,resort,Tourism Island,,3.133688,73.018111,0.0252983153107,73,2,2026-06-11T10:52:00.730Z
f-faanumaahuraa,Faanumaahuraa,ފާނުމާހުރާ,F,Faafu,uninhabited,Uninhabited Island,,3.21314,72.982024,0.0028923974361,73,1,2026-06-11T10:52:00.751Z
f-feeali,Feeali,ފީއަލި,F,Faafu,inhabited,Residential Island,,3.269969,73.001745,0.176787834417,76,4,2026-06-11T10:52:00.786Z
f-filitheyo,Filitheyo,ފިލިތެޔޮ,F,Faafu,resort,Tourism Island,Resort,3.213168,73.03694,0.210235457819,73,2,2026-06-11T10:52:00.759Z
f-himithi,Himithi,ހިމިތި,F,Faafu,resort,Tourism Island,,3.255376,72.818566,0.156507244233,73,2,2026-06-11T10:52:00.682Z
f-jinnathugau,Jinnathugau,ޖިންނަތުގައު,F,Faafu,resort,Tourism Island,,3.200722,72.997975,0.0186061995208,73,2,2026-06-11T10:52:00.744Z
f-kandumoonufushi,Kan'dumoonufushi,ކަނޑުމޫނުފުށި,F,Faafu,uninhabited,Uninhabited Island,Varuva,3.315278,72.897373,0.0108561013876,73,1,2026-06-11T10:52:00.668Z
f-maafushi,Maafushi,މާފުށި,F,Faafu,resort,Tourism Island,Resort,3.24312,72.978547,0.0299806612251,73,2,2026-06-11T10:52:00.773Z
f-madivaruhuraa,Madivaruhuraa,މަޑިވަރުހުރާ,F,Faafu,uninhabited,Uninhabited Island,,3.266804,73.010781,0.00126606955835,73,1,2026-06-11T10:52:00.779Z
f-magoodhoo,Magoodhoo,މަގޫދޫ,F,Faafu,inhabited,Residential Island,,3.079179,72.963653,0.245948673137,76,5,2026-06-11T10:52:00.716Z
f-magoodhoobodufinolhu,Magoodhoobodufinolhu,މަގޫދޫބޮޑުފިނޮޅު,F,Faafu,uninhabited,Uninhabited Island,,3.075278,72.956105,0.00237144528234,53,1,2026-06-11T10:52:00.793Z
f-makunueri,Makunueri,މަކުނުއެރި,F,Faafu,uninhabited,Uninhabited Island,,3.258423,72.928769,0.0128062986099,73,1,2026-06-11T10:52:00.675Z
f-minimasgali,Minimasgali,މިނިމަސްގަލި,F,Faafu,resort,Tourism Island,,3.242688,72.835618,0.0385081916237,73,2,2026-06-11T10:52:00.691Z
f-nilandhoo,Nilandhoo,ނިލަންދޫ,F,Faafu,inhabited,Residential Island,,3.057122,72.888814,0.7479671420709999,76,4,2026-06-11T10:52:00.699Z
f-vilingilivarufinolhu,Vilin'gilivarufinolhu,ވިލިނގިލިވަރުފިނޮޅު,F,Faafu,uninhabited,Uninhabited Island,,3.274267,72.998879,0.000496824104973,73,1,2026-06-11T10:52:00.800Z
dh-aluvifushi,Aluvifushi,އަލުވިފުށި,Dh,Dhaalu,resort,Tourism Island,Resort,2.932967,72.959838,0.08737170391959999,73,2,2026-06-11T10:52:00.463Z
dh-ayyakaloahuraa,Ayyakaloahuraa,އައްޔަކަލޯހުރާ,Dh,Dhaalu,uninhabited,Uninhabited Island,,2.790645,73.025775,0.0186415500429,73,1,2026-06-11T10:52:00.375Z
dh-bandidhoo,Ban'didhoo,ބަނޑިދޫ,Dh,Dhaalu,inhabited,Residential Island,,2.936727,72.990241,0.249991499046,76,5,2026-06-11T10:52:00.356Z
dh-boarikifinolhu,Boarikifinolhu,ބޯރިކިފިނޮޅު,Dh,Dhaalu,resort,Tourism Island,,2.923286,72.970351,0.000907685209246,73,2,2026-06-11T10:52:00.619Z
dh-bodufushi,Bodufushi,ބޮޑުފުށި,Dh,Dhaalu,uninhabited,Uninhabited Island,,2.702764,72.847463,0.0088494811327,73,1,2026-06-11T10:52:00.585Z
dh-bulhalafushi,Bulhalafushi,ބުޅަލަފުށި,Dh,Dhaalu,uninhabited,Uninhabited Island,,2.806564,73.026061,0.00893499592437,73,1,2026-06-11T10:52:00.647Z
dh-dhebaidhoo,Dhebaidhoo,ދެބައިދޫ,Dh,Dhaalu,uninhabited,Uninhabited Island,,2.787403,73.025536,0.0680471541805,73,1,2026-06-11T10:52:00.541Z
dh-dhoores,Dhoores,ދޫރެސް,Dh,Dhaalu,resort,Tourism Island,Resort,2.917703,72.88415,0.0794360681766,73,2,2026-06-11T10:52:00.437Z
dh-enboodhoofushi,En'boodhoofushi,އެނބޫދޫފުށި,Dh,Dhaalu,resort,Tourism Island,Resort,2.677422,72.928284,0.162554356873,73,2,2026-06-11T10:52:00.476Z
dh-faandhoo,Faandhoo,ފާންދޫ,Dh,Dhaalu,resort,Tourism Island,,2.962796,72.946841,0.06348475341580001,73,2,2026-06-11T10:52:00.510Z
dh-fenfushi,Fenfushi,ފެންފުށި,Dh,Dhaalu,uninhabited,Uninhabited Island,Council Management,2.801193,73.025924,0.0351543754449,73,1,2026-06-11T10:52:00.633Z
dh-gemendhoo,Gemendhoo,ގެމެންދޫ,Dh,Dhaalu,uninhabited,Uninhabited Island,,2.79784,73.025442,0.0547541046796,73,1,2026-06-11T10:52:00.626Z
dh-hinaidhoo,Hinaidhoo,ހިނައިދޫ,Dh,Dhaalu,uninhabited,Uninhabited Island,,2.803703,73.026176,0.0279690263915,73,1,2026-06-11T10:52:00.640Z
dh-hiriyafushi,Hiriyafushi,ހިރިޔަފުށި,Dh,Dhaalu,resort,Tourism Island,Resort,2.711832,72.987802,0.07619060294789999,73,2,2026-06-11T10:52:00.531Z
dh-hudhufusheefinolhu,Hudhufusheefinolhu,ހުދުފުށީފިނޮޅު,Dh,Dhaalu,uninhabited,Uninhabited Island,,2.893572,72.905423,0.006299197363070001,73,1,2026-06-11T10:52:00.565Z
dh-hulhudheli,Hulhudheli,ހުޅުދެލި,Dh,Dhaalu,inhabited,Residential Island,,2.858441,72.846504,0.215342488796,76,7,2026-06-11T10:52:00.483Z
dh-hulhuvahi,Hulhuvahi,ހުޅުވަހި,Dh,Dhaalu,uninhabited,Uninhabited Island,,2.856449,73.024867,0.0391994682397,73,1,2026-06-11T10:52:00.424Z
dh-issari,Issari,އިއްސަރި,Dh,Dhaalu,uninhabited,Uninhabited Island,Varuva,2.706548,72.982549,0.017691138291,73,1,2026-06-11T10:52:00.382Z
dh-kandinmaa,Kan'dinmaa,ކަނޑިންމާ,Dh,Dhaalu,resort,Tourism Island,Resort,2.740378,73.015406,0.437500828561,73,3,2026-06-11T10:52:00.430Z
dh-kanneiyfaru,Kanneiyfaru,ކަންނެތްފަރު,Dh,Dhaalu,uninhabited,Uninhabited Island,,2.924141,73.027176,0.0136049586291,73,1,2026-06-11T10:52:00.517Z
dh-kedhigandu,Kedhigan'du,ކެދިގަނޑު,Dh,Dhaalu,resort,Tourism Island,Resort,2.696397,72.85113,0.05376423167949999,73,2,2026-06-11T10:52:00.366Z
dh-kiraidhoo,Kiraidhoo,ކިރައިދޫ,Dh,Dhaalu,uninhabited,Uninhabited Island,,2.780434,73.025092,0.0819255925935,73,1,2026-06-11T10:52:00.396Z
dh-kudahuvadhoo,Kudahuvadhoo,ކުޑަހުވަދޫ,Dh,Dhaalu,inhabited,Residential Island,,2.670137,72.888856,1.65579649447,76,4,2026-06-11T10:52:00.444Z
dh-kudathilabolhufushi,Kudathilabolhufushi,ކުޑަތިލަބޮޅުފުށި,Dh,Dhaalu,uninhabited,Uninhabited Island,,2.756715,73.022985,0.0101373803788,73,1,2026-06-11T10:52:00.592Z
dh-lhohi,Lhohi,ޅޮހި,Dh,Dhaalu,industrial,Industrial Island,,2.957006,72.985411,0.0614947001479,73,2,2026-06-11T10:52:00.470Z
dh-maadheli,Maadheli,މާދެލި,Dh,Dhaalu,uninhabited,Uninhabited Island,,2.884167,72.837522,0.23193398328,73,1,2026-06-11T10:52:00.503Z
dh-maaenboodhoo,Maaen'boodhoo,މާއެނބޫދޫ,Dh,Dhaalu,inhabited,Residential Island,,2.695763,72.963418,0.240338006037,76,7,2026-06-11T10:52:00.389Z
dh-maafushi,Maafushi,މާފުށި,Dh,Dhaalu,resort,Tourism Island,Resort,2.688149,72.859167,0.126714955423,73,2,2026-06-11T10:52:00.417Z
dh-maagau,Maagau,މާގައު,Dh,Dhaalu,resort,Tourism Island,Resort,2.947653,72.914595,0.073355985377,73,2,2026-06-11T10:52:00.605Z
dh-maalefaru,Maalefaru,މާލެފަރު,Dh,Dhaalu,uninhabited,Uninhabited Island,Varuva,2.882059,73.025673,0.00979619551839,73,1,2026-06-11T10:52:00.558Z
dh-meedhoo,Meedhoo,މީދޫ,Dh,Dhaalu,inhabited,Residential Island,,2.998036,73.007279,0.325534417051,76,5,2026-06-11T10:52:00.571Z
dh-meedhuffushi,Meedhuffushi,މީދުއްފުށި,Dh,Dhaalu,resort,Tourism Island,Resort,3.003214,73.000386,0.0693605634835,73,2,2026-06-11T10:52:00.410Z
dh-minimasgali,Minimasgali,މިނިމަސްގަލި,Dh,Dhaalu,uninhabited,Uninhabited Island,Council Managment,2.750283,72.887537,0.0464130368108,73,1,2026-06-11T10:52:00.578Z
dh-olhufushi,Olhufushi,އޮޅުފުށި,Dh,Dhaalu,uninhabited,Uninhabited Island,Varuva,2.813685,73.02643,0.0143717711047,73,1,2026-06-11T10:52:00.661Z
dh-olhuveli,Olhuveli,އޮޅުވެލި,Dh,Dhaalu,resort,Tourism Island,,2.682245,72.934459,0.117504959444,73,2,2026-06-11T10:52:00.550Z
dh-rinbudhoo,Rin'budhoo,ރިނބުދޫ,Dh,Dhaalu,inhabited,Residential Island,,2.924517,72.895409,0.172902401832,76,6,2026-06-11T10:52:00.403Z
dh-sarakafushi,Sarakafushi,ސަރަކަފުށި,Dh,Dhaalu,uninhabited,Uninhabited Island,,2.922909,72.961261,0.00887707962828,73,1,2026-06-11T10:52:00.612Z
dh-thanbalhaidhoo,Than'balhaidhoo,ތަނބަޅައިދޫ,Dh,Dhaalu,uninhabited,Uninhabited Island,,2.793915,73.025709,0.0522572501512,73,1,2026-06-11T10:52:00.654Z
dh-thilabolhufushi,Thilabolhufushi,ތިލަބޮޅުފުށި,Dh,Dhaalu,uninhabited,Uninhabited Island,Varuva,2.755715,73.022057,0.0452695922768,73,1,2026-06-11T10:52:00.450Z
dh-thinhuraa,Thinhuraa,ތިންހުރާ,Dh,Dhaalu,uninhabited,Uninhabited Island,Varuva,2.767114,73.023684,0.0605225363881,73,1,2026-06-11T10:52:00.490Z
dh-uhdhoo,Uhdhoo,އުއްދޫ,Dh,Dhaalu,industrial,Industrial Island,,2.970589,72.990735,0.0853561619457,73,2,2026-06-11T10:52:00.457Z
dh-vaanee,Vaanee,ވާނީ,Dh,Dhaalu,uninhabited,Uninhabited Island,,2.72547,73.002775,0.110111727916,73,1,2026-06-11T10:52:00.349Z
dh-valla,Valla,ވައްލަ,Dh,Dhaalu,uninhabited,Uninhabited Island,Varuva,2.704528,72.882695,0.0199188466521,73,1,2026-06-11T10:52:00.523Z
dh-vallalhohi,Vallalhohi,ވައްލަޅޮހި,Dh,Dhaalu,uninhabited,Uninhabited Island,,2.730539,72.88799,0.0222498588874,73,1,2026-06-11T10:52:00.497Z
dh-velavaru,Velavaru,ވެލަވަރު,Dh,Dhaalu,resort,Tourism Island,Resort,2.979702,73.015684,0.08049292091350001,73,2,2026-06-11T10:52:00.599Z
dh-vommuli,Vommuli,ވޮއްމުލި,Dh,Dhaalu,resort,Tourism Island,Resort,2.911331,72.866074,0.0895037292122,73,2,2026-06-11T10:52:00.342Z
th-bodufinolhu,Bodufinolhu,ބޮޑުފިނޮޅު,Th,Thaa,uninhabited,Uninhabited Island,,2.315843,73.30533,0.0241576614726,73,1,2026-06-11T10:52:05.800Z
th-bodurehaa,Bodurehaa,ބޮޑުރެހާ,Th,Thaa,uninhabited,Uninhabited Island,Varuva,2.267921,73.229105,0.0112754448514,73,1,2026-06-11T10:52:05.754Z
th-buruni,Buruni,ބުރުނި,Th,Thaa,inhabited,Residential Island,,2.558849,73.10652,0.340847901915,76,2,2026-06-11T10:52:05.646Z
th-dhiffushi,Dhiffushi,ދިއްފުށި,Th,Thaa,uninhabited,Uninhabited Island,Varuva,2.514783,73.232423,0.0398370494862,73,1,2026-06-11T10:52:05.663Z
th-dhiyamigili,Dhiyamigili,ދިޔަމިގިލި,Th,Thaa,inhabited,Residential Island,,2.33994,73.3368,0.293374737922,76,4,2026-06-11T10:52:05.812Z
th-dhonanfushi,Dhonanfushi,ދޮނަންފުށި,Th,Thaa,uninhabited,Uninhabited Island,,2.490121,73.31498,0.0171905249077,73,1,2026-06-11T10:52:05.677Z
th-dhururehaa,Dhururehaa,ދުރުރެހާ,Th,Thaa,industrial,Industrial Island,,2.168973,73.012055,0.104973907354,73,2,2026-06-11T10:52:05.702Z
th-ekuruffushi,Ekuruffushi,އެކުރުއްފުށި,Th,Thaa,resort,Tourism Island,Resort,2.265998,73.226258,0.0225912474132,73,2,2026-06-11T10:52:05.751Z
th-elaa,Elaa,އެލާ,Th,Thaa,resort,Tourism Island,,2.172007,73.079403,0.313779568237,73,2,2026-06-11T10:52:05.722Z
th-fenfushi,Fenfushi,ފެންފުށި,Th,Thaa,uninhabited,Uninhabited Island,Varuva,2.291619,73.269742,0.00346074734858,73,1,2026-06-11T10:52:05.776Z
th-fenmeerufushi,Fenmeerufushi,ފެންމީރުފުށި,Th,Thaa,uninhabited,Uninhabited Island,,2.270611,73.233296,0.01703456983,73,1,2026-06-11T10:52:05.757Z
th-fondhoo,Fondhoo,ފޮންދޫ,Th,Thaa,uninhabited,Uninhabited Island,,2.31496,72.98276,0.00643930163405,73,1,2026-06-11T10:52:05.620Z
th-fonidhaani,Fonidhaani,ފޮނިދާނި,Th,Thaa,uninhabited,Uninhabited Island,Varuva,2.300986,73.284762,0.0189196262953,73,1,2026-06-11T10:52:05.783Z
th-funaddu,Funaddu,ފުނައްޑު,Th,Thaa,industrial,Industrial Island,,2.198249,73.128882,0.267815521527,73,2,2026-06-11T10:52:05.732Z
th-fushi,Fushi,ފުށި,Th,Thaa,uninhabited,Uninhabited Island,,2.193111,72.969004,0.0590411422227,73,1,2026-06-11T10:52:05.691Z
th-gaadhiffushi,Gaadhiffushi,ގާދިއްފުށި,Th,Thaa,inhabited,Residential Island,,2.252678,73.212525,0.141443666753,76,6,2026-06-11T10:52:05.742Z
th-gaalee,Gaalee,ގާލީ,Th,Thaa,uninhabited,Uninhabited Island,,2.546981,73.154506,0.0695719222565,73,1,2026-06-11T10:52:05.651Z
th-gaathurehaa,Gaathurehaa,ގާތުރެހާ,Th,Thaa,uninhabited,Uninhabited Island,,2.170331,73.015579,0.058904584535,73,1,2026-06-11T10:52:05.705Z
th-guraidhoo,Guraidhoo,ގުރައިދޫ,Th,Thaa,inhabited,Residential Island,,2.322583,73.317575,0.764755348603,76,4,2026-06-11T10:52:05.806Z
th-hathifushi,Hathifushi,ހަތިފުށި,Th,Thaa,uninhabited,Uninhabited Island,,2.287313,73.262897,0.0119603721762,73,1,2026-06-11T10:52:05.770Z
th-hikandhilhohi,Hikan'dhilhohi,ހިކަނދިޅޮހި,Th,Thaa,uninhabited,Uninhabited Island,Varuva,2.52043,73.226514,0.0277524705785,73,1,2026-06-11T10:52:05.827Z
th-hirilandhoo,Hirilandhoo,ހިރިލަންދޫ,Th,Thaa,inhabited,Residential Island,,2.270395,72.932149,0.300883154125,76,7,2026-06-11T10:52:05.687Z
th-hiriyanfushi,Hiriyanfushi,ހިރިޔަންފުށި,Th,Thaa,uninhabited,Uninhabited Island,,2.211499,73.149773,0.0251274697018,53,1,2026-06-11T10:52:06.303Z
th-hondelifushi,Hon'delifushi,ހޮނޑެލިފުށި,Th,Thaa,uninhabited,Uninhabited Island,,2.495033,73.312654,0.0146627887499,73,1,2026-06-11T10:52:05.674Z
th-hulhiyanfushi,Hulhiyanfushi,ހުޅިޔަންފުށި,Th,Thaa,uninhabited,Uninhabited Island,,2.25876,73.218201,0.0268649377919,73,1,2026-06-11T10:52:05.745Z
th-kaaddoo,Kaaddoo,ކާއްޑޫ,Th,Thaa,resort,Tourism Island,,2.28185,73.254339,0.0332903771721,73,2,2026-06-11T10:52:05.764Z
th-kafidhoo,Kafidhoo,ކަފިދޫ,Th,Thaa,uninhabited,Uninhabited Island,,2.326638,72.9621,0.0233534646168,73,1,2026-06-11T10:52:05.617Z
th-kakolhas,Kakolhas,ކަކޮޅަސް,Th,Thaa,uninhabited,Uninhabited Island,Council Management,2.315566,72.944224,0.161966099812,73,1,2026-06-11T10:52:05.614Z
th-kalhudheyfushi,Kalhudheyfushi,ކަޅުދޭފުށި,Th,Thaa,resort,Tourism Island,Resort,2.294976,73.276286,0.0415347797574,73,2,2026-06-11T10:52:05.780Z
th-kalhufahalafushi,Kalhufahalafushi,ކަޅުފަހަލަފުށި,Th,Thaa,uninhabited,Uninhabited Island,,2.40916,73.35775,0.924243776202,73,1,2026-06-11T10:52:05.681Z
th-kandoodhoo,Kan'doodhoo,ކަނޑޫދޫ,Th,Thaa,inhabited,Residential Island,,2.321263,72.916657,0.8182977676030001,76,6,2026-06-11T10:52:05.624Z
th-kandufushi,Kan'dufushi,ކަނޑުފުށި,Th,Thaa,uninhabited,Uninhabited Island,,2.531227,72.987519,0.0222063886861,73,1,2026-06-11T10:52:05.639Z
th-kani,Kani,ކަނި,Th,Thaa,uninhabited,Uninhabited Island,,2.189834,72.973732,0.00524473557589,73,1,2026-06-11T10:52:05.695Z
th-kanimeedhoo,Kanimeedhoo,ކަނިމީދޫ,Th,Thaa,resort,Tourism Island,,2.195632,73.111544,0.6786190470719999,73,2,2026-06-11T10:52:05.729Z
th-kinbidhoo,Kin'bidhoo,ކިނބިދޫ,Th,Thaa,inhabited,Residential Island,,2.168263,73.066069,0.381751036967,76,6,2026-06-11T10:52:05.831Z
th-kolafushi,Kolafushi,ކޮލަފުށި,Th,Thaa,uninhabited,Uninhabited Island,Varuva,2.263832,73.223466,0.0156951722649,73,1,2026-06-11T10:52:05.748Z
th-kolhufushi,Kolhufushi,ކޮޅުފުށި,Th,Thaa,uninhabited,Uninhabited Island,,2.364897,73.363395,0.0372205840752,73,1,2026-06-11T10:52:05.684Z
th-kudadhoo,Kudadhoo,ކުޑަދޫ,Th,Thaa,uninhabited,Uninhabited Island,,2.308935,72.951668,0.00252226996423,73,1,2026-06-11T10:52:05.611Z
th-kudakaaddoo,Kudakaaddoo,ކުޑަކާއްޑޫ,Th,Thaa,uninhabited,Uninhabited Island,,2.285388,73.259092,0.00132290856015,73,1,2026-06-11T10:52:05.767Z
th-kudakinbidhoo,Kudakin'bidhoo,ކުޑަކިނބިދޫ,Th,Thaa,uninhabited,Uninhabited Island,,2.164551,73.06305,0.0165408304228,73,1,2026-06-11T10:52:05.719Z
th-kurandhuvaru,Kuran'dhuvaru,ކުރަނދުވަރު,Th,Thaa,uninhabited,Uninhabited Island,Varuva,2.539293,73.176047,0.0253056667697,73,1,2026-06-11T10:52:05.655Z
th-kuredhifushi,Kuredhifushi,ކުރެދިފުށި,Th,Thaa,uninhabited,Uninhabited Island,,2.16798,73.034373,0.0909942781706,73,1,2026-06-11T10:52:05.712Z
th-lhavaddoo,Lhavaddoo,ޅަވައްޑޫ,Th,Thaa,resort,Tourism Island,,2.305769,73.291212,0.031774649725,73,2,2026-06-11T10:52:05.787Z
th-maagulhi,Maagulhi,މާގުޅި,Th,Thaa,uninhabited,Uninhabited Island,Varuva,2.538366,73.179566,0.0349938193271,73,1,2026-06-11T10:52:05.659Z
th-maalefushi,Maalefushi,މާލެފުށި,Th,Thaa,resort,Tourism Island,Resort,2.310998,73.298334,0.108558195832,73,2,2026-06-11T10:52:05.794Z
th-madifushi,Madifushi,މަޑިފުށި,Th,Thaa,inhabited,Residential Island,,2.356801,73.354697,0.535812094739,76,4,2026-06-11T10:52:05.834Z
th-mathidhoo,Mathidhoo,މަތިދޫ,Th,Thaa,uninhabited,Uninhabited Island,Varuva,2.346662,73.342736,0.06202200162239999,73,1,2026-06-11T10:52:05.820Z
th-medhafushi,Medhafushi,މެދަފުށި,Th,Thaa,uninhabited,Uninhabited Island,,2.343431,73.340869,0.0470854721056,73,1,2026-06-11T10:52:05.816Z
th-olhudhiyafushi,Olhudhiyafushi,އޮޅުދިޔަފުށި,Th,Thaa,uninhabited,Uninhabited Island,,2.272281,73.236064,0.0083309073216,73,1,2026-06-11T10:52:05.761Z
th-olhufushi,Olhufushi,އޮޅުފުށި,Th,Thaa,resort,Tourism Island,,2.365687,72.90831,0.0234254905739,73,2,2026-06-11T10:52:05.628Z
th-olhufushifinolhu,Olhufushifinolhu,އޮޅުފުށިފިނޮޅު,Th,Thaa,resort,Tourism Island,,2.372214,72.908106,0.000262975623009,73,2,2026-06-11T10:52:05.633Z
th-olhugiri,Olhugiri,އޮޅުގިރި,Th,Thaa,resort,Tourism Island,Resort,2.505726,73.25582,0.0975650427804,73,2,2026-06-11T10:52:05.666Z
th-omadhoo,Omadhoo,އޮމަދޫ,Th,Thaa,inhabited,Residential Island,,2.167578,73.023611,0.36961553379,76,2,2026-06-11T10:52:05.709Z
th-rihaamaafushi,Rihaamaafushi,ރިހާމާފުށި,Th,Thaa,uninhabited,Uninhabited Island,,2.289474,73.266402,0.0124822537614,73,1,2026-06-11T10:52:05.773Z
th-ruhthibirah,Ruhthibirah,ރުއްތިބިރަށް,Th,Thaa,resort,Tourism Island,Resort,2.168873,73.052842,0.08414695097899999,73,2,2026-06-11T10:52:05.715Z
th-thimarafushi,Thimarafushi,ތިމަރަފުށި,Th,Thaa,inhabited,Residential Island,,2.209286,73.148547,0.999893046032,76,4,2026-06-11T10:52:05.735Z
th-ufuriyaa,Ufuriyaa,އުފުރިޔާ,Th,Thaa,uninhabited,Uninhabited Island,,2.361605,73.361269,0.0737452221647,73,1,2026-06-11T10:52:05.823Z
th-usfushi,Usfushi,އުސްފުށި,Th,Thaa,uninhabited,Uninhabited Island,,2.246487,73.20468,0.01912542998,73,1,2026-06-11T10:52:05.738Z
th-vanbadhi,Vanbadhi,ވަންބަދި,Th,Thaa,uninhabited,Uninhabited Island,,2.18732,72.975969,0.0510391732471,73,1,2026-06-11T10:52:05.699Z
th-vandhoo,Vandhoo,ވަންދޫ,Th,Thaa,inhabited,Residential Island,,2.29171,72.941936,0.259064793018,76,2,2026-06-11T10:52:05.608Z
th-veymandoo,Veymandoo,ވޭމަންޑޫ,Th,Thaa,inhabited,Residential Island,,2.187172,73.094962,0.446455300498,76,2,2026-06-11T10:52:05.725Z
th-vilufushi,Vilufushi,ވިލުފުށި,Th,Thaa,inhabited,Residential Island,,2.503166,73.308248,0.602016561926,76,6,2026-06-11T10:52:05.669Z
l-aarahaa,Aarahaa,އާރަހާ,L,Laamu,uninhabited,Uninhabited Island,,1.828558,73.274704,0.00213043889851,73,1,2026-06-11T10:52:03.615Z
l-athahendhu,Athahendhu,އަތަހެންދު,L,Laamu,uninhabited,Uninhabited Island,,1.828017,73.273873,0.00286646785175,73,1,2026-06-11T10:52:03.852Z
l-baresdhoo,Baresdhoo,ބަރެސްދޫ,L,Laamu,resort,Tourism Island,Resort,1.967833,73.539956,0.73832890854,73,2,2026-06-11T10:52:03.768Z
l-bodufenrahaa,Bodufenrahaa,ބޮޑުފެންރަހާ,L,Laamu,uninhabited,Uninhabited Island,,1.827133,73.271261,0.0341385111039,73,1,2026-06-11T10:52:03.608Z
l-bodufinolhu,Bodufinolhu,ބޮޑުފިނޮޅު,L,Laamu,resort,Tourism Island,Resort,2.027846,73.372125,0.0157188683995,73,2,2026-06-11T10:52:04.028Z
l-bodufinolhu-LD1160,Bodufinolhu,ބޮޑުފިނޮޅު,L,Laamu,resort,Tourism Island,Resort,1.945453,73.540348,0.0634919918864,73,3,2026-06-11T10:52:04.076Z
l-boduhuraa,Boduhuraa,ބޮޑުހުރާ,L,Laamu,resort,Tourism Island,Resort,1.801207,73.294754,0.256304682515,73,2,2026-06-11T10:52:03.801Z
l-boduhuraa-LD0239,Boduhuraa,ބޮޑުހުރާ,L,Laamu,uninhabited,Uninhabited Island,,1.844552,73.515726,0.007209243057119999,73,2,2026-06-11T10:52:04.050Z
l-bodumaabulhali,Bodumaabulhali,ބޮޑުމާބުޅަލި,L,Laamu,uninhabited,Uninhabited Island,Council Management,1.849165,73.255389,0.0507346354008,73,1,2026-06-11T10:52:03.925Z
l-bodumahigulhi,Bodumahigulhi,ބޮޑުމަހިގުޅި,L,Laamu,uninhabited,Uninhabited Island,,1.786969,73.326288,0.0111178660641,73,1,2026-06-11T10:52:03.744Z
l-bodumungnafushi,Bodumungnafushi,ބޮޑުމުންޏަފުށި,L,Laamu,resort,Tourism Island,,1.98886,73.308735,0.0313649459502,73,2,2026-06-11T10:52:03.651Z
l-bokaiyfushi,Bokaiyfushi,ބޮކަތްފުށި,L,Laamu,uninhabited,Uninhabited Island,,1.999015,73.534746,0.0886410701666,73,1,2026-06-11T10:52:03.876Z
l-burrahaa,Burrahaa,ބުއްރަހާ,L,Laamu,uninhabited,Uninhabited Island,,1.826838,73.278084,0.0258441958728,73,1,2026-06-11T10:52:03.601Z
l-dhanbidhoo,Dhan'bidhoo,ދަނބިދޫ,L,Laamu,inhabited,Residential Island,,2.094211,73.544703,0.539183706464,76,4,2026-06-11T10:52:03.984Z
l-dhekunuvinagandu,Dhekunuvinagan'du,ދެކުނުވިނަގަނޑު,L,Laamu,uninhabited,Uninhabited Island,,1.817133,73.279538,0.0248146253416,73,1,2026-06-11T10:52:03.838Z
l-dhonberahaa,Dhonberahaa,ދޮންބެރަހާ,L,Laamu,uninhabited,Uninhabited Island,,2.071447,73.536039,0.0187755115756,73,1,2026-06-11T10:52:03.844Z
l-enberahaa,Enberahaa,އެންބެރަހާ,L,Laamu,uninhabited,Uninhabited Island,Varuva,1.841833,73.257543,0.00377830023675,73,1,2026-06-11T10:52:03.783Z
l-fares,Fares,ފަރެސް,L,Laamu,resort,Tourism Island,Resort,1.799174,73.300739,0.121983339199,73,2,2026-06-11T10:52:04.069Z
l-fenboahuraa,Fenboahuraa,ފެންބޯހުރާ,L,Laamu,uninhabited,Uninhabited Island,,2.064217,73.538257,0.00340270674637,73,1,2026-06-11T10:52:03.864Z
l-fenboarahaa,Fenboarahaa,ފެންބޯރަހާ,L,Laamu,uninhabited,Uninhabited Island,,1.810515,73.285734,0.0266103381653,73,1,2026-06-11T10:52:04.009Z
l-fonadhoo,Fonadhoo,ފޮނަދޫ,L,Laamu,inhabited,Residential Island,,1.834343,73.500068,1.71614648022,76,5,2026-06-11T10:52:03.723Z
l-fonagaadhoo,Fonagaadhoo,ފޮނަގާދޫ,L,Laamu,uninhabited,Uninhabited Island,,2.115296,73.542477,0.0818333095066,73,1,2026-06-11T10:52:03.778Z
l-fushi,Fushi,ފުށި,L,Laamu,uninhabited,Uninhabited Island,,2.049636,73.532184,0.0383537261726,73,1,2026-06-11T10:52:03.993Z
l-gaadhoo,Gaadhoo,ގާދޫ,L,Laamu,industrial,Industrial Island,,1.821114,73.45172,0.7220941423930001,73,2,2026-06-11T10:52:03.667Z
l-gan,Gan,ގަން,L,Laamu,inhabited,Residential Island,,1.914256,73.540917,6.08668247043,73,4,2026-06-11T10:52:03.636Z
l-gasgandufinolhu,Gasgan'dufinolhu,ގަސްގަނޑުފިނޮޅު,L,Laamu,resort,Tourism Island,,1.952377,73.540127,0.0399295126914,73,2,2026-06-11T10:52:03.644Z
l-guraidhoo,Guraidhoo,ގުރައިދޫ,L,Laamu,resort,Tourism Island,Resort,1.908239,73.255024,0.081829028203,73,2,2026-06-11T10:52:03.954Z
l-haiythoshi,Haiythoshi,ހަތްތޮށި,L,Laamu,resort,Tourism Island,,1.842028,73.258503,0.0136579843342,73,2,2026-06-11T10:52:03.906Z
l-hanhushi,Hanhushi,ހަންހުށި,L,Laamu,uninhabited,Uninhabited Island,,1.951539,73.261766,0.028120507182,73,1,2026-06-11T10:52:03.826Z
l-hendha,Hendha,ހެންދަ,L,Laamu,uninhabited,Uninhabited Island,,1.821627,73.27436,0.0335646735739,73,1,2026-06-11T10:52:03.881Z
l-hikandhirahaa,Hikan'dhirahaa,ހިކަނދިރަހާ,L,Laamu,uninhabited,Uninhabited Island,,2.058353,73.536556,0.0269226312343,73,1,2026-06-11T10:52:03.917Z
l-hithadhoo,Hithadhoo,ހިތަދޫ,L,Laamu,inhabited,Residential Island,,1.796829,73.388259,1.05289814726,76,4,2026-06-11T10:52:03.674Z
l-holhurahaa,Holhurahaa,ހޮޅުރަހާ,L,Laamu,resort,Tourism Island,,2.068515,73.539021,0.0249723872368,73,2,2026-06-11T10:52:03.659Z
l-hulhimendhoo,Hulhimendhoo,ހުޅިމެންދޫ,L,Laamu,uninhabited,Uninhabited Island,under STO,1.823013,73.394277,0.0856887320805,73,1,2026-06-11T10:52:03.716Z
l-hulhisdhoo,Hulhisdhoo,ހުޅިސްދޫ,L,Laamu,uninhabited,Uninhabited Island,,1.785209,73.387664,0.0139002924366,73,1,2026-06-11T10:52:03.788Z
l-hulhiyandhoo,Hulhiyandhoo,ހުޅިޔަންދޫ,L,Laamu,uninhabited,Uninhabited Island,,2.080839,73.541713,0.208029168865,73,1,2026-06-11T10:52:03.761Z
l-isdhoo,Isdhoo,އިސްދޫ,L,Laamu,inhabited,Residential Island,,2.124312,73.57701,1.47063795871,76,8,2026-06-11T10:52:03.833Z
l-kadhdhoo,Kadhdhoo,ކައްދޫ,L,Laamu,institutional,Institutional Island,,1.861481,73.521272,1.15336940626,53,2,2026-06-11T10:52:03.737Z
l-kalaidhoo,Kalaidhoo,ކަލައިދޫ,L,Laamu,inhabited,Residential Island,,2.114229,73.560517,2.134399322,68,1,2026-06-11T10:52:03.936Z
l-kalhaidhoo,Kalhaidhoo,ކަޅައިދޫ,L,Laamu,uninhabited,Uninhabited Island,,1.988365,73.536617,0.280021905492,73,1,2026-06-11T10:52:03.592Z
l-kalhurahaa,Kalhurahaa,ކަޅުރަހާ,L,Laamu,uninhabited,Uninhabited Island,,1.844411,73.256644,0.0226588944477,73,1,2026-06-11T10:52:03.871Z
l-kandaru,Kandaru,ކަނޑަރު,L,Laamu,industrial,Industrial Island,,2.060836,73.536462,0.0427295887329,73,2,2026-06-11T10:52:03.911Z
l-kanuhuraa,Kanuhuraa,ކަނުހުރާ,L,Laamu,uninhabited,Uninhabited Island,,2.046016,73.532364,0.0146114216219,73,1,2026-06-11T10:52:03.894Z
l-kashidhoo,Kashidhoo,ކަށިދޫ,L,Laamu,resort,Tourism Island,,1.919419,73.253676,0.031070117987,73,2,2026-06-11T10:52:03.695Z
l-kokurahaa,Kokurahaa,ކޮކުރަހާ,L,Laamu,uninhabited,Uninhabited Island,,1.854081,73.255524,0.006307813452299999,73,1,2026-06-11T10:52:04.035Z
l-kudafenrehaa,Kudafenrehaa,ކުޑަފެންރެހާ,L,Laamu,uninhabited,Uninhabited Island,,1.809796,73.289121,0.0206022923274,73,1,2026-06-11T10:52:03.968Z
l-kudafushi,Kudafushi,ކުޑަފުށި,L,Laamu,industrial,Industrial Island,,1.788632,73.331859,0.122741370448,73,2,2026-06-11T10:52:03.976Z
l-kudamaabulhali,Kudamaabulhali,ކުޑަމާބުޅަލި,L,Laamu,uninhabited,Uninhabited Island,,1.847219,73.252749,0.00460417088361,73,1,2026-06-11T10:52:04.063Z
l-kudamahigulhi,Kudamahigulhi,ކުޑަމަހިގުޅި,L,Laamu,uninhabited,Uninhabited Island,,1.787254,73.328179,0.00252097021067,73,1,2026-06-11T10:52:04.042Z
l-kudamungnafushi,Kudamungnafushi,ކުޑަމުންޏަފުށި,L,Laamu,uninhabited,Uninhabited Island,,1.993329,73.313983,0.00224555027139,73,1,2026-06-11T10:52:04.022Z
l-kudarah,Kudarah,ކުޑަރަށް,L,Laamu,uninhabited,Uninhabited Island,,2.065108,73.536459,0.0229971605308,73,1,2026-06-11T10:52:03.702Z
l-kudaveshi,Kudaveshi,ކުޑަވެށި,L,Laamu,uninhabited,Uninhabited Island,Varuva,1.824066,73.281898,0.0321886398763,73,1,2026-06-11T10:52:03.806Z
l-kunahandhoo,Kunahandhoo,ކުނަހަންދޫ,L,Laamu,inhabited,Residential Island,,1.7834,73.368207,0.922612000553,76,4,2026-06-11T10:52:03.688Z
l-kuredhirehaa,Kuredhirehaa,ކުރެދިރެހާ,L,Laamu,uninhabited,Uninhabited Island,,1.781027,73.353587,0.04574285468140001,73,1,2026-06-11T10:52:03.961Z
l-maabaidhoo,Maabaidhoo,މާބައިދޫ,L,Laamu,inhabited,Residential Island,,2.029341,73.532618,0.528049896209,76,6,2026-06-11T10:52:03.813Z
l-maafushi,Maafushi,މާފުށި,L,Laamu,uninhabited,Uninhabited Island,,1.791794,73.333172,0.0290788743449,73,1,2026-06-11T10:52:03.941Z
l-maakalhuveli,Maakalhuveli,މާކަޅުވެލި,L,Laamu,uninhabited,Uninhabited Island,,1.788664,73.340457,0.0482980750829,73,1,2026-06-11T10:52:03.947Z
l-maamendhoo,Maamendhoo,މާމެންދޫ,L,Laamu,inhabited,Residential Island,,1.817884,73.389718,0.223620796615,76,5,2026-06-11T10:52:03.709Z
l-maandhoo,Maandhoo,މާންދޫ,L,Laamu,industrial,Industrial Island,Mixed Usage,1.87458,73.526563,1.00646585099,53,2,2026-06-11T10:52:03.731Z
l-maavah,Maavah,މާވަށް,L,Laamu,inhabited,Residential Island,,1.885495,73.243179,0.398919456288,76,6,2026-06-11T10:52:03.796Z
l-maaveshi,Maaveshi,މާވެށި,L,Laamu,uninhabited,Uninhabited Island,Varuva,1.832955,73.271617,0.0285803341881,73,1,2026-06-11T10:52:03.899Z
l-mahakanfushi,Mahakanfushi,މަހަކަންފުށި,L,Laamu,resort,Tourism Island,,1.958812,73.540716,0.0715384961048,73,2,2026-06-11T10:52:04.082Z
l-medhuvinagandu,Medhuvinagan'du,މެދުވިނަގަނޑު,L,Laamu,uninhabited,Uninhabited Island,,1.816464,73.278176,0.0113886988365,73,1,2026-06-11T10:52:04.088Z
l-mendhoo,Mendhoo,މެންދޫ,L,Laamu,industrial,Industrial Island,,1.787063,73.38163,0.654612269047,73,2,2026-06-11T10:52:04.002Z
l-mundoo,Mundoo,މުންޑޫ,L,Laamu,inhabited,Residential Island,,2.011848,73.533897,0.241763005774,76,3,2026-06-11T10:52:03.630Z
l-olhutholhu,Olhutholhu,އޮޅުތޮޅު,L,Laamu,uninhabited,Uninhabited Island,,1.788049,73.352057,0.0782976297835,73,1,2026-06-11T10:52:03.623Z
l-olhuveli,Olhuveli,އޮޅުވެލި,L,Laamu,resort,Tourism Island,Resort,1.816875,73.404755,0.19569392079,73,2,2026-06-11T10:52:03.820Z
l-rahaa,Rahaa,ރަހާ,L,Laamu,uninhabited,Uninhabited Island,,2.056366,73.534482,0.143942092786,73,1,2026-06-11T10:52:03.929Z
l-thathunrahaa,Thathunrahaa,ތަތުންރަހާ,L,Laamu,uninhabited,Uninhabited Island,Varuva,1.830679,73.268522,0.0042620136419,73,1,2026-06-11T10:52:04.015Z
l-thunburi,Thun'buri,ތުނބުރި,L,Laamu,,,,2.074871,73.54027,0.186326845692,73,1,2026-06-11T10:52:03.681Z
l-uthuruvinagandu,Uthuruvinagan'du,އުތުރުވިނަގަނޑު,L,Laamu,uninhabited,Uninhabited Island,Varuva,1.817533,73.278316,0.0149359648028,73,1,2026-06-11T10:52:04.056Z
l-uvadhevifushi,Uvadhevifushi,އުވަދެވިފުށި,L,Laamu,uninhabited,Uninhabited Island,,1.979218,73.537144,0.0568033693732,73,1,2026-06-11T10:52:03.888Z
l-vadinolhu,Vadinolhu,ވަޑިނޮޅު,L,Laamu,resort,Tourism Island,,2.017616,73.358861,0.076980241462,73,2,2026-06-11T10:52:03.753Z
l-veligandufinolhu,Veligan'dufinolhu,ވެލިގަނޑުފިނޮޅު,L,Laamu,uninhabited,Uninhabited Island,,1.828992,73.408688,0.0118829029252,73,1,2026-06-11T10:52:03.859Z
ga-araigahthaa,Araigahthaa,އަރައިގައްތާ,GA,Gaafu Alifu,uninhabited,Uninhabited Island,,0.452121,73.535026,0.0465962596538,73,1,2026-06-11T10:52:00.909Z
ga-baaberehutta,Baaberehutta,ބާބެރެހުއްޓާ,GA,Gaafu Alifu,uninhabited,Uninhabited Island,,0.840951,73.180983,0.0137095396998,73,1,2026-06-11T10:52:01.048Z
ga-baavanadhoo,Baavanadhoo,ބާވަނަދޫ,GA,Gaafu Alifu,uninhabited,Uninhabited Island,Varuva,0.521311,73.539901,0.0643659962192,73,1,2026-06-11T10:52:01.227Z
ga-bakehthaa,Bakehthaa,ބަކެއްތާ,GA,Gaafu Alifu,resort,Tourism Island,Resort,0.381137,73.497611,0.020502387261,73,2,2026-06-11T10:52:00.989Z
ga-beyrumauddoo,Beyrumauddoo,ބޭރުމައުއްޑޫ,GA,Gaafu Alifu,uninhabited,Uninhabited Island,,0.795303,73.224825,0.0307877775546,73,1,2026-06-11T10:52:00.834Z
ga-bihurehaa,Bihurehaa,ބިހުރެހާ,GA,Gaafu Alifu,uninhabited,Uninhabited Island,,0.421951,73.570965,0.470720926302,73,1,2026-06-11T10:52:01.242Z
ga-boadduvaa,Boadduvaa,ބޯއްޑުވާ,GA,Gaafu Alifu,uninhabited,Uninhabited Island,Varuva,0.706132,73.330899,0.00956966627536,73,1,2026-06-11T10:52:01.194Z
ga-bodehuttaa,Bodehuttaa,ބޮޑެހުއްޓާ,GA,Gaafu Alifu,uninhabited,Uninhabited Island,,0.855091,73.402939,0.00334836878342,73,1,2026-06-11T10:52:01.102Z
ga-bodubondeyyaa,Bodubon'deyyaa,ބޮޑުބޮނޑެއްޔާ,GA,Gaafu Alifu,uninhabited,Uninhabited Island,,0.410099,73.567394,0.0654094386269,73,1,2026-06-11T10:52:01.363Z
ga-boduhuttaa,Boduhuttaa,ބޮޑުހުއްޓާ,GA,Gaafu Alifu,uninhabited,Uninhabited Island,,0.412506,73.571463,0.0634179119854,73,1,2026-06-11T10:52:01.041Z
ga-dhaandhoo,Dhaandhoo,ދާންދޫ,GA,Gaafu Alifu,inhabited,Residential Island,,0.620824,73.461127,0.315585543288,76,6,2026-06-11T10:52:01.095Z
ga-dhevvaamaagalaa,Dhevvaamaagalaa,ދެއްވާމާގަލާ,GA,Gaafu Alifu,uninhabited,Uninhabited Island,Varuva,0.571262,73.191868,0.08905316228309999,73,1,2026-06-11T10:52:01.153Z
ga-dhevvadhoo,Dhevvadhoo,ދެއްވަދޫ,GA,Gaafu Alifu,inhabited,Residential Island,,0.556948,73.242132,0.23213563479,76,7,2026-06-11T10:52:00.971Z
ga-dhevvalaabadhoo,Dhevvalaabadhoo,ދެއްވަލާބަދޫ,GA,Gaafu Alifu,resort,Tourism Island,Resort,0.604718,73.309406,0.0530037217895,73,2,2026-06-11T10:52:00.951Z
ga-dhigudhoo,Dhigudhoo,ދިގުދޫ,GA,Gaafu Alifu,uninhabited,Uninhabited Island,,0.54246,73.534444,0.122562780067,73,1,2026-06-11T10:52:01.319Z
ga-dhigurah,Dhigurah,ދިގުރަށް,GA,Gaafu Alifu,resort,Tourism Island,Resort,0.690517,73.441046,0.24142466024,73,2,2026-06-11T10:52:01.144Z
ga-dhiyadhoo,Dhiyadhoo,ދިޔަދޫ,GA,Gaafu Alifu,uninhabited,Uninhabited Island,,0.477704,73.556232,0.4510191724149999,73,1,2026-06-11T10:52:01.021Z
ga-falhumaafushi,Falhumaafushi,ފަޅުމާފުށި,GA,Gaafu Alifu,resort,Tourism Island,Resort,0.671809,73.438441,0.0767760858338,73,2,2026-06-11T10:52:01.123Z
ga-faruhulhedhoo,Faruhulhedhoo,ފަރުހުޅެދޫ,GA,Gaafu Alifu,uninhabited,Uninhabited Island,,0.872421,73.244584,0.0650536721317,73,1,2026-06-11T10:52:01.206Z
ga-faruhulhudhoo,Faruhulhudhoo,ފަރުހުޅުދޫ,GA,Gaafu Alifu,uninhabited,Uninhabited Island,,0.874409,73.255374,0.0324982884088,73,1,2026-06-11T10:52:01.249Z
ga-fenfuttaa,Fenfuttaa,ފެންފުއްޓާ,GA,Gaafu Alifu,uninhabited,Uninhabited Island,,0.713857,73.2855,0.036991373199,73,1,2026-06-11T10:52:01.116Z
ga-fenrehaa,Fenrehaa,ފެންރެހާ,GA,Gaafu Alifu,uninhabited,Uninhabited Island,,0.415458,73.572455,0.0190731987692,73,1,2026-06-11T10:52:01.355Z
ga-fulangi,Fulan'gi,ފުލަނގި,GA,Gaafu Alifu,uninhabited,Uninhabited Island,,0.684055,73.202018,0.0334750569107,73,1,2026-06-11T10:52:00.827Z
ga-funadhoo,Funadhoo,ފުނަދޫ,GA,Gaafu Alifu,industrial,Industrial Island,,0.562493,73.526228,0.239370223018,73,2,2026-06-11T10:52:01.063Z
ga-funadhooviligillaa,Funadhooviligillaa,ފުނަދޫވިލިގިއްލާ,GA,Gaafu Alifu,resort,Tourism Island,,0.569787,73.519842,0.064584149636,73,2,2026-06-11T10:52:00.945Z
ga-funamauddaa,Funamauddaa,ފުނަމައުއްޑާ,GA,Gaafu Alifu,resort,Tourism Island,Resort,0.533782,73.190285,0.0966896501671,73,2,2026-06-11T10:52:01.220Z
ga-galamedhuvaa,Galamedhuvaa,ގަލަމެދުވާ,GA,Gaafu Alifu,uninhabited,Uninhabited Island,Varuva,0.529477,73.537136,0.0415245538132,73,1,2026-06-11T10:52:01.034Z
ga-gemanafushi,Gemanafushi,ގެމަނަފުށި,GA,Gaafu Alifu,inhabited,Residential Island,,0.442445,73.568265,0.5679127653039999,76,7,2026-06-11T10:52:01.299Z
ga-handahaa,Han'dahaa,ހަނޑަހާ,GA,Gaafu Alifu,resort,Tourism Island,Resort,0.5057,73.453924,0.0923884467622,73,2,2026-06-11T10:52:01.070Z
ga-hinaamaagalaa,Hinaamaagalaa,ހިނާމާގަލާ,GA,Gaafu Alifu,resort,Tourism Island,Resort,0.630136,73.344188,0.0358194656062,73,2,2026-06-11T10:52:01.028Z
ga-hirihuttaa,Hirihuttaa,ހިރިހުއްޓާ,GA,Gaafu Alifu,resort,Tourism Island,Resort,0.540588,73.346251,0.0424758620218,73,2,2026-06-11T10:52:00.874Z
ga-hithaadhoo,Hithaadhoo,ހިތާދޫ,GA,Gaafu Alifu,uninhabited,Uninhabited Island,,0.849318,73.242509,0.09474494204999999,73,1,2026-06-11T10:52:01.162Z
ga-hithaadhoogalaa,Hithaadhoogalaa,ހިތާދޫގަލާ,GA,Gaafu Alifu,institutional,Institutional Island,,0.826687,73.252282,0.00885796843072,73,2,2026-06-11T10:52:01.179Z
ga-hulhimendhoo,Hulhimendhoo,ހުޅިމެންދޫ,GA,Gaafu Alifu,uninhabited,Uninhabited Island,Varuva,0.703532,73.440016,0.0489265978176,73,1,2026-06-11T10:52:01.262Z
ga-hurendhoo,Hurendhoo,ހުރެންދޫ,GA,Gaafu Alifu,uninhabited,Uninhabited Island,,0.846576,73.207818,0.0154949021196,73,1,2026-06-11T10:52:01.110Z
ga-idhimaa,Idhimaa,އިދިމާ,GA,Gaafu Alifu,uninhabited,Uninhabited Island,,0.408011,73.569726,0.0202918613446,73,1,2026-06-11T10:52:01.255Z
ga-innarehaa,Innarehaa,އިންނަރެހާ,GA,Gaafu Alifu,uninhabited,Uninhabited Island,,0.379678,73.556511,0.232566729328,73,1,2026-06-11T10:52:00.852Z
ga-kalhehuttaa,Kalhehuttaa,ކަޅެހުއްޓާ,GA,Gaafu Alifu,uninhabited,Uninhabited Island,,0.848424,73.178653,0.0142215819352,73,1,2026-06-11T10:52:01.055Z
ga-kaludirehaa,Kaludirehaa,ކަލުޑިރެހާ,GA,Gaafu Alifu,uninhabited,Uninhabited Island,,0.434272,73.569358,0.0469485478031,73,1,2026-06-11T10:52:01.011Z
ga-kanduhulhudhoo,Kan'duhulhudhoo,ކަނޑުހުޅުދޫ,GA,Gaafu Alifu,inhabited,Residential Island,,0.351318,73.539722,0.323248739517,76,7,2026-06-11T10:52:01.187Z
ga-kanduvilingili,Kan'duvilin'gili,ކަނޑުވިލިނގިލި,GA,Gaafu Alifu,uninhabited,Uninhabited Island,,0.86627,73.190244,0.0370264930944,73,1,2026-06-11T10:52:00.915Z
ga-kendheraa,Kendheraa,ކެންދެރާ,GA,Gaafu Alifu,uninhabited,Uninhabited Island,,0.726943,73.285118,0.0436228389927,73,1,2026-06-11T10:52:01.171Z
ga-keredhdhoo,Keredhdhoo,ކެރެއްދޫ,GA,Gaafu Alifu,resort,Tourism Island,Resort,0.659343,73.438259,0.131687848048,73,2,2026-06-11T10:52:00.814Z
ga-kisserahaa,Kisserahaa,ކިއްސެރަހާ,GA,Gaafu Alifu,uninhabited,Uninhabited Island,,0.649194,73.135883,0.00280870887043,73,1,2026-06-11T10:52:01.001Z
ga-kodagehuttaa,Kodagehuttaa,ކޮޑަގެހުއްޓާ,GA,Gaafu Alifu,uninhabited,Uninhabited Island,,0.842915,73.180388,0.0162439427693,73,1,2026-06-11T10:52:01.130Z
ga-kodahuttaa,Kodahuttaa,ކޮޑަހުއްޓާ,GA,Gaafu Alifu,uninhabited,Uninhabited Island,,0.678624,73.439419,0.00938035850843,73,1,2026-06-11T10:52:00.861Z
ga-kodeyvilingili,Kodeyvilin'gili,ކޮޑޭވިލިނގިލި,GA,Gaafu Alifu,uninhabited,Uninhabited Island,,0.513688,73.542025,0.05285048095269999,73,1,2026-06-11T10:52:00.842Z
ga-kolamaafushi,Kolamaafushi,ކޮލަމާފުށި,GA,Gaafu Alifu,inhabited,Residential Island,,0.837521,73.184729,0.35300191224,76,6,2026-06-11T10:52:01.081Z
ga-kondey,Kon'dey,ކޮނޑޭ,GA,Gaafu Alifu,inhabited,Residential Island,,0.499255,73.548777,1.19261418457,76,4,2026-06-11T10:52:00.978Z
ga-kondeymatheelaabadhoo,Kon'deymatheelaabadhoo,ކޮނޑޭމަތީލާބަދޫ,GA,Gaafu Alifu,resort,Tourism Island,Resort,0.505761,73.49801,0.0754413902269,73,2,2026-06-11T10:52:01.290Z
ga-kooddoo,Kooddoo,ކުއްޑޫ,GA,Gaafu Alifu,industrial,Industrial Island,,0.733579,73.433695,0.8330083159020001,73,2,2026-06-11T10:52:00.984Z
ga-kudalafari,Kudalafari,ކުޑަލަފަރި,GA,Gaafu Alifu,uninhabited,Uninhabited Island,,0.896516,73.349595,0.0284871017705,73,1,2026-06-11T10:52:01.077Z
ga-lhossaa,Lhossaa,ޅޮއްސާ,GA,Gaafu Alifu,uninhabited,Uninhabited Island,,0.820044,73.201913,0.115617023526,73,1,2026-06-11T10:52:01.137Z
ga-maadhigavara,Maadhigavara,މާދިގަވަރަ,GA,Gaafu Alifu,uninhabited,Uninhabited Island,,0.688551,73.266738,0.0281465387699,73,1,2026-06-11T10:52:01.269Z
ga-maadhigavara-LD1680,Maadhigavara,މާދިގަވަރަ,GA,Gaafu Alifu,uninhabited,Uninhabited Island,,0.671789,73.283329,0.00173717624612,73,2,2026-06-11T10:52:01.370Z
ga-maafehelaa,Maafehelaa,މާފެހެލާ,GA,Gaafu Alifu,uninhabited,Uninhabited Island,,0.380242,73.553116,0.442644441779,73,2,2026-06-11T10:52:00.821Z
ga-maagihuttaa,Maagihuttaa,މާގިހުއްޓާ,GA,Gaafu Alifu,uninhabited,Uninhabited Island,,0.845594,73.179629,0.0341920910442,73,1,2026-06-11T10:52:00.931Z
ga-maakanaarataa,Maakanaarataa,މާކަނާރަޓާ,GA,Gaafu Alifu,uninhabited,Uninhabited Island,,0.811961,73.207126,0.0176189492594,73,1,2026-06-11T10:52:00.938Z
ga-maamendhoo,Maamendhoo,މާމެންދޫ,GA,Gaafu Alifu,inhabited,Residential Island,,0.713824,73.43893,0.519138218895,76,4,2026-06-11T10:52:01.277Z
ga-maamutaa,Maamutaa,މާމުޓާ,GA,Gaafu Alifu,resort,Tourism Island,Resort,0.846428,73.407505,0.208896401634,73,2,2026-06-11T10:52:00.807Z
ga-maarandhoo,Maarandhoo,މާރަންދޫ,GA,Gaafu Alifu,resort,Tourism Island,Resort,0.853727,73.209171,0.04646394853930001,73,2,2026-06-11T10:52:00.887Z
ga-maarehaa,Maarehaa,މާރެހާ,GA,Gaafu Alifu,resort,Tourism Island,,0.461452,73.563882,0.156007291184,73,2,2026-06-11T10:52:01.214Z
ga-mahahdhoo,Mahahdhoo,މަހައްދޫ,GA,Gaafu Alifu,resort,Tourism Island,Resort,0.584141,73.513065,0.165595421766,73,2,2026-06-11T10:52:00.881Z
ga-mahthidhoo,Mahthidhoo,މައްތިދޫ,GA,Gaafu Alifu,uninhabited,Uninhabited Island,Varuva,0.669407,73.368125,0.0151906571372,53,1,2026-06-11T10:52:01.341Z
ga-mahthurehaa,Mahthurehaa,މައްތުރެހާ,GA,Gaafu Alifu,uninhabited,Uninhabited Island,,0.368503,73.552458,0.116142947685,73,1,2026-06-11T10:52:01.327Z
ga-matu,Matu,މަޓު,GA,Gaafu Alifu,,,,0.885157,73.336282,0.0581244885894,73,1,2026-06-11T10:52:01.088Z
ga-medharehaa,Medharehaa,މެދަރެހާ,GA,Gaafu Alifu,uninhabited,Uninhabited Island,,0.363418,73.545111,0.0572303345813,73,1,2026-06-11T10:52:00.922Z
ga-medhehuttaa,Medhehuttaa,މެދެހުއްޓާ,GA,Gaafu Alifu,uninhabited,Uninhabited Island,,0.466997,73.561917,0.0245404870958,73,1,2026-06-11T10:52:01.348Z
ga-medhuburiyaa,Medhuburiyaa,މެދުބުރިޔާ,GA,Gaafu Alifu,uninhabited,Uninhabited Island,,0.372701,73.553326,0.0119291011149,73,1,2026-06-11T10:52:00.895Z
ga-melaimaa,Melaimaa,މެލައިމާ,GA,Gaafu Alifu,uninhabited,Uninhabited Island,,0.857547,73.179629,0.0122118269136,73,1,2026-06-11T10:52:01.201Z
ga-meradhoo,Meradhoo,މެރަދޫ,GA,Gaafu Alifu,resort,Tourism Island,Resort,0.586779,73.0935,0.0577043863592,73,2,2026-06-11T10:52:01.309Z
ga-minimessaa,Minimessaa,މިނިމެއްސާ,GA,Gaafu Alifu,uninhabited,Uninhabited Island,,0.541289,73.124019,0.0364391044562,73,1,2026-06-11T10:52:00.867Z
ga-munandhuvaa,Munandhuvaa,މުނަންދުވާ,GA,Gaafu Alifu,uninhabited,Uninhabited Island,Council Management,0.59564,73.500546,0.0635510666505,73,1,2026-06-11T10:52:01.235Z
ga-nilandhoo,Nilandhoo,ނިލަންދޫ,GA,Gaafu Alifu,inhabited,Residential Island,,0.636395,73.446273,0.61258406939,76,5,2026-06-11T10:52:01.283Z
ga-raaverrehaa,Raaverrehaa,ރާވެއްރެހާ,GA,Gaafu Alifu,industrial,Industrial Island,,0.767718,73.429094,0.05006199846330001,73,2,2026-06-11T10:52:00.957Z
ga-viligalaa,Viligalaa,ވިލިގަލާ,GA,Gaafu Alifu,uninhabited,Uninhabited Island,,0.518757,73.216506,0.0325171166991,73,1,2026-06-11T10:52:00.964Z
ga-vilingili,Vilin'gili,ވިލިނގިލި,GA,Gaafu Alifu,inhabited,Residential Island,,0.756344,73.434852,1.11188843809,76,6,2026-06-11T10:52:01.334Z
ga-vodamulaa,Vodamulaa,ވޮޑަމުލާ,GA,Gaafu Alifu,resort,Tourism Island,Resort,0.604186,73.485885,0.231109279188,73,2,2026-06-11T10:52:00.901Z
gdh-aakirahuttaa,Aakirahuttaa,އާކިރަހުއްޓާ,GDh,Gaafu Dhaalu,uninhabited,Uninhabited Island,,0.230733,73.127997,0.0574621669411,73,1,2026-06-11T10:52:02.871Z
gdh-aakirahuttaa-LD0896,Aakirahuttaa,އާކިރަހުއްޓާ,GDh,Gaafu Dhaalu,uninhabited,Uninhabited Island,,0.264049,73.092351,0.0921630672462,73,2,2026-06-11T10:52:02.949Z
gdh-anhenerehaa,Anhenerehaa,އަންހެނެރެހާ,GDh,Gaafu Dhaalu,uninhabited,Uninhabited Island,,0.402433,73.005053,0.0101528844623,73,1,2026-06-11T10:52:01.657Z
gdh-athihuttaa,Athihuttaa,އަތިހުއްޓާ,GDh,Gaafu Dhaalu,uninhabited,Uninhabited Island,,0.279946,73.062751,0.111249200516,73,1,2026-06-11T10:52:02.860Z
gdh-badefodiyaa,Badefodiyaa,ބަޑެފޮޑިޔާ,GDh,Gaafu Dhaalu,uninhabited,Uninhabited Island,,0.281339,73.060471,0.0265724225859,73,1,2026-06-11T10:52:02.850Z
gdh-baulhegalla,Baulhegalla,ބައުޅެގައްލާ,GDh,Gaafu Dhaalu,uninhabited,Uninhabited Island,,0.494929,73.172486,0.037888276941,73,1,2026-06-11T10:52:01.384Z
gdh-beeraahuttaa,Beeraahuttaa,ބީރާހުއްޓާ,GDh,Gaafu Dhaalu,uninhabited,Uninhabited Island,,0.280384,73.060709,0.0107244046099,73,1,2026-06-11T10:52:02.855Z
gdh-bodehuttaa,Bodehuttaa,ބޮޑެހުއްޓާ,GDh,Gaafu Dhaalu,uninhabited,Uninhabited Island,,0.261149,73.344404,0.09010649652819999,73,1,2026-06-11T10:52:01.873Z
gdh-bodehuttaa-LD0810,Bodehuttaa,ބޮޑެހުއްޓާ,GDh,Gaafu Dhaalu,uninhabited,Uninhabited Island,,0.195264,73.199847,0.0100792331947,73,2,2026-06-11T10:52:01.966Z
gdh-bodehuttaa-LD1195,Bodehuttaa,ބޮޑެހުއްޓާ,GDh,Gaafu Dhaalu,uninhabited,Uninhabited Island,,0.29925,73.040486,0.0160538013263,73,2,2026-06-11T10:52:02.817Z
gdh-bodeinsa,Bodeinsa,ބޮޑެއިންސަ,GDh,Gaafu Dhaalu,uninhabited,Uninhabited Island,,0.238889,73.11976,0.0353725993665,73,1,2026-06-11T10:52:02.938Z
gdh-boderehaa,Boderehaa,ބޮޑެރެހާ,GDh,Gaafu Dhaalu,uninhabited,Uninhabited Island,,0.386485,73.012678,0.0727967192315,73,1,2026-06-11T10:52:01.704Z
gdh-bolimathaidhoo,Bolimathaidhoo,ބޮލިމަތައިދޫ,GDh,Gaafu Dhaalu,resort,Tourism Island,,0.233018,73.126291,0.118619856061,73,2,2026-06-11T10:52:02.876Z
gdh-bolimathaidhua,Bolimathaidhua,ބޮލިމަތައިދުއާ,GDh,Gaafu Dhaalu,uninhabited,Uninhabited Island,,0.310092,73.025158,0.02834143644,73,1,2026-06-11T10:52:01.844Z
gdh-dhatekarunahuttaa,Dhatekarunahuttaa,ދަޓެކަރުނަހުއްޓާ,GDh,Gaafu Dhaalu,uninhabited,Uninhabited Island,Varuva,0.396573,73.007909,0.013705975513,73,1,2026-06-11T10:52:01.674Z
gdh-dhatemulaidhua,Dhatemulaidhua,ދަޓެމުލައިދުއާ,GDh,Gaafu Dhaalu,uninhabited,Uninhabited Island,,0.30988,73.026833,0.00887448617041,73,1,2026-06-11T10:52:03.084Z
gdh-dhathaidhuaa,Dhathaidhuaa,ދަތައިދުއާ,GDh,Gaafu Dhaalu,uninhabited,Uninhabited Island,,0.237334,73.122412,0.0366656051635,73,1,2026-06-11T10:52:02.919Z
gdh-dhekaamba,Dhekaamba,ދެކާންބަ,GDh,Gaafu Dhaalu,uninhabited,Uninhabited Island,,0.383765,73.015345,0.0517187617262,73,1,2026-06-11T10:52:01.711Z
gdh-dherukerehaa,Dherukerehaa,ދެރުކެރެހާ,GDh,Gaafu Dhaalu,uninhabited,Uninhabited Island,,0.249254,73.108208,0.015079297128,73,1,2026-06-11T10:52:03.011Z
gdh-dhigelaabadhuvaa,Dhigelaabadhuvaa,ދިގެލާބަދުވާ,GDh,Gaafu Dhaalu,,,,0.213464,73.158776,0.358523933484,73,1,2026-06-11T10:52:01.779Z
gdh-dhigurehaa,Dhigurehaa,ދިގުރެހާ,GDh,Gaafu Dhaalu,resort,Tourism Island,,0.421414,73.004783,0.0280422281569,73,2,2026-06-11T10:52:01.632Z
gdh-dhinmanaa,Dhinmanaa,ދިންމަނާ,GDh,Gaafu Dhaalu,uninhabited,Uninhabited Island,,0.450104,72.997883,0.00842080060984,73,1,2026-06-11T10:52:01.590Z
gdh-dhiyanegili,Dhiyanegili,ދިޔަނެގިލި,GDh,Gaafu Dhaalu,uninhabited,Uninhabited Island,,0.301808,73.028667,0.0635461342211,73,1,2026-06-11T10:52:01.817Z
gdh-dhiyanigillaa,Dhiyanigillaa,ދިޔަނިގިއްލާ,GDh,Gaafu Dhaalu,uninhabited,Uninhabited Island,,0.256176,73.100981,0.0364410987871,73,1,2026-06-11T10:52:02.982Z
gdh-dhoonirehaa,Dhoonirehaa,ދޫނިރެހާ,GDh,Gaafu Dhaalu,resort,Tourism Island,,0.324774,73.494165,0.0325795427785,73,2,2026-06-11T10:52:01.433Z
gdh-dhoonirehaa-LD0690,Dhoonirehaa,ދޫނިރެހާ,GDh,Gaafu Dhaalu,uninhabited,Uninhabited Island,,0.268506,73.083997,0.101367387327,73,2,2026-06-11T10:52:02.901Z
gdh-dhoonirehaa-LD0447,Dhoonirehaa,ދޫނިރެހާ,GDh,Gaafu Dhaalu,uninhabited,Uninhabited Island,,0.19147,73.201243,0.175889547327,53,2,2026-06-11T10:52:06.321Z
gdh-ehivakaa,Ehivakaa,އެހިވަކާ,GDh,Gaafu Dhaalu,uninhabited,Uninhabited Island,,0.286845,73.054511,0.07190684587809999,73,1,2026-06-11T10:52:02.012Z
gdh-ekelondaa,Ekelondaa,އެކެލޮންޑާ,GDh,Gaafu Dhaalu,uninhabited,Uninhabited Island,Varuva,0.207725,73.175521,0.0515845857537,73,1,2026-06-11T10:52:01.955Z
gdh-ekurukerataa,Ekurukerataa,އެކުރުކެރަޓާ,GDh,Gaafu Dhaalu,uninhabited,Uninhabited Island,,0.239419,73.118523,0.00701976700588,73,1,2026-06-11T10:52:02.987Z
gdh-faahuttaa,Faahuttaa,ފާހުއްޓާ,GDh,Gaafu Dhaalu,uninhabited,Uninhabited Island,,0.247067,73.109838,0.0422498558765,73,1,2026-06-11T10:52:03.017Z
gdh-faanehuttaa,Faanehuttaa,ފާނެހުއްޓާ,GDh,Gaafu Dhaalu,uninhabited,Uninhabited Island,Varuva,0.299892,73.404119,0.0107696050811,73,1,2026-06-11T10:52:01.503Z
gdh-faathiyehuttaa,Faathiyehuttaa,ފާތިޔެހުއްޓާ,GDh,Gaafu Dhaalu,uninhabited,Uninhabited Island,,0.19348,73.213963,0.007163626589060001,73,1,2026-06-11T10:52:01.931Z
gdh-faredhoo,Faredhoo,ފަރެދޫ,GDh,Gaafu Dhaalu,uninhabited,Uninhabited Island,,0.401413,73.004902,0.012962939929,73,1,2026-06-11T10:52:01.663Z
gdh-farehalehuttaa,Farehalehuttaa,ފަރެހަލެހުއްޓާ,GDh,Gaafu Dhaalu,uninhabited,Uninhabited Island,,0.340633,73.026403,0.0179829213672,73,1,2026-06-11T10:52:01.750Z
gdh-farehulhehdhoo,Farehulhehdhoo,ފަރެހުޅެއްދޫ,GDh,Gaafu Dhaalu,uninhabited,Uninhabited Island,Varuva,0.328373,73.497263,0.144811674372,73,1,2026-06-11T10:52:01.427Z
gdh-faresmaathodaa,Faresmaathodaa,ފަރެސްމާތޮޑާ,GDh,Gaafu Dhaalu,inhabited,Residential Island,,0.199508,73.187191,0.4871119156200001,76,4,2026-06-11T10:52:03.055Z
gdh-farukolhuhuttaa,Farukolhuhuttaa,ފަރުކޮޅުހުއްޓާ,GDh,Gaafu Dhaalu,resort,Tourism Island,,0.195826,73.226291,0.0139093608305,73,2,2026-06-11T10:52:01.915Z
gdh-fatefandhoo,Fatefandhoo,ފަޓެފަންދޫ,GDh,Gaafu Dhaalu,uninhabited,Uninhabited Island,,0.306322,73.027386,0.099925003421,73,1,2026-06-11T10:52:01.799Z
gdh-femunaidhoo,Femunaidhoo,ފެމުނައިދޫ,GDh,Gaafu Dhaalu,uninhabited,Uninhabited Island,,0.244205,73.113767,0.0797717557569,73,1,2026-06-11T10:52:02.999Z
gdh-fenevenehuttaa,Fenevenehuttaa,ފެނެވެނެހުއްޓާ,GDh,Gaafu Dhaalu,uninhabited,Uninhabited Island,Varuva,0.266471,73.087533,0.0524512089033,73,1,2026-06-11T10:52:02.907Z
gdh-fereythavilingili,Fereythavilin'gili,ފެރޭތަވިލިނގިލި,GDh,Gaafu Dhaalu,resort,Tourism Island,,0.371997,73.023991,0.0169232726497,73,2,2026-06-11T10:52:01.721Z
gdh-filaarataa,Filaarataa,ފިލާރަޓާ,GDh,Gaafu Dhaalu,uninhabited,Uninhabited Island,,0.300208,73.03889,0.00992786172906,73,1,2026-06-11T10:52:02.455Z
gdh-fiyoaree,Fiyoaree,ފިޔޯރީ,GDh,Gaafu Dhaalu,inhabited,Residential Island,,0.221394,73.136558,0.807816003014,76,5,2026-06-11T10:52:02.018Z
gdh-fonehigillaa,Fonehigillaa,ފޮނެހިގިއްލާ,GDh,Gaafu Dhaalu,uninhabited,Uninhabited Island,,0.28334,73.060059,0.08124939138460001,73,1,2026-06-11T10:52:02.838Z
gdh-gadhdhoo,Gadhdhoo,ގައްދޫ,GDh,Gaafu Dhaalu,inhabited,Residential Island,,0.290178,73.457958,0.586649735359,76,5,2026-06-11T10:52:01.456Z
gdh-gahevelegalaa,Gahevelegalaa,ގަހެވެލެގަލާ,GDh,Gaafu Dhaalu,uninhabited,Uninhabited Island,Varuva,0.357678,73.319723,0.0405314435979,73,1,2026-06-11T10:52:01.522Z
gdh-gan,Gan,ގަން,GDh,Gaafu Dhaalu,uninhabited,Uninhabited Island,,0.276181,73.434272,2.45644808008,73,1,2026-06-11T10:52:01.466Z
gdh-gazeeraa,Gazeeraa,ގަޒީރާ,GDh,Gaafu Dhaalu,resort,Tourism Island,,0.266908,73.376827,0.0531026646433,73,2,2026-06-11T10:52:01.509Z
gdh-golhaallaa,Golhaallaa,ގޮޅާއްލާ,GDh,Gaafu Dhaalu,uninhabited,Uninhabited Island,,0.320889,73.486497,0.163775799529,73,1,2026-06-11T10:52:03.065Z
gdh-goshi,Goshi,ގޮށި,GDh,Gaafu Dhaalu,uninhabited,Uninhabited Island,,0.510846,73.147854,0.042362733,73,1,2026-06-11T10:52:01.377Z
gdh-haadhoo,Haadhoo,ހާދޫ,GDh,Gaafu Dhaalu,uninhabited,Uninhabited Island,,0.448992,72.998309,0.0681508759389,73,1,2026-06-11T10:52:01.584Z
gdh-haadhuaa,Haadhuaa,ހާދުއާ,GDh,Gaafu Dhaalu,uninhabited,Uninhabited Island,Varuva,0.239158,73.122111,0.0741719731746,73,1,2026-06-11T10:52:02.932Z
gdh-hadahahuttaa,Hadahahuttaa,ހަޑަހަހުއްޓާ,GDh,Gaafu Dhaalu,uninhabited,Uninhabited Island,,0.260911,73.096268,0.04506418635700001,73,1,2026-06-11T10:52:02.966Z
gdh-hakandoo,Hakandoo,ހަކަންޑޫ,GDh,Gaafu Dhaalu,uninhabited,Uninhabited Island,,0.299597,73.032645,0.08059392264410001,73,1,2026-06-11T10:52:01.856Z
gdh-handaidhoo,Han'daidhoo,ހަނޑައިދޫ,GDh,Gaafu Dhaalu,uninhabited,Uninhabited Island,,0.193596,73.192055,0.0260840206282,53,1,2026-06-11T10:52:06.325Z
gdh-handhebalanerehaa,Han'dhebalanerehaa,ހަނދެބަލަނެރެހާ,GDh,Gaafu Dhaalu,uninhabited,Uninhabited Island,,0.392403,73.011653,0.00349681044235,73,1,2026-06-11T10:52:01.694Z
gdh-haveyyerataa,Haveyyerataa,ހަވެއްޔެރަޓާ,GDh,Gaafu Dhaalu,uninhabited,Uninhabited Island,,0.297914,73.036423,0.0134986824638,73,1,2026-06-11T10:52:01.979Z
gdh-haveyyerataa-LD0365,Haveyyerataa,ހަވެއްޔެރަޓާ,GDh,Gaafu Dhaalu,uninhabited,Uninhabited Island,,0.284237,73.058618,0.00670132557114,73,2,2026-06-11T10:52:02.833Z
gdh-havoddaa,Havoddaa,ހަވޮއްޑާ,GDh,Gaafu Dhaalu,resort,Tourism Island,Resort,0.540336,73.095226,0.108420695304,73,2,2026-06-11T10:52:03.043Z
gdh-havodigalaa,Havodigalaa,ހަވޮޑިގަލާ,GDh,Gaafu Dhaalu,uninhabited,Uninhabited Island,,0.523179,73.074387,0.0748675054468,73,1,2026-06-11T10:52:01.535Z
gdh-hevaahulhudhoo,Hevaahulhudhoo,ހެވާހުޅުދޫ,GDh,Gaafu Dhaalu,uninhabited,Uninhabited Island,,0.301059,73.030669,0.0599707769825,73,1,2026-06-11T10:52:01.824Z
gdh-hiyanigilihuttaa,Hiyanigilihuttaa,ހިޔަނިގިލިހުއްޓާ,GDh,Gaafu Dhaalu,uninhabited,Uninhabited Island,,0.262275,73.094519,0.0484643446048,73,1,2026-06-11T10:52:02.957Z
gdh-hoandehdhoo,Hoan'dehdhoo,ހޯނޑެއްދޫ,GDh,Gaafu Dhaalu,inhabited,Residential Island,,0.44454,73.004314,1.10884800005,76,5,2026-06-11T10:52:01.604Z
gdh-hoothodeyaa,Hoothodeyaa,ހޫތޮޑެޔާ,GDh,Gaafu Dhaalu,uninhabited,Uninhabited Island,,0.20276,73.181665,0.0096372885347,73,1,2026-06-11T10:52:01.941Z
gdh-hulhehdhoo,Hulhehdhoo,ހުޅެއްދޫ,GDh,Gaafu Dhaalu,uninhabited,Uninhabited Island,,0.400576,73.005921,0.0522671793386,73,1,2026-06-11T10:52:01.668Z
gdh-hulhuvaarulaa,Hulhuvaarulaa,ހުޅުވާރުލާ,GDh,Gaafu Dhaalu,uninhabited,Uninhabited Island,,0.326925,73.486829,0.266986476385,73,1,2026-06-11T10:52:03.061Z
gdh-hunigoderehaa,Hunigoderehaa,ހުނިގޮޑެރެހާ,GDh,Gaafu Dhaalu,uninhabited,Uninhabited Island,,0.434895,73.002376,0.00246285643668,73,1,2026-06-11T10:52:01.617Z
gdh-huttaa,Huttaa,ހުއްޓާ,GDh,Gaafu Dhaalu,uninhabited,Uninhabited Island,,0.287398,73.056847,0.00345193744198,73,1,2026-06-11T10:52:03.036Z
gdh-isdhuhuttaa,Isdhuhuttaa,އިސްދުހުއްޓާ,GDh,Gaafu Dhaalu,uninhabited,Uninhabited Island,,0.19436,73.2186,0.00237662578711,73,1,2026-06-11T10:52:01.923Z
gdh-kaadehdhoo,Kaadehdhoo,ކާޑެއްދޫ,GDh,Gaafu Dhaalu,industrial,Industrial Island,Airport,0.487594,72.993971,1.82147339868,73,2,2026-06-11T10:52:01.573Z
gdh-kaafarataa,Kaafarataa,ކާފަރަޓާ,GDh,Gaafu Dhaalu,uninhabited,Uninhabited Island,,0.308212,73.025331,0.00441137623195,73,1,2026-06-11T10:52:01.812Z
gdh-kaalhehuttaa,Kaalhehuttaa,ކާޅެހުއްޓާ,GDh,Gaafu Dhaalu,uninhabited,Uninhabited Island,,0.227121,73.131171,0.122649124746,73,1,2026-06-11T10:52:02.025Z
gdh-kaashidhoo,Kaashidhoo,ކާށިދޫ,GDh,Gaafu Dhaalu,resort,Tourism Island,Resort,0.335293,73.436584,0.09031042469619999,73,2,2026-06-11T10:52:01.483Z
gdh-kadelerataa,Kadelerataa,ކަޑެލެރަޓާ,GDh,Gaafu Dhaalu,uninhabited,Uninhabited Island,Varuva,0.313348,73.024903,0.0310007045655,73,1,2026-06-11T10:52:01.850Z
gdh-kadevaarehaa,Kadevaarehaa,ކަޑެވާރެހާ,GDh,Gaafu Dhaalu,resort,Tourism Island,,0.428241,73.003781,0.0506382706288,73,2,2026-06-11T10:52:01.625Z
gdh-kadhefala,Kadhefala,ކަދެފަލަ,GDh,Gaafu Dhaalu,resort,Tourism Island,,0.367947,73.025326,0.0222363429964,73,2,2026-06-11T10:52:01.733Z
gdh-kafena,Kafena,ކަފެނަ,GDh,Gaafu Dhaalu,uninhabited,Uninhabited Island,,0.517141,72.993101,0.112345323535,73,1,2026-06-11T10:52:01.548Z
gdh-kalhehamalaa,Kalhehamalaa,ކަޅެހަމަލާ,GDh,Gaafu Dhaalu,uninhabited,Uninhabited Island,,0.317667,73.482265,0.0163565933962,73,1,2026-06-11T10:52:01.841Z
gdh-kalhehigillaa,Kalhehigillaa,ކަޅެހިގިއްލާ,GDh,Gaafu Dhaalu,uninhabited,Uninhabited Island,,0.296853,73.034105,0.204922340989,73,1,2026-06-11T10:52:01.972Z
gdh-kalhehuttaa,Kalhehuttaa,ކަޅެހުއްޓާ,GDh,Gaafu Dhaalu,uninhabited,Uninhabited Island,,0.329067,73.02572,0.0761231529482,73,1,2026-06-11T10:52:01.754Z
gdh-kalherehaa,Kalherehaa,ކަޅެރެހާ,GDh,Gaafu Dhaalu,uninhabited,Uninhabited Island,,0.25411,73.330363,0.299811496874,73,1,2026-06-11T10:52:01.835Z
gdh-kandahalagalaa,Kan'dahalagalaa,ކަނޑަހަލަގަލާ,GDh,Gaafu Dhaalu,resort,Tourism Island,,0.225256,73.216569,0.06444506162699999,73,2,2026-06-11T10:52:01.908Z
gdh-kanandhoo,Kanandhoo,ކަނަންދޫ,GDh,Gaafu Dhaalu,uninhabited,Uninhabited Island,,0.272563,73.069437,0.307011440586,73,1,2026-06-11T10:52:02.883Z
gdh-kandahdhoo,Kandahdhoo,ކަނޑައްދޫ,GDh,Gaafu Dhaalu,uninhabited,Uninhabited Island,,0.194621,73.190984,0.010974818588,53,1,2026-06-11T10:52:06.328Z
gdh-kannigilla,Kannigilla,ކަންނިގިއްލާ,GDh,Gaafu Dhaalu,uninhabited,Uninhabited Island,,0.452174,72.999453,0.0527051008009,73,1,2026-06-11T10:52:03.090Z
gdh-kautihulhadhoo,Kautihulhadhoo,ކައުޓިހުޅަދޫ,GDh,Gaafu Dhaalu,uninhabited,Uninhabited Island,,0.395349,73.008003,0.137086447424,73,1,2026-06-11T10:52:01.680Z
gdh-kavvahuttaa,Kavvahuttaa,ކައްވަހުއްޓާ,GDh,Gaafu Dhaalu,uninhabited,Uninhabited Island,,0.266128,73.092144,0.000591794965693,73,1,2026-06-11T10:52:06.300Z
gdh-kelaihuttaa,Kelaihuttaa,ކެލައިހުއްޓާ,GDh,Gaafu Dhaalu,uninhabited,Uninhabited Island,,0.204176,73.179651,0.0254684411027,73,1,2026-06-11T10:52:01.948Z
gdh-keraminthaa,Keraminthaa,ކެރަމިންތާ,GDh,Gaafu Dhaalu,uninhabited,Uninhabited Island,,0.391071,73.01256,0.389246031134,73,1,2026-06-11T10:52:01.686Z
gdh-keredhirehaa,Keredhirehaa,ކެރެދިރެހާ,GDh,Gaafu Dhaalu,uninhabited,Uninhabited Island,,0.307952,73.025817,0.0102296203306,73,1,2026-06-11T10:52:01.805Z
gdh-keyhuvadhoo,Keyhuvadhoo,ކޭހުވަދޫ,GDh,Gaafu Dhaalu,uninhabited,Uninhabited Island,,0.353526,73.025799,0.00133090993522,73,1,2026-06-11T10:52:03.030Z
gdh-kodaanahuttaa,Kodaanahuttaa,ކޮޑާނަހުއްޓާ,GDh,Gaafu Dhaalu,uninhabited,Uninhabited Island,,0.33264,73.497776,0.184507709476,73,1,2026-06-11T10:52:01.420Z
gdh-kodedhoo,Kodedhoo,ކޮޑެދޫ,GDh,Gaafu Dhaalu,uninhabited,Uninhabited Island,,0.412335,73.005263,0.00266999155815,73,1,2026-06-11T10:52:01.651Z
gdh-kodegalaa,Kodegalaa,ކޮޑެގަލާ,GDh,Gaafu Dhaalu,uninhabited,Uninhabited Island,,0.368008,73.391581,0.0400799560377,73,1,2026-06-11T10:52:01.405Z
gdh-kodehutigalaa,Kodehutigalaa,ކޮޑެހުޓިގަލާ,GDh,Gaafu Dhaalu,uninhabited,Uninhabited Island,Longterm Leased,0.289379,73.200856,0.0191801642067,73,1,2026-06-11T10:52:01.902Z
gdh-kodurataa,Kodurataa,ކޮޑުރަޓާ,GDh,Gaafu Dhaalu,resort,Tourism Island,,0.373757,73.022807,0.0195771452973,73,2,2026-06-11T10:52:01.715Z
gdh-konottaa,Konottaa,ކޮނޮއްޓާ,GDh,Gaafu Dhaalu,resort,Tourism Island,Resort,0.462769,73.154773,0.0816320653595,73,2,2026-06-11T10:52:01.528Z
gdh-kudhe-ehivakaa,Kudhe-ehivakaa,ކުދެއެހިވަކާ,GDh,Gaafu Dhaalu,uninhabited,Uninhabited Island,,0.285686,73.057115,0.0628137894833,73,1,2026-06-11T10:52:02.827Z
gdh-kudhebeeraahuttaa,Kudhebeeraahuttaa,ކުދެބީރާހުއްޓާ,GDh,Gaafu Dhaalu,uninhabited,Uninhabited Island,,0.28238,73.061623,0.00268521629427,73,1,2026-06-11T10:52:02.844Z
gdh-kudhehaadhuaa,Kudhehaadhuaa,ކުދެހާދުއާ,GDh,Gaafu Dhaalu,uninhabited,Uninhabited Island,,0.24023,73.121425,0.00418501084836,73,1,2026-06-11T10:52:02.925Z
gdh-kudhehulhehdhoo,Kudhehulhehdhoo,ކުދެހުޅެއްދޫ,GDh,Gaafu Dhaalu,uninhabited,Uninhabited Island,,0.454276,72.99735,0.0103765090445,73,1,2026-06-11T10:52:01.597Z
gdh-kudhemaadhoo,Kudhemaadhoo,ކުދެމާދޫ,GDh,Gaafu Dhaalu,uninhabited,Uninhabited Island,,0.271518,73.081154,0.00381025070398,73,1,2026-06-11T10:52:06.297Z
gdh-kudhemathaidhoo,Kudhemathaidhoo,ކުދެމަތައިދޫ,GDh,Gaafu Dhaalu,uninhabited,Uninhabited Island,,0.306679,73.029947,0.0276973266023,73,1,2026-06-11T10:52:01.787Z
gdh-kudherataa,Kudherataa,ކުދެރަޓާ,GDh,Gaafu Dhaalu,industrial,Industrial Island,,0.5006,72.989848,0.0155754415242,73,2,2026-06-11T10:52:01.561Z
gdh-kurehdhoo,Kurehdhoo,ކުރެއްދޫ,GDh,Gaafu Dhaalu,uninhabited,Uninhabited Island,Varuva,0.258343,73.099594,0.141645586309,73,1,2026-06-11T10:52:02.974Z
gdh-kureikeymaahuttaa,Kureikeymaahuttaa,ކުރެއިކޭމާހުއްޓާ,GDh,Gaafu Dhaalu,uninhabited,Uninhabited Island,,0.28928,73.050291,0.0539802815305,73,1,2026-06-11T10:52:01.999Z
gdh-laihaa,Laihaa,ލައިހާ,GDh,Gaafu Dhaalu,uninhabited,Uninhabited Island,,0.251622,73.341306,0.0168346502997,73,1,2026-06-11T10:52:01.885Z
gdh-lifadhoo,Lifadhoo,ލިފަދޫ,GDh,Gaafu Dhaalu,uninhabited,Uninhabited Island,,0.393084,73.008663,0.0371064918009,73,1,2026-06-11T10:52:01.698Z
gdh-lonudhoo,Lonudhoo,ލޮނުދޫ,GDh,Gaafu Dhaalu,uninhabited,Uninhabited Island,,0.308791,73.413505,0.0596990093171,73,1,2026-06-11T10:52:01.496Z
gdh-lonudhoohuttaa,Lonudhoohuttaa,ލޮނުދޫހުއްޓާ,GDh,Gaafu Dhaalu,resort,Tourism Island,Resort,0.301917,73.416728,0.0770184911918,73,2,2026-06-11T10:52:01.489Z
gdh-maadhoo,Maadhoo,މާދޫ,GDh,Gaafu Dhaalu,uninhabited,Uninhabited Island,,0.270209,73.075538,0.17716716449,73,1,2026-06-11T10:52:02.889Z
gdh-maagalaa,Maagalaa,މާގަލާ,GDh,Gaafu Dhaalu,uninhabited,Uninhabited Island,,0.369766,73.3794,0.0203032717483,73,1,2026-06-11T10:52:01.398Z
gdh-maagoderehaa,Maagoderehaa,މާގޮޑެރެހާ,GDh,Gaafu Dhaalu,uninhabited,Uninhabited Island,,0.506359,72.990726,0.07274783796180001,73,1,2026-06-11T10:52:01.554Z
gdh-maahutigalaa,Maahutigalaa,މާހުޓިގަލާ,GDh,Gaafu Dhaalu,uninhabited,Uninhabited Island,Longterm Leased,0.294111,73.191807,0.00275189530563,73,1,2026-06-11T10:52:01.896Z
gdh-maakirigalla,Maakirigalla,މާކިރިގައްލާ,GDh,Gaafu Dhaalu,uninhabited,Uninhabited Island,,0.524039,73.039748,0.000601398624995,73,1,2026-06-11T10:52:03.079Z
gdh-maallaarehaa,Maallaarehaa,މާއްލާރެހާ,GDh,Gaafu Dhaalu,industrial,Industrial Island,,0.492791,72.988038,0.0127260063186,73,2,2026-06-11T10:52:01.580Z
gdh-maanaidhoo,Maanaidhoo,މާނައިދޫ,GDh,Gaafu Dhaalu,uninhabited,Uninhabited Island,,0.242108,73.117928,0.161599274818,73,1,2026-06-11T10:52:02.992Z
gdh-maarehaa,Maarehaa,މާރެހާ,GDh,Gaafu Dhaalu,uninhabited,Uninhabited Island,,0.29065,73.046122,0.0185208618449,73,1,2026-06-11T10:52:01.992Z
gdh-maarehaa-LD0397,Maarehaa,މާރެހާ,GDh,Gaafu Dhaalu,uninhabited,Uninhabited Island,,0.191328,73.197345,0.106663584154,53,2,2026-06-11T10:52:06.319Z
gdh-maavaaruloo,Maavaaruloo,މާވާރުލޫ,GDh,Gaafu Dhaalu,industrial,Industrial Island,Airport,0.335918,73.510483,0.909433439509,73,2,2026-06-11T10:52:01.413Z
gdh-maavehdhoo,Maavehdhoo,މާވެއްދޫ,GDh,Gaafu Dhaalu,industrial,Industrial Island,,0.308948,73.472275,0.0775452179377,73,2,2026-06-11T10:52:01.447Z
gdh-madaveli,Madaveli,މަޑަވެލި,GDh,Gaafu Dhaalu,inhabited,Residential Island,,0.458818,72.998927,0.468919932734,76,4,2026-06-11T10:52:03.098Z
gdh-maguhdhuvaa,Maguhdhuvaa,މަގުއްދުވާ,GDh,Gaafu Dhaalu,resort,Tourism Island,Resort,0.277691,73.356736,0.150661874598,73,2,2026-06-11T10:52:01.861Z
gdh-mathaidhoo,Mathaidhoo,މަތައިދޫ,GDh,Gaafu Dhaalu,uninhabited,Uninhabited Island,Varuva,0.303947,73.026889,0.0385510784213,73,1,2026-06-11T10:52:01.793Z
gdh-mathihuttaa,Mathihuttaa,މަތިހުއްޓާ,GDh,Gaafu Dhaalu,uninhabited,Uninhabited Island,,0.255758,73.34085,0.0566443228429,73,1,2026-06-11T10:52:01.879Z
gdh-meehinethiyenehuttaa,Meehinethiyenehuttaa,މީހިނެތިޔެނެހުއްޓާ,GDh,Gaafu Dhaalu,uninhabited,Uninhabited Island,,0.26561,73.089752,0.0686962796322,73,1,2026-06-11T10:52:02.943Z
gdh-menthandhuvaa,Menthandhuvaa,މެންތަންދުވާ,GDh,Gaafu Dhaalu,uninhabited,Uninhabited Island,,0.324794,73.491064,0.113829024037,73,1,2026-06-11T10:52:01.440Z
gdh-meragihuttaa,Meragihuttaa,މެރަގިހުއްޓާ,GDh,Gaafu Dhaalu,uninhabited,Uninhabited Island,,0.269241,73.081206,0.0603821288288,73,1,2026-06-11T10:52:02.895Z
gdh-meyragillaa,Meyragillaa,މޭރަގިއްލާ,GDh,Gaafu Dhaalu,uninhabited,Uninhabited Island,,0.245993,73.112013,0.0823305833487,73,1,2026-06-11T10:52:03.023Z
gdh-mudhimaahutta,Mudhimaahutta,މުދިމާހުއްޓާ,GDh,Gaafu Dhaalu,uninhabited,Uninhabited Island,,0.254721,73.346596,0.183954739871,73,1,2026-06-11T10:52:01.868Z
gdh-nadellaa,Nadellaa,ނަޑެއްލާ,GDh,Gaafu Dhaalu,inhabited,Residential Island,,0.293544,73.040797,0.455874793778,76,5,2026-06-11T10:52:01.986Z
gdh-neimaahutta,Neimaahutta,ނެއިމާހުއްޓަ,GDh,Gaafu Dhaalu,uninhabited,Uninhabited Island,,0.325041,73.025878,0.0397941645866,73,1,2026-06-11T10:52:01.763Z
gdh-odagallaa,Odagallaa,އޮޑަގައްލާ,GDh,Gaafu Dhaalu,uninhabited,Uninhabited Island,,0.319496,73.380468,0.0598373526193,73,1,2026-06-11T10:52:01.515Z
gdh-oinigillaa,Oinigillaa,އޮއިނިގިއްލާ,GDh,Gaafu Dhaalu,uninhabited,Uninhabited Island,,0.275646,73.064745,0.144733738093,73,1,2026-06-11T10:52:02.866Z
gdh-olhimuntaa,Olhimuntaa,އޮޅިމުންޓާ,GDh,Gaafu Dhaalu,resort,Tourism Island,,0.359963,73.025948,0.019485023696,73,2,2026-06-11T10:52:01.738Z
gdh-olhurataa,Olhurataa,އޮޅުރަޓާ,GDh,Gaafu Dhaalu,uninhabited,Uninhabited Island,,0.316111,73.024948,0.0135137660676,73,1,2026-06-11T10:52:03.049Z
gdh-raabodaafeheerataa,Raabodaafeheerataa,ރާބޮޑާފެހީރަޓާ,GDh,Gaafu Dhaalu,uninhabited,Uninhabited Island,,0.235874,73.123791,0.0120025669392,73,1,2026-06-11T10:52:02.913Z
gdh-raaverinkolhihuttaa,Raaverinkolhihuttaa,ރާވެރިންކޮޅިހުއްޓާ,GDh,Gaafu Dhaalu,uninhabited,Uninhabited Island,,0.250495,73.233859,0.00774422457237,73,1,2026-06-11T10:52:01.891Z
gdh-rahadhuvaa,Rahadhuvaa,ރަހަދުވާ,GDh,Gaafu Dhaalu,industrial,Industrial Island,,0.496877,72.989998,0.0629964706228,73,2,2026-06-11T10:52:01.566Z
gdh-rathafandhoo,Rathafandhoo,ރަތަފަންދޫ,GDh,Gaafu Dhaalu,inhabited,Residential Island,,0.252744,73.104736,0.409687336955,76,4,2026-06-11T10:52:03.005Z
gdh-rodaadhoo,Rodaadhoo,ރޮޑާދޫ,GDh,Gaafu Dhaalu,uninhabited,Uninhabited Island,,0.342933,73.026397,0.0222507824183,73,1,2026-06-11T10:52:01.744Z
gdh-rodhavarrehaa,Rodhavarrehaa,ރޮދަވައްރެހާ,GDh,Gaafu Dhaalu,uninhabited,Uninhabited Island,,0.295037,73.46308,0.0121334975805,53,1,2026-06-11T10:52:06.313Z
gdh-thelehuttaa,Thelehuttaa,ތެލެހުއްޓާ,GDh,Gaafu Dhaalu,uninhabited,Uninhabited Island,,0.288002,73.052541,0.0232000399038,73,1,2026-06-11T10:52:02.005Z
gdh-thinadhoo,Thinadhoo,ތިނަދޫ,GDh,Gaafu Dhaalu,inhabited,Residential Island,,0.532435,72.998431,1.84792143984,76,5,2026-06-11T10:52:01.542Z
gdh-thinehuttaa,Thinehuttaa,ތިނެހުއްޓާ,GDh,Gaafu Dhaalu,uninhabited,Uninhabited Island,,0.370213,73.02466,0.0335815519747,73,1,2026-06-11T10:52:01.727Z
gdh-uhehootirataa,Uhehootirataa,އުހެހޫޓިރަޓާ,GDh,Gaafu Dhaalu,uninhabited,Uninhabited Island,,0.209155,73.171039,0.0532844778299,73,1,2026-06-11T10:52:01.960Z
gdh-uherehaa,Uherehaa,އުހެރެހާ,GDh,Gaafu Dhaalu,uninhabited,Uninhabited Island,,0.413284,73.005244,0.00923624505312,73,1,2026-06-11T10:52:01.646Z
gdh-uhurehaa,Uhurehaa,އުހުރެހާ,GDh,Gaafu Dhaalu,uninhabited,Uninhabited Island,,0.418468,73.00521,0.00357701223049,73,1,2026-06-11T10:52:01.639Z
gdh-ulegalaa,Ulegalaa,އުލެގަލާ,GDh,Gaafu Dhaalu,uninhabited,Uninhabited Island,,0.398615,73.370068,0.038850065388,73,1,2026-06-11T10:52:01.391Z
gdh-vaadhoo,Vaadhoo,ވާދޫ,GDh,Gaafu Dhaalu,inhabited,Residential Island,,0.227326,73.273698,1.9373423985,76,4,2026-06-11T10:52:01.771Z
gdh-vaareyadhuvaa,Vaareyadhuvaa,ވާރެޔަދުވާ,GDh,Gaafu Dhaalu,uninhabited,Uninhabited Island,,0.288574,73.337269,0.0344321252642,73,1,2026-06-11T10:52:01.829Z
gdh-vatavarrehaa,Vatavarrehaa,ވަޓަވައްރެހާ,GDh,Gaafu Dhaalu,resort,Tourism Island,Resort,0.256066,73.296174,0.156682262044,73,2,2026-06-11T10:52:03.072Z
gdh-veraaviligillaa,Veraaviligillaa,ވެރާވިލިގިއްލާ,GDh,Gaafu Dhaalu,uninhabited,Uninhabited Island,,0.312785,73.448811,0.0154551640131,73,1,2026-06-11T10:52:01.475Z
gdh-viligillaa,Viligillaa,ވިލިގިއްލާ,GDh,Gaafu Dhaalu,uninhabited,Uninhabited Island,,0.229572,73.129682,0.112278012952,73,1,2026-06-11T10:52:02.034Z
gn-fuvahmulah,Fuvahmulah,ފުވައްމުލައް,Gn,Gnaviyani,inhabited,Residential Island,,-0.295089,73.425148,4.95047468984,76,4,2026-06-11T10:52:05.904Z
s-addu-hulhudhoo,Addu Hulhudhoo,އައްޑޫ ހުޅުދޫ,S,Seenu,inhabited,Residential Island,,-0.597396,73.227894,1.4697394468,73,6,2026-06-11T10:52:06.349Z
s-addu-meedhoo,Addu Meedhoo,އައްޑޫ މީދޫ,S,Seenu,inhabited,Residential Island,,-0.584556,73.230113,1.8961898201,73,3,2026-06-11T10:52:06.346Z
s-bedhey-aurah,Bedhey Aurah,ބެދޭއައުރަށް,S,Seenu,uninhabited,Uninhabited Island,,-0.589297,73.087361,0.00638474958562,73,1,2026-06-11T10:52:05.391Z
s-boduhajaraa,Boduhajaraa,ބޮޑުހަޖަރާ,S,Seenu,uninhabited,Uninhabited Island,,-0.677437,73.123499,0.0135316835379,73,1,2026-06-11T10:52:05.419Z
s-bolihera,Bolihera,ބޮލިހެރަ,S,Seenu,,,,-0.610746,73.110584,0.08363418875800001,73,3,2026-06-11T10:52:06.337Z
s-dheerondi,Dheeron'di,ދީރޮނޑި,S,Seenu,uninhabited,Uninhabited Island,,-0.594853,73.087194,0.008254407663620001,73,1,2026-06-11T10:52:05.394Z
s-dhigiheraa,Dhigiheraa,ދިގިހެރާ,S,Seenu,uninhabited,Uninhabited Island,,-0.6864,73.131254,0.0300319146673,53,1,2026-06-11T10:52:06.316Z
s-dhonhera,Dhonhera,ދޮންހެރަ,S,Seenu,,,,-0.585778,73.196751,0.08376239133329999,73,1,2026-06-11T10:52:06.334Z
s-fathikedeheragandu,Fathikedeheragan'du,ފަތިކެޑެހެރަގަނޑު,S,Seenu,uninhabited,Uninhabited Island,,-0.612397,73.148363,0.0239891084362,73,1,2026-06-11T10:52:05.422Z
s-feydhoo,Feydhoo,ފޭދޫ,S,Seenu,inhabited,Residential Island,,-0.682721,73.134873,1.2234360222,76,5,2026-06-11T10:52:05.378Z
s-gan,Gan,ގަން,S,Seenu,industrial,Industrial Island,Airport,-0.694335,73.152755,3.33054462806,73,2,2026-06-11T10:52:05.375Z
s-geskalhuheraa,Geskalhuheraa,ގެސްކަޅުހެރާ,S,Seenu,resort,Tourism Island,Resort,-0.646138,73.2214,0.00774554034032,73,2,2026-06-11T10:52:05.369Z
s-gomahera,Gomahera,ގޮމަހެރަ,S,Seenu,resort,Tourism Island,Resort,-0.690949,73.183305,0.0183349379843,73,2,2026-06-11T10:52:05.413Z
s-hankede,Hankede,ހަންކެޑެ,S,Seenu,resort,Tourism Island,Resort,-0.655834,73.111509,0.07057355900000001,73,2,2026-06-11T10:52:05.387Z
s-herethere,Herethere,ހެރެތެރެ,S,Seenu,resort,Tourism Island,Resort,-0.624667,73.224799,0.572605975443,73,2,2026-06-11T10:52:05.366Z
s-hikahera,Hikahera,ހިކަހެރަ,S,Seenu,uninhabited,Uninhabited Island,,-0.580133,73.221746,0.0168049464215,73,1,2026-06-11T10:52:06.343Z
s-hithadhoo,Hithadhoo,ހިތަދޫ,S,Seenu,inhabited,Residential Island,,-0.612132,73.091756,5.51277865647,76,4,2026-06-11T10:52:05.430Z
s-ismehelaahera,Ismehelaahera,އިސްމެހެލާހެރަ,S,Seenu,resort,Tourism Island,Resort,-0.579292,73.215822,0.121487028604,73,2,2026-06-11T10:52:05.406Z
s-kandiheragandu,Kan'diheragan'du,ކަނޑިހެރަގަނޑު,S,Seenu,uninhabited,Uninhabited Island,,-0.615097,73.14199,0.00258128195709,73,1,2026-06-11T10:52:05.403Z
s-kaohera,Kaohera,ކައޮހެރަ,S,Seenu,uninhabited,Uninhabited Island,,-0.588841,73.088186,0.0584149209945,73,1,2026-06-11T10:52:05.427Z
s-kedevaahera,Kedevaahera,ކެޑެވާހެރަ,S,Seenu,uninhabited,Uninhabited Island,,-0.57694,73.207547,0.0101332408746,73,1,2026-06-11T10:52:05.360Z
s-kudamaahera,Kudamaahera,ކުޑަމާހެރަ,S,Seenu,uninhabited,Uninhabited Island,,-0.597966,73.089068,0.005993571347759999,73,1,2026-06-11T10:52:05.400Z
s-kudhehera,Kudhehera,ކުދެހެރަ,S,Seenu,uninhabited,Uninhabited Island,,-0.580344,73.22336,0.0007760651630690001,73,1,2026-06-11T10:52:05.363Z
s-maahera,Maahera,މާހެރަ,S,Seenu,uninhabited,Uninhabited Island,,-0.594959,73.090081,0.0387740153089,73,1,2026-06-11T10:52:05.397Z
s-maradhoo,Maradhoo,މަރަދޫ,S,Seenu,inhabited,Residential Island,,-0.665216,73.118934,0.6013812664329999,76,6,2026-06-11T10:52:05.384Z
s-maradhoofeydhoo,Maradhoofeydhoo,މަރަދޫފޭދޫ,S,Seenu,inhabited,Residential Island,,-0.673527,73.125795,0.342733606474,76,6,2026-06-11T10:52:05.381Z
s-mulikede,Mulikede,މުލިކެޑެ,S,Seenu,resort,Tourism Island,Resort,-0.658967,73.216181,0.0623206043424,73,2,2026-06-11T10:52:05.372Z
s-savaaheli,Savaaheli,ސަވާހެލި,S,Seenu,resort,Tourism Island,,-0.681036,73.126026,0.0940145250944,73,2,2026-06-11T10:52:05.416Z
s-vilingili,Vilin'gili,ވިލިނގިލި,S,Seenu,resort,Tourism Island,Resort,-0.679637,73.192622,0.530548005542,73,2,2026-06-11T10:52:05.410Z