island_slug,island_name,atoll,source,census_year,total,male,female,resident_maldivian,households,fetched_at
aa-maalhos,Maalhos,AA,census-2022,2022,516,273,243,415,,2026-06-11T10:51:35.453Z
aa-maalhos,Maalhos,AA,statsmap,2022,516,273,243,429,87,2026-06-11T10:51:05.622Z
aa-kandholhudhoo,Kan'dholhudhoo,AA,statsmap,2022,0,0,0,0,0,2026-06-11T10:51:05.622Z
aa-vihamaafaru,Vihamaafaru,AA,statsmap,2022,0,0,0,0,0,2026-06-11T10:51:05.622Z
aa-maagau,Maagau,AA,statsmap,2022,0,0,0,0,0,2026-06-11T10:51:05.622Z
aa-mathiveri,Mathiveri,AA,census-2022,2022,874,463,411,775,,2026-06-11T10:51:35.453Z
aa-mathiveri,Mathiveri,AA,statsmap,2022,878,466,412,788,90,2026-06-11T10:51:05.622Z
aa-ellaidhoo,Ellaidhoo,AA,statsmap,2022,0,0,0,0,0,2026-06-11T10:51:05.622Z
aa-alikoirah,Alikoirah,AA,statsmap,2022,0,0,0,0,0,2026-06-11T10:51:05.622Z
aa-rasdhoo,Rasdhoo,AA,census-2022,2022,1286,758,528,1080,,2026-06-11T10:51:35.453Z
aa-rasdhoo,Rasdhoo,AA,statsmap,2022,1282,755,527,1078,204,2026-06-11T10:51:05.622Z
aa-feridhoo,Feridhoo,AA,census-2022,2022,543,296,247,486,,2026-06-11T10:51:35.453Z
aa-feridhoo,Feridhoo,AA,statsmap,2022,544,297,247,492,52,2026-06-11T10:51:05.622Z
aa-maayafushi,Maayafushi,AA,statsmap,2022,0,0,0,0,0,2026-06-11T10:51:05.622Z
aa-gangehi,Gangehi,AA,statsmap,2022,0,0,0,0,0,2026-06-11T10:51:05.622Z
aa-halaveli,Halaveli,AA,statsmap,2022,0,0,0,0,0,2026-06-11T10:51:05.622Z
aa-etheremadivaru,Etheremadivaru,AA,statsmap,2022,0,0,0,0,0,2026-06-11T10:51:05.622Z
aa-velidhoo,Velidhoo,AA,statsmap,2022,0,0,0,0,0,2026-06-11T10:51:05.622Z
aa-bodufolhudhoo,Bodufolhudhoo,AA,census-2022,2022,697,355,342,633,,2026-06-11T10:51:35.453Z
aa-bodufolhudhoo,Bodufolhudhoo,AA,statsmap,2022,704,361,343,653,51,2026-06-11T10:51:05.622Z
aa-thoddoo,Thoddoo,AA,census-2022,2022,1923,1136,787,1532,,2026-06-11T10:51:35.453Z
aa-thoddoo,Thoddoo,AA,statsmap,2022,1924,1133,791,1529,395,2026-06-11T10:51:05.622Z
aa-madivaru,Madivaru,AA,statsmap,2022,0,0,0,0,0,2026-06-11T10:51:05.622Z
aa-madivarufinolhu,Madivarufinolhu,AA,statsmap,2022,0,0,0,0,0,2026-06-11T10:51:05.622Z
aa-velifinolhu,Velifinolhu,AA,statsmap,2022,0,0,0,0,0,2026-06-11T10:51:05.622Z
aa-madoogali,Madoogali,AA,statsmap,2022,0,0,0,0,0,2026-06-11T10:51:05.622Z
aa-mushimasmigili,Mushimasmigili,AA,statsmap,2022,0,0,0,0,0,2026-06-11T10:51:05.622Z
aa-fushi,Fushi,AA,statsmap,2022,0,0,0,0,0,2026-06-11T10:51:05.622Z
aa-himandhoo,Himandhoo,AA,census-2022,2022,884,501,383,742,,2026-06-11T10:51:35.453Z
aa-himandhoo,Himandhoo,AA,statsmap,2022,885,501,384,754,131,2026-06-11T10:51:05.622Z
aa-kudafolhudhoo,Kudafolhudhoo,AA,statsmap,2022,0,0,0,0,0,2026-06-11T10:51:05.622Z
aa-ukulhas,Ukulhas,AA,census-2022,2022,1274,735,539,1018,,2026-06-11T10:51:35.453Z
aa-ukulhas,Ukulhas,AA,statsmap,2022,1284,740,544,1053,231,2026-06-11T10:51:05.622Z
aa-gaagandu,Gaagan'du,AA,statsmap,2022,0,0,0,0,0,2026-06-11T10:51:05.622Z
aa-gaathafushi,Gaathafushi,AA,statsmap,2022,0,0,0,0,0,2026-06-11T10:51:05.622Z
aa-fesdhoo,Fesdhoo,AA,statsmap,2022,0,0,0,0,0,2026-06-11T10:51:05.622Z
aa-bathalaa,Bathalaa,AA,statsmap,2022,0,0,0,0,0,2026-06-11T10:51:05.622Z
aa-fusfinolhu,Fusfinolhu,AA,statsmap,2022,0,0,0,0,0,2026-06-11T10:51:05.622Z
aa-kuramathi,Kuramathi,AA,statsmap,2022,0,0,0,0,0,2026-06-11T10:51:05.622Z
aa-dhinnolhufinolhu,Dhinnolhufinolhu,AA,statsmap,2022,0,0,0,0,0,2026-06-11T10:51:05.622Z
aa-mathivereefinolhu,Mathivereefinolhu,AA,statsmap,2022,0,0,0,0,0,2026-06-11T10:51:05.622Z
aa-veligandu,Veligan'du,AA,statsmap,2022,0,0,0,0,0,2026-06-11T10:51:05.622Z
adh-omadhoo,Omadhoo,ADh,census-2022,2022,913,427,486,849,,2026-06-11T10:51:35.453Z
adh-omadhoo,Omadhoo,ADh,statsmap,2022,913,427,486,858,55,2026-06-11T10:51:05.622Z
adh-ariyadhoo,Ariyadhoo,ADh,statsmap,2022,0,0,0,0,0,2026-06-11T10:51:05.622Z
adh-dhiffushi,Dhiffushi,ADh,statsmap,2022,0,0,0,0,0,2026-06-11T10:51:05.622Z
adh-innafushi,Innafushi,ADh,statsmap,2022,0,0,0,0,0,2026-06-11T10:51:05.622Z
adh-dhiggiri,Dhiggiri,ADh,statsmap,2022,0,0,0,0,0,2026-06-11T10:51:05.622Z
adh-bodukaashihuraa,Bodukaashihuraa,ADh,statsmap,2022,0,0,0,0,0,2026-06-11T10:51:05.622Z
adh-hurasdhoo,Hurasdhoo,ADh,statsmap,2022,0,0,0,0,0,2026-06-11T10:51:05.622Z
adh-mandhoo,Mandhoo,ADh,census-2022,2022,418,264,154,286,,2026-06-11T10:51:35.453Z
adh-mandhoo,Mandhoo,ADh,statsmap,2022,418,264,154,286,132,2026-06-11T10:51:05.622Z
adh-rangaleefinolhu,Rangaleefinolhu,ADh,statsmap,2022,0,0,0,0,0,2026-06-11T10:51:05.622Z
adh-theluveligaa,Theluveligaa,ADh,statsmap,2022,0,0,0,0,0,2026-06-11T10:51:05.622Z
adh-rangali,Rangali,ADh,statsmap,2022,0,0,0,0,0,2026-06-11T10:51:05.622Z
adh-bodufinolhu,Bodufinolhu,ADh,statsmap,2022,0,0,0,0,0,2026-06-11T10:51:05.622Z
adh-vilamendhoo,Vilamendhoo,ADh,statsmap,2022,0,0,0,0,0,2026-06-11T10:51:05.622Z
adh-dhangethi,Dhan'gethi,ADh,census-2022,2022,936,579,357,713,,2026-06-11T10:51:35.453Z
adh-dhangethi,Dhan'gethi,ADh,statsmap,2022,936,575,361,718,218,2026-06-11T10:51:05.622Z
adh-angaagau,Angaagau,ADh,statsmap,2022,0,0,0,0,0,2026-06-11T10:51:05.622Z
adh-huruelhi,Huruelhi,ADh,statsmap,2022,0,0,0,0,0,2026-06-11T10:51:05.622Z
adh-huvahendhoo,Huvahendhoo,ADh,statsmap,2022,0,0,0,0,0,2026-06-11T10:51:05.622Z
adh-heenfaru,Heenfaru,ADh,statsmap,2022,0,0,0,0,0,2026-06-11T10:51:05.622Z
adh-dhidhdhoo,Dhidhdhoo,ADh,census-2022,2022,140,76,64,111,,2026-06-11T10:51:35.453Z
adh-dhidhdhoo,Dhidhdhoo,ADh,statsmap,2022,141,75,66,110,31,2026-06-11T10:51:05.622Z
adh-mirihi,Mirihi,ADh,statsmap,2022,0,0,0,0,0,2026-06-11T10:51:05.622Z
adh-fenfushi,Fenfushi,ADh,census-2022,2022,994,578,416,804,,2026-06-11T10:51:35.453Z
adh-fenfushi,Fenfushi,ADh,statsmap,2022,1000,584,416,811,189,2026-06-11T10:51:05.622Z
adh-tholhifushi,Tholhifushi,ADh,statsmap,2022,0,0,0,0,0,2026-06-11T10:51:05.622Z
adh-kudarah,Kudarah,ADh,statsmap,2022,0,0,0,0,0,2026-06-11T10:51:05.622Z
adh-vakarufalhi,Vakarufalhi,ADh,statsmap,2022,0,0,0,0,0,2026-06-11T10:51:05.622Z
adh-kudadhoo,Kudadhoo,ADh,statsmap,2022,0,0,0,0,0,2026-06-11T10:51:05.622Z
adh-nalaguraidhoo,Nalaguraidhoo,ADh,statsmap,2022,0,0,0,0,0,2026-06-11T10:51:05.622Z
adh-kunburudhoo,Kun'burudhoo,ADh,census-2022,2022,509,259,250,472,,2026-06-11T10:51:35.453Z
adh-kunburudhoo,Kun'burudhoo,ADh,statsmap,2022,509,259,250,481,28,2026-06-11T10:51:05.622Z
adh-hiyafushi,Hiyafushi,ADh,statsmap,2022,0,0,0,0,0,2026-06-11T10:51:05.622Z
adh-hiyafushi,Hiyafushi,ADh,statsmap,2022,0,0,0,0,0,2026-06-11T10:51:05.622Z
adh-dhihdhoofinolhu,Dhihdhoofinolhu,ADh,statsmap,2022,0,0,0,0,0,2026-06-11T10:51:05.622Z
adh-ranfinolhu,Ranfinolhu,ADh,statsmap,2022,0,0,0,0,0,2026-06-11T10:51:05.622Z
adh-dhigurah,Dhigurah,ADh,census-2022,2022,765,499,266,549,,2026-06-11T10:51:35.453Z
adh-dhigurah,Dhigurah,ADh,statsmap,2022,761,495,266,538,223,2026-06-11T10:51:05.622Z
adh-hukurudhoo,Hukurudhoo,ADh,statsmap,2022,0,0,0,0,0,2026-06-11T10:51:05.622Z
adh-mahchafushi,Mahchafushi,ADh,statsmap,2022,0,0,0,0,0,2026-06-11T10:51:05.622Z
adh-lonuboi,Lonuboi,ADh,statsmap,2022,0,0,0,0,0,2026-06-11T10:51:05.622Z
adh-maafushivaru,Maafushivaru,ADh,statsmap,2022,0,0,0,0,0,2026-06-11T10:51:05.622Z
adh-vilingilivaru,Vilin'gilivaru,ADh,statsmap,2022,0,0,0,0,0,2026-06-11T10:51:05.622Z
adh-fushidhigga,Fushidhigga,ADh,statsmap,2022,0,0,0,0,0,2026-06-11T10:51:05.622Z
adh-thundufushi,Thun'dufushi,ADh,statsmap,2022,0,0,0,0,0,2026-06-11T10:51:05.622Z
adh-kalhahandhihuraa,Kalhahan'dhihuraa,ADh,statsmap,2022,0,0,0,0,0,2026-06-11T10:51:05.622Z
adh-enboodhoo,En'boodhoo,ADh,statsmap,2022,0,0,0,0,0,2026-06-11T10:51:05.622Z
adh-hangnaameedhoo,Hangnaameedhoo,ADh,census-2022,2022,484,269,215,416,,2026-06-11T10:51:35.453Z
adh-hangnaameedhoo,Hangnaameedhoo,ADh,statsmap,2022,484,269,215,413,71,2026-06-11T10:51:05.622Z
adh-moofushi,Moofushi,ADh,statsmap,2022,0,0,0,0,0,2026-06-11T10:51:05.622Z
adh-athurugau,Athurugau,ADh,statsmap,2022,0,0,0,0,0,2026-06-11T10:51:05.622Z
adh-athulivarufinolhu,Athulivarufinolhu,ADh,statsmap,2022,0,0,0,0,0,2026-06-11T10:51:05.622Z
b-gaagandufaruhuraa,Gaagan'dufaruhuraa,B,statsmap,2022,0,0,0,0,0,2026-06-11T10:51:05.622Z
b-bathalaahuraa,Bathalaahuraa,B,statsmap,2022,0,0,0,0,0,2026-06-11T10:51:05.622Z
b-vinaneiyfaruhuraa,Vinaneiyfaruhuraa,B,statsmap,2022,0,0,0,0,0,2026-06-11T10:51:05.622Z
b-voavah,Voavah,B,statsmap,2022,0,0,0,0,0,2026-06-11T10:51:05.622Z
b-kudarikilu,Kudarikilu,B,census-2022,2022,560,343,217,451,,2026-06-11T10:51:35.453Z
b-kudarikilu,Kudarikilu,B,statsmap,2022,557,340,217,451,106,2026-06-11T10:51:05.622Z
b-kihavahhuravalhi,Kihavahhuravalhi,B,statsmap,2022,0,0,0,0,0,2026-06-11T10:51:05.622Z
b-boifushi,Boifushi,B,statsmap,2022,0,0,0,0,0,2026-06-11T10:51:05.622Z
b-kashidhoo,Kashidhoo,B,statsmap,2022,0,0,0,0,0,2026-06-11T10:51:05.622Z
b-landaagiraavaru,Lan'daagiraavaru,B,statsmap,2022,0,0,0,0,0,2026-06-11T10:51:05.622Z
b-undoodhoo,Un'doodhoo,B,statsmap,2022,0,0,0,0,0,2026-06-11T10:51:05.622Z
b-funadhoo,Funadhoo,B,statsmap,2022,0,0,0,0,0,2026-06-11T10:51:05.622Z
b-hulhudhoo,Hulhudhoo,B,statsmap,2022,0,0,0,0,0,2026-06-11T10:51:05.622Z
b-gemendhoo,Gemendhoo,B,statsmap,2022,0,0,0,0,0,2026-06-11T10:51:05.622Z
b-kendhoo,Kendhoo,B,census-2022,2022,1003,533,470,869,,2026-06-11T10:51:35.453Z
b-kendhoo,Kendhoo,B,statsmap,2022,1002,533,469,861,141,2026-06-11T10:51:05.622Z
b-keyodhoo,Keyodhoo,B,statsmap,2022,0,0,0,0,0,2026-06-11T10:51:05.622Z
b-dhakandhoo,Dhakandhoo,B,statsmap,2022,0,0,0,0,0,2026-06-11T10:51:05.622Z
b-fares,Fares,B,statsmap,2022,0,0,0,0,0,2026-06-11T10:51:05.622Z
b-ahivaffushi,Ahivaffushi,B,statsmap,2022,0,0,0,0,0,2026-06-11T10:51:05.622Z
b-velavaru,Velavaru,B,statsmap,2022,0,0,0,0,0,2026-06-11T10:51:05.622Z
b-finolhufaru,Finolhufaru,B,statsmap,2022,0,0,0,0,0,2026-06-11T10:51:05.622Z
b-mendhoo,Mendhoo,B,statsmap,2022,0,0,0,0,0,2026-06-11T10:51:05.622Z
b-horubadhoo,Horubadhoo,B,statsmap,2022,0,0,0,0,0,2026-06-11T10:51:05.622Z
b-mudhdhoo,Mudhdhoo,B,statsmap,2022,0,0,0,0,0,2026-06-11T10:51:05.622Z
b-finolhas,Finolhas,B,statsmap,2022,0,0,0,0,0,2026-06-11T10:51:05.622Z
b-milaidhoo,Milaidhoo,B,statsmap,2022,0,0,0,0,0,2026-06-11T10:51:05.622Z
b-kamadhoo,Kamadhoo,B,census-2022,2022,555,342,213,345,,2026-06-11T10:51:35.453Z
b-kamadhoo,Kamadhoo,B,statsmap,2022,552,338,214,343,209,2026-06-11T10:51:05.622Z
b-madhirivaadhoo,Madhirivaadhoo,B,statsmap,2022,0,0,0,0,0,2026-06-11T10:51:05.622Z
b-thiladhoo,Thiladhoo,B,statsmap,2022,0,0,0,0,0,2026-06-11T10:51:05.622Z
b-dhoogandufinolhu,Dhoogan'dufinolhu,B,statsmap,2022,0,0,0,0,0,2026-06-11T10:51:05.622Z
b-dhigudhefaru,Dhigudhefaru,B,statsmap,2022,0,0,0,0,0,2026-06-11T10:51:05.622Z
b-kihaadhoo,Kihaadhoo,B,census-2022,2022,476,255,221,432,,2026-06-11T10:51:35.453Z
b-kihaadhoo,Kihaadhoo,B,statsmap,2022,481,260,221,445,36,2026-06-11T10:51:05.622Z
b-fonimagoodhoo,Fonimagoodhoo,B,statsmap,2022,0,0,0,0,0,2026-06-11T10:51:05.622Z
b-dhandhoo,Dhandhoo,B,statsmap,2022,0,0,0,0,0,2026-06-11T10:51:05.622Z
b-hirundhoo,Hirundhoo,B,statsmap,2022,0,0,0,0,0,2026-06-11T10:51:05.622Z
b-huraafaru,Huraafaru,B,statsmap,2022,0,0,0,0,0,2026-06-11T10:51:05.622Z
b-aidhoo,Aidhoo,B,statsmap,2022,0,0,0,0,0,2026-06-11T10:51:05.622Z
b-kihaadhuffaru,Kihaadhuffaru,B,statsmap,2022,0,0,0,0,0,2026-06-11T10:51:05.622Z
b-dhonfan,Dhonfan,B,census-2022,2022,398,187,211,361,,2026-06-11T10:51:35.453Z
b-dhonfan,Dhonfan,B,statsmap,2022,398,187,211,364,34,2026-06-11T10:51:05.622Z
b-hanifaru,Hanifaru,B,statsmap,2022,0,0,0,0,0,2026-06-11T10:51:05.622Z
b-dharavandhoo,Dharavandhoo,B,census-2022,2022,1003,567,436,822,,2026-06-11T10:51:35.453Z
b-dharavandhoo,Dharavandhoo,B,statsmap,2022,997,559,438,822,175,2026-06-11T10:51:05.622Z
b-hibalhidhoo,Hibalhidhoo,B,statsmap,2022,0,0,0,0,0,2026-06-11T10:51:05.622Z
b-maalhos,Maalhos,B,census-2022,2022,572,283,289,486,,2026-06-11T10:51:35.453Z
b-maalhos,Maalhos,B,statsmap,2022,572,283,289,494,78,2026-06-11T10:51:05.622Z
b-nelivarufinolhu,Nelivarufinolhu,B,statsmap,2022,0,0,0,0,0,2026-06-11T10:51:05.622Z
b-kunfunadhoo,Kunfunadhoo,B,statsmap,2022,0,0,0,0,0,2026-06-11T10:51:05.622Z
b-eydhafushi,Eydhafushi,B,census-2022,2022,2590,1293,1297,2335,,2026-06-11T10:51:35.453Z
b-eydhafushi,Eydhafushi,B,statsmap,2022,2581,1294,1287,2317,264,2026-06-11T10:51:05.622Z
b-maaddoo,Maaddoo,B,statsmap,2022,0,0,0,0,0,2026-06-11T10:51:05.622Z
b-maaddoohulhudhoo,Maaddoohulhudhoo,B,statsmap,2022,0,0,0,0,0,2026-06-11T10:51:05.622Z
b-miriandhoo,Miriandhoo,B,statsmap,2022,0,0,0,0,0,2026-06-11T10:51:05.622Z
b-kudadhoo,Kudadhoo,B,statsmap,2022,0,0,0,0,0,2026-06-11T10:51:05.622Z
b-kanufushi,Kanufushi,B,statsmap,2022,0,0,0,0,0,2026-06-11T10:51:05.622Z
b-maamaduvvari,Maamaduvvari,B,statsmap,2022,0,0,0,0,0,2026-06-11T10:51:05.622Z
b-hithaadhoo,Hithaadhoo,B,census-2022,2022,744,379,365,667,,2026-06-11T10:51:35.453Z
b-hithaadhoo,Hithaadhoo,B,statsmap,2022,744,380,364,674,70,2026-06-11T10:51:05.622Z
b-olhugiri,Olhugiri,B,statsmap,2022,0,0,0,0,0,2026-06-11T10:51:05.622Z
b-bodufinolhu,Bodufinolhu,B,statsmap,2022,0,0,0,0,0,2026-06-11T10:51:05.622Z
b-thulhaadhoo,Thulhaadhoo,B,census-2022,2022,1628,818,810,1478,,2026-06-11T10:51:35.453Z
b-thulhaadhoo,Thulhaadhoo,B,statsmap,2022,1625,816,809,1471,154,2026-06-11T10:51:05.622Z
b-dhunikolhu,Dhunikolhu,B,statsmap,2022,0,0,0,0,0,2026-06-11T10:51:05.622Z
b-gaavilingili,Gaavilin'gili,B,statsmap,2022,0,0,0,0,0,2026-06-11T10:51:05.622Z
b-enboodhoo,En'boodhoo,B,statsmap,2022,0,0,0,0,0,2026-06-11T10:51:05.622Z
b-muthaafushi,Muthaafushi,B,statsmap,2022,0,0,0,0,0,2026-06-11T10:51:05.622Z
b-vakkaru,Vakkaru,B,statsmap,2022,0,0,0,0,0,2026-06-11T10:51:05.622Z
b-dhigufaruvinagandu,Dhigufaruvinagan'du,B,statsmap,2022,0,0,0,0,0,2026-06-11T10:51:05.622Z
b-anhenunfushi,Anhenunfushi,B,statsmap,2022,0,0,0,0,0,2026-06-11T10:51:05.622Z
b-maarikilu,Maarikilu,B,statsmap,2022,0,0,0,0,0,2026-06-11T10:51:05.622Z
b-goidhoo,Goidhoo,B,census-2022,2022,583,300,283,508,,2026-06-11T10:51:35.453Z
b-goidhoo,Goidhoo,B,statsmap,2022,583,300,283,508,75,2026-06-11T10:51:05.622Z
b-fehendhoo,Fehendhoo,B,census-2022,2022,198,115,83,168,,2026-06-11T10:51:35.453Z
b-fehendhoo,Fehendhoo,B,statsmap,2022,198,115,83,172,26,2026-06-11T10:51:05.622Z
b-fulhadhoo,Fulhadhoo,B,census-2022,2022,345,219,126,240,,2026-06-11T10:51:35.453Z
b-fulhadhoo,Fulhadhoo,B,statsmap,2022,341,213,128,240,101,2026-06-11T10:51:05.622Z
b-boadhaafushifinolhu,Boadhaafushifinolhu,B,statsmap,2022,0,0,0,0,0,2026-06-11T10:51:05.622Z
b-innafushi,Innafushi,B,statsmap,2022,0,0,0,0,0,2026-06-11T10:51:05.622Z
b-mathifaru,Mathifaru,B,statsmap,2022,0,0,0,0,0,2026-06-11T10:51:05.622Z
b-dhashufaruhuraa,Dhashufaruhuraa,B,statsmap,2022,0,0,0,0,0,2026-06-11T10:51:05.622Z
b-kanufusheegaathufinolhu,Kanufusheegaathufinolhu,B,statsmap,2022,0,0,0,0,0,2026-06-11T10:51:05.622Z
b-medhufinolhugaathufinolhu,Medhufinolhugaathufinolhu,B,statsmap,2022,0,0,0,0,0,2026-06-11T10:51:05.622Z
dh-vommuli,Vommuli,Dh,statsmap,2022,0,0,0,0,0,2026-06-11T10:51:05.622Z
dh-vaanee,Vaanee,Dh,statsmap,2022,0,0,0,0,0,2026-06-11T10:51:05.622Z
dh-bandidhoo,Ban'didhoo,Dh,census-2022,2022,630,355,275,536,,2026-06-11T10:51:35.453Z
dh-bandidhoo,Ban'didhoo,Dh,statsmap,2022,629,354,275,536,93,2026-06-11T10:51:05.622Z
dh-kedhigandu,Kedhigan'du,Dh,statsmap,2022,0,0,0,0,0,2026-06-11T10:51:05.622Z
dh-ayyakaloahuraa,Ayyakaloahuraa,Dh,statsmap,2022,0,0,0,0,0,2026-06-11T10:51:05.622Z
dh-issari,Issari,Dh,statsmap,2022,0,0,0,0,0,2026-06-11T10:51:05.622Z
dh-maaenboodhoo,Maaen'boodhoo,Dh,census-2022,2022,675,340,335,641,,2026-06-11T10:51:35.453Z
dh-maaenboodhoo,Maaen'boodhoo,Dh,statsmap,2022,679,342,337,650,29,2026-06-11T10:51:05.622Z
dh-kiraidhoo,Kiraidhoo,Dh,statsmap,2022,0,0,0,0,0,2026-06-11T10:51:05.622Z
dh-rinbudhoo,Rin'budhoo,Dh,census-2022,2022,317,164,153,280,,2026-06-11T10:51:35.453Z
dh-rinbudhoo,Rin'budhoo,Dh,statsmap,2022,316,163,153,278,38,2026-06-11T10:51:05.622Z
dh-meedhuffushi,Meedhuffushi,Dh,statsmap,2022,0,0,0,0,0,2026-06-11T10:51:05.622Z
dh-maafushi,Maafushi,Dh,statsmap,2022,0,0,0,0,0,2026-06-11T10:51:05.622Z
dh-hulhuvahi,Hulhuvahi,Dh,statsmap,2022,0,0,0,0,0,2026-06-11T10:51:05.622Z
dh-kandinmaa,Kan'dinmaa,Dh,statsmap,2022,0,0,0,0,0,2026-06-11T10:51:05.622Z
dh-dhoores,Dhoores,Dh,statsmap,2022,0,0,0,0,0,2026-06-11T10:51:05.622Z
dh-kudahuvadhoo,Kudahuvadhoo,Dh,census-2022,2022,3132,1648,1484,2652,,2026-06-11T10:51:35.453Z
dh-kudahuvadhoo,Kudahuvadhoo,Dh,statsmap,2022,3131,1647,1484,2667,464,2026-06-11T10:51:05.622Z
dh-thilabolhufushi,Thilabolhufushi,Dh,statsmap,2022,0,0,0,0,0,2026-06-11T10:51:05.622Z
dh-uhdhoo,Uhdhoo,Dh,statsmap,2022,0,0,0,0,0,2026-06-11T10:51:05.622Z
dh-aluvifushi,Aluvifushi,Dh,statsmap,2022,0,0,0,0,0,2026-06-11T10:51:05.622Z
dh-lhohi,Lhohi,Dh,statsmap,2022,0,0,0,0,0,2026-06-11T10:51:05.622Z
dh-enboodhoofushi,En'boodhoofushi,Dh,statsmap,2022,0,0,0,0,0,2026-06-11T10:51:05.622Z
dh-hulhudheli,Hulhudheli,Dh,census-2022,2022,761,388,373,676,,2026-06-11T10:51:35.453Z
dh-hulhudheli,Hulhudheli,Dh,statsmap,2022,764,389,375,685,79,2026-06-11T10:51:05.622Z
dh-thinhuraa,Thinhuraa,Dh,statsmap,2022,0,0,0,0,0,2026-06-11T10:51:05.622Z
dh-vallalhohi,Vallalhohi,Dh,statsmap,2022,0,0,0,0,0,2026-06-11T10:51:05.622Z
dh-maadheli,Maadheli,Dh,statsmap,2022,0,0,0,0,0,2026-06-11T10:51:05.622Z
dh-faandhoo,Faandhoo,Dh,statsmap,2022,0,0,0,0,0,2026-06-11T10:51:05.622Z
dh-kanneiyfaru,Kanneiyfaru,Dh,statsmap,2022,0,0,0,0,0,2026-06-11T10:51:05.622Z
dh-valla,Valla,Dh,statsmap,2022,0,0,0,0,0,2026-06-11T10:51:05.622Z
dh-hiriyafushi,Hiriyafushi,Dh,statsmap,2022,0,0,0,0,0,2026-06-11T10:51:05.622Z
dh-dhebaidhoo,Dhebaidhoo,Dh,statsmap,2022,0,0,0,0,0,2026-06-11T10:51:05.622Z
dh-olhuveli,Olhuveli,Dh,statsmap,2022,0,0,0,0,0,2026-06-11T10:51:05.622Z
dh-maalefaru,Maalefaru,Dh,statsmap,2022,0,0,0,0,0,2026-06-11T10:51:05.622Z
dh-hudhufusheefinolhu,Hudhufusheefinolhu,Dh,statsmap,2022,0,0,0,0,0,2026-06-11T10:51:05.622Z
dh-meedhoo,Meedhoo,Dh,census-2022,2022,1113,650,463,855,,2026-06-11T10:51:35.453Z
dh-meedhoo,Meedhoo,Dh,statsmap,2022,1118,660,458,857,261,2026-06-11T10:51:05.622Z
dh-minimasgali,Minimasgali,Dh,statsmap,2022,0,0,0,0,0,2026-06-11T10:51:05.622Z
dh-bodufushi,Bodufushi,Dh,statsmap,2022,0,0,0,0,0,2026-06-11T10:51:05.622Z
dh-kudathilabolhufushi,Kudathilabolhufushi,Dh,statsmap,2022,0,0,0,0,0,2026-06-11T10:51:05.622Z
dh-velavaru,Velavaru,Dh,statsmap,2022,0,0,0,0,0,2026-06-11T10:51:05.622Z
dh-maagau,Maagau,Dh,statsmap,2022,0,0,0,0,0,2026-06-11T10:51:05.622Z
dh-sarakafushi,Sarakafushi,Dh,statsmap,2022,0,0,0,0,0,2026-06-11T10:51:05.622Z
dh-boarikifinolhu,Boarikifinolhu,Dh,statsmap,2022,0,0,0,0,0,2026-06-11T10:51:05.622Z
dh-gemendhoo,Gemendhoo,Dh,statsmap,2022,0,0,0,0,0,2026-06-11T10:51:05.622Z
dh-fenfushi,Fenfushi,Dh,statsmap,2022,0,0,0,0,0,2026-06-11T10:51:05.622Z
dh-hinaidhoo,Hinaidhoo,Dh,statsmap,2022,0,0,0,0,0,2026-06-11T10:51:05.622Z
dh-bulhalafushi,Bulhalafushi,Dh,statsmap,2022,0,0,0,0,0,2026-06-11T10:51:05.622Z
dh-thanbalhaidhoo,Than'balhaidhoo,Dh,statsmap,2022,0,0,0,0,0,2026-06-11T10:51:05.622Z
dh-olhufushi,Olhufushi,Dh,statsmap,2022,0,0,0,0,0,2026-06-11T10:51:05.622Z
f-kandumoonufushi,Kan'dumoonufushi,F,statsmap,2022,0,0,0,0,0,2026-06-11T10:51:05.622Z
f-makunueri,Makunueri,F,statsmap,2022,0,0,0,0,0,2026-06-11T10:51:05.622Z
f-himithi,Himithi,F,statsmap,2022,0,0,0,0,0,2026-06-11T10:51:05.622Z
f-minimasgali,Minimasgali,F,statsmap,2022,0,0,0,0,0,2026-06-11T10:51:05.622Z
f-nilandhoo,Nilandhoo,F,census-2022,2022,1825,949,876,1645,,2026-06-11T10:51:35.453Z
f-nilandhoo,Nilandhoo,F,statsmap,2022,1823,947,876,1649,174,2026-06-11T10:51:05.622Z
f-dharanboodhoo,Dharan'boodhoo,F,census-2022,2022,454,258,196,389,,2026-06-11T10:51:35.453Z
f-dharanboodhoo,Dharan'boodhoo,F,statsmap,2022,455,259,196,393,62,2026-06-11T10:51:05.622Z
f-magoodhoo,Magoodhoo,F,census-2022,2022,693,356,337,620,,2026-06-11T10:51:35.453Z
f-magoodhoo,Magoodhoo,F,statsmap,2022,702,361,341,648,54,2026-06-11T10:51:05.622Z
f-bileiydhoo,Bileiydhoo,F,census-2022,2022,964,487,477,877,,2026-06-11T10:51:35.453Z
f-bileiydhoo,Bileiydhoo,F,statsmap,2022,967,489,478,886,81,2026-06-11T10:51:05.622Z
f-enbulufushi,En'bulufushi,F,statsmap,2022,0,0,0,0,0,2026-06-11T10:51:05.622Z
f-adhangau,Adhangau,F,statsmap,2022,0,0,0,0,0,2026-06-11T10:51:05.622Z
f-jinnathugau,Jinnathugau,F,statsmap,2022,0,0,0,0,0,2026-06-11T10:51:05.622Z
f-faanumaahuraa,Faanumaahuraa,F,statsmap,2022,0,0,0,0,0,2026-06-11T10:51:05.622Z
f-filitheyo,Filitheyo,F,statsmap,2022,0,0,0,0,0,2026-06-11T10:51:05.622Z
f-dhiguvarufinolhu,Dhiguvarufinolhu,F,statsmap,2022,0,0,0,0,0,2026-06-11T10:51:05.622Z
f-maafushi,Maafushi,F,statsmap,2022,0,0,0,0,0,2026-06-11T10:51:05.622Z
f-madivaruhuraa,Madivaruhuraa,F,statsmap,2022,0,0,0,0,0,2026-06-11T10:51:05.622Z
f-feeali,Feeali,F,census-2022,2022,922,430,492,876,,2026-06-11T10:51:35.453Z
f-feeali,Feeali,F,statsmap,2022,922,430,492,882,40,2026-06-11T10:51:05.622Z
f-vilingilivarufinolhu,Vilin'gilivarufinolhu,F,statsmap,2022,0,0,0,0,0,2026-06-11T10:51:05.622Z
ga-maamutaa,Maamutaa,GA,statsmap,2022,0,0,0,0,0,2026-06-11T10:51:05.622Z
ga-keredhdhoo,Keredhdhoo,GA,statsmap,2022,0,0,0,0,0,2026-06-11T10:51:05.622Z
ga-maafehelaa,Maafehelaa,GA,statsmap,2022,0,0,0,0,0,2026-06-11T10:51:05.622Z
ga-fulangi,Fulan'gi,GA,statsmap,2022,0,0,0,0,0,2026-06-11T10:51:05.622Z
ga-beyrumauddoo,Beyrumauddoo,GA,statsmap,2022,0,0,0,0,0,2026-06-11T10:51:05.622Z
ga-kodeyvilingili,Kodeyvilin'gili,GA,statsmap,2022,0,0,0,0,0,2026-06-11T10:51:05.622Z
ga-innarehaa,Innarehaa,GA,statsmap,2022,0,0,0,0,0,2026-06-11T10:51:05.622Z
ga-kodahuttaa,Kodahuttaa,GA,statsmap,2022,0,0,0,0,0,2026-06-11T10:51:05.622Z
ga-minimessaa,Minimessaa,GA,statsmap,2022,0,0,0,0,0,2026-06-11T10:51:05.622Z
ga-hirihuttaa,Hirihuttaa,GA,statsmap,2022,0,0,0,0,0,2026-06-11T10:51:05.622Z
ga-mahahdhoo,Mahahdhoo,GA,statsmap,2022,0,0,0,0,0,2026-06-11T10:51:05.622Z
ga-maarandhoo,Maarandhoo,GA,statsmap,2022,0,0,0,0,0,2026-06-11T10:51:05.622Z
ga-medhuburiyaa,Medhuburiyaa,GA,statsmap,2022,0,0,0,0,0,2026-06-11T10:51:05.622Z
ga-vodamulaa,Vodamulaa,GA,statsmap,2022,0,0,0,0,0,2026-06-11T10:51:05.622Z
ga-araigahthaa,Araigahthaa,GA,statsmap,2022,0,0,0,0,0,2026-06-11T10:51:05.622Z
ga-kanduvilingili,Kan'duvilin'gili,GA,statsmap,2022,0,0,0,0,0,2026-06-11T10:51:05.622Z
ga-medharehaa,Medharehaa,GA,statsmap,2022,0,0,0,0,0,2026-06-11T10:51:05.622Z
ga-maagihuttaa,Maagihuttaa,GA,statsmap,2022,0,0,0,0,0,2026-06-11T10:51:05.622Z
ga-maakanaarataa,Maakanaarataa,GA,statsmap,2022,0,0,0,0,0,2026-06-11T10:51:05.622Z
ga-funadhooviligillaa,Funadhooviligillaa,GA,statsmap,2022,0,0,0,0,0,2026-06-11T10:51:05.622Z
ga-dhevvalaabadhoo,Dhevvalaabadhoo,GA,statsmap,2022,0,0,0,0,0,2026-06-11T10:51:05.622Z
ga-raaverrehaa,Raaverrehaa,GA,statsmap,2022,0,0,0,0,0,2026-06-11T10:51:05.622Z
ga-viligalaa,Viligalaa,GA,statsmap,2022,0,0,0,0,0,2026-06-11T10:51:05.622Z
ga-dhevvadhoo,Dhevvadhoo,GA,census-2022,2022,598,366,232,476,,2026-06-11T10:51:35.453Z
ga-dhevvadhoo,Dhevvadhoo,GA,statsmap,2022,599,368,231,470,129,2026-06-11T10:51:05.622Z
ga-kondey,Kon'dey,GA,census-2022,2022,328,180,148,275,,2026-06-11T10:51:35.453Z
ga-kondey,Kon'dey,GA,statsmap,2022,328,180,148,276,52,2026-06-11T10:51:05.622Z
ga-kooddoo,Kooddoo,GA,statsmap,2022,0,0,0,0,0,2026-06-11T10:51:05.622Z
ga-bakehthaa,Bakehthaa,GA,statsmap,2022,0,0,0,0,0,2026-06-11T10:51:05.622Z
ga-kisserahaa,Kisserahaa,GA,statsmap,2022,0,0,0,0,0,2026-06-11T10:51:05.622Z
ga-kaludirehaa,Kaludirehaa,GA,statsmap,2022,0,0,0,0,0,2026-06-11T10:51:05.622Z
ga-dhiyadhoo,Dhiyadhoo,GA,statsmap,2022,0,0,0,0,0,2026-06-11T10:51:05.622Z
ga-hinaamaagalaa,Hinaamaagalaa,GA,statsmap,2022,0,0,0,0,0,2026-06-11T10:51:05.622Z
ga-galamedhuvaa,Galamedhuvaa,GA,statsmap,2022,0,0,0,0,0,2026-06-11T10:51:05.622Z
ga-boduhuttaa,Boduhuttaa,GA,statsmap,2022,0,0,0,0,0,2026-06-11T10:51:05.622Z
ga-baaberehutta,Baaberehutta,GA,statsmap,2022,0,0,0,0,0,2026-06-11T10:51:05.622Z
ga-kalhehuttaa,Kalhehuttaa,GA,statsmap,2022,0,0,0,0,0,2026-06-11T10:51:05.622Z
ga-funadhoo,Funadhoo,GA,statsmap,2022,0,0,0,0,0,2026-06-11T10:51:05.622Z
ga-handahaa,Han'dahaa,GA,statsmap,2022,0,0,0,0,0,2026-06-11T10:51:05.622Z
ga-kudalafari,Kudalafari,GA,statsmap,2022,0,0,0,0,0,2026-06-11T10:51:05.622Z
ga-kolamaafushi,Kolamaafushi,GA,census-2022,2022,635,354,281,519,,2026-06-11T10:51:35.453Z
ga-kolamaafushi,Kolamaafushi,GA,statsmap,2022,636,354,282,522,114,2026-06-11T10:51:05.622Z
ga-matu,Matu,GA,statsmap,2022,0,0,0,0,0,2026-06-11T10:51:05.622Z
ga-dhaandhoo,Dhaandhoo,GA,census-2022,2022,1045,608,437,860,,2026-06-11T10:51:35.453Z
ga-dhaandhoo,Dhaandhoo,GA,statsmap,2022,1044,607,437,857,187,2026-06-11T10:51:05.622Z
ga-bodehuttaa,Bodehuttaa,GA,statsmap,2022,0,0,0,0,0,2026-06-11T10:51:05.622Z
ga-hurendhoo,Hurendhoo,GA,statsmap,2022,0,0,0,0,0,2026-06-11T10:51:05.622Z
ga-fenfuttaa,Fenfuttaa,GA,statsmap,2022,0,0,0,0,0,2026-06-11T10:51:05.622Z
ga-falhumaafushi,Falhumaafushi,GA,statsmap,2022,0,0,0,0,0,2026-06-11T10:51:05.622Z
ga-kodagehuttaa,Kodagehuttaa,GA,statsmap,2022,0,0,0,0,0,2026-06-11T10:51:05.622Z
ga-lhossaa,Lhossaa,GA,statsmap,2022,0,0,0,0,0,2026-06-11T10:51:05.622Z
ga-dhigurah,Dhigurah,GA,statsmap,2022,0,0,0,0,0,2026-06-11T10:51:05.622Z
ga-dhevvaamaagalaa,Dhevvaamaagalaa,GA,statsmap,2022,0,0,0,0,0,2026-06-11T10:51:05.622Z
ga-hithaadhoo,Hithaadhoo,GA,statsmap,2022,0,0,0,0,0,2026-06-11T10:51:05.622Z
ga-kendheraa,Kendheraa,GA,statsmap,2022,0,0,0,0,0,2026-06-11T10:51:05.622Z
ga-hithaadhoogalaa,Hithaadhoogalaa,GA,statsmap,2022,0,0,0,0,0,2026-06-11T10:51:05.622Z
ga-kanduhulhudhoo,Kan'duhulhudhoo,GA,census-2022,2022,616,345,271,526,,2026-06-11T10:51:35.453Z
ga-kanduhulhudhoo,Kan'duhulhudhoo,GA,statsmap,2022,619,346,273,532,87,2026-06-11T10:51:05.622Z
ga-boadduvaa,Boadduvaa,GA,statsmap,2022,0,0,0,0,0,2026-06-11T10:51:05.622Z
ga-melaimaa,Melaimaa,GA,statsmap,2022,0,0,0,0,0,2026-06-11T10:51:05.622Z
ga-faruhulhedhoo,Faruhulhedhoo,GA,statsmap,2022,0,0,0,0,0,2026-06-11T10:51:05.622Z
ga-maarehaa,Maarehaa,GA,statsmap,2022,0,0,0,0,0,2026-06-11T10:51:05.622Z
ga-funamauddaa,Funamauddaa,GA,statsmap,2022,0,0,0,0,0,2026-06-11T10:51:05.622Z
ga-baavanadhoo,Baavanadhoo,GA,statsmap,2022,0,0,0,0,0,2026-06-11T10:51:05.622Z
ga-munandhuvaa,Munandhuvaa,GA,statsmap,2022,0,0,0,0,0,2026-06-11T10:51:05.622Z
ga-bihurehaa,Bihurehaa,GA,statsmap,2022,0,0,0,0,0,2026-06-11T10:51:05.622Z
ga-faruhulhudhoo,Faruhulhudhoo,GA,statsmap,2022,0,0,0,0,0,2026-06-11T10:51:05.622Z
ga-idhimaa,Idhimaa,GA,statsmap,2022,0,0,0,0,0,2026-06-11T10:51:05.622Z
ga-hulhimendhoo,Hulhimendhoo,GA,statsmap,2022,0,0,0,0,0,2026-06-11T10:51:05.622Z
ga-maadhigavara,Maadhigavara,GA,statsmap,2022,0,0,0,0,0,2026-06-11T10:51:05.622Z
ga-maamendhoo,Maamendhoo,GA,census-2022,2022,1197,646,551,1074,,2026-06-11T10:51:35.453Z
ga-maamendhoo,Maamendhoo,GA,statsmap,2022,1201,646,555,1090,111,2026-06-11T10:51:05.622Z
ga-nilandhoo,Nilandhoo,GA,census-2022,2022,542,296,246,487,,2026-06-11T10:51:35.453Z
ga-nilandhoo,Nilandhoo,GA,statsmap,2022,545,298,247,491,54,2026-06-11T10:51:05.622Z
ga-kondeymatheelaabadhoo,Kon'deymatheelaabadhoo,GA,statsmap,2022,0,0,0,0,0,2026-06-11T10:51:05.622Z
ga-gemanafushi,Gemanafushi,GA,census-2022,2022,1307,706,601,1165,,2026-06-11T10:51:35.453Z
ga-gemanafushi,Gemanafushi,GA,statsmap,2022,1318,714,604,1194,124,2026-06-11T10:51:05.622Z
ga-meradhoo,Meradhoo,GA,statsmap,2022,0,0,0,0,0,2026-06-11T10:51:05.622Z
ga-dhigudhoo,Dhigudhoo,GA,statsmap,2022,0,0,0,0,0,2026-06-11T10:51:05.622Z
ga-mahthurehaa,Mahthurehaa,GA,statsmap,2022,0,0,0,0,0,2026-06-11T10:51:05.622Z
ga-vilingili,Vilin'gili,GA,census-2022,2022,2906,1592,1314,2548,,2026-06-11T10:51:35.453Z
ga-vilingili,Vilin'gili,GA,statsmap,2022,2900,1585,1315,2543,357,2026-06-11T10:51:05.622Z
ga-medhehuttaa,Medhehuttaa,GA,statsmap,2022,0,0,0,0,0,2026-06-11T10:51:05.622Z
ga-fenrehaa,Fenrehaa,GA,statsmap,2022,0,0,0,0,0,2026-06-11T10:51:05.622Z
ga-bodubondeyyaa,Bodubon'deyyaa,GA,statsmap,2022,0,0,0,0,0,2026-06-11T10:51:05.622Z
ga-maadhigavara-LD1680,Maadhigavara,GA,statsmap,2022,0,0,0,0,0,2026-06-11T10:51:05.622Z
gdh-goshi,Goshi,GDh,statsmap,2022,0,0,0,0,0,2026-06-11T10:51:05.622Z
gdh-baulhegalla,Baulhegalla,GDh,statsmap,2022,0,0,0,0,0,2026-06-11T10:51:05.622Z
gdh-ulegalaa,Ulegalaa,GDh,statsmap,2022,0,0,0,0,0,2026-06-11T10:51:05.622Z
gdh-maagalaa,Maagalaa,GDh,statsmap,2022,0,0,0,0,0,2026-06-11T10:51:05.622Z
gdh-kodegalaa,Kodegalaa,GDh,statsmap,2022,0,0,0,0,0,2026-06-11T10:51:05.622Z
gdh-maavaaruloo,Maavaaruloo,GDh,statsmap,2022,0,0,0,0,0,2026-06-11T10:51:05.622Z
gdh-kodaanahuttaa,Kodaanahuttaa,GDh,statsmap,2022,0,0,0,0,0,2026-06-11T10:51:05.622Z
gdh-farehulhehdhoo,Farehulhehdhoo,GDh,statsmap,2022,0,0,0,0,0,2026-06-11T10:51:05.622Z
gdh-dhoonirehaa,Dhoonirehaa,GDh,statsmap,2022,0,0,0,0,0,2026-06-11T10:51:05.622Z
gdh-menthandhuvaa,Menthandhuvaa,GDh,statsmap,2022,0,0,0,0,0,2026-06-11T10:51:05.622Z
gdh-maavehdhoo,Maavehdhoo,GDh,statsmap,2022,0,0,0,0,0,2026-06-11T10:51:05.622Z
gdh-gadhdhoo,Gadhdhoo,GDh,census-2022,2022,1409,773,636,1255,,2026-06-11T10:51:35.453Z
gdh-gadhdhoo,Gadhdhoo,GDh,statsmap,2022,1414,776,638,1251,163,2026-06-11T10:51:05.622Z
gdh-gan,Gan,GDh,statsmap,2022,0,0,0,0,0,2026-06-11T10:51:05.622Z
gdh-veraaviligillaa,Veraaviligillaa,GDh,statsmap,2022,0,0,0,0,0,2026-06-11T10:51:05.622Z
gdh-kaashidhoo,Kaashidhoo,GDh,statsmap,2022,0,0,0,0,0,2026-06-11T10:51:05.622Z
gdh-lonudhoohuttaa,Lonudhoohuttaa,GDh,statsmap,2022,0,0,0,0,0,2026-06-11T10:51:05.622Z
gdh-lonudhoo,Lonudhoo,GDh,statsmap,2022,0,0,0,0,0,2026-06-11T10:51:05.622Z
gdh-faanehuttaa,Faanehuttaa,GDh,statsmap,2022,0,0,0,0,0,2026-06-11T10:51:05.622Z
gdh-gazeeraa,Gazeeraa,GDh,statsmap,2022,0,0,0,0,0,2026-06-11T10:51:05.622Z
gdh-odagallaa,Odagallaa,GDh,statsmap,2022,0,0,0,0,0,2026-06-11T10:51:05.622Z
gdh-gahevelegalaa,Gahevelegalaa,GDh,statsmap,2022,0,0,0,0,0,2026-06-11T10:51:05.622Z
gdh-konottaa,Konottaa,GDh,statsmap,2022,0,0,0,0,0,2026-06-11T10:51:05.622Z
gdh-havodigalaa,Havodigalaa,GDh,statsmap,2022,0,0,0,0,0,2026-06-11T10:51:05.622Z
gdh-thinadhoo,Thinadhoo,GDh,census-2022,2022,6233,3252,2981,5390,,2026-06-11T10:51:35.453Z
gdh-thinadhoo,Thinadhoo,GDh,statsmap,2022,6217,3230,2987,5369,848,2026-06-11T10:51:05.622Z
gdh-kafena,Kafena,GDh,statsmap,2022,0,0,0,0,0,2026-06-11T10:51:05.622Z
gdh-maagoderehaa,Maagoderehaa,GDh,statsmap,2022,0,0,0,0,0,2026-06-11T10:51:05.622Z
gdh-kudherataa,Kudherataa,GDh,statsmap,2022,0,0,0,0,0,2026-06-11T10:51:05.622Z
gdh-rahadhuvaa,Rahadhuvaa,GDh,statsmap,2022,0,0,0,0,0,2026-06-11T10:51:05.622Z
gdh-kaadehdhoo,Kaadehdhoo,GDh,statsmap,2022,0,0,0,0,0,2026-06-11T10:51:05.622Z
gdh-maallaarehaa,Maallaarehaa,GDh,statsmap,2022,0,0,0,0,0,2026-06-11T10:51:05.622Z
gdh-haadhoo,Haadhoo,GDh,statsmap,2022,0,0,0,0,0,2026-06-11T10:51:05.622Z
gdh-dhinmanaa,Dhinmanaa,GDh,statsmap,2022,0,0,0,0,0,2026-06-11T10:51:05.622Z
gdh-kudhehulhehdhoo,Kudhehulhehdhoo,GDh,statsmap,2022,0,0,0,0,0,2026-06-11T10:51:05.622Z
gdh-hoandehdhoo,Hoan'dehdhoo,GDh,census-2022,2022,886,491,395,792,,2026-06-11T10:51:35.453Z
gdh-hoandehdhoo,Hoan'dehdhoo,GDh,statsmap,2022,885,490,395,790,95,2026-06-11T10:51:05.622Z
gdh-hunigoderehaa,Hunigoderehaa,GDh,statsmap,2022,0,0,0,0,0,2026-06-11T10:51:05.622Z
gdh-kadevaarehaa,Kadevaarehaa,GDh,statsmap,2022,0,0,0,0,0,2026-06-11T10:51:05.622Z
gdh-dhigurehaa,Dhigurehaa,GDh,statsmap,2022,0,0,0,0,0,2026-06-11T10:51:05.622Z
gdh-uhurehaa,Uhurehaa,GDh,statsmap,2022,0,0,0,0,0,2026-06-11T10:51:05.622Z
gdh-uherehaa,Uherehaa,GDh,statsmap,2022,0,0,0,0,0,2026-06-11T10:51:05.622Z
gdh-kodedhoo,Kodedhoo,GDh,statsmap,2022,0,0,0,0,0,2026-06-11T10:51:05.622Z
gdh-anhenerehaa,Anhenerehaa,GDh,statsmap,2022,0,0,0,0,0,2026-06-11T10:51:05.622Z
gdh-faredhoo,Faredhoo,GDh,statsmap,2022,0,0,0,0,0,2026-06-11T10:51:05.622Z
gdh-hulhehdhoo,Hulhehdhoo,GDh,statsmap,2022,0,0,0,0,0,2026-06-11T10:51:05.622Z
gdh-dhatekarunahuttaa,Dhatekarunahuttaa,GDh,statsmap,2022,0,0,0,0,0,2026-06-11T10:51:05.622Z
gdh-kautihulhadhoo,Kautihulhadhoo,GDh,statsmap,2022,0,0,0,0,0,2026-06-11T10:51:05.622Z
gdh-keraminthaa,Keraminthaa,GDh,statsmap,2022,0,0,0,0,0,2026-06-11T10:51:05.622Z
gdh-handhebalanerehaa,Han'dhebalanerehaa,GDh,statsmap,2022,0,0,0,0,0,2026-06-11T10:51:05.622Z
gdh-lifadhoo,Lifadhoo,GDh,statsmap,2022,0,0,0,0,0,2026-06-11T10:51:05.622Z
gdh-boderehaa,Boderehaa,GDh,statsmap,2022,0,0,0,0,0,2026-06-11T10:51:05.622Z
gdh-dhekaamba,Dhekaamba,GDh,statsmap,2022,0,0,0,0,0,2026-06-11T10:51:05.622Z
gdh-kodurataa,Kodurataa,GDh,statsmap,2022,0,0,0,0,0,2026-06-11T10:51:05.622Z
gdh-fereythavilingili,Fereythavilin'gili,GDh,statsmap,2022,0,0,0,0,0,2026-06-11T10:51:05.622Z
gdh-thinehuttaa,Thinehuttaa,GDh,statsmap,2022,0,0,0,0,0,2026-06-11T10:51:05.622Z
gdh-kadhefala,Kadhefala,GDh,statsmap,2022,0,0,0,0,0,2026-06-11T10:51:05.622Z
gdh-olhimuntaa,Olhimuntaa,GDh,statsmap,2022,0,0,0,0,0,2026-06-11T10:51:05.622Z
gdh-rodaadhoo,Rodaadhoo,GDh,statsmap,2022,0,0,0,0,0,2026-06-11T10:51:05.622Z
gdh-farehalehuttaa,Farehalehuttaa,GDh,statsmap,2022,0,0,0,0,0,2026-06-11T10:51:05.622Z
gdh-kalhehuttaa,Kalhehuttaa,GDh,statsmap,2022,0,0,0,0,0,2026-06-11T10:51:05.622Z
gdh-neimaahutta,Neimaahutta,GDh,statsmap,2022,0,0,0,0,0,2026-06-11T10:51:05.622Z
gdh-vaadhoo,Vaadhoo,GDh,census-2022,2022,518,298,220,446,,2026-06-11T10:51:35.453Z
gdh-vaadhoo,Vaadhoo,GDh,statsmap,2022,516,298,218,445,71,2026-06-11T10:51:05.622Z
gdh-dhigelaabadhuvaa,Dhigelaabadhuvaa,GDh,statsmap,2022,0,0,0,0,0,2026-06-11T10:51:05.622Z
gdh-kudhemathaidhoo,Kudhemathaidhoo,GDh,statsmap,2022,0,0,0,0,0,2026-06-11T10:51:05.622Z
gdh-mathaidhoo,Mathaidhoo,GDh,statsmap,2022,0,0,0,0,0,2026-06-11T10:51:05.622Z
gdh-fatefandhoo,Fatefandhoo,GDh,statsmap,2022,0,0,0,0,0,2026-06-11T10:51:05.622Z
gdh-keredhirehaa,Keredhirehaa,GDh,statsmap,2022,0,0,0,0,0,2026-06-11T10:51:05.622Z
gdh-kaafarataa,Kaafarataa,GDh,statsmap,2022,0,0,0,0,0,2026-06-11T10:51:05.622Z
gdh-dhiyanegili,Dhiyanegili,GDh,statsmap,2022,0,0,0,0,0,2026-06-11T10:51:05.622Z
gdh-hevaahulhudhoo,Hevaahulhudhoo,GDh,statsmap,2022,0,0,0,0,0,2026-06-11T10:51:05.622Z
gdh-vaareyadhuvaa,Vaareyadhuvaa,GDh,statsmap,2022,0,0,0,0,0,2026-06-11T10:51:05.622Z
gdh-kalherehaa,Kalherehaa,GDh,statsmap,2022,0,0,0,0,0,2026-06-11T10:51:05.622Z
gdh-kalhehamalaa,Kalhehamalaa,GDh,statsmap,2022,0,0,0,0,0,2026-06-11T10:51:05.622Z
gdh-bolimathaidhua,Bolimathaidhua,GDh,statsmap,2022,0,0,0,0,0,2026-06-11T10:51:05.622Z
gdh-kadelerataa,Kadelerataa,GDh,statsmap,2022,0,0,0,0,0,2026-06-11T10:51:05.622Z
gdh-hakandoo,Hakandoo,GDh,statsmap,2022,0,0,0,0,0,2026-06-11T10:51:05.622Z
gdh-maguhdhuvaa,Maguhdhuvaa,GDh,statsmap,2022,0,0,0,0,0,2026-06-11T10:51:05.622Z
gdh-mudhimaahutta,Mudhimaahutta,GDh,statsmap,2022,0,0,0,0,0,2026-06-11T10:51:05.622Z
gdh-bodehuttaa,Bodehuttaa,GDh,statsmap,2022,0,0,0,0,0,2026-06-11T10:51:05.622Z
gdh-mathihuttaa,Mathihuttaa,GDh,statsmap,2022,0,0,0,0,0,2026-06-11T10:51:05.622Z
gdh-laihaa,Laihaa,GDh,statsmap,2022,0,0,0,0,0,2026-06-11T10:51:05.622Z
gdh-raaverinkolhihuttaa,Raaverinkolhihuttaa,GDh,statsmap,2022,0,0,0,0,0,2026-06-11T10:51:05.622Z
gdh-maahutigalaa,Maahutigalaa,GDh,statsmap,2022,0,0,0,0,0,2026-06-11T10:51:05.622Z
gdh-kodehutigalaa,Kodehutigalaa,GDh,statsmap,2022,0,0,0,0,0,2026-06-11T10:51:05.622Z
gdh-kandahalagalaa,Kan'dahalagalaa,GDh,statsmap,2022,0,0,0,0,0,2026-06-11T10:51:05.622Z
gdh-farukolhuhuttaa,Farukolhuhuttaa,GDh,statsmap,2022,0,0,0,0,0,2026-06-11T10:51:05.622Z
gdh-isdhuhuttaa,Isdhuhuttaa,GDh,statsmap,2022,0,0,0,0,0,2026-06-11T10:51:05.622Z
gdh-faathiyehuttaa,Faathiyehuttaa,GDh,statsmap,2022,0,0,0,0,0,2026-06-11T10:51:05.622Z
gdh-hoothodeyaa,Hoothodeyaa,GDh,statsmap,2022,0,0,0,0,0,2026-06-11T10:51:05.622Z
gdh-kelaihuttaa,Kelaihuttaa,GDh,statsmap,2022,0,0,0,0,0,2026-06-11T10:51:05.622Z
gdh-ekelondaa,Ekelondaa,GDh,statsmap,2022,0,0,0,0,0,2026-06-11T10:51:05.622Z
gdh-uhehootirataa,Uhehootirataa,GDh,statsmap,2022,0,0,0,0,0,2026-06-11T10:51:05.622Z
gdh-bodehuttaa-LD0810,Bodehuttaa,GDh,statsmap,2022,0,0,0,0,0,2026-06-11T10:51:05.622Z
gdh-kalhehigillaa,Kalhehigillaa,GDh,statsmap,2022,0,0,0,0,0,2026-06-11T10:51:05.622Z
gdh-haveyyerataa,Haveyyerataa,GDh,statsmap,2022,0,0,0,0,0,2026-06-11T10:51:05.622Z
gdh-nadellaa,Nadellaa,GDh,census-2022,2022,582,294,288,542,,2026-06-11T10:51:35.453Z
gdh-nadellaa,Nadellaa,GDh,statsmap,2022,581,293,288,542,39,2026-06-11T10:51:05.622Z
gdh-maarehaa,Maarehaa,GDh,statsmap,2022,0,0,0,0,0,2026-06-11T10:51:05.622Z
gdh-kureikeymaahuttaa,Kureikeymaahuttaa,GDh,statsmap,2022,0,0,0,0,0,2026-06-11T10:51:05.622Z
gdh-thelehuttaa,Thelehuttaa,GDh,statsmap,2022,0,0,0,0,0,2026-06-11T10:51:05.622Z
gdh-ehivakaa,Ehivakaa,GDh,statsmap,2022,0,0,0,0,0,2026-06-11T10:51:05.622Z
gdh-fiyoaree,Fiyoaree,GDh,census-2022,2022,639,343,296,554,,2026-06-11T10:51:35.453Z
gdh-fiyoaree,Fiyoaree,GDh,statsmap,2022,637,341,296,552,85,2026-06-11T10:51:05.622Z
gdh-kaalhehuttaa,Kaalhehuttaa,GDh,statsmap,2022,0,0,0,0,0,2026-06-11T10:51:05.622Z
gdh-viligillaa,Viligillaa,GDh,statsmap,2022,0,0,0,0,0,2026-06-11T10:51:05.622Z
gdh-filaarataa,Filaarataa,GDh,statsmap,2022,0,0,0,0,0,2026-06-11T10:51:05.622Z
gdh-bodehuttaa-LD1195,Bodehuttaa,GDh,statsmap,2022,0,0,0,0,0,2026-06-11T10:51:05.622Z
gdh-kudhe-ehivakaa,Kudhe-ehivakaa,GDh,statsmap,2022,0,0,0,0,0,2026-06-11T10:51:05.622Z
gdh-haveyyerataa-LD0365,Haveyyerataa,GDh,statsmap,2022,0,0,0,0,0,2026-06-11T10:51:05.622Z
gdh-fonehigillaa,Fonehigillaa,GDh,statsmap,2022,0,0,0,0,0,2026-06-11T10:51:05.622Z
gdh-kudhebeeraahuttaa,Kudhebeeraahuttaa,GDh,statsmap,2022,0,0,0,0,0,2026-06-11T10:51:05.622Z
gdh-badefodiyaa,Badefodiyaa,GDh,statsmap,2022,0,0,0,0,0,2026-06-11T10:51:05.622Z
gdh-beeraahuttaa,Beeraahuttaa,GDh,statsmap,2022,0,0,0,0,0,2026-06-11T10:51:05.622Z
gdh-athihuttaa,Athihuttaa,GDh,statsmap,2022,0,0,0,0,0,2026-06-11T10:51:05.622Z
gdh-oinigillaa,Oinigillaa,GDh,statsmap,2022,0,0,0,0,0,2026-06-11T10:51:05.622Z
gdh-aakirahuttaa,Aakirahuttaa,GDh,statsmap,2022,0,0,0,0,0,2026-06-11T10:51:05.622Z
gdh-bolimathaidhoo,Bolimathaidhoo,GDh,statsmap,2022,0,0,0,0,0,2026-06-11T10:51:05.622Z
gdh-kanandhoo,Kanandhoo,GDh,statsmap,2022,0,0,0,0,0,2026-06-11T10:51:05.622Z
gdh-maadhoo,Maadhoo,GDh,statsmap,2022,0,0,0,0,0,2026-06-11T10:51:05.622Z
gdh-meragihuttaa,Meragihuttaa,GDh,statsmap,2022,0,0,0,0,0,2026-06-11T10:51:05.622Z
gdh-dhoonirehaa-LD0690,Dhoonirehaa,GDh,statsmap,2022,0,0,0,0,0,2026-06-11T10:51:05.622Z
gdh-fenevenehuttaa,Fenevenehuttaa,GDh,statsmap,2022,0,0,0,0,0,2026-06-11T10:51:05.622Z
gdh-raabodaafeheerataa,Raabodaafeheerataa,GDh,statsmap,2022,0,0,0,0,0,2026-06-11T10:51:05.622Z
gdh-dhathaidhuaa,Dhathaidhuaa,GDh,statsmap,2022,0,0,0,0,0,2026-06-11T10:51:05.622Z
gdh-kudhehaadhuaa,Kudhehaadhuaa,GDh,statsmap,2022,0,0,0,0,0,2026-06-11T10:51:05.622Z
gdh-haadhuaa,Haadhuaa,GDh,statsmap,2022,0,0,0,0,0,2026-06-11T10:51:05.622Z
gdh-bodeinsa,Bodeinsa,GDh,statsmap,2022,0,0,0,0,0,2026-06-11T10:51:05.622Z
gdh-meehinethiyenehuttaa,Meehinethiyenehuttaa,GDh,statsmap,2022,0,0,0,0,0,2026-06-11T10:51:05.622Z
gdh-aakirahuttaa-LD0896,Aakirahuttaa,GDh,statsmap,2022,0,0,0,0,0,2026-06-11T10:51:05.622Z
gdh-hiyanigilihuttaa,Hiyanigilihuttaa,GDh,statsmap,2022,0,0,0,0,0,2026-06-11T10:51:05.622Z
gdh-hadahahuttaa,Hadahahuttaa,GDh,statsmap,2022,0,0,0,0,0,2026-06-11T10:51:05.622Z
gdh-kurehdhoo,Kurehdhoo,GDh,statsmap,2022,0,0,0,0,0,2026-06-11T10:51:05.622Z
gdh-dhiyanigillaa,Dhiyanigillaa,GDh,statsmap,2022,0,0,0,0,0,2026-06-11T10:51:05.622Z
gdh-ekurukerataa,Ekurukerataa,GDh,statsmap,2022,0,0,0,0,0,2026-06-11T10:51:05.622Z
gdh-maanaidhoo,Maanaidhoo,GDh,statsmap,2022,0,0,0,0,0,2026-06-11T10:51:05.622Z
gdh-femunaidhoo,Femunaidhoo,GDh,statsmap,2022,0,0,0,0,0,2026-06-11T10:51:05.622Z
gdh-rathafandhoo,Rathafandhoo,GDh,census-2022,2022,431,253,178,368,,2026-06-11T10:51:35.453Z
gdh-rathafandhoo,Rathafandhoo,GDh,statsmap,2022,431,253,178,366,65,2026-06-11T10:51:05.622Z
gdh-dherukerehaa,Dherukerehaa,GDh,statsmap,2022,0,0,0,0,0,2026-06-11T10:51:05.622Z
gdh-faahuttaa,Faahuttaa,GDh,statsmap,2022,0,0,0,0,0,2026-06-11T10:51:05.622Z
gdh-meyragillaa,Meyragillaa,GDh,statsmap,2022,0,0,0,0,0,2026-06-11T10:51:05.622Z
gdh-keyhuvadhoo,Keyhuvadhoo,GDh,statsmap,2022,0,0,0,0,0,2026-06-11T10:51:05.622Z
gdh-huttaa,Huttaa,GDh,statsmap,2022,0,0,0,0,0,2026-06-11T10:51:05.622Z
gdh-havoddaa,Havoddaa,GDh,statsmap,2022,0,0,0,0,0,2026-06-11T10:51:05.622Z
gdh-olhurataa,Olhurataa,GDh,statsmap,2022,0,0,0,0,0,2026-06-11T10:51:05.622Z
gdh-faresmaathodaa,Faresmaathodaa,GDh,census-2022,2022,858,463,395,761,,2026-06-11T10:51:35.453Z
gdh-faresmaathodaa,Faresmaathodaa,GDh,statsmap,2022,858,463,395,762,96,2026-06-11T10:51:05.622Z
gdh-hulhuvaarulaa,Hulhuvaarulaa,GDh,statsmap,2022,0,0,0,0,0,2026-06-11T10:51:05.622Z
gdh-golhaallaa,Golhaallaa,GDh,statsmap,2022,0,0,0,0,0,2026-06-11T10:51:05.622Z
gdh-vatavarrehaa,Vatavarrehaa,GDh,statsmap,2022,0,0,0,0,0,2026-06-11T10:51:05.622Z
gdh-maakirigalla,Maakirigalla,GDh,statsmap,2022,0,0,0,0,0,2026-06-11T10:51:05.622Z
gdh-dhatemulaidhua,Dhatemulaidhua,GDh,statsmap,2022,0,0,0,0,0,2026-06-11T10:51:05.622Z
gdh-kannigilla,Kannigilla,GDh,statsmap,2022,0,0,0,0,0,2026-06-11T10:51:05.622Z
gdh-madaveli,Madaveli,GDh,census-2022,2022,1219,633,586,1146,,2026-06-11T10:51:35.453Z
gdh-madaveli,Madaveli,GDh,statsmap,2022,1219,633,586,1145,74,2026-06-11T10:51:05.622Z
ha-matheerah,Matheerah,HA,statsmap,2022,0,0,0,0,0,2026-06-11T10:51:05.622Z
ha-dhonakulhi,Dhonakulhi,HA,statsmap,2022,0,0,0,0,0,2026-06-11T10:51:05.622Z
ha-mulidhoo,Mulidhoo,HA,statsmap,2022,0,0,0,0,0,2026-06-11T10:51:05.622Z
ha-vashafaru,Vashafaru,HA,census-2022,2022,476,252,224,408,,2026-06-11T10:51:35.453Z
ha-vashafaru,Vashafaru,HA,statsmap,2022,476,252,224,406,70,2026-06-11T10:51:05.622Z
ha-hoarafushi,Hoarafushi,HA,census-2022,2022,1831,979,852,1626,,2026-06-11T10:51:35.453Z
ha-hoarafushi,Hoarafushi,HA,statsmap,2022,1841,985,856,1654,187,2026-06-11T10:51:05.622Z
ha-innafinolhu,Innafinolhu,HA,statsmap,2022,0,0,0,0,0,2026-06-11T10:51:05.622Z
ha-gallandhoo,Gallandhoo,HA,statsmap,2022,0,0,0,0,0,2026-06-11T10:51:05.622Z
ha-beenaafushi,Beenaafushi,HA,statsmap,2022,0,0,0,0,0,2026-06-11T10:51:05.622Z
ha-gaamathikulhudhoo,Gaamathikulhudhoo,HA,statsmap,2022,0,0,0,0,0,2026-06-11T10:51:05.622Z
ha-alidhuffarufinolhu,Alidhuffarufinolhu,HA,statsmap,2022,0,0,0,0,0,2026-06-11T10:51:05.622Z
ha-uligan,Uligan,HA,census-2022,2022,400,200,200,358,,2026-06-11T10:51:35.453Z
ha-uligan,Uligan,HA,statsmap,2022,400,200,200,356,44,2026-06-11T10:51:05.622Z
ha-ungulifinolhu,Un'gulifinolhu,HA,statsmap,2022,0,0,0,0,0,2026-06-11T10:51:05.622Z
ha-utheemu,Utheemu,HA,census-2022,2022,612,294,318,566,,2026-06-11T10:51:35.453Z
ha-utheemu,Utheemu,HA,statsmap,2022,612,294,318,571,41,2026-06-11T10:51:05.622Z
ha-kandaalifinolhu,Kan'daalifinolhu,HA,statsmap,2022,0,0,0,0,0,2026-06-11T10:51:05.622Z
ha-berinmadhoo,Berinmadhoo,HA,statsmap,2022,0,0,0,0,0,2026-06-11T10:51:05.622Z
ha-manafaru,Manafaru,HA,statsmap,2022,0,0,0,0,0,2026-06-11T10:51:05.622Z
ha-kelaa,Kelaa,HA,census-2022,2022,1117,585,532,964,,2026-06-11T10:51:35.453Z
ha-kelaa,Kelaa,HA,statsmap,2022,1115,581,534,967,148,2026-06-11T10:51:05.622Z
ha-dhidhdhoo,Dhidhdhoo,HA,census-2022,2022,3408,1640,1768,3134,,2026-06-11T10:51:35.453Z
ha-dhidhdhoo,Dhidhdhoo,HA,statsmap,2022,3412,1645,1767,3126,286,2026-06-11T10:51:05.622Z
ha-vangaaru,Van'gaaru,HA,statsmap,2022,0,0,0,0,0,2026-06-11T10:51:05.622Z
ha-maafahi,Maafahi,HA,statsmap,2022,0,0,0,0,0,2026-06-11T10:51:05.622Z
ha-maarandhoo,Maarandhoo,HA,census-2022,2022,667,334,333,615,,2026-06-11T10:51:35.453Z
ha-maarandhoo,Maarandhoo,HA,statsmap,2022,668,335,333,620,48,2026-06-11T10:51:05.622Z
ha-muraidhoo,Muraidhoo,HA,census-2022,2022,534,257,277,495,,2026-06-11T10:51:35.453Z
ha-muraidhoo,Muraidhoo,HA,statsmap,2022,534,257,277,494,40,2026-06-11T10:51:05.622Z
ha-govvaafushi,Govvaafushi,HA,statsmap,2022,0,0,0,0,0,2026-06-11T10:51:05.622Z
ha-maarandhoofarufinolhu,Maarandhoofarufinolhu,HA,statsmap,2022,0,0,0,0,0,2026-06-11T10:51:05.622Z
ha-velifinolhu,Velifinolhu,HA,statsmap,2022,0,0,0,0,0,2026-06-11T10:51:05.622Z
ha-medhafushi,Medhafushi,HA,statsmap,2022,0,0,0,0,0,2026-06-11T10:51:05.622Z
ha-molhadhoo,Molhadhoo,HA,census-2022,2022,286,163,123,240,,2026-06-11T10:51:35.453Z
ha-molhadhoo,Molhadhoo,HA,statsmap,2022,286,163,123,245,41,2026-06-11T10:51:05.622Z
ha-ihavandhoo,Ihavandhoo,HA,census-2022,2022,2866,1421,1445,2681,,2026-06-11T10:51:35.453Z
ha-ihavandhoo,Ihavandhoo,HA,statsmap,2022,2873,1426,1447,2699,174,2026-06-11T10:51:05.622Z
ha-madulu,Madulu,HA,statsmap,2022,0,0,0,0,0,2026-06-11T10:51:05.622Z
ha-thuraakunu,Thuraakunu,HA,census-2022,2022,427,224,203,381,,2026-06-11T10:51:35.453Z
ha-thuraakunu,Thuraakunu,HA,statsmap,2022,427,224,203,380,47,2026-06-11T10:51:05.622Z
ha-maafinolhu,Maafinolhu,HA,statsmap,2022,0,0,0,0,0,2026-06-11T10:51:05.622Z
ha-thakandhoo,Thakandhoo,HA,census-2022,2022,279,136,143,241,,2026-06-11T10:51:35.453Z
ha-thakandhoo,Thakandhoo,HA,statsmap,2022,279,136,143,241,38,2026-06-11T10:51:05.622Z
ha-baarah,Baarah,HA,census-2022,2022,1141,550,591,1039,,2026-06-11T10:51:35.453Z
ha-baarah,Baarah,HA,statsmap,2022,1141,550,591,1053,88,2026-06-11T10:51:05.622Z
ha-filladhoo,Filladhoo,HA,census-2022,2022,559,268,291,525,,2026-06-11T10:51:35.453Z
ha-filladhoo,Filladhoo,HA,statsmap,2022,559,268,291,529,30,2026-06-11T10:51:05.622Z
ha-alidhoo,Alidhoo,HA,statsmap,2022,0,0,0,0,0,2026-06-11T10:51:05.622Z
ha-dhapparuhuraa,Dhapparuhuraa,HA,statsmap,2022,0,0,0,0,0,2026-06-11T10:51:05.622Z
ha-huvahandhoo,Huvahandhoo,HA,statsmap,2022,0,0,0,0,0,2026-06-11T10:51:05.622Z
ha-umuraifinolhu,Umuraifinolhu,HA,statsmap,2022,0,0,0,0,0,2026-06-11T10:51:05.622Z
ha-naridhoo,Naridhoo,HA,statsmap,2022,0,0,0,0,0,2026-06-11T10:51:05.622Z
ha-hathifushi,Hathifushi,HA,statsmap,2022,0,0,0,0,0,2026-06-11T10:51:05.622Z
ha-dhigufaruhuraa,Dhigufaruhuraa,HA,statsmap,2022,0,0,0,0,0,2026-06-11T10:51:05.622Z
hdh-hondaafushi,Hon'daafushi,HDh,statsmap,2022,0,0,0,0,0,2026-06-11T10:51:05.622Z
hdh-hondaidhoo,Hon'daidhoo,HDh,statsmap,2022,0,0,0,0,0,2026-06-11T10:51:05.622Z
hdh-faridhoo,Faridhoo,HDh,statsmap,2022,0,0,0,0,0,2026-06-11T10:51:05.622Z
hdh-finey,Finey,HDh,census-2022,2022,409,182,227,380,,2026-06-11T10:51:35.453Z
hdh-finey,Finey,HDh,statsmap,2022,409,182,227,385,24,2026-06-11T10:51:05.622Z
hdh-theefaridhoo,Theefaridhoo,HDh,statsmap,2022,0,0,0,0,0,2026-06-11T10:51:05.622Z
hdh-naivaadhoo,Naivaadhoo,HDh,census-2022,2022,495,238,257,436,,2026-06-11T10:51:35.453Z
hdh-naivaadhoo,Naivaadhoo,HDh,statsmap,2022,495,238,257,436,59,2026-06-11T10:51:05.622Z
hdh-veligandu,Veligan'du,HDh,statsmap,2022,0,0,0,0,0,2026-06-11T10:51:05.622Z
hdh-ruffushi,Ruffushi,HDh,statsmap,2022,0,0,0,0,0,2026-06-11T10:51:05.622Z
hdh-kanamana,Kanamana,HDh,statsmap,2022,0,0,0,0,0,2026-06-11T10:51:05.622Z
hdh-hirinaidhoo,Hirinaidhoo,HDh,statsmap,2022,0,0,0,0,0,2026-06-11T10:51:05.622Z
hdh-nellaidhoo,Nellaidhoo,HDh,census-2022,2022,1036,478,558,983,,2026-06-11T10:51:35.453Z
hdh-nellaidhoo,Nellaidhoo,HDh,statsmap,2022,1038,480,558,990,48,2026-06-11T10:51:05.622Z
hdh-hirimaradhoo,Hirimaradhoo,HDh,census-2022,2022,293,157,136,260,,2026-06-11T10:51:35.453Z
hdh-hirimaradhoo,Hirimaradhoo,HDh,statsmap,2022,293,157,136,258,35,2026-06-11T10:51:05.622Z
hdh-kunburudhoo,Kun'burudhoo,HDh,statsmap,2022,0,0,0,0,0,2026-06-11T10:51:05.622Z
hdh-kurinbi,Kurin'bi,HDh,census-2022,2022,492,227,265,468,,2026-06-11T10:51:35.453Z
hdh-kurinbi,Kurin'bi,HDh,statsmap,2022,492,227,265,479,13,2026-06-11T10:51:05.622Z
hdh-muiri,Muiri,HDh,statsmap,2022,0,0,0,0,0,2026-06-11T10:51:05.622Z
hdh-naagoashi,Naagoashi,HDh,statsmap,2022,0,0,0,0,0,2026-06-11T10:51:05.622Z
hdh-kudamuraidhoo,Kudamuraidhoo,HDh,statsmap,2022,0,0,0,0,0,2026-06-11T10:51:05.622Z
hdh-keylakunu,Keylakunu,HDh,statsmap,2022,0,0,0,0,0,2026-06-11T10:51:05.622Z
hdh-kumundhoo,Kumundhoo,HDh,census-2022,2022,996,464,532,938,,2026-06-11T10:51:35.453Z
hdh-kumundhoo,Kumundhoo,HDh,statsmap,2022,997,465,532,941,56,2026-06-11T10:51:05.622Z
hdh-kattalafushi,Kattalafushi,HDh,statsmap,2022,0,0,0,0,0,2026-06-11T10:51:05.622Z
hdh-neykurendhoo,Neykurendhoo,HDh,census-2022,2022,641,311,330,556,,2026-06-11T10:51:35.453Z
hdh-neykurendhoo,Neykurendhoo,HDh,statsmap,2022,641,311,330,563,78,2026-06-11T10:51:05.622Z
hdh-vaikaradhoo,Vaikaradhoo,HDh,census-2022,2022,776,403,373,692,,2026-06-11T10:51:35.453Z
hdh-vaikaradhoo,Vaikaradhoo,HDh,statsmap,2022,776,403,373,695,81,2026-06-11T10:51:05.622Z
hdh-vaikaramuraidhoo,Vaikaramuraidhoo,HDh,statsmap,2022,0,0,0,0,0,2026-06-11T10:51:05.622Z
hdh-maavaidhoo,Maavaidhoo,HDh,statsmap,2022,0,0,0,0,0,2026-06-11T10:51:05.622Z
hdh-makunudhoo,Makunudhoo,HDh,census-2022,2022,1265,608,657,1201,,2026-06-11T10:51:35.453Z
hdh-makunudhoo,Makunudhoo,HDh,statsmap,2022,1265,608,657,1204,61,2026-06-11T10:51:05.622Z
hdh-fenboahuraa,Fenboahuraa,HDh,statsmap,2022,0,0,0,0,0,2026-06-11T10:51:05.622Z
hdh-innafushi,Innafushi,HDh,statsmap,2022,0,0,0,0,0,2026-06-11T10:51:05.622Z
hdh-dhipparufushi,Dhipparufushi,HDh,statsmap,2022,0,0,0,0,0,2026-06-11T10:51:05.622Z
hdh-kulhudhuffushi,Kulhudhuffushi,HDh,census-2022,2022,10251,5053,5198,9265,,2026-06-11T10:51:35.453Z
hdh-kulhudhuffushi,Kulhudhuffushi,HDh,statsmap,2022,10131,4925,5206,9334,797,2026-06-11T10:51:05.622Z
hdh-nolhivaran,Nolhivaran,HDh,census-2022,2022,1980,872,1108,1904,,2026-06-11T10:51:35.453Z
hdh-nolhivaran,Nolhivaran,HDh,statsmap,2022,1985,875,1110,1920,65,2026-06-11T10:51:05.622Z
hdh-nolhivaranfaru,Nolhivaranfaru,HDh,census-2022,2022,1255,605,650,1130,,2026-06-11T10:51:35.453Z
hdh-nolhivaranfaru,Nolhivaranfaru,HDh,statsmap,2022,1254,602,652,1130,124,2026-06-11T10:51:05.622Z
hdh-hanimaadhoo,Hanimaadhoo,HDh,census-2022,2022,2645,1643,1002,1897,,2026-06-11T10:51:35.453Z
hdh-hanimaadhoo,Hanimaadhoo,HDh,statsmap,2022,2664,1534,1130,1895,769,2026-06-11T10:51:05.622Z
l-kalhaidhoo,Kalhaidhoo,L,statsmap,2022,0,0,0,0,0,2026-06-11T10:51:05.622Z
l-burrahaa,Burrahaa,L,statsmap,2022,0,0,0,0,0,2026-06-11T10:51:05.622Z
l-bodufenrahaa,Bodufenrahaa,L,statsmap,2022,0,0,0,0,0,2026-06-11T10:51:05.622Z
l-aarahaa,Aarahaa,L,statsmap,2022,0,0,0,0,0,2026-06-11T10:51:05.622Z
l-olhutholhu,Olhutholhu,L,statsmap,2022,0,0,0,0,0,2026-06-11T10:51:05.622Z
l-mundoo,Mundoo,L,census-2022,2022,176,104,72,140,,2026-06-11T10:51:35.453Z
l-mundoo,Mundoo,L,statsmap,2022,176,104,72,140,36,2026-06-11T10:51:05.622Z
l-gan,Gan,L,statsmap,2022,4815,2460,2355,3856,959,2026-06-11T10:51:05.622Z
l-gasgandufinolhu,Gasgan'dufinolhu,L,statsmap,2022,0,0,0,0,0,2026-06-11T10:51:05.622Z
l-bodumungnafushi,Bodumungnafushi,L,statsmap,2022,0,0,0,0,0,2026-06-11T10:51:05.622Z
l-holhurahaa,Holhurahaa,L,statsmap,2022,0,0,0,0,0,2026-06-11T10:51:05.622Z
l-gaadhoo,Gaadhoo,L,statsmap,2022,0,0,0,0,0,2026-06-11T10:51:05.622Z
l-hithadhoo,Hithadhoo,L,census-2022,2022,1109,558,551,1049,,2026-06-11T10:51:35.453Z
l-hithadhoo,Hithadhoo,L,statsmap,2022,1108,558,550,1049,59,2026-06-11T10:51:05.622Z
l-thunburi,Thun'buri,L,statsmap,2022,0,0,0,0,0,2026-06-11T10:51:05.622Z
l-kunahandhoo,Kunahandhoo,L,census-2022,2022,601,295,306,565,,2026-06-11T10:51:35.453Z
l-kunahandhoo,Kunahandhoo,L,statsmap,2022,601,295,306,581,20,2026-06-11T10:51:05.622Z
l-kashidhoo,Kashidhoo,L,statsmap,2022,0,0,0,0,0,2026-06-11T10:51:05.622Z
l-kudarah,Kudarah,L,statsmap,2022,0,0,0,0,0,2026-06-11T10:51:05.622Z
l-maamendhoo,Maamendhoo,L,census-2022,2022,872,470,402,768,,2026-06-11T10:51:35.453Z
l-maamendhoo,Maamendhoo,L,statsmap,2022,879,475,404,787,92,2026-06-11T10:51:05.622Z
l-hulhimendhoo,Hulhimendhoo,L,statsmap,2022,0,0,0,0,0,2026-06-11T10:51:05.622Z
l-fonadhoo,Fonadhoo,L,census-2022,2022,2961,1567,1394,2715,,2026-06-11T10:51:35.453Z
l-fonadhoo,Fonadhoo,L,statsmap,2022,2986,1579,1407,2738,248,2026-06-11T10:51:05.622Z
l-bodumahigulhi,Bodumahigulhi,L,statsmap,2022,0,0,0,0,0,2026-06-11T10:51:05.622Z
l-vadinolhu,Vadinolhu,L,statsmap,2022,0,0,0,0,0,2026-06-11T10:51:05.622Z
l-hulhiyandhoo,Hulhiyandhoo,L,statsmap,2022,0,0,0,0,0,2026-06-11T10:51:05.622Z
l-baresdhoo,Baresdhoo,L,statsmap,2022,0,0,0,0,0,2026-06-11T10:51:05.622Z
l-fonagaadhoo,Fonagaadhoo,L,statsmap,2022,0,0,0,0,0,2026-06-11T10:51:05.622Z
l-enberahaa,Enberahaa,L,statsmap,2022,0,0,0,0,0,2026-06-11T10:51:05.622Z
l-hulhisdhoo,Hulhisdhoo,L,statsmap,2022,0,0,0,0,0,2026-06-11T10:51:05.622Z
l-maavah,Maavah,L,census-2022,2022,1378,675,703,1298,,2026-06-11T10:51:35.453Z
l-maavah,Maavah,L,statsmap,2022,1379,675,704,1312,67,2026-06-11T10:51:05.622Z
l-boduhuraa,Boduhuraa,L,statsmap,2022,0,0,0,0,0,2026-06-11T10:51:05.622Z
l-kudaveshi,Kudaveshi,L,statsmap,2022,0,0,0,0,0,2026-06-11T10:51:05.622Z
l-maabaidhoo,Maabaidhoo,L,census-2022,2022,566,275,291,496,,2026-06-11T10:51:35.453Z
l-maabaidhoo,Maabaidhoo,L,statsmap,2022,565,274,291,495,70,2026-06-11T10:51:05.622Z
l-olhuveli,Olhuveli,L,statsmap,2022,0,0,0,0,0,2026-06-11T10:51:05.622Z
l-hanhushi,Hanhushi,L,statsmap,2022,0,0,0,0,0,2026-06-11T10:51:05.622Z
l-isdhoo,Isdhoo,L,census-2022,2022,931,485,446,862,,2026-06-11T10:51:35.453Z
l-isdhoo,Isdhoo,L,statsmap,2022,929,483,446,858,71,2026-06-11T10:51:05.622Z
l-dhekunuvinagandu,Dhekunuvinagan'du,L,statsmap,2022,0,0,0,0,0,2026-06-11T10:51:05.622Z
l-dhonberahaa,Dhonberahaa,L,statsmap,2022,0,0,0,0,0,2026-06-11T10:51:05.622Z
l-athahendhu,Athahendhu,L,statsmap,2022,0,0,0,0,0,2026-06-11T10:51:05.622Z
l-veligandufinolhu,Veligan'dufinolhu,L,statsmap,2022,0,0,0,0,0,2026-06-11T10:51:05.622Z
l-fenboahuraa,Fenboahuraa,L,statsmap,2022,0,0,0,0,0,2026-06-11T10:51:05.622Z
l-kalhurahaa,Kalhurahaa,L,statsmap,2022,0,0,0,0,0,2026-06-11T10:51:05.622Z
l-bokaiyfushi,Bokaiyfushi,L,statsmap,2022,0,0,0,0,0,2026-06-11T10:51:05.622Z
l-hendha,Hendha,L,statsmap,2022,0,0,0,0,0,2026-06-11T10:51:05.622Z
l-uvadhevifushi,Uvadhevifushi,L,statsmap,2022,0,0,0,0,0,2026-06-11T10:51:05.622Z
l-kanuhuraa,Kanuhuraa,L,statsmap,2022,0,0,0,0,0,2026-06-11T10:51:05.622Z
l-maaveshi,Maaveshi,L,statsmap,2022,0,0,0,0,0,2026-06-11T10:51:05.622Z
l-haiythoshi,Haiythoshi,L,statsmap,2022,0,0,0,0,0,2026-06-11T10:51:05.622Z
l-kandaru,Kandaru,L,statsmap,2022,0,0,0,0,0,2026-06-11T10:51:05.622Z
l-hikandhirahaa,Hikan'dhirahaa,L,statsmap,2022,0,0,0,0,0,2026-06-11T10:51:05.622Z
l-bodumaabulhali,Bodumaabulhali,L,statsmap,2022,0,0,0,0,0,2026-06-11T10:51:05.622Z
l-rahaa,Rahaa,L,statsmap,2022,0,0,0,0,0,2026-06-11T10:51:05.622Z
l-kalaidhoo,Kalaidhoo,L,census-2022,2022,652,358,294,584,,2026-06-11T10:51:35.453Z
l-maafushi,Maafushi,L,statsmap,2022,0,0,0,0,0,2026-06-11T10:51:05.622Z
l-maakalhuveli,Maakalhuveli,L,statsmap,2022,0,0,0,0,0,2026-06-11T10:51:05.622Z
l-guraidhoo,Guraidhoo,L,statsmap,2022,0,0,0,0,0,2026-06-11T10:51:05.622Z
l-kuredhirehaa,Kuredhirehaa,L,statsmap,2022,0,0,0,0,0,2026-06-11T10:51:05.622Z
l-kudafenrehaa,Kudafenrehaa,L,statsmap,2022,0,0,0,0,0,2026-06-11T10:51:05.622Z
l-kudafushi,Kudafushi,L,statsmap,2022,0,0,0,0,0,2026-06-11T10:51:05.622Z
l-dhanbidhoo,Dhan'bidhoo,L,census-2022,2022,606,301,305,565,,2026-06-11T10:51:35.453Z
l-dhanbidhoo,Dhan'bidhoo,L,statsmap,2022,606,301,305,567,39,2026-06-11T10:51:05.622Z
l-fushi,Fushi,L,statsmap,2022,0,0,0,0,0,2026-06-11T10:51:05.622Z
l-mendhoo,Mendhoo,L,statsmap,2022,0,0,0,0,0,2026-06-11T10:51:05.622Z
l-fenboarahaa,Fenboarahaa,L,statsmap,2022,0,0,0,0,0,2026-06-11T10:51:05.622Z
l-thathunrahaa,Thathunrahaa,L,statsmap,2022,0,0,0,0,0,2026-06-11T10:51:05.622Z
l-kudamungnafushi,Kudamungnafushi,L,statsmap,2022,0,0,0,0,0,2026-06-11T10:51:05.622Z
l-bodufinolhu,Bodufinolhu,L,statsmap,2022,0,0,0,0,0,2026-06-11T10:51:05.622Z
l-kokurahaa,Kokurahaa,L,statsmap,2022,0,0,0,0,0,2026-06-11T10:51:05.622Z
l-kudamahigulhi,Kudamahigulhi,L,statsmap,2022,0,0,0,0,0,2026-06-11T10:51:05.622Z
l-boduhuraa-LD0239,Boduhuraa,L,statsmap,2022,0,0,0,0,0,2026-06-11T10:51:05.622Z
l-uthuruvinagandu,Uthuruvinagan'du,L,statsmap,2022,0,0,0,0,0,2026-06-11T10:51:05.622Z
l-kudamaabulhali,Kudamaabulhali,L,statsmap,2022,0,0,0,0,0,2026-06-11T10:51:05.622Z
l-fares,Fares,L,statsmap,2022,0,0,0,0,0,2026-06-11T10:51:05.622Z
l-bodufinolhu-LD1160,Bodufinolhu,L,statsmap,2022,0,0,0,0,0,2026-06-11T10:51:05.622Z
l-mahakanfushi,Mahakanfushi,L,statsmap,2022,0,0,0,0,0,2026-06-11T10:51:05.622Z
l-medhuvinagandu,Medhuvinagan'du,L,statsmap,2022,0,0,0,0,0,2026-06-11T10:51:05.622Z
lh-lhohi,Lhohi,Lh,statsmap,2022,0,0,0,0,0,2026-06-11T10:51:05.622Z
lh-naifaru,Naifaru,Lh,census-2022,2022,4814,2604,2210,4089,,2026-06-11T10:51:35.453Z
lh-naifaru,Naifaru,Lh,statsmap,2022,4832,2554,2278,4114,718,2026-06-11T10:51:05.622Z
lh-felivaru,Felivaru,Lh,statsmap,2022,0,0,0,0,0,2026-06-11T10:51:05.622Z
lh-kalhumanjehuraa,Kalhumanjehuraa,Lh,statsmap,2022,0,0,0,0,0,2026-06-11T10:51:05.622Z
lh-fehigili,Fehigili,Lh,statsmap,2022,0,0,0,0,0,2026-06-11T10:51:05.622Z
lh-vavvaru,Vavvaru,Lh,statsmap,2022,0,0,0,0,0,2026-06-11T10:51:05.622Z
lh-maakoa,Maakoa,Lh,statsmap,2022,0,0,0,0,0,2026-06-11T10:51:05.622Z
lh-maabinhuraa,Maabinhuraa,Lh,statsmap,2022,0,0,0,0,0,2026-06-11T10:51:05.622Z
lh-maduvvari,Maduvvari,Lh,statsmap,2022,0,0,0,0,0,2026-06-11T10:51:05.622Z
lh-dheruffinolhu,Dheruffinolhu,Lh,statsmap,2022,0,0,0,0,0,2026-06-11T10:51:05.622Z
lh-meedhaahuraa,Meedhaahuraa,Lh,statsmap,2022,0,0,0,0,0,2026-06-11T10:51:05.622Z
lh-hudhufushi,Hudhufushi,Lh,statsmap,2022,0,0,0,0,0,2026-06-11T10:51:05.622Z
lh-kurehdhoo,Kurehdhoo,Lh,statsmap,2022,0,0,0,0,0,2026-06-11T10:51:05.622Z
lh-medhafushi,Medhafushi,Lh,statsmap,2022,0,0,0,0,0,2026-06-11T10:51:05.622Z
lh-kanuhuraa,Kanuhuraa,Lh,statsmap,2022,0,0,0,0,0,2026-06-11T10:51:05.622Z
lh-hinnavaru,Hinnavaru,Lh,census-2022,2022,2288,1088,1200,2149,,2026-06-11T10:51:35.453Z
lh-hinnavaru,Hinnavaru,Lh,statsmap,2022,2286,1087,1199,2148,138,2026-06-11T10:51:05.622Z
lh-madivaru,Madivaru,Lh,statsmap,2022,0,0,0,0,0,2026-06-11T10:51:05.622Z
lh-veyvah,Veyvah,Lh,statsmap,2022,0,0,0,0,0,2026-06-11T10:51:05.622Z
lh-bodufinolhu,Bodufinolhu,Lh,statsmap,2022,0,0,0,0,0,2026-06-11T10:51:05.622Z
lh-vihafarufinolhu,Vihafarufinolhu,Lh,statsmap,2022,0,0,0,0,0,2026-06-11T10:51:05.622Z
lh-meyyafushi,Meyyafushi,Lh,statsmap,2022,0,0,0,0,0,2026-06-11T10:51:05.622Z
lh-maafilaafushi,Maafilaafushi,Lh,statsmap,2022,0,0,0,0,0,2026-06-11T10:51:05.622Z
lh-kurendhoo,Kurendhoo,Lh,census-2022,2022,1171,597,574,1029,,2026-06-11T10:51:35.453Z
lh-kurendhoo,Kurendhoo,Lh,statsmap,2022,1171,593,578,1037,134,2026-06-11T10:51:05.622Z
lh-olhuvelifushi,Olhuvelifushi,Lh,census-2022,2022,696,346,350,635,,2026-06-11T10:51:35.453Z
lh-olhuvelifushi,Olhuvelifushi,Lh,statsmap,2022,703,350,353,655,48,2026-06-11T10:51:05.622Z
lh-maidhoo,Maidhoo,Lh,statsmap,2022,0,0,0,0,0,2026-06-11T10:51:05.622Z
lh-faadhoo,Faadhoo,Lh,statsmap,2022,0,0,0,0,0,2026-06-11T10:51:05.622Z
lh-dhehuraa-evvihuraa,Dhehuraa Evvihuraa,Lh,statsmap,2022,0,0,0,0,0,2026-06-11T10:51:05.622Z
lh-varihuraa,Varihuraa,Lh,statsmap,2022,0,0,0,0,0,2026-06-11T10:51:05.622Z
lh-innahuraa,Innahuraa,Lh,statsmap,2022,0,0,0,0,0,2026-06-11T10:51:05.622Z
lh-bodufaahuraa,Bodufaahuraa,Lh,statsmap,2022,0,0,0,0,0,2026-06-11T10:51:05.622Z
lh-masleggihuraa,Masleggihuraa,Lh,statsmap,2022,0,0,0,0,0,2026-06-11T10:51:05.622Z
lh-thilamaafushi,Thilamaafushi,Lh,statsmap,2022,0,0,0,0,0,2026-06-11T10:51:05.622Z
lh-boamandhipparu-huraagandu,Boamandhipparu Huraagan'du,Lh,statsmap,2022,0,0,0,0,0,2026-06-11T10:51:05.622Z
lh-huravalhi,Huravalhi,Lh,statsmap,2022,0,0,0,0,0,2026-06-11T10:51:05.622Z
lh-gaaerifaru,Gaaerifaru,Lh,statsmap,2022,0,0,0,0,0,2026-06-11T10:51:05.622Z
lh-fushifaru,Fushifaru,Lh,statsmap,2022,0,0,0,0,0,2026-06-11T10:51:05.622Z
lh-dhashugirifinolhu,Dhashugirifinolhu,Lh,statsmap,2022,0,0,0,0,0,2026-06-11T10:51:05.622Z
lh-komandoo,Komandoo,Lh,statsmap,2022,0,0,0,0,0,2026-06-11T10:51:05.622Z
lh-dhihdhoo,Dhihdhoo,Lh,statsmap,2022,0,0,0,0,0,2026-06-11T10:51:05.622Z
lh-lhossalafushi,Lhossalafushi,Lh,statsmap,2022,0,0,0,0,0,2026-06-11T10:51:05.622Z
lh-ookolhufinolhu,Ookolhufinolhu,Lh,statsmap,2022,0,0,0,0,0,2026-06-11T10:51:05.622Z
lh-veligandu,Veligan'du,Lh,statsmap,2022,0,0,0,0,0,2026-06-11T10:51:05.622Z
lh-faadhoohuraagandu,Faadhoohuraagan'du,Lh,statsmap,2022,0,0,0,0,0,2026-06-11T10:51:05.622Z
lh-madhiriguraidhoo,Madhiriguraidhoo,Lh,statsmap,2022,0,0,0,0,0,2026-06-11T10:51:05.622Z
lh-medha-adihuraa,Medha Adihuraa,Lh,statsmap,2022,0,0,0,0,0,2026-06-11T10:51:05.622Z
lh-kudadhoo,Kudadhoo,Lh,statsmap,2022,0,0,0,0,0,2026-06-11T10:51:05.622Z
lh-kanifushi,Kanifushi,Lh,statsmap,2022,0,0,0,0,0,2026-06-11T10:51:05.622Z
lh-hiriyadhoo,Hiriyadhoo,Lh,statsmap,2022,0,0,0,0,0,2026-06-11T10:51:05.622Z
lh-dhiffushi,Dhiffushi,Lh,statsmap,2022,0,0,0,0,0,2026-06-11T10:51:05.622Z
lh-sehlhifushi,Sehlhifushi,Lh,statsmap,2022,0,0,0,0,0,2026-06-11T10:51:05.622Z
lh-fainuaadhanuhuraa,Fainuaadhanuhuraa,Lh,statsmap,2022,0,0,0,0,0,2026-06-11T10:51:05.622Z
lh-aligau,Aligau,Lh,statsmap,2022,0,0,0,0,0,2026-06-11T10:51:05.622Z
m-gongalihuraa,Gongalihuraa,M,statsmap,2022,0,0,0,0,0,2026-06-11T10:51:05.622Z
m-gasveli,Gasveli,M,statsmap,2022,0,0,0,0,0,2026-06-11T10:51:05.622Z
m-dhiggaru,Dhiggaru,M,census-2022,2022,1096,535,561,965,,2026-06-11T10:51:35.453Z
m-dhiggaru,Dhiggaru,M,statsmap,2022,1099,541,558,984,115,2026-06-11T10:51:05.622Z
m-maalhaveli,Maalhaveli,M,statsmap,2022,0,0,0,0,0,2026-06-11T10:51:05.622Z
m-medhufushi,Medhufushi,M,statsmap,2022,0,0,0,0,0,2026-06-11T10:51:05.622Z
m-gaakurali,Gaakurali,M,statsmap,2022,0,0,0,0,0,2026-06-11T10:51:05.622Z
m-maahuraa,Maahuraa,M,statsmap,2022,0,0,0,0,0,2026-06-11T10:51:05.622Z
m-maausfushi,Maausfushi,M,statsmap,2022,0,0,0,0,0,2026-06-11T10:51:05.622Z
m-hakuraahuraa,Hakuraahuraa,M,statsmap,2022,0,0,0,0,0,2026-06-11T10:51:05.622Z
m-erruhhuraa,Erruhhuraa,M,statsmap,2022,0,0,0,0,0,2026-06-11T10:51:05.622Z
m-muli,Muli,M,census-2022,2022,940,541,399,759,,2026-06-11T10:51:35.453Z
m-muli,Muli,M,statsmap,2022,949,550,399,769,180,2026-06-11T10:51:05.622Z
m-seedheehuraa,Seedheehuraa,M,statsmap,2022,0,0,0,0,0,2026-06-11T10:51:05.622Z
m-boahuraa,Boahuraa,M,statsmap,2022,0,0,0,0,0,2026-06-11T10:51:05.622Z
m-uthurugaseveli,Uthurugaseveli,M,statsmap,2022,0,0,0,0,0,2026-06-11T10:51:05.622Z
m-kekuraalhuveli,Kekuraalhuveli,M,statsmap,2022,0,0,0,0,0,2026-06-11T10:51:05.622Z
m-dhihthundi,Dhihthun'di,M,statsmap,2022,0,0,0,0,0,2026-06-11T10:51:05.622Z
m-kudausfushi,Kudausfushi,M,statsmap,2022,0,0,0,0,0,2026-06-11T10:51:05.622Z
m-madifushi,Madifushi,M,statsmap,2022,0,0,0,0,0,2026-06-11T10:51:05.622Z
m-naalaafushi,Naalaafushi,M,census-2022,2022,430,223,207,384,,2026-06-11T10:51:35.453Z
m-naalaafushi,Naalaafushi,M,statsmap,2022,430,223,207,388,42,2026-06-11T10:51:05.622Z
m-etherefasgandu,Etherefasgan'du,M,statsmap,2022,0,0,0,0,0,2026-06-11T10:51:05.622Z
m-hurasveli,Hurasveli,M,statsmap,2022,0,0,0,0,0,2026-06-11T10:51:05.622Z
m-uthuruboduveli,Uthuruboduveli,M,statsmap,2022,0,0,0,0,0,2026-06-11T10:51:05.622Z
m-hudhuveli,Hudhuveli,M,statsmap,2022,0,0,0,0,0,2026-06-11T10:51:05.622Z
m-thuvaru,Thuvaru,M,statsmap,2022,0,0,0,0,0,2026-06-11T10:51:05.622Z
m-bodukanduhuraa,Bodukan'duhuraa,M,statsmap,2022,0,0,0,0,0,2026-06-11T10:51:05.622Z
m-vannanerufasgandu,Vannanerufasgan'du,M,statsmap,2022,0,0,0,0,0,2026-06-11T10:51:05.622Z
m-dhekunuboduveli,Dhekunuboduveli,M,statsmap,2022,0,0,0,0,0,2026-06-11T10:51:05.622Z
m-raabandhihuraa,Raaban'dhihuraa,M,statsmap,2022,0,0,0,0,0,2026-06-11T10:51:05.622Z
m-maduvvari,Maduvvari,M,census-2022,2022,318,191,127,256,,2026-06-11T10:51:35.453Z
m-maduvvari,Maduvvari,M,statsmap,2022,318,191,127,259,59,2026-06-11T10:51:05.622Z
m-veyvah,Veyvah,M,census-2022,2022,304,196,108,240,,2026-06-11T10:51:35.453Z
m-veyvah,Veyvah,M,statsmap,2022,304,196,108,235,69,2026-06-11T10:51:05.622Z
m-kuradhigandu,Kuradhigan'du,M,statsmap,2022,0,0,0,0,0,2026-06-11T10:51:05.622Z
m-fenfuraaveli,Fenfuraaveli,M,statsmap,2022,0,0,0,0,0,2026-06-11T10:51:05.622Z
m-seedheehuraaveligandu,Seedheehuraaveligan'du,M,statsmap,2022,0,0,0,0,0,2026-06-11T10:51:05.622Z
m-thuvaru-uthuruhuraa,Thuvaru Uthuruhuraa,M,statsmap,2022,0,0,0,0,0,2026-06-11T10:51:05.622Z
m-kolhufushi,Kolhufushi,M,census-2022,2022,790,403,387,692,,2026-06-11T10:51:35.453Z
m-kolhufushi,Kolhufushi,M,statsmap,2022,793,404,389,702,91,2026-06-11T10:51:05.622Z
m-kakaahuraa,Kakaahuraa,M,statsmap,2022,0,0,0,0,0,2026-06-11T10:51:05.622Z
m-mulah,Mulah,M,census-2022,2022,1423,728,695,1283,,2026-06-11T10:51:35.453Z
m-mulah,Mulah,M,statsmap,2022,1426,729,697,1292,134,2026-06-11T10:51:05.622Z
m-raiymandhoo,Raiymandhoo,M,census-2022,2022,170,106,64,118,,2026-06-11T10:51:35.453Z
m-raiymandhoo,Raiymandhoo,M,statsmap,2022,171,107,64,122,49,2026-06-11T10:51:05.622Z
n-maavelavaru,Maavelavaru,N,statsmap,2022,0,0,0,0,0,2026-06-11T10:51:05.622Z
n-medhufaru,Medhufaru,N,statsmap,2022,0,0,0,0,0,2026-06-11T10:51:05.622Z
n-goanbilivaadhoo,Goan'bilivaadhoo,N,statsmap,2022,0,0,0,0,0,2026-06-11T10:51:05.622Z
n-orivarukudarah,Orivarukudarah,N,statsmap,2022,0,0,0,0,0,2026-06-11T10:51:05.622Z
n-fohdhipparu,Fohdhipparu,N,statsmap,2022,0,0,0,0,0,2026-06-11T10:51:05.622Z
n-kunnamalei,Kunnamalei,N,statsmap,2022,0,0,0,0,0,2026-06-11T10:51:05.622Z
n-fushivelavaru,Fushivelavaru,N,statsmap,2022,0,0,0,0,0,2026-06-11T10:51:05.622Z
n-farumuli,Farumuli,N,statsmap,2022,0,0,0,0,0,2026-06-11T10:51:05.622Z
n-landhoo,Landhoo,N,census-2022,2022,752,338,414,686,,2026-06-11T10:51:35.453Z
n-landhoo,Landhoo,N,statsmap,2022,757,343,414,700,57,2026-06-11T10:51:05.622Z
n-maalhendhoo,Maalhendhoo,N,census-2022,2022,715,345,370,648,,2026-06-11T10:51:35.453Z
n-maalhendhoo,Maalhendhoo,N,statsmap,2022,724,353,371,674,50,2026-06-11T10:51:05.622Z
n-dheefuram,Dheefuram,N,statsmap,2022,0,0,0,0,0,2026-06-11T10:51:05.622Z
n-orivaru,Orivaru,N,statsmap,2022,0,0,0,0,0,2026-06-11T10:51:05.622Z
n-vavathi,Vavathi,N,statsmap,2022,0,0,0,0,0,2026-06-11T10:51:05.622Z
n-kudafushi,Kudafushi,N,statsmap,2022,0,0,0,0,0,2026-06-11T10:51:05.622Z
n-karinmavattaru,Karinmavattaru,N,statsmap,2022,0,0,0,0,0,2026-06-11T10:51:05.622Z
n-fodhdhoo,Fodhdhoo,N,census-2022,2022,344,209,135,279,,2026-06-11T10:51:35.453Z
n-fodhdhoo,Fodhdhoo,N,statsmap,2022,345,210,135,274,71,2026-06-11T10:51:05.622Z
n-ekulhivaru,Ekulhivaru,N,statsmap,2022,0,0,0,0,0,2026-06-11T10:51:05.622Z
n-kedhivaru,Kedhivaru,N,statsmap,2022,0,0,0,0,0,2026-06-11T10:51:05.622Z
n-kudafari,Kudafari,N,census-2022,2022,626,332,294,541,,2026-06-11T10:51:35.453Z
n-kudafari,Kudafari,N,statsmap,2022,628,334,294,551,77,2026-06-11T10:51:05.622Z
n-manadhoo,Manadhoo,N,census-2022,2022,1747,993,754,1455,,2026-06-11T10:51:35.453Z
n-manadhoo,Manadhoo,N,statsmap,2022,1745,987,758,1464,281,2026-06-11T10:51:05.622Z
n-kuramaadhoo,Kuramaadhoo,N,statsmap,2022,0,0,0,0,0,2026-06-11T10:51:05.622Z
n-maafunafaru,Maafunafaru,N,statsmap,2022,0,0,0,0,0,2026-06-11T10:51:05.622Z
n-velidhoo,Velidhoo,N,census-2022,2022,1832,1026,806,1574,,2026-06-11T10:51:35.453Z
n-velidhoo,Velidhoo,N,statsmap,2022,1832,1023,809,1576,256,2026-06-11T10:51:05.622Z
n-lhohi,Lhohi,N,census-2022,2022,693,357,336,610,,2026-06-11T10:51:35.453Z
n-lhohi,Lhohi,N,statsmap,2022,692,354,338,611,81,2026-06-11T10:51:05.622Z
n-raalhulaakolhu,Raalhulaakolhu,N,statsmap,2022,0,0,0,0,0,2026-06-11T10:51:05.622Z
n-maavahdhoo,Maavahdhoo,N,statsmap,2022,0,0,0,0,0,2026-06-11T10:51:05.622Z
n-maafaru,Maafaru,N,census-2022,2022,919,462,457,846,,2026-06-11T10:51:35.453Z
n-maafaru,Maafaru,N,statsmap,2022,919,462,457,846,73,2026-06-11T10:51:05.622Z
n-inguraidhoo,In'guraidhoo,N,statsmap,2022,0,0,0,0,0,2026-06-11T10:51:05.622Z
n-kalaidhoo,Kalaidhoo,N,statsmap,2022,0,0,0,0,0,2026-06-11T10:51:05.622Z
n-huivani,Huivani,N,statsmap,2022,0,0,0,0,0,2026-06-11T10:51:05.622Z
n-huvandhumaavattaru,Huvan'dhumaavattaru,N,statsmap,2022,0,0,0,0,0,2026-06-11T10:51:05.622Z
n-minaavaru,Minaavaru,N,statsmap,2022,0,0,0,0,0,2026-06-11T10:51:05.622Z
n-tholhendhoo,Tholhendhoo,N,statsmap,2022,0,0,0,0,0,2026-06-11T10:51:05.622Z
n-bodufushi,Bodufushi,N,statsmap,2022,0,0,0,0,0,2026-06-11T10:51:05.622Z
n-maakurehdhoo,Maakurehdhoo,N,statsmap,2022,0,0,0,0,0,2026-06-11T10:51:05.622Z
n-thoshigandukolhu,Thoshigan'dukolhu,N,statsmap,2022,0,0,0,0,0,2026-06-11T10:51:05.622Z
n-loafaru,Loafaru,N,statsmap,2022,0,0,0,0,0,2026-06-11T10:51:05.622Z
n-kaalhugemendhoo,Kaalhugemendhoo,N,statsmap,2022,0,0,0,0,0,2026-06-11T10:51:05.622Z
n-bomasdhoo,Bomasdhoo,N,statsmap,2022,0,0,0,0,0,2026-06-11T10:51:05.622Z
n-bodulhaimendhoo,Bodulhaimendhoo,N,statsmap,2022,0,0,0,0,0,2026-06-11T10:51:05.622Z
n-kendhikulhudhoo,Ken'dhikulhudhoo,N,census-2022,2022,1555,750,805,1472,,2026-06-11T10:51:35.453Z
n-kendhikulhudhoo,Ken'dhikulhudhoo,N,statsmap,2022,1556,750,806,1481,75,2026-06-11T10:51:05.622Z
n-thanburudhoo,Than'burudhoo,N,statsmap,2022,0,0,0,0,0,2026-06-11T10:51:05.622Z
n-kandinmaahuraa,Kan'dinmaahuraa,N,statsmap,2022,0,0,0,0,0,2026-06-11T10:51:05.622Z
n-hulhuhdhoo,Hulhuhdhoo,N,statsmap,2022,0,0,0,0,0,2026-06-11T10:51:05.622Z
n-magoodhoo,Magoodhoo,N,census-2022,2022,305,150,155,285,,2026-06-11T10:51:35.453Z
n-magoodhoo,Magoodhoo,N,statsmap,2022,305,150,155,284,21,2026-06-11T10:51:05.622Z
n-felivaru,Felivaru,N,statsmap,2022,0,0,0,0,0,2026-06-11T10:51:05.622Z
n-henbadhoo,Hen'badhoo,N,census-2022,2022,639,310,329,588,,2026-06-11T10:51:35.453Z
n-henbadhoo,Hen'badhoo,N,statsmap,2022,638,310,328,588,50,2026-06-11T10:51:05.622Z
n-orimasvaru,Orimasvaru,N,statsmap,2022,0,0,0,0,0,2026-06-11T10:51:05.622Z
n-kudafunafaru,Kudafunafaru,N,statsmap,2022,0,0,0,0,0,2026-06-11T10:51:05.622Z
n-raafushi,Raafushi,N,statsmap,2022,0,0,0,0,0,2026-06-11T10:51:05.622Z
n-medhafushi,Medhafushi,N,statsmap,2022,0,0,0,0,0,2026-06-11T10:51:05.622Z
n-randheli,Randheli,N,statsmap,2022,0,0,0,0,0,2026-06-11T10:51:05.622Z
n-dhigurah,Dhigurah,N,statsmap,2022,0,0,0,0,0,2026-06-11T10:51:05.622Z
n-miladhoo,Miladhoo,N,census-2022,2022,933,440,493,851,,2026-06-11T10:51:35.453Z
n-miladhoo,Miladhoo,N,statsmap,2022,934,440,494,857,77,2026-06-11T10:51:05.622Z
n-kuredhivaru,Kuredhivaru,N,statsmap,2022,0,0,0,0,0,2026-06-11T10:51:05.622Z
n-dhelibeyruhelhihuraa,Dhelibeyruhelhihuraa,N,statsmap,2022,0,0,0,0,0,2026-06-11T10:51:05.622Z
n-dhekenanfaru,Dhekenanfaru,N,statsmap,2022,0,0,0,0,0,2026-06-11T10:51:05.622Z
n-thanburudhuffushi,Than'burudhuffushi,N,statsmap,2022,0,0,0,0,0,2026-06-11T10:51:05.622Z
n-maakanaafushi,Maakanaafushi,N,statsmap,2022,0,0,0,0,0,2026-06-11T10:51:05.622Z
n-kafakomandoo,Kafakomandoo,N,statsmap,2022,0,0,0,0,0,2026-06-11T10:51:05.622Z
n-ehdhuffarumairah,Ehdhuffarumairah,N,statsmap,2022,0,0,0,0,0,2026-06-11T10:51:05.622Z
n-holhudhoo,Holhudhoo,N,census-2022,2022,1421,645,776,1291,,2026-06-11T10:51:35.453Z
n-holhudhoo,Holhudhoo,N,statsmap,2022,1428,652,776,1296,132,2026-06-11T10:51:05.622Z
n-dhonaerikandoodhoo,Dhonaerikan'doodhoo,N,statsmap,2022,0,0,0,0,0,2026-06-11T10:51:05.622Z
n-bandaidhihdhoo,Ban'daidhihdhoo,N,statsmap,2022,0,0,0,0,0,2026-06-11T10:51:05.622Z
n-burehifasdhoo,Burehifasdhoo,N,statsmap,2022,0,0,0,0,0,2026-06-11T10:51:05.622Z
r-huruvalhi,Huruvalhi,R,statsmap,2022,0,0,0,0,0,2026-06-11T10:51:05.622Z
r-dheburidheythereyvaadhoo,Dheburidheythereyvaadhoo,R,statsmap,2022,0,0,0,0,0,2026-06-11T10:51:05.622Z
r-kudathulhaadhoo,Kudathulhaadhoo,R,statsmap,2022,0,0,0,0,0,2026-06-11T10:51:05.622Z
r-furaveri,Furaveri,R,statsmap,2022,0,0,0,0,0,2026-06-11T10:51:05.622Z
r-aarah,Aarah,R,statsmap,2022,0,0,0,0,0,2026-06-11T10:51:05.622Z
r-meedhupparu,Meedhupparu,R,statsmap,2022,0,0,0,0,0,2026-06-11T10:51:05.622Z
r-thaavathaa,Thaavathaa,R,statsmap,2022,0,0,0,0,0,2026-06-11T10:51:05.622Z
r-maduvvari,Maduvvari,R,census-2022,2022,1753,911,842,1619,,2026-06-11T10:51:35.453Z
r-maduvvari,Maduvvari,R,statsmap,2022,1760,916,844,1639,121,2026-06-11T10:51:05.622Z
r-filaidhoo,Filaidhoo,R,statsmap,2022,0,0,0,0,0,2026-06-11T10:51:05.622Z
r-dhoragali,Dhoragali,R,statsmap,2022,0,0,0,0,0,2026-06-11T10:51:05.622Z
r-fasmendhoo,Fasmendhoo,R,statsmap,2022,0,0,0,0,0,2026-06-11T10:51:05.622Z
r-bodufushi,Bodufushi,R,statsmap,2022,0,0,0,0,0,2026-06-11T10:51:05.622Z
r-kudafushi,Kudafushi,R,statsmap,2022,0,0,0,0,0,2026-06-11T10:51:05.622Z
r-kuroshigiri,Kuroshigiri,R,statsmap,2022,0,0,0,0,0,2026-06-11T10:51:05.622Z
r-angaagiri,Angaagiri,R,statsmap,2022,0,0,0,0,0,2026-06-11T10:51:05.622Z
r-goyyafaru,Goyyafaru,R,statsmap,2022,0,0,0,0,0,2026-06-11T10:51:05.622Z
r-giraavaru,Giraavaru,R,statsmap,2022,0,0,0,0,0,2026-06-11T10:51:05.622Z
r-kudalhosgiri,Kudalhosgiri,R,statsmap,2022,0,0,0,0,0,2026-06-11T10:51:05.622Z
r-boduhaiykodi,Boduhaiykodi,R,statsmap,2022,0,0,0,0,0,2026-06-11T10:51:05.622Z
r-fuggiri,Fuggiri,R,statsmap,2022,0,0,0,0,0,2026-06-11T10:51:05.622Z
r-mahidhoo,Mahidhoo,R,statsmap,2022,0,0,0,0,0,2026-06-11T10:51:05.622Z
r-goboshi,Goboshi,R,statsmap,2022,0,0,0,0,0,2026-06-11T10:51:05.622Z
r-rasmaadhoo,Rasmaadhoo,R,census-2022,2022,553,290,263,489,,2026-06-11T10:51:35.453Z
r-rasmaadhoo,Rasmaadhoo,R,statsmap,2022,554,291,263,494,60,2026-06-11T10:51:05.622Z
r-hiraveri,Hiraveri,R,statsmap,2022,0,0,0,0,0,2026-06-11T10:51:05.622Z
r-orimasfushi,Orimasfushi,R,statsmap,2022,0,0,0,0,0,2026-06-11T10:51:05.622Z
r-madivaafaru,Madivaafaru,R,statsmap,2022,0,0,0,0,0,2026-06-11T10:51:05.622Z
r-muravandhoo,Muravandhoo,R,statsmap,2022,0,0,0,0,0,2026-06-11T10:51:05.622Z
r-hiboodhoo,Hiboodhoo,R,statsmap,2022,0,0,0,0,0,2026-06-11T10:51:05.622Z
r-bandaveri,Ban'daveri,R,statsmap,2022,0,0,0,0,0,2026-06-11T10:51:05.622Z
r-kudafenmaaenboodhoo,Kudafenmaaen'boodhoo,R,statsmap,2022,0,0,0,0,0,2026-06-11T10:51:05.622Z
r-bodufenmaaenboodhoo,Bodufenmaaen'boodhoo,R,statsmap,2022,0,0,0,0,0,2026-06-11T10:51:05.622Z
r-vaffushi,Vaffushi,R,statsmap,2022,0,0,0,0,0,2026-06-11T10:51:05.622Z
r-kurehdhoo,Kurehdhoo,R,statsmap,2022,0,0,0,0,0,2026-06-11T10:51:05.622Z
r-vaffushihuraa,Vaffushihuraa,R,statsmap,2022,0,0,0,0,0,2026-06-11T10:51:05.622Z
r-uthurumaafaru,Uthurumaafaru,R,statsmap,2022,0,0,0,0,0,2026-06-11T10:51:05.622Z
r-hulhudhoo,Hulhudhoo,R,statsmap,2022,0,0,0,0,0,2026-06-11T10:51:05.622Z
r-linboakandhoo,Lin'boakandhoo,R,statsmap,2022,0,0,0,0,0,2026-06-11T10:51:05.622Z
r-gaaundoodhoo,Gaaun'doodhoo,R,statsmap,2022,0,0,0,0,0,2026-06-11T10:51:05.622Z
r-faarufushi,Faarufushi,R,statsmap,2022,0,0,0,0,0,2026-06-11T10:51:05.622Z
r-angolhitheemu,An'golhitheemu,R,census-2022,2022,385,195,190,349,,2026-06-11T10:51:35.453Z
r-angolhitheemu,An'golhitheemu,R,statsmap,2022,381,191,190,349,32,2026-06-11T10:51:05.622Z
r-maakurathu,Maakurathu,R,census-2022,2022,956,486,470,878,,2026-06-11T10:51:35.453Z
r-maakurathu,Maakurathu,R,statsmap,2022,956,486,470,888,68,2026-06-11T10:51:05.622Z
r-innamaadhoo,Innamaadhoo,R,census-2022,2022,672,394,278,535,,2026-06-11T10:51:35.453Z
r-innamaadhoo,Innamaadhoo,R,statsmap,2022,663,385,278,528,135,2026-06-11T10:51:05.622Z
r-kinolhas,Kinolhas,R,census-2022,2022,543,287,256,492,,2026-06-11T10:51:35.453Z
r-kinolhas,Kinolhas,R,statsmap,2022,543,287,256,498,45,2026-06-11T10:51:05.622Z
r-minaadhoo,Minaadhoo,R,statsmap,2022,0,0,0,0,0,2026-06-11T10:51:05.622Z
r-mullaafushi,Mullaafushi,R,statsmap,2022,0,0,0,0,0,2026-06-11T10:51:05.622Z
r-dhikkurehdhoo,Dhikkurehdhoo,R,statsmap,2022,0,0,0,0,0,2026-06-11T10:51:05.622Z
r-boduhuraa,Boduhuraa,R,statsmap,2022,0,0,0,0,0,2026-06-11T10:51:05.622Z
r-lundhufushi,Lun'dhufushi,R,statsmap,2022,0,0,0,0,0,2026-06-11T10:51:05.622Z
r-dhekunumaafarufinolhu,Dhekunumaafarufinolhu,R,statsmap,2022,0,0,0,0,0,2026-06-11T10:51:05.622Z
r-alifushi,Alifushi,R,census-2022,2022,1852,1059,793,1502,,2026-06-11T10:51:35.453Z
r-alifushi,Alifushi,R,statsmap,2022,1859,1064,795,1497,362,2026-06-11T10:51:05.622Z
r-ehthigili,Ehthigili,R,statsmap,2022,0,0,0,0,0,2026-06-11T10:51:05.622Z
r-rasgetheemu,Rasgetheemu,R,census-2022,2022,535,261,274,463,,2026-06-11T10:51:35.453Z
r-rasgetheemu,Rasgetheemu,R,statsmap,2022,537,261,276,473,64,2026-06-11T10:51:05.622Z
r-ungulu,Un'gulu,R,statsmap,2022,0,0,0,0,0,2026-06-11T10:51:05.622Z
r-kudakurathu,Kudakurathu,R,statsmap,2022,0,0,0,0,0,2026-06-11T10:51:05.622Z
r-ifuru,Ifuru,R,statsmap,2022,0,0,0,0,0,2026-06-11T10:51:05.622Z
r-hulhudhuffaaru,Hulhudhuffaaru,R,census-2022,2022,1227,592,635,1133,,2026-06-11T10:51:35.453Z
r-hulhudhuffaaru,Hulhudhuffaaru,R,statsmap,2022,1228,592,636,1150,78,2026-06-11T10:51:05.622Z
r-meedhoo,Meedhoo,R,census-2022,2022,1868,939,929,1723,,2026-06-11T10:51:35.453Z
r-meedhoo,Meedhoo,R,statsmap,2022,1872,941,931,1738,134,2026-06-11T10:51:05.622Z
r-vandhoo,Vandhoo,R,statsmap,2022,0,0,0,0,0,2026-06-11T10:51:05.622Z
r-dhuvaafaru,Dhuvaafaru,R,census-2022,2022,3315,1709,1606,3156,,2026-06-11T10:51:35.453Z
r-dhuvaafaru,Dhuvaafaru,R,statsmap,2022,3321,1709,1612,3188,133,2026-06-11T10:51:05.622Z
r-dhuvaafaruhuraa,Dhuvaafaruhuraa,R,statsmap,2022,0,0,0,0,0,2026-06-11T10:51:05.622Z
r-neyo,Neyo,R,statsmap,2022,0,0,0,0,0,2026-06-11T10:51:05.622Z
r-arilundhoo,Arilundhoo,R,statsmap,2022,0,0,0,0,0,2026-06-11T10:51:05.622Z
r-fainu,Fainu,R,census-2022,2022,423,243,180,388,,2026-06-11T10:51:35.453Z
r-fainu,Fainu,R,statsmap,2022,423,243,180,386,37,2026-06-11T10:51:05.622Z
r-veyvah,Veyvah,R,statsmap,2022,0,0,0,0,0,2026-06-11T10:51:05.622Z
r-kottefaru,Kottefaru,R,statsmap,2022,0,0,0,0,0,2026-06-11T10:51:05.622Z
r-vaadhoo,Vaadhoo,R,census-2022,2022,452,231,221,415,,2026-06-11T10:51:35.453Z
r-vaadhoo,Vaadhoo,R,statsmap,2022,452,231,221,415,37,2026-06-11T10:51:05.622Z
r-gemana,Gemana,R,statsmap,2022,0,0,0,0,0,2026-06-11T10:51:05.622Z
r-ungoofaaru,Un'goofaaru,R,census-2022,2022,1756,909,847,1531,,2026-06-11T10:51:35.453Z
r-ungoofaaru,Un'goofaaru,R,statsmap,2022,1754,908,846,1531,223,2026-06-11T10:51:05.622Z
r-lhaanbugali,Lhaan'bugali,R,statsmap,2022,0,0,0,0,0,2026-06-11T10:51:05.622Z
r-maashigiri,Maashigiri,R,statsmap,2022,0,0,0,0,0,2026-06-11T10:51:05.622Z
r-bodufarufinolhu,Bodufarufinolhu,R,statsmap,2022,0,0,0,0,0,2026-06-11T10:51:05.622Z
r-kothaifaru,Kothaifaru,R,statsmap,2022,0,0,0,0,0,2026-06-11T10:51:05.622Z
r-dhinnaafushi,Dhinnaafushi,R,statsmap,2022,0,0,0,0,0,2026-06-11T10:51:05.622Z
r-maanenfushi,Maanenfushi,R,statsmap,2022,0,0,0,0,0,2026-06-11T10:51:05.622Z
r-fenfushi,Fenfushi,R,statsmap,2022,0,0,0,0,0,2026-06-11T10:51:05.622Z
r-kukulhudhuffaru,Kukulhudhuffaru,R,statsmap,2022,0,0,0,0,0,2026-06-11T10:51:05.622Z
r-lhohi,Lhohi,R,statsmap,2022,0,0,0,0,0,2026-06-11T10:51:05.622Z
r-vilingili,Vilin'gili,R,statsmap,2022,0,0,0,0,0,2026-06-11T10:51:05.622Z
r-maamunagaufinolhu,Maamunagaufinolhu,R,statsmap,2022,0,0,0,0,0,2026-06-11T10:51:05.622Z
r-ufulandhoo,Ufulandhoo,R,statsmap,2022,0,0,0,0,0,2026-06-11T10:51:05.622Z
r-maamingili,Maamin'gili,R,statsmap,2022,0,0,0,0,0,2026-06-11T10:51:05.622Z
r-kandholhudhoo,Kan'dholhudhoo,R,statsmap,2022,0,0,0,0,0,2026-06-11T10:51:05.622Z
r-dhigali,Dhigali,R,statsmap,2022,0,0,0,0,0,2026-06-11T10:51:05.622Z
r-goiymaru,Goiymaru,R,statsmap,2022,0,0,0,0,0,2026-06-11T10:51:05.622Z
r-maamunagau,Maamunagau,R,statsmap,2022,0,0,0,0,0,2026-06-11T10:51:05.622Z
r-kukulhudhoo,Kukulhudhoo,R,statsmap,2022,0,0,0,0,0,2026-06-11T10:51:05.622Z
r-kandoogandu,Kan'doogan'du,R,statsmap,2022,0,0,0,0,0,2026-06-11T10:51:05.622Z
r-inguraidhoo,In'guraidhoo,R,census-2022,2022,1275,594,681,1222,,2026-06-11T10:51:35.453Z
r-inguraidhoo,In'guraidhoo,R,statsmap,2022,1278,596,682,1232,46,2026-06-11T10:51:05.622Z
s-kedevaahera,Kedevaahera,S,statsmap,2022,0,0,0,0,0,2026-06-11T10:51:05.622Z
s-kudhehera,Kudhehera,S,statsmap,2022,0,0,0,0,0,2026-06-11T10:51:05.622Z
s-herethere,Herethere,S,statsmap,2022,0,0,0,0,0,2026-06-11T10:51:05.622Z
s-geskalhuheraa,Geskalhuheraa,S,statsmap,2022,0,0,0,0,0,2026-06-11T10:51:05.622Z
s-mulikede,Mulikede,S,statsmap,2022,0,0,0,0,0,2026-06-11T10:51:05.622Z
s-gan,Gan,S,statsmap,2022,0,0,0,0,0,2026-06-11T10:51:05.622Z
s-feydhoo,Feydhoo,S,census-2022,2022,4291,2640,1651,3054,,2026-06-11T10:51:35.453Z
s-feydhoo,Feydhoo,S,census-2022,2022,1892,977,915,1733,,2026-06-11T10:51:35.453Z
s-feydhoo,Feydhoo,S,statsmap,2022,4289,2637,1652,3057,1232,2026-06-11T10:51:05.622Z
s-maradhoofeydhoo,Maradhoofeydhoo,S,census-2022,2022,1396,675,721,1241,,2026-06-11T10:51:35.453Z
s-maradhoofeydhoo,Maradhoofeydhoo,S,statsmap,2022,1398,675,723,1248,150,2026-06-11T10:51:05.622Z
s-maradhoo,Maradhoo,S,census-2022,2022,2547,1372,1175,2208,,2026-06-11T10:51:35.453Z
s-maradhoo,Maradhoo,S,statsmap,2022,2542,1367,1175,2210,332,2026-06-11T10:51:05.622Z
s-hankede,Hankede,S,statsmap,2022,0,0,0,0,0,2026-06-11T10:51:05.622Z
s-bedhey-aurah,Bedhey Aurah,S,statsmap,2022,0,0,0,0,0,2026-06-11T10:51:05.622Z
s-dheerondi,Dheeron'di,S,statsmap,2022,0,0,0,0,0,2026-06-11T10:51:05.622Z
s-maahera,Maahera,S,statsmap,2022,0,0,0,0,0,2026-06-11T10:51:05.622Z
s-kudamaahera,Kudamaahera,S,statsmap,2022,0,0,0,0,0,2026-06-11T10:51:05.622Z
s-kandiheragandu,Kan'diheragan'du,S,statsmap,2022,0,0,0,0,0,2026-06-11T10:51:05.622Z
s-ismehelaahera,Ismehelaahera,S,statsmap,2022,0,0,0,0,0,2026-06-11T10:51:05.622Z
s-vilingili,Vilin'gili,S,statsmap,2022,0,0,0,0,0,2026-06-11T10:51:05.622Z
s-gomahera,Gomahera,S,statsmap,2022,0,0,0,0,0,2026-06-11T10:51:05.622Z
s-savaaheli,Savaaheli,S,statsmap,2022,0,0,0,0,0,2026-06-11T10:51:05.622Z
s-boduhajaraa,Boduhajaraa,S,statsmap,2022,0,0,0,0,0,2026-06-11T10:51:05.622Z
s-fathikedeheragandu,Fathikedeheragan'du,S,statsmap,2022,0,0,0,0,0,2026-06-11T10:51:05.622Z
s-kaohera,Kaohera,S,statsmap,2022,0,0,0,0,0,2026-06-11T10:51:05.622Z
s-hithadhoo,Hithadhoo,S,census-2022,2022,13745,7758,5987,11070,,2026-06-11T10:51:35.453Z
s-hithadhoo,Hithadhoo,S,statsmap,2022,13759,7758,6001,11086,2673,2026-06-11T10:51:05.622Z
sh-ekasdhoo,Ekasdhoo,Sh,statsmap,2022,0,0,0,0,0,2026-06-11T10:51:05.622Z
sh-medhukunburudhoo,Medhukun'burudhoo,Sh,statsmap,2022,0,0,0,0,0,2026-06-11T10:51:05.622Z
sh-maakandoodhoo,Maakan'doodhoo,Sh,statsmap,2022,0,0,0,0,0,2026-06-11T10:51:05.622Z
sh-narurinbudhoo,Narurin'budhoo,Sh,statsmap,2022,0,0,0,0,0,2026-06-11T10:51:05.622Z
sh-bolissafaru,Bolissafaru,Sh,statsmap,2022,0,0,0,0,0,2026-06-11T10:51:05.622Z
sh-farukolhu,Farukolhu,Sh,statsmap,2022,0,0,0,0,0,2026-06-11T10:51:05.622Z
sh-bis-alhaahuraa,Bis Alhaahuraa,Sh,statsmap,2022,0,0,0,0,0,2026-06-11T10:51:05.622Z
sh-migoodhoo,Migoodhoo,Sh,statsmap,2022,0,0,0,0,0,2026-06-11T10:51:05.622Z
sh-hirubadhoo,Hirubadhoo,Sh,statsmap,2022,0,0,0,0,0,2026-06-11T10:51:05.622Z
sh-milandhoo,Milandhoo,Sh,census-2022,2022,2094,1016,1078,1954,,2026-06-11T10:51:35.453Z
sh-milandhoo,Milandhoo,Sh,statsmap,2022,2094,1012,1082,1963,131,2026-06-11T10:51:05.622Z
sh-narudhoo,Narudhoo,Sh,census-2022,2022,544,268,276,520,,2026-06-11T10:51:35.453Z
sh-narudhoo,Narudhoo,Sh,statsmap,2022,544,268,276,522,22,2026-06-11T10:51:05.622Z
sh-dholhiyadhoo,Dholhiyadhoo,Sh,statsmap,2022,0,0,0,0,0,2026-06-11T10:51:05.622Z
sh-fushifaru,Fushifaru,Sh,statsmap,2022,0,0,0,0,0,2026-06-11T10:51:05.622Z
sh-foakaidhoo,Foakaidhoo,Sh,census-2022,2022,1570,742,828,1467,,2026-06-11T10:51:35.453Z
sh-foakaidhoo,Foakaidhoo,Sh,statsmap,2022,1571,743,828,1488,83,2026-06-11T10:51:05.622Z
sh-vangaru,Van'garu,Sh,statsmap,2022,0,0,0,0,0,2026-06-11T10:51:05.622Z
sh-nalandhoo,Nalandhoo,Sh,statsmap,2022,0,0,0,0,0,2026-06-11T10:51:05.622Z
sh-goidhoo,Goidhoo,Sh,census-2022,2022,593,292,301,536,,2026-06-11T10:51:35.453Z
sh-goidhoo,Goidhoo,Sh,statsmap,2022,592,291,301,538,54,2026-06-11T10:51:05.622Z
sh-gallaidhoo,Gallaidhoo,Sh,statsmap,2022,0,0,0,0,0,2026-06-11T10:51:05.622Z
sh-funadhoo,Funadhoo,Sh,census-2022,2022,2255,1140,1115,2051,,2026-06-11T10:51:35.453Z
sh-funadhoo,Funadhoo,Sh,statsmap,2022,2255,1140,1115,2058,197,2026-06-11T10:51:05.622Z
sh-lhaimagu,Lhaimagu,Sh,census-2022,2022,680,359,321,551,,2026-06-11T10:51:35.453Z
sh-lhaimagu,Lhaimagu,Sh,statsmap,2022,684,361,323,564,120,2026-06-11T10:51:05.622Z
sh-noomaraa,Noomaraa,Sh,census-2022,2022,371,195,176,336,,2026-06-11T10:51:35.453Z
sh-noomaraa,Noomaraa,Sh,statsmap,2022,371,195,176,342,29,2026-06-11T10:51:05.622Z
sh-bileiyfahi,Bileiyfahi,Sh,census-2022,2022,502,250,252,474,,2026-06-11T10:51:35.453Z
sh-bileiyfahi,Bileiyfahi,Sh,statsmap,2022,502,250,252,476,26,2026-06-11T10:51:05.622Z
sh-kanditheemu,Kan'ditheemu,Sh,census-2022,2022,1188,541,647,1131,,2026-06-11T10:51:35.453Z
sh-kanditheemu,Kan'ditheemu,Sh,statsmap,2022,1193,544,649,1144,49,2026-06-11T10:51:05.622Z
sh-feydhoo,Feydhoo,Sh,census-2022,2022,851,413,438,767,,2026-06-11T10:51:35.453Z
sh-feydhoo,Feydhoo,Sh,statsmap,2022,854,412,442,781,73,2026-06-11T10:51:05.622Z
sh-maroshi,Maroshi,Sh,census-2022,2022,479,227,252,425,,2026-06-11T10:51:35.453Z
sh-maroshi,Maroshi,Sh,statsmap,2022,479,227,252,425,54,2026-06-11T10:51:05.622Z
sh-neyo,Neyo,Sh,statsmap,2022,0,0,0,0,0,2026-06-11T10:51:05.622Z
sh-naainfarufinolhu,Naainfarufinolhu,Sh,statsmap,2022,0,0,0,0,0,2026-06-11T10:51:05.622Z
sh-maaungoodhoo,Maaun'goodhoo,Sh,census-2022,2022,944,460,484,886,,2026-06-11T10:51:35.453Z
sh-maaungoodhoo,Maaun'goodhoo,Sh,statsmap,2022,944,460,484,895,49,2026-06-11T10:51:05.622Z
sh-madikuredhdhoo,Madikuredhdhoo,Sh,statsmap,2022,0,0,0,0,0,2026-06-11T10:51:05.622Z
sh-madidhoo,Madidhoo,Sh,statsmap,2022,0,0,0,0,0,2026-06-11T10:51:05.622Z
sh-kakaaeriyadhoo,Kakaaeriyadhoo,Sh,statsmap,2022,0,0,0,0,0,2026-06-11T10:51:05.622Z
sh-kudalhaimendhoo,Kudalhaimendhoo,Sh,statsmap,2022,0,0,0,0,0,2026-06-11T10:51:05.622Z
sh-dhiguvelidhoomairah,Dhiguvelidhoomairah,Sh,statsmap,2022,0,0,0,0,0,2026-06-11T10:51:05.622Z
sh-eriadhoo,Eriadhoo,Sh,statsmap,2022,0,0,0,0,0,2026-06-11T10:51:05.622Z
sh-kudadhoo,Kudadhoo,Sh,statsmap,2022,0,0,0,0,0,2026-06-11T10:51:05.622Z
sh-feevah,Feevah,Sh,census-2022,2022,694,342,352,630,,2026-06-11T10:51:35.453Z
sh-feevah,Feevah,Sh,statsmap,2022,694,342,352,634,60,2026-06-11T10:51:05.622Z
sh-medhurah,Medhurah,Sh,statsmap,2022,0,0,0,0,0,2026-06-11T10:51:05.622Z
sh-dhigurah,Dhigurah,Sh,statsmap,2022,0,0,0,0,0,2026-06-11T10:51:05.622Z
sh-komandoo,Komandoo,Sh,census-2022,2022,921,451,470,851,,2026-06-11T10:51:35.453Z
sh-komandoo,Komandoo,Sh,statsmap,2022,921,451,470,857,64,2026-06-11T10:51:05.622Z
sh-dhonvelihuraa,Dhonvelihuraa,Sh,statsmap,2022,0,0,0,0,0,2026-06-11T10:51:05.622Z
sh-naalaahuraa,Naalaahuraa,Sh,statsmap,2022,0,0,0,0,0,2026-06-11T10:51:05.622Z
sh-firunbaidhoo,Firun'baidhoo,Sh,statsmap,2022,0,0,0,0,0,2026-06-11T10:51:05.622Z
sh-keekimini,Keekimini,Sh,statsmap,2022,0,0,0,0,0,2026-06-11T10:51:05.622Z
sh-mathikomandoo,Mathikomandoo,Sh,statsmap,2022,0,0,0,0,0,2026-06-11T10:51:05.622Z
sh-kanbaalifaru,Kan'baalifaru,Sh,statsmap,2022,0,0,0,0,0,2026-06-11T10:51:05.622Z
sh-ragganduhuraa,Raggan'duhuraa,Sh,statsmap,2022,0,0,0,0,0,2026-06-11T10:51:05.622Z
sh-boduhuraa,Boduhuraa,Sh,statsmap,2022,0,0,0,0,0,2026-06-11T10:51:05.622Z
sh-gaakoshibi,Gaakoshibi,Sh,statsmap,2022,0,0,0,0,0,2026-06-11T10:51:05.622Z
sh-hurasfaru,Hurasfaru,Sh,statsmap,2022,0,0,0,0,0,2026-06-11T10:51:05.622Z
sh-kudafarufinolhu,Kudafarufinolhu,Sh,statsmap,2022,0,0,0,0,0,2026-06-11T10:51:05.622Z
th-vandhoo,Vandhoo,Th,census-2022,2022,364,206,158,305,,2026-06-11T10:51:35.453Z
th-vandhoo,Vandhoo,Th,statsmap,2022,364,206,158,309,55,2026-06-11T10:51:05.622Z
th-kudadhoo,Kudadhoo,Th,statsmap,2022,0,0,0,0,0,2026-06-11T10:51:05.622Z
th-kakolhas,Kakolhas,Th,statsmap,2022,0,0,0,0,0,2026-06-11T10:51:05.622Z
th-kafidhoo,Kafidhoo,Th,statsmap,2022,0,0,0,0,0,2026-06-11T10:51:05.622Z
th-fondhoo,Fondhoo,Th,statsmap,2022,0,0,0,0,0,2026-06-11T10:51:05.622Z
th-kandoodhoo,Kan'doodhoo,Th,census-2022,2022,455,257,198,386,,2026-06-11T10:51:35.453Z
th-kandoodhoo,Kan'doodhoo,Th,statsmap,2022,456,258,198,383,73,2026-06-11T10:51:05.622Z
th-olhufushi,Olhufushi,Th,statsmap,2022,0,0,0,0,0,2026-06-11T10:51:05.622Z
th-olhufushifinolhu,Olhufushifinolhu,Th,statsmap,2022,0,0,0,0,0,2026-06-11T10:51:05.622Z
th-kandufushi,Kan'dufushi,Th,statsmap,2022,0,0,0,0,0,2026-06-11T10:51:05.622Z
th-buruni,Buruni,Th,census-2022,2022,414,221,193,355,,2026-06-11T10:51:35.453Z
th-buruni,Buruni,Th,statsmap,2022,414,221,193,356,58,2026-06-11T10:51:05.622Z
th-gaalee,Gaalee,Th,statsmap,2022,0,0,0,0,0,2026-06-11T10:51:05.622Z
th-kurandhuvaru,Kuran'dhuvaru,Th,statsmap,2022,0,0,0,0,0,2026-06-11T10:51:05.622Z
th-maagulhi,Maagulhi,Th,statsmap,2022,0,0,0,0,0,2026-06-11T10:51:05.622Z
th-dhiffushi,Dhiffushi,Th,statsmap,2022,0,0,0,0,0,2026-06-11T10:51:05.622Z
th-olhugiri,Olhugiri,Th,statsmap,2022,0,0,0,0,0,2026-06-11T10:51:05.622Z
th-vilufushi,Vilufushi,Th,census-2022,2022,1082,552,530,966,,2026-06-11T10:51:35.453Z
th-vilufushi,Vilufushi,Th,statsmap,2022,1081,552,529,965,116,2026-06-11T10:51:05.622Z
th-hondelifushi,Hon'delifushi,Th,statsmap,2022,0,0,0,0,0,2026-06-11T10:51:05.622Z
th-dhonanfushi,Dhonanfushi,Th,statsmap,2022,0,0,0,0,0,2026-06-11T10:51:05.622Z
th-kalhufahalafushi,Kalhufahalafushi,Th,statsmap,2022,0,0,0,0,0,2026-06-11T10:51:05.622Z
th-kolhufushi,Kolhufushi,Th,statsmap,2022,0,0,0,0,0,2026-06-11T10:51:05.622Z
th-hirilandhoo,Hirilandhoo,Th,census-2022,2022,1139,655,484,978,,2026-06-11T10:51:35.453Z
th-hirilandhoo,Hirilandhoo,Th,statsmap,2022,1146,658,488,996,150,2026-06-11T10:51:05.622Z
th-fushi,Fushi,Th,statsmap,2022,0,0,0,0,0,2026-06-11T10:51:05.622Z
th-kani,Kani,Th,statsmap,2022,0,0,0,0,0,2026-06-11T10:51:05.622Z
th-vanbadhi,Vanbadhi,Th,statsmap,2022,0,0,0,0,0,2026-06-11T10:51:05.622Z
th-dhururehaa,Dhururehaa,Th,statsmap,2022,0,0,0,0,0,2026-06-11T10:51:05.622Z
th-gaathurehaa,Gaathurehaa,Th,statsmap,2022,0,0,0,0,0,2026-06-11T10:51:05.622Z
th-omadhoo,Omadhoo,Th,census-2022,2022,417,222,195,386,,2026-06-11T10:51:35.453Z
th-omadhoo,Omadhoo,Th,statsmap,2022,417,222,195,387,30,2026-06-11T10:51:05.622Z
th-kuredhifushi,Kuredhifushi,Th,statsmap,2022,0,0,0,0,0,2026-06-11T10:51:05.622Z
th-ruhthibirah,Ruhthibirah,Th,statsmap,2022,0,0,0,0,0,2026-06-11T10:51:05.622Z
th-kudakinbidhoo,Kudakin'bidhoo,Th,statsmap,2022,0,0,0,0,0,2026-06-11T10:51:05.622Z
th-elaa,Elaa,Th,statsmap,2022,0,0,0,0,0,2026-06-11T10:51:05.622Z
th-veymandoo,Veymandoo,Th,census-2022,2022,1321,700,621,1174,,2026-06-11T10:51:35.453Z
th-veymandoo,Veymandoo,Th,statsmap,2022,1321,700,621,1184,137,2026-06-11T10:51:05.622Z
th-kanimeedhoo,Kanimeedhoo,Th,statsmap,2022,0,0,0,0,0,2026-06-11T10:51:05.622Z
th-funaddu,Funaddu,Th,statsmap,2022,0,0,0,0,0,2026-06-11T10:51:05.622Z
th-thimarafushi,Thimarafushi,Th,census-2022,2022,1229,686,543,1031,,2026-06-11T10:51:35.453Z
th-thimarafushi,Thimarafushi,Th,statsmap,2022,1229,686,543,1044,185,2026-06-11T10:51:05.622Z
th-usfushi,Usfushi,Th,statsmap,2022,0,0,0,0,0,2026-06-11T10:51:05.622Z
th-gaadhiffushi,Gaadhiffushi,Th,census-2022,2022,318,177,141,266,,2026-06-11T10:51:35.453Z
th-gaadhiffushi,Gaadhiffushi,Th,statsmap,2022,317,176,141,265,52,2026-06-11T10:51:05.622Z
th-hulhiyanfushi,Hulhiyanfushi,Th,statsmap,2022,0,0,0,0,0,2026-06-11T10:51:05.622Z
th-kolafushi,Kolafushi,Th,statsmap,2022,0,0,0,0,0,2026-06-11T10:51:05.622Z
th-ekuruffushi,Ekuruffushi,Th,statsmap,2022,0,0,0,0,0,2026-06-11T10:51:05.622Z
th-bodurehaa,Bodurehaa,Th,statsmap,2022,0,0,0,0,0,2026-06-11T10:51:05.622Z
th-fenmeerufushi,Fenmeerufushi,Th,statsmap,2022,0,0,0,0,0,2026-06-11T10:51:05.622Z
th-olhudhiyafushi,Olhudhiyafushi,Th,statsmap,2022,0,0,0,0,0,2026-06-11T10:51:05.622Z
th-kaaddoo,Kaaddoo,Th,statsmap,2022,0,0,0,0,0,2026-06-11T10:51:05.622Z
th-kudakaaddoo,Kudakaaddoo,Th,statsmap,2022,0,0,0,0,0,2026-06-11T10:51:05.622Z
th-hathifushi,Hathifushi,Th,statsmap,2022,0,0,0,0,0,2026-06-11T10:51:05.622Z
th-rihaamaafushi,Rihaamaafushi,Th,statsmap,2022,0,0,0,0,0,2026-06-11T10:51:05.622Z
th-fenfushi,Fenfushi,Th,statsmap,2022,0,0,0,0,0,2026-06-11T10:51:05.622Z
th-kalhudheyfushi,Kalhudheyfushi,Th,statsmap,2022,0,0,0,0,0,2026-06-11T10:51:05.622Z
th-fonidhaani,Fonidhaani,Th,statsmap,2022,0,0,0,0,0,2026-06-11T10:51:05.622Z
th-lhavaddoo,Lhavaddoo,Th,statsmap,2022,0,0,0,0,0,2026-06-11T10:51:05.622Z
th-maalefushi,Maalefushi,Th,statsmap,2022,0,0,0,0,0,2026-06-11T10:51:05.622Z
th-bodufinolhu,Bodufinolhu,Th,statsmap,2022,0,0,0,0,0,2026-06-11T10:51:05.622Z
th-guraidhoo,Guraidhoo,Th,census-2022,2022,1291,623,668,1178,,2026-06-11T10:51:35.453Z
th-guraidhoo,Guraidhoo,Th,statsmap,2022,1293,623,670,1190,103,2026-06-11T10:51:05.622Z
th-dhiyamigili,Dhiyamigili,Th,census-2022,2022,649,320,329,598,,2026-06-11T10:51:35.453Z
th-dhiyamigili,Dhiyamigili,Th,statsmap,2022,649,320,329,610,39,2026-06-11T10:51:05.622Z
th-medhafushi,Medhafushi,Th,statsmap,2022,0,0,0,0,0,2026-06-11T10:51:05.622Z
th-mathidhoo,Mathidhoo,Th,statsmap,2022,0,0,0,0,0,2026-06-11T10:51:05.622Z
th-ufuriyaa,Ufuriyaa,Th,statsmap,2022,0,0,0,0,0,2026-06-11T10:51:05.622Z
th-hikandhilhohi,Hikan'dhilhohi,Th,statsmap,2022,0,0,0,0,0,2026-06-11T10:51:05.622Z
th-kinbidhoo,Kin'bidhoo,Th,census-2022,2022,714,360,354,674,,2026-06-11T10:51:35.453Z
th-kinbidhoo,Kin'bidhoo,Th,statsmap,2022,715,361,354,680,35,2026-06-11T10:51:05.622Z
th-madifushi,Madifushi,Th,census-2022,2022,856,413,443,774,,2026-06-11T10:51:35.453Z
th-madifushi,Madifushi,Th,statsmap,2022,858,413,445,779,79,2026-06-11T10:51:05.622Z
v-fulidhoo,Fulidhoo,V,census-2022,2022,399,248,151,293,,2026-06-11T10:51:35.453Z
v-fulidhoo,Fulidhoo,V,statsmap,2022,400,247,153,294,106,2026-06-11T10:51:05.622Z
v-kunaaveshi,Kunaaveshi,V,statsmap,2022,0,0,0,0,0,2026-06-11T10:51:05.622Z
v-vashugiri,Vashugiri,V,statsmap,2022,0,0,0,0,0,2026-06-11T10:51:05.622Z
v-hulhidhoo,Hulhidhoo,V,statsmap,2022,0,0,0,0,0,2026-06-11T10:51:05.622Z
v-thinadhoo,Thinadhoo,V,census-2022,2022,259,231,28,75,,2026-06-11T10:51:35.453Z
v-thinadhoo,Thinadhoo,V,statsmap,2022,258,230,28,74,184,2026-06-11T10:51:05.622Z
v-felidhoo,Felidhoo,V,census-2022,2022,618,366,252,490,,2026-06-11T10:51:35.453Z
v-felidhoo,Felidhoo,V,statsmap,2022,620,366,254,503,117,2026-06-11T10:51:05.622Z
v-keyodhoo,Keyodhoo,V,census-2022,2022,642,352,290,511,,2026-06-11T10:51:35.453Z
v-keyodhoo,Keyodhoo,V,statsmap,2022,641,348,293,520,121,2026-06-11T10:51:05.622Z
v-alimathaa,Alimathaa,V,statsmap,2022,0,0,0,0,0,2026-06-11T10:51:05.622Z
v-kuda-anbaraa,Kuda Anbaraa,V,statsmap,2022,0,0,0,0,0,2026-06-11T10:51:05.622Z
v-fohtheyobodufushi,Fohtheyobodufushi,V,statsmap,2022,0,0,0,0,0,2026-06-11T10:51:05.622Z
v-anbaraa,Anbaraa,V,statsmap,2022,0,0,0,0,0,2026-06-11T10:51:05.622Z
v-thunduhuraa,Thun'duhuraa,V,statsmap,2022,0,0,0,0,0,2026-06-11T10:51:05.622Z
v-rakeedhoo,Rakeedhoo,V,census-2022,2022,77,50,27,63,,2026-06-11T10:51:35.453Z
v-rakeedhoo,Rakeedhoo,V,statsmap,2022,76,49,27,62,14,2026-06-11T10:51:05.622Z
v-bodumohoraa,Bodumohoraa,V,statsmap,2022,0,0,0,0,0,2026-06-11T10:51:05.622Z
v-vattaru,Vattaru,V,statsmap,2022,0,0,0,0,0,2026-06-11T10:51:05.622Z
v-dhiggiri,Dhiggiri,V,statsmap,2022,0,0,0,0,0,2026-06-11T10:51:05.622Z
v-aarah,Aarah,V,statsmap,2022,0,0,0,0,0,2026-06-11T10:51:05.622Z
gn-fuvahmulah,Fuvahmulah,Gn,census-2022,2022,9166,4899,4267,7888,,2026-06-11T10:51:35.453Z
gn-fuvahmulah,Fuvahmulah,Gn,statsmap,2022,9177,4910,4267,7907,1270,2026-06-11T10:51:05.622Z
k-kaashidhoo,Kaashidhoo,K,census-2022,2022,2450,1501,949,1848,,2026-06-11T10:51:35.453Z
k-kaashidhoo,Kaashidhoo,K,statsmap,2022,2528,1538,990,1833,695,2026-06-11T10:51:05.622Z
k-gaafaru,Gaafaru,K,census-2022,2022,1289,654,635,1177,,2026-06-11T10:51:35.453Z
k-gaafaru,Gaafaru,K,statsmap,2022,1294,657,637,1196,98,2026-06-11T10:51:05.622Z
k-kagi,Kagi,K,statsmap,2022,0,0,0,0,0,2026-06-11T10:51:05.622Z
k-helengeli,Helen'geli,K,statsmap,2022,0,0,0,0,0,2026-06-11T10:51:05.622Z
k-maifalhuhuraa,Maifalhuhuraa,K,statsmap,2022,0,0,0,0,0,2026-06-11T10:51:05.622Z
k-farivelihuraa,Farivelihuraa,K,statsmap,2022,0,0,0,0,0,2026-06-11T10:51:05.622Z
k-faritharihuraa,Faritharihuraa,K,statsmap,2022,0,0,0,0,0,2026-06-11T10:51:05.622Z
k-farikanduhuraa,Farikan'duhuraa,K,statsmap,2022,0,0,0,0,0,2026-06-11T10:51:05.622Z
k-thunbafushi,Thun'bafushi,K,statsmap,2022,0,0,0,0,0,2026-06-11T10:51:05.622Z
k-asdhoo,Asdhoo,K,statsmap,2022,0,0,0,0,0,2026-06-11T10:51:05.622Z
k-meerufenfushi,Meerufenfushi,K,statsmap,2022,0,0,0,0,0,2026-06-11T10:51:05.622Z
k-dhiffushi,Dhiffushi,K,census-2022,2022,1274,751,523,1022,,2026-06-11T10:51:35.453Z
k-dhiffushi,Dhiffushi,K,statsmap,2022,1270,746,524,1021,249,2026-06-11T10:51:05.622Z
k-vilingilimathidhahuraa,Vilin'gilimathidhahuraa,K,statsmap,2022,0,0,0,0,0,2026-06-11T10:51:05.622Z
k-thulusdhoo,Thulusdhoo,K,census-2022,2022,1818,1205,613,1204,,2026-06-11T10:51:35.453Z
k-thulusdhoo,Thulusdhoo,K,statsmap,2022,1801,1188,613,1188,613,2026-06-11T10:51:05.622Z
k-lhohifushi,Lhohifushi,K,statsmap,2022,0,0,0,0,0,2026-06-11T10:51:05.622Z
k-kanifinolhu,Kanifinolhu,K,statsmap,2022,0,0,0,0,0,2026-06-11T10:51:05.622Z
k-huraa,Huraa,K,census-2022,2022,1654,1088,566,1211,,2026-06-11T10:51:35.453Z
k-huraa,Huraa,K,statsmap,2022,1654,1086,568,1207,447,2026-06-11T10:51:05.622Z
k-kudahuraa,Kudahuraa,K,statsmap,2022,0,0,0,0,0,2026-06-11T10:51:05.622Z
k-kanuoiyhuraa,Kanuoiyhuraa,K,statsmap,2022,0,0,0,0,0,2026-06-11T10:51:05.622Z
k-thanburudhoo,Than'burudhoo,K,statsmap,2022,0,0,0,0,0,2026-06-11T10:51:05.622Z
k-girifushi,Girifushi,K,statsmap,2022,0,0,0,0,0,2026-06-11T10:51:05.622Z
k-hinmafushi,Hinmafushi,K,census-2022,2022,2015,1462,553,1499,,2026-06-11T10:51:35.453Z
k-hinmafushi,Hinmafushi,K,statsmap,2022,2012,1458,554,1492,520,2026-06-11T10:51:05.622Z
k-lankanfushi,Lankanfushi,K,statsmap,2022,0,0,0,0,0,2026-06-11T10:51:05.622Z
vilingili,Vilin'gili,,statsmap,2022,6847,3672,3175,5984,863,2026-06-11T10:51:05.622Z
k-kohdhipparu,Kohdhipparu,K,statsmap,2022,0,0,0,0,0,2026-06-11T10:51:05.622Z
k-nakahchaahuraa,Nakahchaahuraa,K,statsmap,2022,0,0,0,0,0,2026-06-11T10:51:05.622Z
k-rasfari,Rasfari,K,statsmap,2022,0,0,0,0,0,2026-06-11T10:51:05.622Z
k-kudahithi,Kudahithi,K,statsmap,2022,0,0,0,0,0,2026-06-11T10:51:05.622Z
k-boduhithi,Boduhithi,K,statsmap,2022,0,0,0,0,0,2026-06-11T10:51:05.622Z
k-henbadhoo,Hen'badhoo,K,statsmap,2022,0,0,0,0,0,2026-06-11T10:51:05.622Z
k-madivaru,Madivaru,K,statsmap,2022,0,0,0,0,0,2026-06-11T10:51:05.622Z
k-ziyaaraiyfushi,Ziyaaraiyfushi,K,statsmap,2022,0,0,0,0,0,2026-06-11T10:51:05.622Z
k-makunudhoo,Makunudhoo,K,statsmap,2022,0,0,0,0,0,2026-06-11T10:51:05.622Z
k-eriadhoo,Eriadhoo,K,statsmap,2022,0,0,0,0,0,2026-06-11T10:51:05.622Z
k-dhonfushi,Dhonfushi,K,statsmap,2022,0,0,0,0,0,2026-06-11T10:51:05.622Z
k-vabbinfaru,Vabbinfaru,K,statsmap,2022,0,0,0,0,0,2026-06-11T10:51:05.622Z
k-ihuru,Ihuru,K,statsmap,2022,0,0,0,0,0,2026-06-11T10:51:05.622Z
k-baros,Baros,K,statsmap,2022,0,0,0,0,0,2026-06-11T10:51:05.622Z
k-bolifushi,Bolifushi,K,statsmap,2022,0,0,0,0,0,2026-06-11T10:51:05.622Z
k-maniyafushi,Maniyafushi,K,statsmap,2022,0,0,0,0,0,2026-06-11T10:51:05.622Z
k-ithaafinolhu,Ithaafinolhu,K,statsmap,2022,0,0,0,0,0,2026-06-11T10:51:05.622Z
k-kalhuhuraa,Kalhuhuraa,K,statsmap,2022,0,0,0,0,0,2026-06-11T10:51:05.622Z
k-vaagali,Vaagali,K,statsmap,2022,0,0,0,0,0,2026-06-11T10:51:05.622Z
k-rannaalhi,Rannaalhi,K,statsmap,2022,0,0,0,0,0,2026-06-11T10:51:05.622Z
k-fihaalhohi,Fihaalhohi,K,statsmap,2022,0,0,0,0,0,2026-06-11T10:51:05.622Z
k-tholhimaraahuraa,Tholhimaraahuraa,K,statsmap,2022,0,0,0,0,0,2026-06-11T10:51:05.622Z
k-mahaanaelhihuraa,Mahaanaelhihuraa,K,statsmap,2022,0,0,0,0,0,2026-06-11T10:51:05.622Z
k-erruhhuraa,Erruhhuraa,K,statsmap,2022,0,0,0,0,0,2026-06-11T10:51:05.622Z
k-olhigandufinolhu,Olhigan'dufinolhu,K,statsmap,2022,0,0,0,0,0,2026-06-11T10:51:05.622Z
k-bodufinolhu,Bodufinolhu,K,statsmap,2022,0,0,0,0,0,2026-06-11T10:51:05.622Z
k-kudafinolhu,Kudafinolhu,K,statsmap,2022,0,0,0,0,0,2026-06-11T10:51:05.622Z
k-maadhoo,Maadhoo,K,statsmap,2022,0,0,0,0,0,2026-06-11T10:51:05.622Z
k-lhosfushi,Lhosfushi,K,statsmap,2022,0,0,0,0,0,2026-06-11T10:51:05.622Z
k-guraidhoo,Guraidhoo,K,census-2022,2022,1739,978,761,1550,,2026-06-11T10:51:35.453Z
k-guraidhoo,Guraidhoo,K,statsmap,2022,1743,978,765,1568,175,2026-06-11T10:51:05.622Z
k-villivaru,Villivaru,K,statsmap,2022,0,0,0,0,0,2026-06-11T10:51:05.622Z
k-biyaadhoo,Biyaadhoo,K,statsmap,2022,0,0,0,0,0,2026-06-11T10:51:05.622Z
k-maafushi,Maafushi,K,census-2022,2022,4499,3315,1184,3219,,2026-06-11T10:51:35.453Z
k-maafushi,Maafushi,K,statsmap,2022,4471,3281,1190,3195,1276,2026-06-11T10:51:05.622Z
k-vammaafushi,Vammaafushi,K,statsmap,2022,0,0,0,0,0,2026-06-11T10:51:05.622Z
k-noofinolhu,Noofinolhu,K,statsmap,2022,0,0,0,0,0,2026-06-11T10:51:05.622Z
k-veliganduhuraa,Veligan'duhuraa,K,statsmap,2022,0,0,0,0,0,2026-06-11T10:51:05.622Z
k-dhigufinolhu,Dhigufinolhu,K,statsmap,2022,0,0,0,0,0,2026-06-11T10:51:05.622Z
k-funfinolhu,Funfinolhu,K,statsmap,2022,0,0,0,0,0,2026-06-11T10:51:05.622Z
k-enboodhoo,En'boodhoo,K,statsmap,2022,0,0,0,0,0,2026-06-11T10:51:05.622Z
k-enboodhoofinolhu,En'boodhoofinolhu,K,statsmap,2022,0,0,0,0,0,2026-06-11T10:51:05.622Z
hulhumale,Hulhumalé,,statsmap,2022,66206,37620,28586,53274,12932,2026-06-11T10:51:05.622Z
male,Malé,,statsmap,2022,138053,82841,55212,100879,37174,2026-06-11T10:51:05.622Z
k-aanuganduhuraa,Aanugan'duhuraa,K,statsmap,2022,0,0,0,0,0,2026-06-11T10:51:05.622Z
k-hathaafinolhu,Hathaafinolhu,K,statsmap,2022,0,0,0,0,0,2026-06-11T10:51:05.622Z
k-bodubandos,Boduban'dos,K,statsmap,2022,0,0,0,0,0,2026-06-11T10:51:05.622Z
k-boduhuraa,Boduhuraa,K,statsmap,2022,0,0,0,0,0,2026-06-11T10:51:05.622Z
k-thilafushi,Thilafushi,K,statsmap,2022,0,0,0,0,0,2026-06-11T10:51:05.622Z
k-makunufushi,Makunufushi,K,statsmap,2022,0,0,0,0,0,2026-06-11T10:51:05.622Z
k-kudabandos,Kudaban'dos,K,statsmap,2022,0,0,0,0,0,2026-06-11T10:51:05.622Z
k-dhoonidhoo,Dhoonidhoo,K,statsmap,2022,0,0,0,0,0,2026-06-11T10:51:05.622Z
k-olhuhali,Olhuhali,K,statsmap,2022,0,0,0,0,0,2026-06-11T10:51:05.622Z
k-funadhoo,Funadhoo,K,statsmap,2022,0,0,0,0,0,2026-06-11T10:51:05.622Z
k-gaagandu,Gaagan'du,K,statsmap,2022,0,0,0,0,0,2026-06-11T10:51:05.622Z
k-gulhigaathuhuraa,Gulhigaathuhuraa,K,statsmap,2022,0,0,0,0,0,2026-06-11T10:51:05.622Z
k-gulhi,Gulhi,K,census-2022,2022,976,580,396,814,,2026-06-11T10:51:35.453Z
k-gulhi,Gulhi,K,statsmap,2022,976,579,397,812,164,2026-06-11T10:51:05.622Z
k-kanduoiygiri,Kan'duoiygiri,K,statsmap,2022,0,0,0,0,0,2026-06-11T10:51:05.622Z
k-giraavaru,Giraavaru,K,statsmap,2022,0,0,0,0,0,2026-06-11T10:51:05.622Z
k-nakaiychaafushi,Nakaiychaafushi,K,statsmap,2022,0,0,0,0,0,2026-06-11T10:51:05.622Z
k-gasfinolhu,Gasfinolhu,K,statsmap,2022,0,0,0,0,0,2026-06-11T10:51:05.622Z
k-vaadhoo,Vaadhoo,K,statsmap,2022,0,0,0,0,0,2026-06-11T10:51:05.622Z
k-thulhaagiri,Thulhaagiri,K,statsmap,2022,0,0,0,0,0,2026-06-11T10:51:05.622Z
k-velassaru,Velassaru,K,statsmap,2022,0,0,0,0,0,2026-06-11T10:51:05.622Z
k-vihamanaafushi,Vihamanaafushi,K,statsmap,2022,0,0,0,0,0,2026-06-11T10:51:05.622Z
k-aarah,Aarah,K,statsmap,2022,0,0,0,0,0,2026-06-11T10:51:05.622Z
k-aanugandufinolhu,Aanugan'dufinolhu,K,statsmap,2022,0,0,0,0,0,2026-06-11T10:51:05.622Z
k-ehmafushi,Ehmafushi,K,statsmap,2022,0,0,0,0,0,2026-06-11T10:51:05.622Z
k-akasdhoo,Akasdhoo,K,statsmap,2022,0,0,0,0,0,2026-06-11T10:51:05.622Z
k-vabboahuraa,Vabboahuraa,K,statsmap,2022,0,0,0,0,0,2026-06-11T10:51:05.622Z
k-medhufinolhu,Medhufinolhu,K,statsmap,2022,0,0,0,0,0,2026-06-11T10:51:05.622Z
k-hulhule,Hulhule,K,census-2022,2022,802,761,41,56,,2026-06-11T10:51:35.453Z
k-hulhule,Hulhule,K,statsmap,2022,802,761,41,50,752,2026-06-11T10:51:05.622Z
k-kanbaashaa,Kan'baashaa,K,statsmap,2022,0,0,0,0,0,2026-06-11T10:51:05.622Z
k-maaranfushi,Maaranfushi,K,statsmap,2022,0,0,0,0,0,2026-06-11T10:51:05.622Z
k-nashvilu,Nashvilu,K,statsmap,2022,0,0,0,0,0,2026-06-11T10:51:05.622Z
k-hastheem,Hastheem,K,statsmap,2022,0,0,0,0,0,2026-06-11T10:51:05.622Z
k-feydhoofinolhu,Feydhoofinolhu,K,statsmap,2022,0,0,0,0,0,2026-06-11T10:51:05.622Z
k-furanafushi,Furanafushi,K,statsmap,2022,0,0,0,0,0,2026-06-11T10:51:05.622Z
k-kandoomaafushi,Kan'doomaafushi,K,statsmap,2022,0,0,0,0,0,2026-06-11T10:51:05.622Z
k-bulhifushi,Bulhifushi,K,statsmap,2022,0,0,0,0,0,2026-06-11T10:51:05.622Z
k-lankanfinolhu,Lankanfinolhu,K,statsmap,2022,0,0,0,0,0,2026-06-11T10:51:05.622Z
k-akirifushi,Akirifushi,K,statsmap,2022,0,0,0,0,0,2026-06-11T10:51:05.622Z
k-ithaafushi,Ithaafushi,K,statsmap,2022,0,0,0,0,0,2026-06-11T10:51:05.622Z
k-fariiruhuraa,Fariiruhuraa,K,statsmap,2022,0,0,0,0,0,2026-06-11T10:51:05.622Z
k-kassanfushi,Kassanfushi,K,statsmap,2022,0,0,0,0,0,2026-06-11T10:51:05.622Z
k-olhuveli,Olhuveli,K,statsmap,2022,0,0,0,0,0,2026-06-11T10:51:05.622Z
adh-bulhalhohi,Bulhalhohi,ADh,statsmap,2022,0,0,0,0,0,2026-06-11T10:51:05.622Z
adh-mahibadhoo,Mahibadhoo,ADh,census-2022,2022,2570,1494,1076,2016,,2026-06-11T10:51:35.453Z
adh-mahibadhoo,Mahibadhoo,ADh,statsmap,2022,2580,1458,1122,2022,558,2026-06-11T10:51:05.622Z
gdh-kudhemaadhoo,Kudhemaadhoo,GDh,statsmap,2022,0,0,0,0,0,2026-06-11T10:51:05.622Z
gdh-kavvahuttaa,Kavvahuttaa,GDh,statsmap,2022,0,0,0,0,0,2026-06-11T10:51:05.622Z
s-dhonhera,Dhonhera,S,statsmap,2022,0,0,0,0,0,2026-06-11T10:51:05.622Z
s-bolihera,Bolihera,S,statsmap,2022,0,0,0,0,0,2026-06-11T10:51:05.622Z
s-bolihera,Bolihera,S,statsmap,2022,0,0,0,0,0,2026-06-11T10:51:05.622Z
adh-maamigili,Maamigili,ADh,census-2022,2022,2803,1647,1156,2300,,2026-06-11T10:51:35.453Z
adh-maamigili,Maamigili,ADh,statsmap,2022,2798,1636,1162,2303,495,2026-06-11T10:51:05.622Z
s-hikahera,Hikahera,S,statsmap,2022,0,0,0,0,0,2026-06-11T10:51:05.622Z
s-addu-meedhoo,Addu Meedhoo,S,statsmap,2022,1892,975,917,1743,149,2026-06-11T10:51:05.622Z
s-addu-hulhudhoo,Addu Hulhudhoo,S,statsmap,2022,1182,687,495,999,183,2026-06-11T10:51:05.622Z